{"backend_name": "ibmq_armonk", "backend_version": "2.4.25", "last_update_date": "2021-12-4", "qubits": [[{"date": "2021-12-4", "name": "T1", "unit": "us", "value": 201.72415270447678}, {"date": "2021-12-1", "name": "T2", "unit": "us", "value": 247.4022370817507}, {"date": "2021-12-4", "name": "frequency", "unit": "GHz", "value": 4.971704427888477}, {"date": "2021-12-4", "name": "anharmonicity", "unit": "GHz", "value": -0.34719293148282626}, {"date": "2021-12-4", "name": "readout_error", "unit": "", "value": 0.3147}, {"date": "2021-12-4", "name": "prob_meas0_prep1", "unit": "", "value": 0.3428}, {"date": "2021-12-4", "name": "prob_meas1_prep0", "unit": "", "value": 0.2866}, {"date": "2021-12-4", "name": "readout_length", "unit": "ns", "value": 4977.777777777777}]], "gates": [{"qubits": [0], "gate": "id", "parameters": [{"date": "2021-12-3", "name": "gate_error", "unit": "", "value": 0.0003121698036305232}, {"date": "2021-12-4", "name": "gate_length", "unit": "ns", "value": 71.11111111111111}], "name": "id0"}, {"qubits": [0], "gate": "rz", "parameters": [{"date": "2021-12-4", "name": "gate_error", "unit": "", "value": 0}, {"date": "2021-12-4", "name": "gate_length", "unit": "ns", "value": 0}], "name": "rz0"}, {"qubits": [0], "gate": "sx", "parameters": [{"date": "2021-12-3", "name": "gate_error", "unit": "", "value": 0.0003121698036305232}, {"date": "2021-12-4", "name": "gate_length", "unit": "ns", "value": 71.11111111111111}], "name": "sx0"}, {"qubits": [0], "gate": "x", "parameters": [{"date": "2021-12-3", "name": "gate_error", "unit": "", "value": 0.0003121698036305232}, {"date": "2021-12-4", "name": "gate_length", "unit": "ns", "value": 71.11111111111111}], "name": "x0"}], "general": []}