{"backend_name": "ibmq_armonk", "backend_version": "2.4.13", "last_update_date": "2021-7-29", "qubits": [[{"date": "2021-7-29", "name": "T1", "unit": "us", "value": 108.03758287837898}, {"date": "2021-7-29", "name": "T2", "unit": "us", "value": 149.54788974726034}, {"date": "2021-7-29", "name": "frequency", "unit": "GHz", "value": 4.971656529555907}, {"date": "2021-7-29", "name": "anharmonicity", "unit": "GHz", "value": -0.34719293148282626}, {"date": "2021-7-29", "name": "readout_error", "unit": "", "value": 0.02300000000000002}, {"date": "2021-7-29", "name": "prob_meas0_prep1", "unit": "", "value": 0.028}, {"date": "2021-7-29", "name": "prob_meas1_prep0", "unit": "", "value": 0.018000000000000016}, {"date": "2021-7-29", "name": "readout_length", "unit": "ns", "value": 4977.777777777777}]], "gates": [{"qubits": [0], "gate": "id", "parameters": [{"date": "2021-7-29", "name": "gate_error", "unit": "", "value": 0.00029310245122545994}, {"date": "2021-7-29", "name": "gate_length", "unit": "ns", "value": 71.11111111111111}], "name": "id0"}, {"qubits": [0], "gate": "rz", "parameters": [{"date": "2021-7-29", "name": "gate_error", "unit": "", "value": 0}, {"date": "2021-7-29", "name": "gate_length", "unit": "ns", "value": 0}], "name": "rz0"}, {"qubits": [0], "gate": "sx", "parameters": [{"date": "2021-7-29", "name": "gate_error", "unit": "", "value": 0.00029310245122545994}, {"date": "2021-7-29", "name": "gate_length", "unit": "ns", "value": 71.11111111111111}], "name": "sx0"}, {"qubits": [0], "gate": "x", "parameters": [{"date": "2021-7-29", "name": "gate_error", "unit": "", "value": 0.00029310245122545994}, {"date": "2021-7-29", "name": "gate_length", "unit": "ns", "value": 71.11111111111111}], "name": "x0"}], "general": []}