{"backend_name": "ibmq_armonk", "backend_version": "2.4.21", "last_update_date": "2021-11-1", "qubits": [[{"date": "2021-11-1", "name": "T1", "unit": "us", "value": 81.08148420893062}, {"date": "2021-11-1", "name": "T2", "unit": "us", "value": 145.52283547462}, {"date": "2021-11-1", "name": "frequency", "unit": "GHz", "value": 4.971586192345162}, {"date": "2021-11-1", "name": "anharmonicity", "unit": "GHz", "value": -0.34719293148282626}, {"date": "2021-11-1", "name": "readout_error", "unit": "", "value": 0.04479999999999995}, {"date": "2021-11-1", "name": "prob_meas0_prep1", "unit": "", "value": 0.0572}, {"date": "2021-11-1", "name": "prob_meas1_prep0", "unit": "", "value": 0.032399999999999984}, {"date": "2021-11-1", "name": "readout_length", "unit": "ns", "value": 4977.777777777777}]], "gates": [{"qubits": [0], "gate": "id", "parameters": [{"date": "2021-11-1", "name": "gate_error", "unit": "", "value": 0.0012338168561624918}, {"date": "2021-11-1", "name": "gate_length", "unit": "ns", "value": 71.11111111111111}], "name": "id0"}, {"qubits": [0], "gate": "rz", "parameters": [{"date": "2021-11-1", "name": "gate_error", "unit": "", "value": 0}, {"date": "2021-11-1", "name": "gate_length", "unit": "ns", "value": 0}], "name": "rz0"}, {"qubits": [0], "gate": "sx", "parameters": [{"date": "2021-11-1", "name": "gate_error", "unit": "", "value": 0.0012338168561624918}, {"date": "2021-11-1", "name": "gate_length", "unit": "ns", "value": 71.11111111111111}], "name": "sx0"}, {"qubits": [0], "gate": "x", "parameters": [{"date": "2021-11-1", "name": "gate_error", "unit": "", "value": 0.0012338168561624918}, {"date": "2021-11-1", "name": "gate_length", "unit": "ns", "value": 71.11111111111111}], "name": "x0"}], "general": []}