{"backend_name": "ibmq_armonk", "backend_version": "2.4.17", "last_update_date": "2021-10-5", "qubits": [[{"date": "2021-10-5", "name": "T1", "unit": "us", "value": 147.93694734100075}, {"date": "2021-10-5", "name": "T2", "unit": "us", "value": 216.31681509307217}, {"date": "2021-10-5", "name": "frequency", "unit": "GHz", "value": 4.9716027918221855}, {"date": "2021-10-5", "name": "anharmonicity", "unit": "GHz", "value": -0.34719293148282626}, {"date": "2021-10-5", "name": "readout_error", "unit": "", "value": 0.03489999999999993}, {"date": "2021-10-5", "name": "prob_meas0_prep1", "unit": "", "value": 0.0376}, {"date": "2021-10-5", "name": "prob_meas1_prep0", "unit": "", "value": 0.032200000000000006}, {"date": "2021-10-5", "name": "readout_length", "unit": "ns", "value": 4977.777777777777}]], "gates": [{"qubits": [0], "gate": "id", "parameters": [{"date": "2021-10-5", "name": "gate_error", "unit": "", "value": 0.00023746511015412838}, {"date": "2021-10-5", "name": "gate_length", "unit": "ns", "value": 71.11111111111111}], "name": "id0"}, {"qubits": [0], "gate": "rz", "parameters": [{"date": "2021-10-5", "name": "gate_error", "unit": "", "value": 0}, {"date": "2021-10-5", "name": "gate_length", "unit": "ns", "value": 0}], "name": "rz0"}, {"qubits": [0], "gate": "sx", "parameters": [{"date": "2021-10-5", "name": "gate_error", "unit": "", "value": 0.00023746511015412838}, {"date": "2021-10-5", "name": "gate_length", "unit": "ns", "value": 71.11111111111111}], "name": "sx0"}, {"qubits": [0], "gate": "x", "parameters": [{"date": "2021-10-5", "name": "gate_error", "unit": "", "value": 0.00023746511015412838}, {"date": "2021-10-5", "name": "gate_length", "unit": "ns", "value": 71.11111111111111}], "name": "x0"}], "general": []}