{"backend_name": "ibmq_armonk", "backend_version": "2.4.15", "last_update_date": "2021-8-25", "qubits": [[{"date": "2021-8-25", "name": "T1", "unit": "us", "value": 211.96044018140407}, {"date": "2021-8-25", "name": "T2", "unit": "us", "value": 223.56357173526308}, {"date": "2021-8-25", "name": "frequency", "unit": "GHz", "value": 4.971665612074835}, {"date": "2021-8-25", "name": "anharmonicity", "unit": "GHz", "value": -0.34719293148282626}, {"date": "2021-8-25", "name": "readout_error", "unit": "", "value": 0.02629999999999999}, {"date": "2021-8-25", "name": "prob_meas0_prep1", "unit": "", "value": 0.0264}, {"date": "2021-8-25", "name": "prob_meas1_prep0", "unit": "", "value": 0.0262}, {"date": "2021-8-25", "name": "readout_length", "unit": "ns", "value": 4977.777777777777}]], "gates": [{"qubits": [0], "gate": "id", "parameters": [{"date": "2021-8-25", "name": "gate_error", "unit": "", "value": 0.0001927469045399532}, {"date": "2021-8-25", "name": "gate_length", "unit": "ns", "value": 71.11111111111111}], "name": "id0"}, {"qubits": [0], "gate": "rz", "parameters": [{"date": "2021-8-25", "name": "gate_error", "unit": "", "value": 0}, {"date": "2021-8-25", "name": "gate_length", "unit": "ns", "value": 0}], "name": "rz0"}, {"qubits": [0], "gate": "sx", "parameters": [{"date": "2021-8-25", "name": "gate_error", "unit": "", "value": 0.0001927469045399532}, {"date": "2021-8-25", "name": "gate_length", "unit": "ns", "value": 71.11111111111111}], "name": "sx0"}, {"qubits": [0], "gate": "x", "parameters": [{"date": "2021-8-25", "name": "gate_error", "unit": "", "value": 0.0001927469045399532}, {"date": "2021-8-25", "name": "gate_length", "unit": "ns", "value": 71.11111111111111}], "name": "x0"}], "general": []}