{"backend_name": "ibmq_armonk", "backend_version": "2.4.18", "last_update_date": "2021-10-19", "qubits": [[{"date": "2021-10-19", "name": "T1", "unit": "us", "value": 163.3742702732186}, {"date": "2021-10-19", "name": "T2", "unit": "us", "value": 228.02858243099823}, {"date": "2021-10-19", "name": "frequency", "unit": "GHz", "value": 4.971587890793437}, {"date": "2021-10-19", "name": "anharmonicity", "unit": "GHz", "value": -0.34719293148282626}, {"date": "2021-10-19", "name": "readout_error", "unit": "", "value": 0.030999999999999917}, {"date": "2021-10-19", "name": "prob_meas0_prep1", "unit": "", "value": 0.0376}, {"date": "2021-10-19", "name": "prob_meas1_prep0", "unit": "", "value": 0.024399999999999977}, {"date": "2021-10-19", "name": "readout_length", "unit": "ns", "value": 4977.777777777777}]], "gates": [{"qubits": [0], "gate": "id", "parameters": [{"date": "2021-10-19", "name": "gate_error", "unit": "", "value": 0.00022084831496028818}, {"date": "2021-10-19", "name": "gate_length", "unit": "ns", "value": 71.11111111111111}], "name": "id0"}, {"qubits": [0], "gate": "rz", "parameters": [{"date": "2021-10-19", "name": "gate_error", "unit": "", "value": 0}, {"date": "2021-10-19", "name": "gate_length", "unit": "ns", "value": 0}], "name": "rz0"}, {"qubits": [0], "gate": "sx", "parameters": [{"date": "2021-10-19", "name": "gate_error", "unit": "", "value": 0.00022084831496028818}, {"date": "2021-10-19", "name": "gate_length", "unit": "ns", "value": 71.11111111111111}], "name": "sx0"}, {"qubits": [0], "gate": "x", "parameters": [{"date": "2021-10-19", "name": "gate_error", "unit": "", "value": 0.00022084831496028818}, {"date": "2021-10-19", "name": "gate_length", "unit": "ns", "value": 71.11111111111111}], "name": "x0"}], "general": []}