{"backend_name": "ibmq_armonk", "backend_version": "2.4.26", "last_update_date": "2021-12-26", "qubits": [[{"date": "2021-12-26", "name": "T1", "unit": "us", "value": 197.4132615431697}, {"date": "2021-12-26", "name": "T2", "unit": "us", "value": 290.25461902458176}, {"date": "2021-12-26", "name": "frequency", "unit": "GHz", "value": 4.971605715844453}, {"date": "2021-12-26", "name": "anharmonicity", "unit": "GHz", "value": -0.34719293148282626}, {"date": "2021-12-26", "name": "readout_error", "unit": "", "value": 0.04370000000000007}, {"date": "2021-12-26", "name": "prob_meas0_prep1", "unit": "", "value": 0.042}, {"date": "2021-12-26", "name": "prob_meas1_prep0", "unit": "", "value": 0.045399999999999996}, {"date": "2021-12-26", "name": "readout_length", "unit": "ns", "value": 4977.777777777777}]], "gates": [{"qubits": [0], "gate": "id", "parameters": [{"date": "2021-12-26", "name": "gate_error", "unit": "", "value": 0.00019827827395722927}, {"date": "2021-12-26", "name": "gate_length", "unit": "ns", "value": 71.11111111111111}], "name": "id0"}, {"qubits": [0], "gate": "rz", "parameters": [{"date": "2021-12-26", "name": "gate_error", "unit": "", "value": 0}, {"date": "2021-12-26", "name": "gate_length", "unit": "ns", "value": 0}], "name": "rz0"}, {"qubits": [0], "gate": "sx", "parameters": [{"date": "2021-12-26", "name": "gate_error", "unit": "", "value": 0.00019827827395722927}, {"date": "2021-12-26", "name": "gate_length", "unit": "ns", "value": 71.11111111111111}], "name": "sx0"}, {"qubits": [0], "gate": "x", "parameters": [{"date": "2021-12-26", "name": "gate_error", "unit": "", "value": 0.00019827827395722927}, {"date": "2021-12-26", "name": "gate_length", "unit": "ns", "value": 71.11111111111111}], "name": "x0"}], "general": []}