{"backend_name": "ibmq_armonk", "backend_version": "2.4.25", "last_update_date": "2021-12-9", "qubits": [[{"date": "2021-12-9", "name": "T1", "unit": "us", "value": 195.51771839383514}, {"date": "2021-12-9", "name": "T2", "unit": "us", "value": 232.5740308920572}, {"date": "2021-12-9", "name": "frequency", "unit": "GHz", "value": 4.971588266542642}, {"date": "2021-12-9", "name": "anharmonicity", "unit": "GHz", "value": -0.34719293148282626}, {"date": "2021-12-9", "name": "readout_error", "unit": "", "value": 0.03469999999999995}, {"date": "2021-12-9", "name": "prob_meas0_prep1", "unit": "", "value": 0.0364}, {"date": "2021-12-9", "name": "prob_meas1_prep0", "unit": "", "value": 0.03300000000000003}, {"date": "2021-12-9", "name": "readout_length", "unit": "ns", "value": 4977.777777777777}]], "gates": [{"qubits": [0], "gate": "id", "parameters": [{"date": "2021-12-9", "name": "gate_error", "unit": "", "value": 0.0002707651562983422}, {"date": "2021-12-9", "name": "gate_length", "unit": "ns", "value": 71.11111111111111}], "name": "id0"}, {"qubits": [0], "gate": "rz", "parameters": [{"date": "2021-12-9", "name": "gate_error", "unit": "", "value": 0}, {"date": "2021-12-9", "name": "gate_length", "unit": "ns", "value": 0}], "name": "rz0"}, {"qubits": [0], "gate": "sx", "parameters": [{"date": "2021-12-9", "name": "gate_error", "unit": "", "value": 0.0002707651562983422}, {"date": "2021-12-9", "name": "gate_length", "unit": "ns", "value": 71.11111111111111}], "name": "sx0"}, {"qubits": [0], "gate": "x", "parameters": [{"date": "2021-12-9", "name": "gate_error", "unit": "", "value": 0.0002707651562983422}, {"date": "2021-12-9", "name": "gate_length", "unit": "ns", "value": 71.11111111111111}], "name": "x0"}], "general": []}