{"backend_name": "ibmq_armonk", "backend_version": "2.4.18", "last_update_date": "2021-10-17", "qubits": [[{"date": "2021-10-17", "name": "T1", "unit": "us", "value": 132.14564557437103}, {"date": "2021-10-17", "name": "T2", "unit": "us", "value": 163.4015762198754}, {"date": "2021-10-17", "name": "frequency", "unit": "GHz", "value": 4.971587679002363}, {"date": "2021-10-17", "name": "anharmonicity", "unit": "GHz", "value": -0.34719293148282626}, {"date": "2021-10-17", "name": "readout_error", "unit": "", "value": 0.03059999999999996}, {"date": "2021-10-17", "name": "prob_meas0_prep1", "unit": "", "value": 0.0388}, {"date": "2021-10-17", "name": "prob_meas1_prep0", "unit": "", "value": 0.022399999999999975}, {"date": "2021-10-17", "name": "readout_length", "unit": "ns", "value": 4977.777777777777}]], "gates": [{"qubits": [0], "gate": "id", "parameters": [{"date": "2021-10-17", "name": "gate_error", "unit": "", "value": 0.000260379832911489}, {"date": "2021-10-17", "name": "gate_length", "unit": "ns", "value": 71.11111111111111}], "name": "id0"}, {"qubits": [0], "gate": "rz", "parameters": [{"date": "2021-10-17", "name": "gate_error", "unit": "", "value": 0}, {"date": "2021-10-17", "name": "gate_length", "unit": "ns", "value": 0}], "name": "rz0"}, {"qubits": [0], "gate": "sx", "parameters": [{"date": "2021-10-17", "name": "gate_error", "unit": "", "value": 0.000260379832911489}, {"date": "2021-10-17", "name": "gate_length", "unit": "ns", "value": 71.11111111111111}], "name": "sx0"}, {"qubits": [0], "gate": "x", "parameters": [{"date": "2021-10-17", "name": "gate_error", "unit": "", "value": 0.000260379832911489}, {"date": "2021-10-17", "name": "gate_length", "unit": "ns", "value": 71.11111111111111}], "name": "x0"}], "general": []}