{"backend_name": "ibmq_armonk", "backend_version": "2.4.26", "last_update_date": "2021-12-22", "qubits": [[{"date": "2021-12-22", "name": "T1", "unit": "us", "value": 189.4582937663534}, {"date": "2021-12-22", "name": "T2", "unit": "us", "value": 268.75638121037326}, {"date": "2021-12-22", "name": "frequency", "unit": "GHz", "value": 4.971612508720186}, {"date": "2021-12-22", "name": "anharmonicity", "unit": "GHz", "value": -0.34719293148282626}, {"date": "2021-12-22", "name": "readout_error", "unit": "", "value": 0.03639999999999999}, {"date": "2021-12-22", "name": "prob_meas0_prep1", "unit": "", "value": 0.0354}, {"date": "2021-12-22", "name": "prob_meas1_prep0", "unit": "", "value": 0.03739999999999999}, {"date": "2021-12-22", "name": "readout_length", "unit": "ns", "value": 4977.777777777777}]], "gates": [{"qubits": [0], "gate": "id", "parameters": [{"date": "2021-12-22", "name": "gate_error", "unit": "", "value": 0.0001655447982625329}, {"date": "2021-12-22", "name": "gate_length", "unit": "ns", "value": 71.11111111111111}], "name": "id0"}, {"qubits": [0], "gate": "rz", "parameters": [{"date": "2021-12-22", "name": "gate_error", "unit": "", "value": 0}, {"date": "2021-12-22", "name": "gate_length", "unit": "ns", "value": 0}], "name": "rz0"}, {"qubits": [0], "gate": "sx", "parameters": [{"date": "2021-12-22", "name": "gate_error", "unit": "", "value": 0.0001655447982625329}, {"date": "2021-12-22", "name": "gate_length", "unit": "ns", "value": 71.11111111111111}], "name": "sx0"}, {"qubits": [0], "gate": "x", "parameters": [{"date": "2021-12-22", "name": "gate_error", "unit": "", "value": 0.0001655447982625329}, {"date": "2021-12-22", "name": "gate_length", "unit": "ns", "value": 71.11111111111111}], "name": "x0"}], "general": []}