{"backend_name": "ibmq_armonk", "backend_version": "2.4.14", "last_update_date": "2021-8-19", "qubits": [[{"date": "2021-8-19", "name": "T1", "unit": "us", "value": 219.8235070765683}, {"date": "2021-8-19", "name": "T2", "unit": "us", "value": 283.1243232457325}, {"date": "2021-8-19", "name": "frequency", "unit": "GHz", "value": 4.971670119261231}, {"date": "2021-8-19", "name": "anharmonicity", "unit": "GHz", "value": -0.34719293148282626}, {"date": "2021-8-19", "name": "readout_error", "unit": "", "value": 0.03400000000000003}, {"date": "2021-8-19", "name": "prob_meas0_prep1", "unit": "", "value": 0.0344}, {"date": "2021-8-19", "name": "prob_meas1_prep0", "unit": "", "value": 0.03359999999999996}, {"date": "2021-8-19", "name": "readout_length", "unit": "ns", "value": 4977.777777777777}]], "gates": [{"qubits": [0], "gate": "id", "parameters": [{"date": "2021-8-19", "name": "gate_error", "unit": "", "value": 0.00017002626330952272}, {"date": "2021-8-19", "name": "gate_length", "unit": "ns", "value": 71.11111111111111}], "name": "id0"}, {"qubits": [0], "gate": "rz", "parameters": [{"date": "2021-8-19", "name": "gate_error", "unit": "", "value": 0}, {"date": "2021-8-19", "name": "gate_length", "unit": "ns", "value": 0}], "name": "rz0"}, {"qubits": [0], "gate": "sx", "parameters": [{"date": "2021-8-19", "name": "gate_error", "unit": "", "value": 0.00017002626330952272}, {"date": "2021-8-19", "name": "gate_length", "unit": "ns", "value": 71.11111111111111}], "name": "sx0"}, {"qubits": [0], "gate": "x", "parameters": [{"date": "2021-8-19", "name": "gate_error", "unit": "", "value": 0.00017002626330952272}, {"date": "2021-8-19", "name": "gate_length", "unit": "ns", "value": 71.11111111111111}], "name": "x0"}], "general": []}