{"backend_name": "ibmq_armonk", "backend_version": "2.4.13", "last_update_date": "2021-7-25", "qubits": [[{"date": "2021-7-25", "name": "T1", "unit": "us", "value": 80.93901061226924}, {"date": "2021-7-25", "name": "T2", "unit": "us", "value": 130.55274078494693}, {"date": "2021-7-25", "name": "frequency", "unit": "GHz", "value": 4.971660440555422}, {"date": "2021-7-25", "name": "anharmonicity", "unit": "GHz", "value": -0.34719293148282626}, {"date": "2021-7-25", "name": "readout_error", "unit": "", "value": 0.0252}, {"date": "2021-7-25", "name": "prob_meas0_prep1", "unit": "", "value": 0.0334}, {"date": "2021-7-25", "name": "prob_meas1_prep0", "unit": "", "value": 0.017000000000000015}, {"date": "2021-7-25", "name": "readout_length", "unit": "ns", "value": 4977.777777777777}]], "gates": [{"qubits": [0], "gate": "id", "parameters": [{"date": "2021-7-25", "name": "gate_error", "unit": "", "value": 0.00023160024169260857}, {"date": "2021-7-25", "name": "gate_length", "unit": "ns", "value": 71.11111111111111}], "name": "id0"}, {"qubits": [0], "gate": "rz", "parameters": [{"date": "2021-7-25", "name": "gate_error", "unit": "", "value": 0}, {"date": "2021-7-25", "name": "gate_length", "unit": "ns", "value": 0}], "name": "rz0"}, {"qubits": [0], "gate": "sx", "parameters": [{"date": "2021-7-25", "name": "gate_error", "unit": "", "value": 0.00023160024169260857}, {"date": "2021-7-25", "name": "gate_length", "unit": "ns", "value": 71.11111111111111}], "name": "sx0"}, {"qubits": [0], "gate": "x", "parameters": [{"date": "2021-7-25", "name": "gate_error", "unit": "", "value": 0.00023160024169260857}, {"date": "2021-7-25", "name": "gate_length", "unit": "ns", "value": 71.11111111111111}], "name": "x0"}], "general": []}