{"backend_name": "ibmq_armonk", "backend_version": "2.4.13", "last_update_date": "2021-7-28", "qubits": [[{"date": "2021-7-28", "name": "T1", "unit": "us", "value": 77.02472546055687}, {"date": "2021-7-28", "name": "T2", "unit": "us", "value": 128.0866363968289}, {"date": "2021-7-28", "name": "frequency", "unit": "GHz", "value": 4.97165779296814}, {"date": "2021-7-28", "name": "anharmonicity", "unit": "GHz", "value": -0.34719293148282626}, {"date": "2021-7-28", "name": "readout_error", "unit": "", "value": 0.02429999999999999}, {"date": "2021-7-28", "name": "prob_meas0_prep1", "unit": "", "value": 0.029}, {"date": "2021-7-28", "name": "prob_meas1_prep0", "unit": "", "value": 0.01959999999999995}, {"date": "2021-7-28", "name": "readout_length", "unit": "ns", "value": 4977.777777777777}]], "gates": [{"qubits": [0], "gate": "id", "parameters": [{"date": "2021-7-28", "name": "gate_error", "unit": "", "value": 0.00021437180698195227}, {"date": "2021-7-28", "name": "gate_length", "unit": "ns", "value": 71.11111111111111}], "name": "id0"}, {"qubits": [0], "gate": "rz", "parameters": [{"date": "2021-7-28", "name": "gate_error", "unit": "", "value": 0}, {"date": "2021-7-28", "name": "gate_length", "unit": "ns", "value": 0}], "name": "rz0"}, {"qubits": [0], "gate": "sx", "parameters": [{"date": "2021-7-28", "name": "gate_error", "unit": "", "value": 0.00021437180698195227}, {"date": "2021-7-28", "name": "gate_length", "unit": "ns", "value": 71.11111111111111}], "name": "sx0"}, {"qubits": [0], "gate": "x", "parameters": [{"date": "2021-7-28", "name": "gate_error", "unit": "", "value": 0.00021437180698195227}, {"date": "2021-7-28", "name": "gate_length", "unit": "ns", "value": 71.11111111111111}], "name": "x0"}], "general": []}