{"backend_name": "ibmq_armonk", "backend_version": "2.4.15", "last_update_date": "2021-9-2", "qubits": [[{"date": "2021-9-2", "name": "T1", "unit": "us", "value": 207.52001098176356}, {"date": "2021-9-1", "name": "T2", "unit": "us", "value": 260.85646806137487}, {"date": "2021-9-2", "name": "frequency", "unit": "GHz", "value": 4.971607274090383}, {"date": "2021-9-2", "name": "anharmonicity", "unit": "GHz", "value": -0.34719293148282626}, {"date": "2021-9-2", "name": "readout_error", "unit": "", "value": 0.03169999999999995}, {"date": "2021-9-2", "name": "prob_meas0_prep1", "unit": "", "value": 0.0338}, {"date": "2021-9-2", "name": "prob_meas1_prep0", "unit": "", "value": 0.02959999999999996}, {"date": "2021-9-2", "name": "readout_length", "unit": "ns", "value": 4977.777777777777}]], "gates": [{"qubits": [0], "gate": "id", "parameters": [{"date": "2021-9-2", "name": "gate_error", "unit": "", "value": 0.00020765310239468664}, {"date": "2021-9-2", "name": "gate_length", "unit": "ns", "value": 71.11111111111111}], "name": "id0"}, {"qubits": [0], "gate": "rz", "parameters": [{"date": "2021-9-2", "name": "gate_error", "unit": "", "value": 0}, {"date": "2021-9-2", "name": "gate_length", "unit": "ns", "value": 0}], "name": "rz0"}, {"qubits": [0], "gate": "sx", "parameters": [{"date": "2021-9-2", "name": "gate_error", "unit": "", "value": 0.00020765310239468664}, {"date": "2021-9-2", "name": "gate_length", "unit": "ns", "value": 71.11111111111111}], "name": "sx0"}, {"qubits": [0], "gate": "x", "parameters": [{"date": "2021-9-2", "name": "gate_error", "unit": "", "value": 0.00020765310239468664}, {"date": "2021-9-2", "name": "gate_length", "unit": "ns", "value": 71.11111111111111}], "name": "x0"}], "general": []}