{"backend_name": "ibmq_armonk", "backend_version": "2.4.13", "last_update_date": "2021-8-1", "qubits": [[{"date": "2021-8-1", "name": "T1", "unit": "us", "value": 137.32000146255268}, {"date": "2021-8-1", "name": "T2", "unit": "us", "value": 256.74279764105523}, {"date": "2021-8-1", "name": "frequency", "unit": "GHz", "value": 4.971673154838799}, {"date": "2021-8-1", "name": "anharmonicity", "unit": "GHz", "value": -0.34719293148282626}, {"date": "2021-8-1", "name": "readout_error", "unit": "", "value": 0.020000000000000018}, {"date": "2021-8-1", "name": "prob_meas0_prep1", "unit": "", "value": 0.0238}, {"date": "2021-8-1", "name": "prob_meas1_prep0", "unit": "", "value": 0.016199999999999992}, {"date": "2021-8-1", "name": "readout_length", "unit": "ns", "value": 4977.777777777777}]], "gates": [{"qubits": [0], "gate": "id", "parameters": [{"date": "2021-8-1", "name": "gate_error", "unit": "", "value": 0.0001771260384782466}, {"date": "2021-8-1", "name": "gate_length", "unit": "ns", "value": 71.11111111111111}], "name": "id0"}, {"qubits": [0], "gate": "rz", "parameters": [{"date": "2021-8-1", "name": "gate_error", "unit": "", "value": 0}, {"date": "2021-8-1", "name": "gate_length", "unit": "ns", "value": 0}], "name": "rz0"}, {"qubits": [0], "gate": "sx", "parameters": [{"date": "2021-8-1", "name": "gate_error", "unit": "", "value": 0.0001771260384782466}, {"date": "2021-8-1", "name": "gate_length", "unit": "ns", "value": 71.11111111111111}], "name": "sx0"}, {"qubits": [0], "gate": "x", "parameters": [{"date": "2021-8-1", "name": "gate_error", "unit": "", "value": 0.0001771260384782466}, {"date": "2021-8-1", "name": "gate_length", "unit": "ns", "value": 71.11111111111111}], "name": "x0"}], "general": []}