{"backend_name": "ibmq_armonk", "backend_version": "2.4.22", "last_update_date": "2021-11-3", "qubits": [[{"date": "2021-11-3", "name": "T1", "unit": "us", "value": 107.01508651174501}, {"date": "2021-11-3", "name": "T2", "unit": "us", "value": 191.2822044961577}, {"date": "2021-11-3", "name": "frequency", "unit": "GHz", "value": 4.9715892377847215}, {"date": "2021-11-3", "name": "anharmonicity", "unit": "GHz", "value": -0.34719293148282626}, {"date": "2021-11-3", "name": "readout_error", "unit": "", "value": 0.03410000000000002}, {"date": "2021-11-3", "name": "prob_meas0_prep1", "unit": "", "value": 0.0476}, {"date": "2021-11-3", "name": "prob_meas1_prep0", "unit": "", "value": 0.02059999999999995}, {"date": "2021-11-3", "name": "readout_length", "unit": "ns", "value": 4977.777777777777}]], "gates": [{"qubits": [0], "gate": "id", "parameters": [{"date": "2021-11-3", "name": "gate_error", "unit": "", "value": 0.0007555386628212893}, {"date": "2021-11-3", "name": "gate_length", "unit": "ns", "value": 71.11111111111111}], "name": "id0"}, {"qubits": [0], "gate": "rz", "parameters": [{"date": "2021-11-3", "name": "gate_error", "unit": "", "value": 0}, {"date": "2021-11-3", "name": "gate_length", "unit": "ns", "value": 0}], "name": "rz0"}, {"qubits": [0], "gate": "sx", "parameters": [{"date": "2021-11-3", "name": "gate_error", "unit": "", "value": 0.0007555386628212893}, {"date": "2021-11-3", "name": "gate_length", "unit": "ns", "value": 71.11111111111111}], "name": "sx0"}, {"qubits": [0], "gate": "x", "parameters": [{"date": "2021-11-3", "name": "gate_error", "unit": "", "value": 0.0007555386628212893}, {"date": "2021-11-3", "name": "gate_length", "unit": "ns", "value": 71.11111111111111}], "name": "x0"}], "general": []}