{"backend_name": "ibmq_armonk", "backend_version": "2.4.24", "last_update_date": "2021-11-26", "qubits": [[{"date": "2021-11-26", "name": "T1", "unit": "us", "value": 163.1363946465595}, {"date": "2021-11-26", "name": "T2", "unit": "us", "value": 239.7907040435196}, {"date": "2021-11-26", "name": "frequency", "unit": "GHz", "value": 4.971627073354757}, {"date": "2021-11-26", "name": "anharmonicity", "unit": "GHz", "value": -0.34719293148282626}, {"date": "2021-11-26", "name": "readout_error", "unit": "", "value": 0.13450000000000006}, {"date": "2021-11-26", "name": "prob_meas0_prep1", "unit": "", "value": 0.13160000000000005}, {"date": "2021-11-26", "name": "prob_meas1_prep0", "unit": "", "value": 0.1374}, {"date": "2021-11-26", "name": "readout_length", "unit": "ns", "value": 4977.777777777777}]], "gates": [{"qubits": [0], "gate": "id", "parameters": [{"date": "2021-11-24", "name": "gate_error", "unit": "", "value": 0.0003901332622482063}, {"date": "2021-11-26", "name": "gate_length", "unit": "ns", "value": 71.11111111111111}], "name": "id0"}, {"qubits": [0], "gate": "rz", "parameters": [{"date": "2021-11-26", "name": "gate_error", "unit": "", "value": 0}, {"date": "2021-11-26", "name": "gate_length", "unit": "ns", "value": 0}], "name": "rz0"}, {"qubits": [0], "gate": "sx", "parameters": [{"date": "2021-11-24", "name": "gate_error", "unit": "", "value": 0.0003901332622482063}, {"date": "2021-11-26", "name": "gate_length", "unit": "ns", "value": 71.11111111111111}], "name": "sx0"}, {"qubits": [0], "gate": "x", "parameters": [{"date": "2021-11-24", "name": "gate_error", "unit": "", "value": 0.0003901332622482063}, {"date": "2021-11-26", "name": "gate_length", "unit": "ns", "value": 71.11111111111111}], "name": "x0"}], "general": []}