{"backend_name": "ibmq_armonk", "backend_version": "2.4.16", "last_update_date": "2021-9-25", "qubits": [[{"date": "2021-9-25", "name": "T1", "unit": "us", "value": 103.67180533781209}, {"date": "2021-9-25", "name": "T2", "unit": "us", "value": 150.84340840644396}, {"date": "2021-9-25", "name": "frequency", "unit": "GHz", "value": 4.97159608292786}, {"date": "2021-9-25", "name": "anharmonicity", "unit": "GHz", "value": -0.34719293148282626}, {"date": "2021-9-25", "name": "readout_error", "unit": "", "value": 0.03390000000000004}, {"date": "2021-9-25", "name": "prob_meas0_prep1", "unit": "", "value": 0.041}, {"date": "2021-9-25", "name": "prob_meas1_prep0", "unit": "", "value": 0.026800000000000046}, {"date": "2021-9-25", "name": "readout_length", "unit": "ns", "value": 4977.777777777777}]], "gates": [{"qubits": [0], "gate": "id", "parameters": [{"date": "2021-9-25", "name": "gate_error", "unit": "", "value": 0.0003156335982457174}, {"date": "2021-9-25", "name": "gate_length", "unit": "ns", "value": 71.11111111111111}], "name": "id0"}, {"qubits": [0], "gate": "rz", "parameters": [{"date": "2021-9-25", "name": "gate_error", "unit": "", "value": 0}, {"date": "2021-9-25", "name": "gate_length", "unit": "ns", "value": 0}], "name": "rz0"}, {"qubits": [0], "gate": "sx", "parameters": [{"date": "2021-9-25", "name": "gate_error", "unit": "", "value": 0.0003156335982457174}, {"date": "2021-9-25", "name": "gate_length", "unit": "ns", "value": 71.11111111111111}], "name": "sx0"}, {"qubits": [0], "gate": "x", "parameters": [{"date": "2021-9-25", "name": "gate_error", "unit": "", "value": 0.0003156335982457174}, {"date": "2021-9-25", "name": "gate_length", "unit": "ns", "value": 71.11111111111111}], "name": "x0"}], "general": []}