{"backend_name": "ibmq_armonk", "backend_version": "2.4.13", "last_update_date": "2021-7-26", "qubits": [[{"date": "2021-7-26", "name": "T1", "unit": "us", "value": 170.67393877753855}, {"date": "2021-7-26", "name": "T2", "unit": "us", "value": 249.7088206293193}, {"date": "2021-7-26", "name": "frequency", "unit": "GHz", "value": 4.971653146299029}, {"date": "2021-7-26", "name": "anharmonicity", "unit": "GHz", "value": -0.34719293148282626}, {"date": "2021-7-26", "name": "readout_error", "unit": "", "value": 0.04530000000000001}, {"date": "2021-7-26", "name": "prob_meas0_prep1", "unit": "", "value": 0.044}, {"date": "2021-7-26", "name": "prob_meas1_prep0", "unit": "", "value": 0.046599999999999975}, {"date": "2021-7-26", "name": "readout_length", "unit": "ns", "value": 4977.777777777777}]], "gates": [{"qubits": [0], "gate": "id", "parameters": [{"date": "2021-7-26", "name": "gate_error", "unit": "", "value": 0.00029977036052833655}, {"date": "2021-7-26", "name": "gate_length", "unit": "ns", "value": 71.11111111111111}], "name": "id0"}, {"qubits": [0], "gate": "rz", "parameters": [{"date": "2021-7-26", "name": "gate_error", "unit": "", "value": 0}, {"date": "2021-7-26", "name": "gate_length", "unit": "ns", "value": 0}], "name": "rz0"}, {"qubits": [0], "gate": "sx", "parameters": [{"date": "2021-7-26", "name": "gate_error", "unit": "", "value": 0.00029977036052833655}, {"date": "2021-7-26", "name": "gate_length", "unit": "ns", "value": 71.11111111111111}], "name": "sx0"}, {"qubits": [0], "gate": "x", "parameters": [{"date": "2021-7-26", "name": "gate_error", "unit": "", "value": 0.00029977036052833655}, {"date": "2021-7-26", "name": "gate_length", "unit": "ns", "value": 71.11111111111111}], "name": "x0"}], "general": []}