{"backend_name": "ibmq_armonk", "backend_version": "2.4.18", "last_update_date": "2021-10-16", "qubits": [[{"date": "2021-10-16", "name": "T1", "unit": "us", "value": 83.58591789061846}, {"date": "2021-10-16", "name": "T2", "unit": "us", "value": 128.77099854411208}, {"date": "2021-10-16", "name": "frequency", "unit": "GHz", "value": 4.971554773475033}, {"date": "2021-10-16", "name": "anharmonicity", "unit": "GHz", "value": -0.34719293148282626}, {"date": "2021-10-16", "name": "readout_error", "unit": "", "value": 0.02939999999999998}, {"date": "2021-10-16", "name": "prob_meas0_prep1", "unit": "", "value": 0.0442}, {"date": "2021-10-16", "name": "prob_meas1_prep0", "unit": "", "value": 0.014599999999999946}, {"date": "2021-10-16", "name": "readout_length", "unit": "ns", "value": 4977.777777777777}]], "gates": [{"qubits": [0], "gate": "id", "parameters": [{"date": "2021-10-16", "name": "gate_error", "unit": "", "value": 0.0018640822515182693}, {"date": "2021-10-16", "name": "gate_length", "unit": "ns", "value": 71.11111111111111}], "name": "id0"}, {"qubits": [0], "gate": "rz", "parameters": [{"date": "2021-10-16", "name": "gate_error", "unit": "", "value": 0}, {"date": "2021-10-16", "name": "gate_length", "unit": "ns", "value": 0}], "name": "rz0"}, {"qubits": [0], "gate": "sx", "parameters": [{"date": "2021-10-16", "name": "gate_error", "unit": "", "value": 0.0018640822515182693}, {"date": "2021-10-16", "name": "gate_length", "unit": "ns", "value": 71.11111111111111}], "name": "sx0"}, {"qubits": [0], "gate": "x", "parameters": [{"date": "2021-10-16", "name": "gate_error", "unit": "", "value": 0.0018640822515182693}, {"date": "2021-10-16", "name": "gate_length", "unit": "ns", "value": 71.11111111111111}], "name": "x0"}], "general": []}