{"backend_name": "ibmq_armonk", "backend_version": "2.4.16", "last_update_date": "2021-9-22", "qubits": [[{"date": "2021-9-22", "name": "T1", "unit": "us", "value": 145.96069273925244}, {"date": "2021-9-22", "name": "T2", "unit": "us", "value": 214.42764379114507}, {"date": "2021-9-22", "name": "frequency", "unit": "GHz", "value": 4.971603703585454}, {"date": "2021-9-22", "name": "anharmonicity", "unit": "GHz", "value": -0.34719293148282626}, {"date": "2021-9-22", "name": "readout_error", "unit": "", "value": 0.03310000000000002}, {"date": "2021-9-22", "name": "prob_meas0_prep1", "unit": "", "value": 0.0394}, {"date": "2021-9-22", "name": "prob_meas1_prep0", "unit": "", "value": 0.026800000000000046}, {"date": "2021-9-22", "name": "readout_length", "unit": "ns", "value": 4977.777777777777}]], "gates": [{"qubits": [0], "gate": "id", "parameters": [{"date": "2021-9-22", "name": "gate_error", "unit": "", "value": 0.00020350140201698188}, {"date": "2021-9-22", "name": "gate_length", "unit": "ns", "value": 71.11111111111111}], "name": "id0"}, {"qubits": [0], "gate": "rz", "parameters": [{"date": "2021-9-22", "name": "gate_error", "unit": "", "value": 0}, {"date": "2021-9-22", "name": "gate_length", "unit": "ns", "value": 0}], "name": "rz0"}, {"qubits": [0], "gate": "sx", "parameters": [{"date": "2021-9-22", "name": "gate_error", "unit": "", "value": 0.00020350140201698188}, {"date": "2021-9-22", "name": "gate_length", "unit": "ns", "value": 71.11111111111111}], "name": "sx0"}, {"qubits": [0], "gate": "x", "parameters": [{"date": "2021-9-22", "name": "gate_error", "unit": "", "value": 0.00020350140201698188}, {"date": "2021-9-22", "name": "gate_length", "unit": "ns", "value": 71.11111111111111}], "name": "x0"}], "general": []}