{"backend_name": "ibmq_armonk", "backend_version": "2.4.14", "last_update_date": "2021-8-13", "qubits": [[{"date": "2021-8-13", "name": "T1", "unit": "us", "value": 122.95573909892474}, {"date": "2021-8-13", "name": "T2", "unit": "us", "value": 172.8667230534995}, {"date": "2021-8-13", "name": "frequency", "unit": "GHz", "value": 4.971668217653252}, {"date": "2021-8-13", "name": "anharmonicity", "unit": "GHz", "value": -0.34719293148282626}, {"date": "2021-8-13", "name": "readout_error", "unit": "", "value": 0.02629999999999999}, {"date": "2021-8-13", "name": "prob_meas0_prep1", "unit": "", "value": 0.0288}, {"date": "2021-8-13", "name": "prob_meas1_prep0", "unit": "", "value": 0.023800000000000043}, {"date": "2021-8-13", "name": "readout_length", "unit": "ns", "value": 4977.777777777777}]], "gates": [{"qubits": [0], "gate": "id", "parameters": [{"date": "2021-8-13", "name": "gate_error", "unit": "", "value": 0.00036040992280294583}, {"date": "2021-8-13", "name": "gate_length", "unit": "ns", "value": 71.11111111111111}], "name": "id0"}, {"qubits": [0], "gate": "rz", "parameters": [{"date": "2021-8-13", "name": "gate_error", "unit": "", "value": 0}, {"date": "2021-8-13", "name": "gate_length", "unit": "ns", "value": 0}], "name": "rz0"}, {"qubits": [0], "gate": "sx", "parameters": [{"date": "2021-8-13", "name": "gate_error", "unit": "", "value": 0.00036040992280294583}, {"date": "2021-8-13", "name": "gate_length", "unit": "ns", "value": 71.11111111111111}], "name": "sx0"}, {"qubits": [0], "gate": "x", "parameters": [{"date": "2021-8-13", "name": "gate_error", "unit": "", "value": 0.00036040992280294583}, {"date": "2021-8-13", "name": "gate_length", "unit": "ns", "value": 71.11111111111111}], "name": "x0"}], "general": []}