{"backend_name": "ibmq_armonk", "backend_version": "2.4.21", "last_update_date": "2021-10-31", "qubits": [[{"date": "2021-10-31", "name": "T1", "unit": "us", "value": 77.19845276082474}, {"date": "2021-10-31", "name": "T2", "unit": "us", "value": 150.13590537728697}, {"date": "2021-10-31", "name": "frequency", "unit": "GHz", "value": 4.971587951363608}, {"date": "2021-10-31", "name": "anharmonicity", "unit": "GHz", "value": -0.34719293148282626}, {"date": "2021-10-31", "name": "readout_error", "unit": "", "value": 0.04479999999999995}, {"date": "2021-10-31", "name": "prob_meas0_prep1", "unit": "", "value": 0.062}, {"date": "2021-10-31", "name": "prob_meas1_prep0", "unit": "", "value": 0.027599999999999958}, {"date": "2021-10-31", "name": "readout_length", "unit": "ns", "value": 4977.777777777777}]], "gates": [{"qubits": [0], "gate": "id", "parameters": [{"date": "2021-10-31", "name": "gate_error", "unit": "", "value": 0.0014498949014493004}, {"date": "2021-10-31", "name": "gate_length", "unit": "ns", "value": 71.11111111111111}], "name": "id0"}, {"qubits": [0], "gate": "rz", "parameters": [{"date": "2021-10-31", "name": "gate_error", "unit": "", "value": 0}, {"date": "2021-10-31", "name": "gate_length", "unit": "ns", "value": 0}], "name": "rz0"}, {"qubits": [0], "gate": "sx", "parameters": [{"date": "2021-10-31", "name": "gate_error", "unit": "", "value": 0.0014498949014493004}, {"date": "2021-10-31", "name": "gate_length", "unit": "ns", "value": 71.11111111111111}], "name": "sx0"}, {"qubits": [0], "gate": "x", "parameters": [{"date": "2021-10-31", "name": "gate_error", "unit": "", "value": 0.0014498949014493004}, {"date": "2021-10-31", "name": "gate_length", "unit": "ns", "value": 71.11111111111111}], "name": "x0"}], "general": []}