{"backend_name": "ibmq_armonk", "backend_version": "2.4.16", "last_update_date": "2021-9-15", "qubits": [[{"date": "2021-9-15", "name": "T1", "unit": "us", "value": 116.60142086441365}, {"date": "2021-9-15", "name": "T2", "unit": "us", "value": 83.61749165863066}, {"date": "2021-9-15", "name": "frequency", "unit": "GHz", "value": 4.971589133645404}, {"date": "2021-9-15", "name": "anharmonicity", "unit": "GHz", "value": -0.34719293148282626}, {"date": "2021-9-15", "name": "readout_error", "unit": "", "value": 0.03290000000000004}, {"date": "2021-9-15", "name": "prob_meas0_prep1", "unit": "", "value": 0.0348}, {"date": "2021-9-15", "name": "prob_meas1_prep0", "unit": "", "value": 0.031000000000000028}, {"date": "2021-9-15", "name": "readout_length", "unit": "ns", "value": 4977.777777777777}]], "gates": [{"qubits": [0], "gate": "id", "parameters": [{"date": "2021-9-15", "name": "gate_error", "unit": "", "value": 0.0002900195671676894}, {"date": "2021-9-15", "name": "gate_length", "unit": "ns", "value": 71.11111111111111}], "name": "id0"}, {"qubits": [0], "gate": "rz", "parameters": [{"date": "2021-9-15", "name": "gate_error", "unit": "", "value": 0}, {"date": "2021-9-15", "name": "gate_length", "unit": "ns", "value": 0}], "name": "rz0"}, {"qubits": [0], "gate": "sx", "parameters": [{"date": "2021-9-15", "name": "gate_error", "unit": "", "value": 0.0002900195671676894}, {"date": "2021-9-15", "name": "gate_length", "unit": "ns", "value": 71.11111111111111}], "name": "sx0"}, {"qubits": [0], "gate": "x", "parameters": [{"date": "2021-9-15", "name": "gate_error", "unit": "", "value": 0.0002900195671676894}, {"date": "2021-9-15", "name": "gate_length", "unit": "ns", "value": 71.11111111111111}], "name": "x0"}], "general": []}