{"backend_name": "ibmq_armonk", "backend_version": "2.4.19", "last_update_date": "2021-10-25", "qubits": [[{"date": "2021-10-25", "name": "T1", "unit": "us", "value": 128.1165539849907}, {"date": "2021-10-25", "name": "T2", "unit": "us", "value": 239.85450760615575}, {"date": "2021-10-25", "name": "frequency", "unit": "GHz", "value": 4.971588886948858}, {"date": "2021-10-25", "name": "anharmonicity", "unit": "GHz", "value": -0.34719293148282626}, {"date": "2021-10-25", "name": "readout_error", "unit": "", "value": 0.027900000000000036}, {"date": "2021-10-25", "name": "prob_meas0_prep1", "unit": "", "value": 0.034}, {"date": "2021-10-25", "name": "prob_meas1_prep0", "unit": "", "value": 0.02180000000000004}, {"date": "2021-10-25", "name": "readout_length", "unit": "ns", "value": 4977.777777777777}]], "gates": [{"qubits": [0], "gate": "id", "parameters": [{"date": "2021-10-25", "name": "gate_error", "unit": "", "value": 0.00035214660543813817}, {"date": "2021-10-25", "name": "gate_length", "unit": "ns", "value": 71.11111111111111}], "name": "id0"}, {"qubits": [0], "gate": "rz", "parameters": [{"date": "2021-10-25", "name": "gate_error", "unit": "", "value": 0}, {"date": "2021-10-25", "name": "gate_length", "unit": "ns", "value": 0}], "name": "rz0"}, {"qubits": [0], "gate": "sx", "parameters": [{"date": "2021-10-25", "name": "gate_error", "unit": "", "value": 0.00035214660543813817}, {"date": "2021-10-25", "name": "gate_length", "unit": "ns", "value": 71.11111111111111}], "name": "sx0"}, {"qubits": [0], "gate": "x", "parameters": [{"date": "2021-10-25", "name": "gate_error", "unit": "", "value": 0.00035214660543813817}, {"date": "2021-10-25", "name": "gate_length", "unit": "ns", "value": 71.11111111111111}], "name": "x0"}], "general": []}