{"backend_name": "ibmq_armonk", "backend_version": "2.4.18", "last_update_date": "2021-10-15", "qubits": [[{"date": "2021-10-15", "name": "T1", "unit": "us", "value": 154.64591566752136}, {"date": "2021-10-15", "name": "T2", "unit": "us", "value": 247.67479931964002}, {"date": "2021-10-15", "name": "frequency", "unit": "GHz", "value": 4.971598416320724}, {"date": "2021-10-15", "name": "anharmonicity", "unit": "GHz", "value": -0.34719293148282626}, {"date": "2021-10-15", "name": "readout_error", "unit": "", "value": 0.04170000000000007}, {"date": "2021-10-15", "name": "prob_meas0_prep1", "unit": "", "value": 0.0442}, {"date": "2021-10-15", "name": "prob_meas1_prep0", "unit": "", "value": 0.03920000000000001}, {"date": "2021-10-15", "name": "readout_length", "unit": "ns", "value": 4977.777777777777}]], "gates": [{"qubits": [0], "gate": "id", "parameters": [{"date": "2021-10-15", "name": "gate_error", "unit": "", "value": 0.00024486946873391983}, {"date": "2021-10-15", "name": "gate_length", "unit": "ns", "value": 71.11111111111111}], "name": "id0"}, {"qubits": [0], "gate": "rz", "parameters": [{"date": "2021-10-15", "name": "gate_error", "unit": "", "value": 0}, {"date": "2021-10-15", "name": "gate_length", "unit": "ns", "value": 0}], "name": "rz0"}, {"qubits": [0], "gate": "sx", "parameters": [{"date": "2021-10-15", "name": "gate_error", "unit": "", "value": 0.00024486946873391983}, {"date": "2021-10-15", "name": "gate_length", "unit": "ns", "value": 71.11111111111111}], "name": "sx0"}, {"qubits": [0], "gate": "x", "parameters": [{"date": "2021-10-15", "name": "gate_error", "unit": "", "value": 0.00024486946873391983}, {"date": "2021-10-15", "name": "gate_length", "unit": "ns", "value": 71.11111111111111}], "name": "x0"}], "general": []}