{"backend_name": "ibmq_armonk", "backend_version": "2.4.24", "last_update_date": "2021-11-18", "qubits": [[{"date": "2021-11-18", "name": "T1", "unit": "us", "value": 64.9419853677082}, {"date": "2021-11-18", "name": "T2", "unit": "us", "value": 114.32005970419777}, {"date": "2021-11-18", "name": "frequency", "unit": "GHz", "value": 4.9715807279953586}, {"date": "2021-11-18", "name": "anharmonicity", "unit": "GHz", "value": -0.34719293148282626}, {"date": "2021-11-18", "name": "readout_error", "unit": "", "value": 0.03720000000000001}, {"date": "2021-11-18", "name": "prob_meas0_prep1", "unit": "", "value": 0.0542}, {"date": "2021-11-18", "name": "prob_meas1_prep0", "unit": "", "value": 0.020199999999999996}, {"date": "2021-11-18", "name": "readout_length", "unit": "ns", "value": 4977.777777777777}]], "gates": [{"qubits": [0], "gate": "id", "parameters": [{"date": "2021-11-18", "name": "gate_error", "unit": "", "value": 0.0008668960696683359}, {"date": "2021-11-18", "name": "gate_length", "unit": "ns", "value": 71.11111111111111}], "name": "id0"}, {"qubits": [0], "gate": "rz", "parameters": [{"date": "2021-11-18", "name": "gate_error", "unit": "", "value": 0}, {"date": "2021-11-18", "name": "gate_length", "unit": "ns", "value": 0}], "name": "rz0"}, {"qubits": [0], "gate": "sx", "parameters": [{"date": "2021-11-18", "name": "gate_error", "unit": "", "value": 0.0008668960696683359}, {"date": "2021-11-18", "name": "gate_length", "unit": "ns", "value": 71.11111111111111}], "name": "sx0"}, {"qubits": [0], "gate": "x", "parameters": [{"date": "2021-11-18", "name": "gate_error", "unit": "", "value": 0.0008668960696683359}, {"date": "2021-11-18", "name": "gate_length", "unit": "ns", "value": 71.11111111111111}], "name": "x0"}], "general": []}