{"backend_name": "ibmq_armonk", "backend_version": "2.4.26", "last_update_date": "2021-12-18", "qubits": [[{"date": "2021-12-18", "name": "T1", "unit": "us", "value": 229.11889833475166}, {"date": "2021-12-17", "name": "T2", "unit": "us", "value": 263.4555786830388}, {"date": "2021-12-18", "name": "frequency", "unit": "GHz", "value": 4.971619387062094}, {"date": "2021-12-18", "name": "anharmonicity", "unit": "GHz", "value": -0.34719293148282626}, {"date": "2021-12-18", "name": "readout_error", "unit": "", "value": 0.03749999999999998}, {"date": "2021-12-18", "name": "prob_meas0_prep1", "unit": "", "value": 0.0348}, {"date": "2021-12-18", "name": "prob_meas1_prep0", "unit": "", "value": 0.040200000000000014}, {"date": "2021-12-18", "name": "readout_length", "unit": "ns", "value": 4977.777777777777}]], "gates": [{"qubits": [0], "gate": "id", "parameters": [{"date": "2021-12-18", "name": "gate_error", "unit": "", "value": 0.00033671800969845836}, {"date": "2021-12-18", "name": "gate_length", "unit": "ns", "value": 71.11111111111111}], "name": "id0"}, {"qubits": [0], "gate": "rz", "parameters": [{"date": "2021-12-18", "name": "gate_error", "unit": "", "value": 0}, {"date": "2021-12-18", "name": "gate_length", "unit": "ns", "value": 0}], "name": "rz0"}, {"qubits": [0], "gate": "sx", "parameters": [{"date": "2021-12-18", "name": "gate_error", "unit": "", "value": 0.00033671800969845836}, {"date": "2021-12-18", "name": "gate_length", "unit": "ns", "value": 71.11111111111111}], "name": "sx0"}, {"qubits": [0], "gate": "x", "parameters": [{"date": "2021-12-18", "name": "gate_error", "unit": "", "value": 0.00033671800969845836}, {"date": "2021-12-18", "name": "gate_length", "unit": "ns", "value": 71.11111111111111}], "name": "x0"}], "general": []}