{"backend_name": "ibmq_armonk", "backend_version": "2.4.15", "last_update_date": "2021-8-30", "qubits": [[{"date": "2021-8-30", "name": "T1", "unit": "us", "value": 181.71927557383012}, {"date": "2021-8-30", "name": "T2", "unit": "us", "value": 262.808638791066}, {"date": "2021-8-30", "name": "frequency", "unit": "GHz", "value": 4.971604903083871}, {"date": "2021-8-30", "name": "anharmonicity", "unit": "GHz", "value": -0.34719293148282626}, {"date": "2021-8-30", "name": "readout_error", "unit": "", "value": 0.03859999999999997}, {"date": "2021-8-30", "name": "prob_meas0_prep1", "unit": "", "value": 0.044}, {"date": "2021-8-30", "name": "prob_meas1_prep0", "unit": "", "value": 0.03320000000000001}, {"date": "2021-8-30", "name": "readout_length", "unit": "ns", "value": 4977.777777777777}]], "gates": [{"qubits": [0], "gate": "id", "parameters": [{"date": "2021-8-30", "name": "gate_error", "unit": "", "value": 0.0002954208324083003}, {"date": "2021-8-30", "name": "gate_length", "unit": "ns", "value": 71.11111111111111}], "name": "id0"}, {"qubits": [0], "gate": "rz", "parameters": [{"date": "2021-8-30", "name": "gate_error", "unit": "", "value": 0}, {"date": "2021-8-30", "name": "gate_length", "unit": "ns", "value": 0}], "name": "rz0"}, {"qubits": [0], "gate": "sx", "parameters": [{"date": "2021-8-30", "name": "gate_error", "unit": "", "value": 0.0002954208324083003}, {"date": "2021-8-30", "name": "gate_length", "unit": "ns", "value": 71.11111111111111}], "name": "sx0"}, {"qubits": [0], "gate": "x", "parameters": [{"date": "2021-8-30", "name": "gate_error", "unit": "", "value": 0.0002954208324083003}, {"date": "2021-8-30", "name": "gate_length", "unit": "ns", "value": 71.11111111111111}], "name": "x0"}], "general": []}