{"backend_name": "ibmq_armonk", "backend_version": "2.4.12", "last_update_date": "2021-7-14", "qubits": [[{"date": "2021-7-14", "name": "T1", "unit": "us", "value": 179.5796120015126}, {"date": "2021-7-14", "name": "T2", "unit": "us", "value": 279.0669189117206}, {"date": "2021-7-14", "name": "frequency", "unit": "GHz", "value": 4.971650225824094}, {"date": "2021-7-14", "name": "anharmonicity", "unit": "GHz", "value": -0.34719293148282626}, {"date": "2021-7-14", "name": "readout_error", "unit": "", "value": 0.02950000000000008}, {"date": "2021-7-14", "name": "prob_meas0_prep1", "unit": "", "value": 0.035}, {"date": "2021-7-14", "name": "prob_meas1_prep0", "unit": "", "value": 0.02400000000000002}, {"date": "2021-7-14", "name": "readout_length", "unit": "ns", "value": 4977.777777777777}]], "gates": [{"qubits": [0], "gate": "id", "parameters": [{"date": "2021-7-14", "name": "gate_error", "unit": "", "value": 0.000310505192212112}, {"date": "2021-7-14", "name": "gate_length", "unit": "ns", "value": 71.11111111111111}], "name": "id0"}, {"qubits": [0], "gate": "rz", "parameters": [{"date": "2021-7-14", "name": "gate_error", "unit": "", "value": 0}, {"date": "2021-7-14", "name": "gate_length", "unit": "ns", "value": 0}], "name": "rz0"}, {"qubits": [0], "gate": "sx", "parameters": [{"date": "2021-7-14", "name": "gate_error", "unit": "", "value": 0.000310505192212112}, {"date": "2021-7-14", "name": "gate_length", "unit": "ns", "value": 71.11111111111111}], "name": "sx0"}, {"qubits": [0], "gate": "x", "parameters": [{"date": "2021-7-14", "name": "gate_error", "unit": "", "value": 0.000310505192212112}, {"date": "2021-7-14", "name": "gate_length", "unit": "ns", "value": 71.11111111111111}], "name": "x0"}], "general": []}