{"backend_name": "ibmq_armonk", "backend_version": "2.4.26", "last_update_date": "2021-12-27", "qubits": [[{"date": "2021-12-27", "name": "T1", "unit": "us", "value": 216.41166245332508}, {"date": "2021-12-27", "name": "T2", "unit": "us", "value": 286.6808558445627}, {"date": "2021-12-27", "name": "frequency", "unit": "GHz", "value": 4.971601218706437}, {"date": "2021-12-27", "name": "anharmonicity", "unit": "GHz", "value": -0.34719293148282626}, {"date": "2021-12-27", "name": "readout_error", "unit": "", "value": 0.03739999999999999}, {"date": "2021-12-27", "name": "prob_meas0_prep1", "unit": "", "value": 0.0398}, {"date": "2021-12-27", "name": "prob_meas1_prep0", "unit": "", "value": 0.03500000000000003}, {"date": "2021-12-27", "name": "readout_length", "unit": "ns", "value": 4977.777777777777}]], "gates": [{"qubits": [0], "gate": "id", "parameters": [{"date": "2021-12-27", "name": "gate_error", "unit": "", "value": 0.00021468804690830283}, {"date": "2021-12-27", "name": "gate_length", "unit": "ns", "value": 71.11111111111111}], "name": "id0"}, {"qubits": [0], "gate": "rz", "parameters": [{"date": "2021-12-27", "name": "gate_error", "unit": "", "value": 0}, {"date": "2021-12-27", "name": "gate_length", "unit": "ns", "value": 0}], "name": "rz0"}, {"qubits": [0], "gate": "sx", "parameters": [{"date": "2021-12-27", "name": "gate_error", "unit": "", "value": 0.00021468804690830283}, {"date": "2021-12-27", "name": "gate_length", "unit": "ns", "value": 71.11111111111111}], "name": "sx0"}, {"qubits": [0], "gate": "x", "parameters": [{"date": "2021-12-27", "name": "gate_error", "unit": "", "value": 0.00021468804690830283}, {"date": "2021-12-27", "name": "gate_length", "unit": "ns", "value": 71.11111111111111}], "name": "x0"}], "general": []}