{"backend_name": "ibmq_armonk", "backend_version": "2.4.13", "last_update_date": "2021-8-6", "qubits": [[{"date": "2021-8-6", "name": "T1", "unit": "us", "value": 139.45709447686275}, {"date": "2021-8-6", "name": "T2", "unit": "us", "value": 216.33314293147214}, {"date": "2021-8-6", "name": "frequency", "unit": "GHz", "value": 4.971667738751381}, {"date": "2021-8-6", "name": "anharmonicity", "unit": "GHz", "value": -0.34719293148282626}, {"date": "2021-8-6", "name": "readout_error", "unit": "", "value": 0.022199999999999998}, {"date": "2021-8-6", "name": "prob_meas0_prep1", "unit": "", "value": 0.028}, {"date": "2021-8-6", "name": "prob_meas1_prep0", "unit": "", "value": 0.01639999999999997}, {"date": "2021-8-6", "name": "readout_length", "unit": "ns", "value": 4977.777777777777}]], "gates": [{"qubits": [0], "gate": "id", "parameters": [{"date": "2021-8-6", "name": "gate_error", "unit": "", "value": 0.00024191437201095457}, {"date": "2021-8-6", "name": "gate_length", "unit": "ns", "value": 71.11111111111111}], "name": "id0"}, {"qubits": [0], "gate": "rz", "parameters": [{"date": "2021-8-6", "name": "gate_error", "unit": "", "value": 0}, {"date": "2021-8-6", "name": "gate_length", "unit": "ns", "value": 0}], "name": "rz0"}, {"qubits": [0], "gate": "sx", "parameters": [{"date": "2021-8-6", "name": "gate_error", "unit": "", "value": 0.00024191437201095457}, {"date": "2021-8-6", "name": "gate_length", "unit": "ns", "value": 71.11111111111111}], "name": "sx0"}, {"qubits": [0], "gate": "x", "parameters": [{"date": "2021-8-6", "name": "gate_error", "unit": "", "value": 0.00024191437201095457}, {"date": "2021-8-6", "name": "gate_length", "unit": "ns", "value": 71.11111111111111}], "name": "x0"}], "general": []}