{"backend_name": "ibmq_armonk", "backend_version": "2.4.18", "last_update_date": "2021-10-12", "qubits": [[{"date": "2021-10-12", "name": "T1", "unit": "us", "value": 152.09255853275883}, {"date": "2021-10-12", "name": "T2", "unit": "us", "value": 240.58027279099193}, {"date": "2021-10-12", "name": "frequency", "unit": "GHz", "value": 4.971605425483712}, {"date": "2021-10-12", "name": "anharmonicity", "unit": "GHz", "value": -0.34719293148282626}, {"date": "2021-10-12", "name": "readout_error", "unit": "", "value": 0.03090000000000004}, {"date": "2021-10-12", "name": "prob_meas0_prep1", "unit": "", "value": 0.0388}, {"date": "2021-10-12", "name": "prob_meas1_prep0", "unit": "", "value": 0.02300000000000002}, {"date": "2021-10-12", "name": "readout_length", "unit": "ns", "value": 4977.777777777777}]], "gates": [{"qubits": [0], "gate": "id", "parameters": [{"date": "2021-10-12", "name": "gate_error", "unit": "", "value": 0.0002531947850614188}, {"date": "2021-10-12", "name": "gate_length", "unit": "ns", "value": 71.11111111111111}], "name": "id0"}, {"qubits": [0], "gate": "rz", "parameters": [{"date": "2021-10-12", "name": "gate_error", "unit": "", "value": 0}, {"date": "2021-10-12", "name": "gate_length", "unit": "ns", "value": 0}], "name": "rz0"}, {"qubits": [0], "gate": "sx", "parameters": [{"date": "2021-10-12", "name": "gate_error", "unit": "", "value": 0.0002531947850614188}, {"date": "2021-10-12", "name": "gate_length", "unit": "ns", "value": 71.11111111111111}], "name": "sx0"}, {"qubits": [0], "gate": "x", "parameters": [{"date": "2021-10-12", "name": "gate_error", "unit": "", "value": 0.0002531947850614188}, {"date": "2021-10-12", "name": "gate_length", "unit": "ns", "value": 71.11111111111111}], "name": "x0"}], "general": []}