{"backend_name": "ibmq_armonk", "backend_version": "2.4.22", "last_update_date": "2021-11-9", "qubits": [[{"date": "2021-11-9", "name": "T1", "unit": "us", "value": 50.288767586044536}, {"date": "2021-11-9", "name": "T2", "unit": "us", "value": 89.31229859808104}, {"date": "2021-11-9", "name": "frequency", "unit": "GHz", "value": 4.971591540924937}, {"date": "2021-11-9", "name": "anharmonicity", "unit": "GHz", "value": -0.34719293148282626}, {"date": "2021-11-9", "name": "readout_error", "unit": "", "value": 0.035499999999999976}, {"date": "2021-11-9", "name": "prob_meas0_prep1", "unit": "", "value": 0.0476}, {"date": "2021-11-9", "name": "prob_meas1_prep0", "unit": "", "value": 0.023399999999999976}, {"date": "2021-11-9", "name": "readout_length", "unit": "ns", "value": 4977.777777777777}]], "gates": [{"qubits": [0], "gate": "id", "parameters": [{"date": "2021-11-9", "name": "gate_error", "unit": "", "value": 0.0007506198769074971}, {"date": "2021-11-9", "name": "gate_length", "unit": "ns", "value": 71.11111111111111}], "name": "id0"}, {"qubits": [0], "gate": "rz", "parameters": [{"date": "2021-11-9", "name": "gate_error", "unit": "", "value": 0}, {"date": "2021-11-9", "name": "gate_length", "unit": "ns", "value": 0}], "name": "rz0"}, {"qubits": [0], "gate": "sx", "parameters": [{"date": "2021-11-9", "name": "gate_error", "unit": "", "value": 0.0007506198769074971}, {"date": "2021-11-9", "name": "gate_length", "unit": "ns", "value": 71.11111111111111}], "name": "sx0"}, {"qubits": [0], "gate": "x", "parameters": [{"date": "2021-11-9", "name": "gate_error", "unit": "", "value": 0.0007506198769074971}, {"date": "2021-11-9", "name": "gate_length", "unit": "ns", "value": 71.11111111111111}], "name": "x0"}], "general": []}