{"backend_name": "ibmq_armonk", "backend_version": "2.4.13", "last_update_date": "2021-7-22", "qubits": [[{"date": "2021-7-22", "name": "T1", "unit": "us", "value": 198.86874437859908}, {"date": "2021-7-21", "name": "T2", "unit": "us", "value": 292.81881738575044}, {"date": "2021-7-22", "name": "frequency", "unit": "GHz", "value": 4.971660272697694}, {"date": "2021-7-22", "name": "anharmonicity", "unit": "GHz", "value": -0.34719293148282626}, {"date": "2021-7-22", "name": "readout_error", "unit": "", "value": 0.029299999999999993}, {"date": "2021-7-22", "name": "prob_meas0_prep1", "unit": "", "value": 0.0224}, {"date": "2021-7-22", "name": "prob_meas1_prep0", "unit": "", "value": 0.03620000000000001}, {"date": "2021-7-22", "name": "readout_length", "unit": "ns", "value": 4977.777777777777}]], "gates": [{"qubits": [0], "gate": "id", "parameters": [{"date": "2021-7-22", "name": "gate_error", "unit": "", "value": 0.00022150911658269648}, {"date": "2021-7-22", "name": "gate_length", "unit": "ns", "value": 71.11111111111111}], "name": "id0"}, {"qubits": [0], "gate": "rz", "parameters": [{"date": "2021-7-22", "name": "gate_error", "unit": "", "value": 0}, {"date": "2021-7-22", "name": "gate_length", "unit": "ns", "value": 0}], "name": "rz0"}, {"qubits": [0], "gate": "sx", "parameters": [{"date": "2021-7-22", "name": "gate_error", "unit": "", "value": 0.00022150911658269648}, {"date": "2021-7-22", "name": "gate_length", "unit": "ns", "value": 71.11111111111111}], "name": "sx0"}, {"qubits": [0], "gate": "x", "parameters": [{"date": "2021-7-22", "name": "gate_error", "unit": "", "value": 0.00022150911658269648}, {"date": "2021-7-22", "name": "gate_length", "unit": "ns", "value": 71.11111111111111}], "name": "x0"}], "general": []}