{"backend_name": "ibmq_armonk", "backend_version": "2.4.26", "last_update_date": "2022-1-11", "qubits": [[{"date": "2022-1-11", "name": "T1", "unit": "us", "value": 193.37754844748943}, {"date": "2022-1-11", "name": "T2", "unit": "us", "value": 198.95107307581713}, {"date": "2022-1-11", "name": "frequency", "unit": "GHz", "value": 4.971615552870031}, {"date": "2022-1-11", "name": "anharmonicity", "unit": "GHz", "value": -0.34719293148282626}, {"date": "2022-1-11", "name": "readout_error", "unit": "", "value": 0.035800000000000054}, {"date": "2022-1-11", "name": "prob_meas0_prep1", "unit": "", "value": 0.0284}, {"date": "2022-1-11", "name": "prob_meas1_prep0", "unit": "", "value": 0.043200000000000016}, {"date": "2022-1-11", "name": "readout_length", "unit": "ns", "value": 4977.777777777777}]], "gates": [{"qubits": [0], "gate": "id", "parameters": [{"date": "2022-1-11", "name": "gate_error", "unit": "", "value": 0.00017801740945687773}, {"date": "2022-1-11", "name": "gate_length", "unit": "ns", "value": 71.11111111111111}], "name": "id0"}, {"qubits": [0], "gate": "rz", "parameters": [{"date": "2022-1-11", "name": "gate_error", "unit": "", "value": 0}, {"date": "2022-1-11", "name": "gate_length", "unit": "ns", "value": 0}], "name": "rz0"}, {"qubits": [0], "gate": "sx", "parameters": [{"date": "2022-1-11", "name": "gate_error", "unit": "", "value": 0.00017801740945687773}, {"date": "2022-1-11", "name": "gate_length", "unit": "ns", "value": 71.11111111111111}], "name": "sx0"}, {"qubits": [0], "gate": "x", "parameters": [{"date": "2022-1-11", "name": "gate_error", "unit": "", "value": 0.00017801740945687773}, {"date": "2022-1-11", "name": "gate_length", "unit": "ns", "value": 71.11111111111111}], "name": "x0"}], "general": []}