{"backend_name": "ibmq_armonk", "backend_version": "2.4.26", "last_update_date": "2022-1-7", "qubits": [[{"date": "2022-1-7", "name": "T1", "unit": "us", "value": 246.59256101657598}, {"date": "2022-1-6", "name": "T2", "unit": "us", "value": 301.90607567410825}, {"date": "2022-1-7", "name": "frequency", "unit": "GHz", "value": 4.971617187219374}, {"date": "2022-1-7", "name": "anharmonicity", "unit": "GHz", "value": -0.34719293148282626}, {"date": "2022-1-7", "name": "readout_error", "unit": "", "value": 0.0413}, {"date": "2022-1-7", "name": "prob_meas0_prep1", "unit": "", "value": 0.0316}, {"date": "2022-1-7", "name": "prob_meas1_prep0", "unit": "", "value": 0.051000000000000045}, {"date": "2022-1-7", "name": "readout_length", "unit": "ns", "value": 4977.777777777777}]], "gates": [{"qubits": [0], "gate": "id", "parameters": [{"date": "2022-1-7", "name": "gate_error", "unit": "", "value": 0.0002849341617223807}, {"date": "2022-1-7", "name": "gate_length", "unit": "ns", "value": 71.11111111111111}], "name": "id0"}, {"qubits": [0], "gate": "rz", "parameters": [{"date": "2022-1-7", "name": "gate_error", "unit": "", "value": 0}, {"date": "2022-1-7", "name": "gate_length", "unit": "ns", "value": 0}], "name": "rz0"}, {"qubits": [0], "gate": "sx", "parameters": [{"date": "2022-1-7", "name": "gate_error", "unit": "", "value": 0.0002849341617223807}, {"date": "2022-1-7", "name": "gate_length", "unit": "ns", "value": 71.11111111111111}], "name": "sx0"}, {"qubits": [0], "gate": "x", "parameters": [{"date": "2022-1-7", "name": "gate_error", "unit": "", "value": 0.0002849341617223807}, {"date": "2022-1-7", "name": "gate_length", "unit": "ns", "value": 71.11111111111111}], "name": "x0"}], "general": []}