{"backend_name": "ibmq_belem", "backend_version": "1.0.19", "last_update_date": "2021-9-12", "qubits": [[{"date": "2021-9-12", "name": "T1", "unit": "us", "value": 106.51024608272522}, {"date": "2021-9-12", "name": "T2", "unit": "us", "value": 133.1478558152393}, {"date": "2021-9-12", "name": "frequency", "unit": "GHz", "value": 5.090023189799597}, {"date": "2021-9-12", "name": "anharmonicity", "unit": "GHz", "value": -0.33612300518216515}, {"date": "2021-9-12", "name": "readout_error", "unit": "", "value": 0.018000000000000016}, {"date": "2021-9-12", "name": "prob_meas0_prep1", "unit": "", "value": 0.02980000000000005}, {"date": "2021-9-12", "name": "prob_meas1_prep0", "unit": "", "value": 0.0062}, {"date": "2021-9-12", "name": "readout_length", "unit": "ns", "value": 5351.11111111111}], [{"date": "2021-9-12", "name": "T1", "unit": "us", "value": 81.36030990395918}, {"date": "2021-9-12", "name": "T2", "unit": "us", "value": 100.09144981987262}, {"date": "2021-9-12", "name": "frequency", "unit": "GHz", "value": 5.245495992280466}, {"date": "2021-9-12", "name": "anharmonicity", "unit": "GHz", "value": -0.316572131412737}, {"date": "2021-9-12", "name": "readout_error", "unit": "", "value": 0.03149999999999997}, {"date": "2021-9-12", "name": "prob_meas0_prep1", "unit": "", "value": 0.04859999999999998}, {"date": "2021-9-12", "name": "prob_meas1_prep0", "unit": "", "value": 0.0144}, {"date": "2021-9-12", "name": "readout_length", "unit": "ns", "value": 5351.11111111111}], [{"date": "2021-9-12", "name": "T1", "unit": "us", "value": 88.62574720349707}, {"date": "2021-9-12", "name": "T2", "unit": "us", "value": 42.17140156681109}, {"date": "2021-9-12", "name": "frequency", "unit": "GHz", "value": 5.361432078744149}, {"date": "2021-9-12", "name": "anharmonicity", "unit": "GHz", "value": -0.3306274884584928}, {"date": "2021-9-12", "name": "readout_error", "unit": "", "value": 0.023399999999999976}, {"date": "2021-9-12", "name": "prob_meas0_prep1", "unit": "", "value": 0.036599999999999966}, {"date": "2021-9-12", "name": "prob_meas1_prep0", "unit": "", "value": 0.0102}, {"date": "2021-9-12", "name": "readout_length", "unit": "ns", "value": 5351.11111111111}], [{"date": "2021-9-12", "name": "T1", "unit": "us", "value": 103.11293101215777}, {"date": "2021-9-12", "name": "T2", "unit": "us", "value": 128.72642662543143}, {"date": "2021-9-12", "name": "frequency", "unit": "GHz", "value": 5.170400467983164}, {"date": "2021-9-12", "name": "anharmonicity", "unit": "GHz", "value": -0.33373922611368106}, {"date": "2021-9-12", "name": "readout_error", "unit": "", "value": 0.055499999999999994}, {"date": "2021-9-12", "name": "prob_meas0_prep1", "unit": "", "value": 0.09799999999999998}, {"date": "2021-9-12", "name": "prob_meas1_prep0", "unit": "", "value": 0.013}, {"date": "2021-9-12", "name": "readout_length", "unit": "ns", "value": 5351.11111111111}], [{"date": "2021-9-12", "name": "T1", "unit": "us", "value": 72.43134024592369}, {"date": "2021-9-12", "name": "T2", "unit": "us", "value": 80.10198754118709}, {"date": "2021-9-12", "name": "frequency", "unit": "GHz", "value": 5.258368105168619}, {"date": "2021-9-12", "name": "anharmonicity", "unit": "GHz", "value": -0.3313451432371279}, {"date": "2021-9-12", "name": "readout_error", "unit": "", "value": 0.029200000000000004}, {"date": "2021-9-12", "name": "prob_meas0_prep1", "unit": "", "value": 0.048799999999999955}, {"date": "2021-9-12", "name": "prob_meas1_prep0", "unit": "", "value": 0.0096}, {"date": "2021-9-12", "name": "readout_length", "unit": "ns", "value": 5351.11111111111}]], "gates": [{"qubits": [0], "gate": "id", "parameters": [{"date": "2021-9-12", "name": "gate_error", "unit": "", "value": 0.0003465314779845886}, {"date": "2021-9-12", "name": "gate_length", "unit": "ns", "value": 35.55555555555556}], "name": "id0"}, {"qubits": [1], "gate": "id", "parameters": [{"date": "2021-9-12", "name": "gate_error", "unit": "", "value": 0.00041548543560945546}, {"date": "2021-9-12", "name": "gate_length", "unit": "ns", "value": 35.55555555555556}], "name": "id1"}, {"qubits": [2], "gate": "id", "parameters": [{"date": "2021-9-12", "name": "gate_error", "unit": "", "value": 0.00030524234745749924}, {"date": "2021-9-12", "name": "gate_length", "unit": "ns", "value": 35.55555555555556}], "name": "id2"}, {"qubits": [3], "gate": "id", "parameters": [{"date": "2021-9-12", "name": "gate_error", "unit": "", "value": 0.0005212813277842563}, {"date": "2021-9-12", "name": "gate_length", "unit": "ns", "value": 35.55555555555556}], "name": "id3"}, {"qubits": [4], "gate": "id", "parameters": [{"date": "2021-9-12", "name": "gate_error", "unit": "", "value": 0.0003063033678684398}, {"date": "2021-9-12", "name": "gate_length", "unit": "ns", "value": 35.55555555555556}], "name": "id4"}, {"qubits": [0], "gate": "rz", "parameters": [{"date": "2021-9-12", "name": "gate_error", "unit": "", "value": 0}, {"date": "2021-9-12", "name": "gate_length", "unit": "ns", "value": 0}], "name": "rz0"}, {"qubits": [1], "gate": "rz", "parameters": [{"date": "2021-9-12", "name": "gate_error", "unit": "", "value": 0}, {"date": "2021-9-12", "name": "gate_length", "unit": "ns", "value": 0}], "name": "rz1"}, {"qubits": [2], "gate": "rz", "parameters": [{"date": "2021-9-12", "name": "gate_error", "unit": "", "value": 0}, {"date": "2021-9-12", "name": "gate_length", "unit": "ns", "value": 0}], "name": "rz2"}, {"qubits": [3], "gate": "rz", "parameters": [{"date": "2021-9-12", "name": "gate_error", "unit": "", "value": 0}, {"date": "2021-9-12", "name": "gate_length", "unit": "ns", "value": 0}], "name": "rz3"}, {"qubits": [4], "gate": "rz", "parameters": [{"date": "2021-9-12", "name": "gate_error", "unit": "", "value": 0}, {"date": "2021-9-12", "name": "gate_length", "unit": "ns", "value": 0}], "name": "rz4"}, {"qubits": [0], "gate": "sx", "parameters": [{"date": "2021-9-12", "name": "gate_error", "unit": "", "value": 0.0003465314779845886}, {"date": "2021-9-12", "name": "gate_length", "unit": "ns", "value": 35.55555555555556}], "name": "sx0"}, {"qubits": [1], "gate": "sx", "parameters": [{"date": "2021-9-12", "name": "gate_error", "unit": "", "value": 0.00041548543560945546}, {"date": "2021-9-12", "name": "gate_length", "unit": "ns", "value": 35.55555555555556}], "name": "sx1"}, {"qubits": [2], "gate": "sx", "parameters": [{"date": "2021-9-12", "name": "gate_error", "unit": "", "value": 0.00030524234745749924}, {"date": "2021-9-12", "name": "gate_length", "unit": "ns", "value": 35.55555555555556}], "name": "sx2"}, {"qubits": [3], "gate": "sx", "parameters": [{"date": "2021-9-12", "name": "gate_error", "unit": "", "value": 0.0005212813277842563}, {"date": "2021-9-12", "name": "gate_length", "unit": "ns", "value": 35.55555555555556}], "name": "sx3"}, {"qubits": [4], "gate": "sx", "parameters": [{"date": "2021-9-12", "name": "gate_error", "unit": "", "value": 0.0003063033678684398}, {"date": "2021-9-12", "name": "gate_length", "unit": "ns", "value": 35.55555555555556}], "name": "sx4"}, {"qubits": [0], "gate": "x", "parameters": [{"date": "2021-9-12", "name": "gate_error", "unit": "", "value": 0.0003465314779845886}, {"date": "2021-9-12", "name": "gate_length", "unit": "ns", "value": 35.55555555555556}], "name": "x0"}, {"qubits": [1], "gate": "x", "parameters": [{"date": "2021-9-12", "name": "gate_error", "unit": "", "value": 0.00041548543560945546}, {"date": "2021-9-12", "name": "gate_length", "unit": "ns", "value": 35.55555555555556}], "name": "x1"}, {"qubits": [2], "gate": "x", "parameters": [{"date": "2021-9-12", "name": "gate_error", "unit": "", "value": 0.00030524234745749924}, {"date": "2021-9-12", "name": "gate_length", "unit": "ns", "value": 35.55555555555556}], "name": "x2"}, {"qubits": [3], "gate": "x", "parameters": [{"date": "2021-9-12", "name": "gate_error", "unit": "", "value": 0.0005212813277842563}, {"date": "2021-9-12", "name": "gate_length", "unit": "ns", "value": 35.55555555555556}], "name": "x3"}, {"qubits": [4], "gate": "x", "parameters": [{"date": "2021-9-12", "name": "gate_error", "unit": "", "value": 0.0003063033678684398}, {"date": "2021-9-12", "name": "gate_length", "unit": "ns", "value": 35.55555555555556}], "name": "x4"}, {"qubits": [4, 3], "gate": "cx", "parameters": [{"date": "2021-9-12", "name": "gate_error", "unit": "", "value": 0.016726986088168944}, {"date": "2021-9-9", "name": "gate_length", "unit": "ns", "value": 554.6666666666666}], "name": "cx4_3"}, {"qubits": [3, 4], "gate": "cx", "parameters": [{"date": "2021-9-12", "name": "gate_error", "unit": "", "value": 0.016726986088168944}, {"date": "2021-9-9", "name": "gate_length", "unit": "ns", "value": 590.2222222222222}], "name": "cx3_4"}, {"qubits": [3, 1], "gate": "cx", "parameters": [{"date": "2021-9-12", "name": "gate_error", "unit": "", "value": 0.01791397837634809}, {"date": "2021-9-9", "name": "gate_length", "unit": "ns", "value": 398.2222222222222}], "name": "cx3_1"}, {"qubits": [1, 3], "gate": "cx", "parameters": [{"date": "2021-9-12", "name": "gate_error", "unit": "", "value": 0.01791397837634809}, {"date": "2021-9-9", "name": "gate_length", "unit": "ns", "value": 433.77777777777777}], "name": "cx1_3"}, {"qubits": [2, 1], "gate": "cx", "parameters": [{"date": "2021-9-12", "name": "gate_error", "unit": "", "value": 0.009060274033406368}, {"date": "2021-9-9", "name": "gate_length", "unit": "ns", "value": 412.4444444444444}], "name": "cx2_1"}, {"qubits": [1, 2], "gate": "cx", "parameters": [{"date": "2021-9-12", "name": "gate_error", "unit": "", "value": 0.009060274033406368}, {"date": "2021-9-9", "name": "gate_length", "unit": "ns", "value": 448}], "name": "cx1_2"}, {"qubits": [1, 0], "gate": "cx", "parameters": [{"date": "2021-9-12", "name": "gate_error", "unit": "", "value": 0.020442884630198804}, {"date": "2021-9-9", "name": "gate_length", "unit": "ns", "value": 775.1111111111111}], "name": "cx1_0"}, {"qubits": [0, 1], "gate": "cx", "parameters": [{"date": "2021-9-12", "name": "gate_error", "unit": "", "value": 0.020442884630198804}, {"date": "2021-9-9", "name": "gate_length", "unit": "ns", "value": 810.6666666666666}], "name": "cx0_1"}, {"qubits": [0], "gate": "reset", "parameters": [{"date": "2021-9-12", "name": "gate_length", "unit": "ns", "value": 7342.222222222222}], "name": "reset0"}, {"qubits": [1], "gate": "reset", "parameters": [{"date": "2021-9-12", "name": "gate_length", "unit": "ns", "value": 7342.222222222222}], "name": "reset1"}, {"qubits": [2], "gate": "reset", "parameters": [{"date": "2021-9-12", "name": "gate_length", "unit": "ns", "value": 7342.222222222222}], "name": "reset2"}, {"qubits": [3], "gate": "reset", "parameters": [{"date": "2021-9-12", "name": "gate_length", "unit": "ns", "value": 7342.222222222222}], "name": "reset3"}, {"qubits": [4], "gate": "reset", "parameters": [{"date": "2021-9-12", "name": "gate_length", "unit": "ns", "value": 7342.222222222222}], "name": "reset4"}], "general": [{"date": "2021-9-12", "name": "jq_01", "unit": "GHz", "value": 0.0018736137364449847}, {"date": "2021-9-12", "name": "zz_01", "unit": "GHz", "value": -5.778719017046504e-05}, {"date": "2021-9-12", "name": "jq_12", "unit": "GHz", "value": 0.0020062596172337292}, {"date": "2021-9-12", "name": "zz_12", "unit": "GHz", "value": -5.607853601551941e-05}, {"date": "2021-9-12", "name": "jq_13", "unit": "GHz", "value": 0.0020039976609872224}, {"date": "2021-9-12", "name": "zz_13", "unit": "GHz", "value": -5.2854062688980254e-05}, {"date": "2021-9-12", "name": "jq_34", "unit": "GHz", "value": 0.0016737719182152912}, {"date": "2021-9-12", "name": "zz_34", "unit": "GHz", "value": -3.628419642815204e-05}]}