{"backend_name": "ibmq_belem", "backend_version": "1.0.30", "last_update_date": "2021-12-14", "qubits": [[{"date": "2021-12-14", "name": "T1", "unit": "us", "value": 95.20704435642051}, {"date": "2021-12-14", "name": "T2", "unit": "us", "value": 50.98729869387884}, {"date": "2021-12-14", "name": "frequency", "unit": "GHz", "value": 5.090186765467359}, {"date": "2021-12-14", "name": "anharmonicity", "unit": "GHz", "value": -0.33612300518216515}, {"date": "2021-12-14", "name": "readout_error", "unit": "", "value": 0.01649999999999996}, {"date": "2021-12-14", "name": "prob_meas0_prep1", "unit": "", "value": 0.02639999999999998}, {"date": "2021-12-14", "name": "prob_meas1_prep0", "unit": "", "value": 0.0066}, {"date": "2021-12-14", "name": "readout_length", "unit": "ns", "value": 5351.11111111111}], [{"date": "2021-12-14", "name": "T1", "unit": "us", "value": 97.34002505895558}, {"date": "2021-12-14", "name": "T2", "unit": "us", "value": 109.32778074137121}, {"date": "2021-12-14", "name": "frequency", "unit": "GHz", "value": 5.245570343139867}, {"date": "2021-12-14", "name": "anharmonicity", "unit": "GHz", "value": -0.316572131412737}, {"date": "2021-12-14", "name": "readout_error", "unit": "", "value": 0.020100000000000007}, {"date": "2021-12-14", "name": "prob_meas0_prep1", "unit": "", "value": 0.030399999999999983}, {"date": "2021-12-14", "name": "prob_meas1_prep0", "unit": "", "value": 0.0098}, {"date": "2021-12-14", "name": "readout_length", "unit": "ns", "value": 5351.11111111111}], [{"date": "2021-12-14", "name": "T1", "unit": "us", "value": 90.38219785041605}, {"date": "2021-12-14", "name": "T2", "unit": "us", "value": 62.04788679787576}, {"date": "2021-12-14", "name": "frequency", "unit": "GHz", "value": 5.3614990537298555}, {"date": "2021-12-14", "name": "anharmonicity", "unit": "GHz", "value": -0.3306274884584928}, {"date": "2021-12-14", "name": "readout_error", "unit": "", "value": 0.023600000000000065}, {"date": "2021-12-14", "name": "prob_meas0_prep1", "unit": "", "value": 0.03959999999999997}, {"date": "2021-12-14", "name": "prob_meas1_prep0", "unit": "", "value": 0.0076}, {"date": "2021-12-14", "name": "readout_length", "unit": "ns", "value": 5351.11111111111}], [{"date": "2021-12-14", "name": "T1", "unit": "us", "value": 58.25904580445395}, {"date": "2021-12-14", "name": "T2", "unit": "us", "value": 95.59625770870265}, {"date": "2021-12-14", "name": "frequency", "unit": "GHz", "value": 5.170375533089043}, {"date": "2021-12-14", "name": "anharmonicity", "unit": "GHz", "value": -0.33373922611368106}, {"date": "2021-12-14", "name": "readout_error", "unit": "", "value": 0.02510000000000001}, {"date": "2021-12-14", "name": "prob_meas0_prep1", "unit": "", "value": 0.046599999999999975}, {"date": "2021-12-14", "name": "prob_meas1_prep0", "unit": "", "value": 0.0036}, {"date": "2021-12-14", "name": "readout_length", "unit": "ns", "value": 5351.11111111111}], [{"date": "2021-12-14", "name": "T1", "unit": "us", "value": 100.9733983168133}, {"date": "2021-12-14", "name": "T2", "unit": "us", "value": 152.19229407069793}, {"date": "2021-12-14", "name": "frequency", "unit": "GHz", "value": 5.258460580819778}, {"date": "2021-12-14", "name": "anharmonicity", "unit": "GHz", "value": -0.3313451432371279}, {"date": "2021-12-14", "name": "readout_error", "unit": "", "value": 0.02849999999999997}, {"date": "2021-12-14", "name": "prob_meas0_prep1", "unit": "", "value": 0.0464}, {"date": "2021-12-14", "name": "prob_meas1_prep0", "unit": "", "value": 0.0106}, {"date": "2021-12-14", "name": "readout_length", "unit": "ns", "value": 5351.11111111111}]], "gates": [{"qubits": [0], "gate": "id", "parameters": [{"date": "2021-12-14", "name": "gate_error", "unit": "", "value": 0.00020125495198546495}, {"date": "2021-12-14", "name": "gate_length", "unit": "ns", "value": 35.55555555555556}], "name": "id0"}, {"qubits": [1], "gate": "id", "parameters": [{"date": "2021-12-14", "name": "gate_error", "unit": "", "value": 0.0003202586272192358}, {"date": "2021-12-14", "name": "gate_length", "unit": "ns", "value": 35.55555555555556}], "name": "id1"}, {"qubits": [2], "gate": "id", "parameters": [{"date": "2021-12-14", "name": "gate_error", "unit": "", "value": 0.00026810912682503457}, {"date": "2021-12-14", "name": "gate_length", "unit": "ns", "value": 35.55555555555556}], "name": "id2"}, {"qubits": [3], "gate": "id", "parameters": [{"date": "2021-12-14", "name": "gate_error", "unit": "", "value": 0.00034693028702482596}, {"date": "2021-12-14", "name": "gate_length", "unit": "ns", "value": 35.55555555555556}], "name": "id3"}, {"qubits": [4], "gate": "id", "parameters": [{"date": "2021-12-14", "name": "gate_error", "unit": "", "value": 0.000353640956595607}, {"date": "2021-12-14", "name": "gate_length", "unit": "ns", "value": 35.55555555555556}], "name": "id4"}, {"qubits": [0], "gate": "rz", "parameters": [{"date": "2021-12-14", "name": "gate_error", "unit": "", "value": 0}, {"date": "2021-12-14", "name": "gate_length", "unit": "ns", "value": 0}], "name": "rz0"}, {"qubits": [1], "gate": "rz", "parameters": [{"date": "2021-12-14", "name": "gate_error", "unit": "", "value": 0}, {"date": "2021-12-14", "name": "gate_length", "unit": "ns", "value": 0}], "name": "rz1"}, {"qubits": [2], "gate": "rz", "parameters": [{"date": "2021-12-14", "name": "gate_error", "unit": "", "value": 0}, {"date": "2021-12-14", "name": "gate_length", "unit": "ns", "value": 0}], "name": "rz2"}, {"qubits": [3], "gate": "rz", "parameters": [{"date": "2021-12-14", "name": "gate_error", "unit": "", "value": 0}, {"date": "2021-12-14", "name": "gate_length", "unit": "ns", "value": 0}], "name": "rz3"}, {"qubits": [4], "gate": "rz", "parameters": [{"date": "2021-12-14", "name": "gate_error", "unit": "", "value": 0}, {"date": "2021-12-14", "name": "gate_length", "unit": "ns", "value": 0}], "name": "rz4"}, {"qubits": [0], "gate": "sx", "parameters": [{"date": "2021-12-14", "name": "gate_error", "unit": "", "value": 0.00020125495198546495}, {"date": "2021-12-14", "name": "gate_length", "unit": "ns", "value": 35.55555555555556}], "name": "sx0"}, {"qubits": [1], "gate": "sx", "parameters": [{"date": "2021-12-14", "name": "gate_error", "unit": "", "value": 0.0003202586272192358}, {"date": "2021-12-14", "name": "gate_length", "unit": "ns", "value": 35.55555555555556}], "name": "sx1"}, {"qubits": [2], "gate": "sx", "parameters": [{"date": "2021-12-14", "name": "gate_error", "unit": "", "value": 0.00026810912682503457}, {"date": "2021-12-14", "name": "gate_length", "unit": "ns", "value": 35.55555555555556}], "name": "sx2"}, {"qubits": [3], "gate": "sx", "parameters": [{"date": "2021-12-14", "name": "gate_error", "unit": "", "value": 0.00034693028702482596}, {"date": "2021-12-14", "name": "gate_length", "unit": "ns", "value": 35.55555555555556}], "name": "sx3"}, {"qubits": [4], "gate": "sx", "parameters": [{"date": "2021-12-14", "name": "gate_error", "unit": "", "value": 0.000353640956595607}, {"date": "2021-12-14", "name": "gate_length", "unit": "ns", "value": 35.55555555555556}], "name": "sx4"}, {"qubits": [0], "gate": "x", "parameters": [{"date": "2021-12-14", "name": "gate_error", "unit": "", "value": 0.00020125495198546495}, {"date": "2021-12-14", "name": "gate_length", "unit": "ns", "value": 35.55555555555556}], "name": "x0"}, {"qubits": [1], "gate": "x", "parameters": [{"date": "2021-12-14", "name": "gate_error", "unit": "", "value": 0.0003202586272192358}, {"date": "2021-12-14", "name": "gate_length", "unit": "ns", "value": 35.55555555555556}], "name": "x1"}, {"qubits": [2], "gate": "x", "parameters": [{"date": "2021-12-14", "name": "gate_error", "unit": "", "value": 0.00026810912682503457}, {"date": "2021-12-14", "name": "gate_length", "unit": "ns", "value": 35.55555555555556}], "name": "x2"}, {"qubits": [3], "gate": "x", "parameters": [{"date": "2021-12-14", "name": "gate_error", "unit": "", "value": 0.00034693028702482596}, {"date": "2021-12-14", "name": "gate_length", "unit": "ns", "value": 35.55555555555556}], "name": "x3"}, {"qubits": [4], "gate": "x", "parameters": [{"date": "2021-12-14", "name": "gate_error", "unit": "", "value": 0.000353640956595607}, {"date": "2021-12-14", "name": "gate_length", "unit": "ns", "value": 35.55555555555556}], "name": "x4"}, {"qubits": [4, 3], "gate": "cx", "parameters": [{"date": "2021-12-14", "name": "gate_error", "unit": "", "value": 0.011645865898948948}, {"date": "2021-12-11", "name": "gate_length", "unit": "ns", "value": 554.6666666666666}], "name": "cx4_3"}, {"qubits": [3, 4], "gate": "cx", "parameters": [{"date": "2021-12-14", "name": "gate_error", "unit": "", "value": 0.011645865898948948}, {"date": "2021-12-11", "name": "gate_length", "unit": "ns", "value": 590.2222222222222}], "name": "cx3_4"}, {"qubits": [3, 1], "gate": "cx", "parameters": [{"date": "2021-12-14", "name": "gate_error", "unit": "", "value": 0.009902934950932502}, {"date": "2021-12-11", "name": "gate_length", "unit": "ns", "value": 398.2222222222222}], "name": "cx3_1"}, {"qubits": [1, 3], "gate": "cx", "parameters": [{"date": "2021-12-14", "name": "gate_error", "unit": "", "value": 0.009902934950932502}, {"date": "2021-12-11", "name": "gate_length", "unit": "ns", "value": 433.77777777777777}], "name": "cx1_3"}, {"qubits": [2, 1], "gate": "cx", "parameters": [{"date": "2021-12-14", "name": "gate_error", "unit": "", "value": 0.008179397862696641}, {"date": "2021-12-11", "name": "gate_length", "unit": "ns", "value": 412.4444444444444}], "name": "cx2_1"}, {"qubits": [1, 2], "gate": "cx", "parameters": [{"date": "2021-12-14", "name": "gate_error", "unit": "", "value": 0.008179397862696641}, {"date": "2021-12-11", "name": "gate_length", "unit": "ns", "value": 448}], "name": "cx1_2"}, {"qubits": [1, 0], "gate": "cx", "parameters": [{"date": "2021-12-14", "name": "gate_error", "unit": "", "value": 0.01568438025534699}, {"date": "2021-12-11", "name": "gate_length", "unit": "ns", "value": 775.1111111111111}], "name": "cx1_0"}, {"qubits": [0, 1], "gate": "cx", "parameters": [{"date": "2021-12-14", "name": "gate_error", "unit": "", "value": 0.01568438025534699}, {"date": "2021-12-11", "name": "gate_length", "unit": "ns", "value": 810.6666666666666}], "name": "cx0_1"}, {"qubits": [0], "gate": "reset", "parameters": [{"date": "2021-12-14", "name": "gate_length", "unit": "ns", "value": 7342.222222222222}], "name": "reset0"}, {"qubits": [1], "gate": "reset", "parameters": [{"date": "2021-12-14", "name": "gate_length", "unit": "ns", "value": 7342.222222222222}], "name": "reset1"}, {"qubits": [2], "gate": "reset", "parameters": [{"date": "2021-12-14", "name": "gate_length", "unit": "ns", "value": 7342.222222222222}], "name": "reset2"}, {"qubits": [3], "gate": "reset", "parameters": [{"date": "2021-12-14", "name": "gate_length", "unit": "ns", "value": 7342.222222222222}], "name": "reset3"}, {"qubits": [4], "gate": "reset", "parameters": [{"date": "2021-12-14", "name": "gate_length", "unit": "ns", "value": 7342.222222222222}], "name": "reset4"}], "general": [{"date": "2021-12-14", "name": "jq_01", "unit": "GHz", "value": 0.0018736137364449847}, {"date": "2021-12-14", "name": "zz_01", "unit": "GHz", "value": -5.778719017046504e-05}, {"date": "2021-12-14", "name": "jq_12", "unit": "GHz", "value": 0.0020062596172337292}, {"date": "2021-12-14", "name": "zz_12", "unit": "GHz", "value": -5.607853601551941e-05}, {"date": "2021-12-14", "name": "jq_13", "unit": "GHz", "value": 0.0020039976609872224}, {"date": "2021-12-14", "name": "zz_13", "unit": "GHz", "value": -5.2854062688980254e-05}, {"date": "2021-12-14", "name": "jq_34", "unit": "GHz", "value": 0.0016737719182152912}, {"date": "2021-12-14", "name": "zz_34", "unit": "GHz", "value": -3.628419642815204e-05}]}