{"backend_name": "ibmq_belem", "backend_version": "1.0.15", "last_update_date": "2021-7-30", "qubits": [[{"date": "2021-7-30", "name": "T1", "unit": "us", "value": 115.69177550874154}, {"date": "2021-7-30", "name": "T2", "unit": "us", "value": 128.8182359017116}, {"date": "2021-7-30", "name": "frequency", "unit": "GHz", "value": 5.090016894408407}, {"date": "2021-7-30", "name": "anharmonicity", "unit": "GHz", "value": -0.33612300518216515}, {"date": "2021-7-30", "name": "readout_error", "unit": "", "value": 0.017000000000000015}, {"date": "2021-7-30", "name": "prob_meas0_prep1", "unit": "", "value": 0.02739999999999998}, {"date": "2021-7-30", "name": "prob_meas1_prep0", "unit": "", "value": 0.0066}, {"date": "2021-7-30", "name": "readout_length", "unit": "ns", "value": 5351.11111111111}], [{"date": "2021-7-30", "name": "T1", "unit": "us", "value": 90.67894393610408}, {"date": "2021-7-30", "name": "T2", "unit": "us", "value": 85.81450949325657}, {"date": "2021-7-30", "name": "frequency", "unit": "GHz", "value": 5.2454190122793705}, {"date": "2021-7-30", "name": "anharmonicity", "unit": "GHz", "value": -0.316572131412737}, {"date": "2021-7-30", "name": "readout_error", "unit": "", "value": 0.025600000000000067}, {"date": "2021-7-30", "name": "prob_meas0_prep1", "unit": "", "value": 0.043399999999999994}, {"date": "2021-7-30", "name": "prob_meas1_prep0", "unit": "", "value": 0.0078}, {"date": "2021-7-30", "name": "readout_length", "unit": "ns", "value": 5351.11111111111}], [{"date": "2021-7-30", "name": "T1", "unit": "us", "value": 60.082549593060826}, {"date": "2021-7-30", "name": "T2", "unit": "us", "value": 45.72399684459908}, {"date": "2021-7-30", "name": "frequency", "unit": "GHz", "value": 5.361398328105322}, {"date": "2021-7-30", "name": "anharmonicity", "unit": "GHz", "value": -0.3306274884584928}, {"date": "2021-7-30", "name": "readout_error", "unit": "", "value": 0.03510000000000002}, {"date": "2021-7-30", "name": "prob_meas0_prep1", "unit": "", "value": 0.05740000000000001}, {"date": "2021-7-30", "name": "prob_meas1_prep0", "unit": "", "value": 0.0128}, {"date": "2021-7-30", "name": "readout_length", "unit": "ns", "value": 5351.11111111111}], [{"date": "2021-7-30", "name": "T1", "unit": "us", "value": 93.40123956230931}, {"date": "2021-7-30", "name": "T2", "unit": "us", "value": 114.93666546319614}, {"date": "2021-7-30", "name": "frequency", "unit": "GHz", "value": 5.1703875220455116}, {"date": "2021-7-30", "name": "anharmonicity", "unit": "GHz", "value": -0.33373922611368106}, {"date": "2021-7-30", "name": "readout_error", "unit": "", "value": 0.03210000000000002}, {"date": "2021-7-30", "name": "prob_meas0_prep1", "unit": "", "value": 0.049799999999999955}, {"date": "2021-7-30", "name": "prob_meas1_prep0", "unit": "", "value": 0.0144}, {"date": "2021-7-30", "name": "readout_length", "unit": "ns", "value": 5351.11111111111}], [{"date": "2021-7-30", "name": "T1", "unit": "us", "value": 104.02594914380273}, {"date": "2021-7-30", "name": "T2", "unit": "us", "value": 133.4048337591082}, {"date": "2021-7-30", "name": "frequency", "unit": "GHz", "value": 5.258380336357459}, {"date": "2021-7-30", "name": "anharmonicity", "unit": "GHz", "value": -0.3313451432371279}, {"date": "2021-7-30", "name": "readout_error", "unit": "", "value": 0.027599999999999958}, {"date": "2021-7-30", "name": "prob_meas0_prep1", "unit": "", "value": 0.038799999999999946}, {"date": "2021-7-30", "name": "prob_meas1_prep0", "unit": "", "value": 0.0164}, {"date": "2021-7-30", "name": "readout_length", "unit": "ns", "value": 5351.11111111111}]], "gates": [{"qubits": [0], "gate": "id", "parameters": [{"date": "2021-7-30", "name": "gate_error", "unit": "", "value": 0.00020767868543452057}, {"date": "2021-7-30", "name": "gate_length", "unit": "ns", "value": 35.55555555555556}], "name": "id0"}, {"qubits": [1], "gate": "id", "parameters": [{"date": "2021-7-30", "name": "gate_error", "unit": "", "value": 0.00026940083632316907}, {"date": "2021-7-30", "name": "gate_length", "unit": "ns", "value": 35.55555555555556}], "name": "id1"}, {"qubits": [2], "gate": "id", "parameters": [{"date": "2021-7-30", "name": "gate_error", "unit": "", "value": 0.0003652569755456394}, {"date": "2021-7-30", "name": "gate_length", "unit": "ns", "value": 35.55555555555556}], "name": "id2"}, {"qubits": [3], "gate": "id", "parameters": [{"date": "2021-7-30", "name": "gate_error", "unit": "", "value": 0.0002901090342143483}, {"date": "2021-7-30", "name": "gate_length", "unit": "ns", "value": 35.55555555555556}], "name": "id3"}, {"qubits": [4], "gate": "id", "parameters": [{"date": "2021-7-30", "name": "gate_error", "unit": "", "value": 0.00026234749221844495}, {"date": "2021-7-30", "name": "gate_length", "unit": "ns", "value": 35.55555555555556}], "name": "id4"}, {"qubits": [0], "gate": "rz", "parameters": [{"date": "2021-7-30", "name": "gate_error", "unit": "", "value": 0}, {"date": "2021-7-30", "name": "gate_length", "unit": "ns", "value": 0}], "name": "rz0"}, {"qubits": [1], "gate": "rz", "parameters": [{"date": "2021-7-30", "name": "gate_error", "unit": "", "value": 0}, {"date": "2021-7-30", "name": "gate_length", "unit": "ns", "value": 0}], "name": "rz1"}, {"qubits": [2], "gate": "rz", "parameters": [{"date": "2021-7-30", "name": "gate_error", "unit": "", "value": 0}, {"date": "2021-7-30", "name": "gate_length", "unit": "ns", "value": 0}], "name": "rz2"}, {"qubits": [3], "gate": "rz", "parameters": [{"date": "2021-7-30", "name": "gate_error", "unit": "", "value": 0}, {"date": "2021-7-30", "name": "gate_length", "unit": "ns", "value": 0}], "name": "rz3"}, {"qubits": [4], "gate": "rz", "parameters": [{"date": "2021-7-30", "name": "gate_error", "unit": "", "value": 0}, {"date": "2021-7-30", "name": "gate_length", "unit": "ns", "value": 0}], "name": "rz4"}, {"qubits": [0], "gate": "sx", "parameters": [{"date": "2021-7-30", "name": "gate_error", "unit": "", "value": 0.00020767868543452057}, {"date": "2021-7-30", "name": "gate_length", "unit": "ns", "value": 35.55555555555556}], "name": "sx0"}, {"qubits": [1], "gate": "sx", "parameters": [{"date": "2021-7-30", "name": "gate_error", "unit": "", "value": 0.00026940083632316907}, {"date": "2021-7-30", "name": "gate_length", "unit": "ns", "value": 35.55555555555556}], "name": "sx1"}, {"qubits": [2], "gate": "sx", "parameters": [{"date": "2021-7-30", "name": "gate_error", "unit": "", "value": 0.0003652569755456394}, {"date": "2021-7-30", "name": "gate_length", "unit": "ns", "value": 35.55555555555556}], "name": "sx2"}, {"qubits": [3], "gate": "sx", "parameters": [{"date": "2021-7-30", "name": "gate_error", "unit": "", "value": 0.0002901090342143483}, {"date": "2021-7-30", "name": "gate_length", "unit": "ns", "value": 35.55555555555556}], "name": "sx3"}, {"qubits": [4], "gate": "sx", "parameters": [{"date": "2021-7-30", "name": "gate_error", "unit": "", "value": 0.00026234749221844495}, {"date": "2021-7-30", "name": "gate_length", "unit": "ns", "value": 35.55555555555556}], "name": "sx4"}, {"qubits": [0], "gate": "x", "parameters": [{"date": "2021-7-30", "name": "gate_error", "unit": "", "value": 0.00020767868543452057}, {"date": "2021-7-30", "name": "gate_length", "unit": "ns", "value": 35.55555555555556}], "name": "x0"}, {"qubits": [1], "gate": "x", "parameters": [{"date": "2021-7-30", "name": "gate_error", "unit": "", "value": 0.00026940083632316907}, {"date": "2021-7-30", "name": "gate_length", "unit": "ns", "value": 35.55555555555556}], "name": "x1"}, {"qubits": [2], "gate": "x", "parameters": [{"date": "2021-7-30", "name": "gate_error", "unit": "", "value": 0.0003652569755456394}, {"date": "2021-7-30", "name": "gate_length", "unit": "ns", "value": 35.55555555555556}], "name": "x2"}, {"qubits": [3], "gate": "x", "parameters": [{"date": "2021-7-30", "name": "gate_error", "unit": "", "value": 0.0002901090342143483}, {"date": "2021-7-30", "name": "gate_length", "unit": "ns", "value": 35.55555555555556}], "name": "x3"}, {"qubits": [4], "gate": "x", "parameters": [{"date": "2021-7-30", "name": "gate_error", "unit": "", "value": 0.00026234749221844495}, {"date": "2021-7-30", "name": "gate_length", "unit": "ns", "value": 35.55555555555556}], "name": "x4"}, {"qubits": [4, 3], "gate": "cx", "parameters": [{"date": "2021-7-30", "name": "gate_error", "unit": "", "value": 0.010299151556685676}, {"date": "2021-7-27", "name": "gate_length", "unit": "ns", "value": 554.6666666666666}], "name": "cx4_3"}, {"qubits": [3, 4], "gate": "cx", "parameters": [{"date": "2021-7-30", "name": "gate_error", "unit": "", "value": 0.010299151556685676}, {"date": "2021-7-27", "name": "gate_length", "unit": "ns", "value": 590.2222222222222}], "name": "cx3_4"}, {"qubits": [3, 1], "gate": "cx", "parameters": [{"date": "2021-7-30", "name": "gate_error", "unit": "", "value": 0.00880071494501325}, {"date": "2021-7-27", "name": "gate_length", "unit": "ns", "value": 398.2222222222222}], "name": "cx3_1"}, {"qubits": [1, 3], "gate": "cx", "parameters": [{"date": "2021-7-30", "name": "gate_error", "unit": "", "value": 0.00880071494501325}, {"date": "2021-7-27", "name": "gate_length", "unit": "ns", "value": 433.77777777777777}], "name": "cx1_3"}, {"qubits": [2, 1], "gate": "cx", "parameters": [{"date": "2021-7-30", "name": "gate_error", "unit": "", "value": 0.007474316682346882}, {"date": "2021-7-27", "name": "gate_length", "unit": "ns", "value": 412.4444444444444}], "name": "cx2_1"}, {"qubits": [1, 2], "gate": "cx", "parameters": [{"date": "2021-7-30", "name": "gate_error", "unit": "", "value": 0.007474316682346882}, {"date": "2021-7-27", "name": "gate_length", "unit": "ns", "value": 448}], "name": "cx1_2"}, {"qubits": [1, 0], "gate": "cx", "parameters": [{"date": "2021-7-30", "name": "gate_error", "unit": "", "value": 0.018203806289080887}, {"date": "2021-7-27", "name": "gate_length", "unit": "ns", "value": 775.1111111111111}], "name": "cx1_0"}, {"qubits": [0, 1], "gate": "cx", "parameters": [{"date": "2021-7-30", "name": "gate_error", "unit": "", "value": 0.018203806289080887}, {"date": "2021-7-27", "name": "gate_length", "unit": "ns", "value": 810.6666666666666}], "name": "cx0_1"}, {"qubits": [0], "gate": "reset", "parameters": [{"date": "2021-7-30", "name": "gate_length", "unit": "ns", "value": 7342.222222222222}], "name": "reset0"}, {"qubits": [1], "gate": "reset", "parameters": [{"date": "2021-7-30", "name": "gate_length", "unit": "ns", "value": 7342.222222222222}], "name": "reset1"}, {"qubits": [2], "gate": "reset", "parameters": [{"date": "2021-7-30", "name": "gate_length", "unit": "ns", "value": 7342.222222222222}], "name": "reset2"}, {"qubits": [3], "gate": "reset", "parameters": [{"date": "2021-7-30", "name": "gate_length", "unit": "ns", "value": 7342.222222222222}], "name": "reset3"}, {"qubits": [4], "gate": "reset", "parameters": [{"date": "2021-7-30", "name": "gate_length", "unit": "ns", "value": 7342.222222222222}], "name": "reset4"}], "general": [{"date": "2021-7-30", "name": "jq_01", "unit": "GHz", "value": 0.0018736137364449847}, {"date": "2021-7-30", "name": "zz_01", "unit": "GHz", "value": -5.778719017046504e-05}, {"date": "2021-7-30", "name": "jq_12", "unit": "GHz", "value": 0.0020062596172337292}, {"date": "2021-7-30", "name": "zz_12", "unit": "GHz", "value": -5.607853601551941e-05}, {"date": "2021-7-30", "name": "jq_13", "unit": "GHz", "value": 0.0020039976609872224}, {"date": "2021-7-30", "name": "zz_13", "unit": "GHz", "value": -5.2854062688980254e-05}, {"date": "2021-7-30", "name": "jq_34", "unit": "GHz", "value": 0.0016737719182152912}, {"date": "2021-7-30", "name": "zz_34", "unit": "GHz", "value": -3.628419642815204e-05}]}