{"backend_name": "ibmq_belem", "backend_version": "1.0.15", "last_update_date": "2021-8-2", "qubits": [[{"date": "2021-8-2", "name": "T1", "unit": "us", "value": 106.32330672912316}, {"date": "2021-8-2", "name": "T2", "unit": "us", "value": 135.5665541482654}, {"date": "2021-8-2", "name": "frequency", "unit": "GHz", "value": 5.0900191867714195}, {"date": "2021-8-2", "name": "anharmonicity", "unit": "GHz", "value": -0.33612300518216515}, {"date": "2021-8-2", "name": "readout_error", "unit": "", "value": 0.02200000000000002}, {"date": "2021-8-2", "name": "prob_meas0_prep1", "unit": "", "value": 0.03200000000000003}, {"date": "2021-8-2", "name": "prob_meas1_prep0", "unit": "", "value": 0.012}, {"date": "2021-8-2", "name": "readout_length", "unit": "ns", "value": 5351.11111111111}], [{"date": "2021-8-2", "name": "T1", "unit": "us", "value": 57.00952481809048}, {"date": "2021-8-2", "name": "T2", "unit": "us", "value": 89.03919501452918}, {"date": "2021-8-2", "name": "frequency", "unit": "GHz", "value": 5.24543632370188}, {"date": "2021-8-2", "name": "anharmonicity", "unit": "GHz", "value": -0.316572131412737}, {"date": "2021-8-2", "name": "readout_error", "unit": "", "value": 0.02939999999999998}, {"date": "2021-8-2", "name": "prob_meas0_prep1", "unit": "", "value": 0.04579999999999995}, {"date": "2021-8-2", "name": "prob_meas1_prep0", "unit": "", "value": 0.013}, {"date": "2021-8-2", "name": "readout_length", "unit": "ns", "value": 5351.11111111111}], [{"date": "2021-8-1", "name": "T1", "unit": "us", "value": 46.94939277228185}, {"date": "2021-8-2", "name": "T2", "unit": "us", "value": 35.199883671815215}, {"date": "2021-8-2", "name": "frequency", "unit": "GHz", "value": 5.361408222591785}, {"date": "2021-8-2", "name": "anharmonicity", "unit": "GHz", "value": -0.3306274884584928}, {"date": "2021-8-2", "name": "readout_error", "unit": "", "value": 0.0625}, {"date": "2021-8-2", "name": "prob_meas0_prep1", "unit": "", "value": 0.1058}, {"date": "2021-8-2", "name": "prob_meas1_prep0", "unit": "", "value": 0.0192}, {"date": "2021-8-2", "name": "readout_length", "unit": "ns", "value": 5351.11111111111}], [{"date": "2021-8-2", "name": "T1", "unit": "us", "value": 130.54170365834773}, {"date": "2021-8-2", "name": "T2", "unit": "us", "value": 138.3140681612359}, {"date": "2021-8-2", "name": "frequency", "unit": "GHz", "value": 5.170391956291519}, {"date": "2021-8-2", "name": "anharmonicity", "unit": "GHz", "value": -0.33373922611368106}, {"date": "2021-8-2", "name": "readout_error", "unit": "", "value": 0.020399999999999974}, {"date": "2021-8-2", "name": "prob_meas0_prep1", "unit": "", "value": 0.035599999999999965}, {"date": "2021-8-2", "name": "prob_meas1_prep0", "unit": "", "value": 0.0052}, {"date": "2021-8-2", "name": "readout_length", "unit": "ns", "value": 5351.11111111111}], [{"date": "2021-8-1", "name": "T1", "unit": "us", "value": 41.91223111852292}, {"date": "2021-8-2", "name": "T2", "unit": "us", "value": 66.32217514278548}, {"date": "2021-8-2", "name": "frequency", "unit": "GHz", "value": 5.258375440088142}, {"date": "2021-8-2", "name": "anharmonicity", "unit": "GHz", "value": -0.3313451432371279}, {"date": "2021-8-2", "name": "readout_error", "unit": "", "value": 0.019300000000000095}, {"date": "2021-8-2", "name": "prob_meas0_prep1", "unit": "", "value": 0.03200000000000003}, {"date": "2021-8-2", "name": "prob_meas1_prep0", "unit": "", "value": 0.0066}, {"date": "2021-8-2", "name": "readout_length", "unit": "ns", "value": 5351.11111111111}]], "gates": [{"qubits": [0], "gate": "id", "parameters": [{"date": "2021-8-2", "name": "gate_error", "unit": "", "value": 0.000216479943729614}, {"date": "2021-8-2", "name": "gate_length", "unit": "ns", "value": 35.55555555555556}], "name": "id0"}, {"qubits": [1], "gate": "id", "parameters": [{"date": "2021-8-2", "name": "gate_error", "unit": "", "value": 0.00025956502956827205}, {"date": "2021-8-2", "name": "gate_length", "unit": "ns", "value": 35.55555555555556}], "name": "id1"}, {"qubits": [2], "gate": "id", "parameters": [{"date": "2021-8-2", "name": "gate_error", "unit": "", "value": 0.0005307850726794343}, {"date": "2021-8-2", "name": "gate_length", "unit": "ns", "value": 35.55555555555556}], "name": "id2"}, {"qubits": [3], "gate": "id", "parameters": [{"date": "2021-8-2", "name": "gate_error", "unit": "", "value": 0.000239926894131278}, {"date": "2021-8-2", "name": "gate_length", "unit": "ns", "value": 35.55555555555556}], "name": "id3"}, {"qubits": [4], "gate": "id", "parameters": [{"date": "2021-8-2", "name": "gate_error", "unit": "", "value": 0.0002704094865130348}, {"date": "2021-8-2", "name": "gate_length", "unit": "ns", "value": 35.55555555555556}], "name": "id4"}, {"qubits": [0], "gate": "rz", "parameters": [{"date": "2021-8-2", "name": "gate_error", "unit": "", "value": 0}, {"date": "2021-8-2", "name": "gate_length", "unit": "ns", "value": 0}], "name": "rz0"}, {"qubits": [1], "gate": "rz", "parameters": [{"date": "2021-8-2", "name": "gate_error", "unit": "", "value": 0}, {"date": "2021-8-2", "name": "gate_length", "unit": "ns", "value": 0}], "name": "rz1"}, {"qubits": [2], "gate": "rz", "parameters": [{"date": "2021-8-2", "name": "gate_error", "unit": "", "value": 0}, {"date": "2021-8-2", "name": "gate_length", "unit": "ns", "value": 0}], "name": "rz2"}, {"qubits": [3], "gate": "rz", "parameters": [{"date": "2021-8-2", "name": "gate_error", "unit": "", "value": 0}, {"date": "2021-8-2", "name": "gate_length", "unit": "ns", "value": 0}], "name": "rz3"}, {"qubits": [4], "gate": "rz", "parameters": [{"date": "2021-8-2", "name": "gate_error", "unit": "", "value": 0}, {"date": "2021-8-2", "name": "gate_length", "unit": "ns", "value": 0}], "name": "rz4"}, {"qubits": [0], "gate": "sx", "parameters": [{"date": "2021-8-2", "name": "gate_error", "unit": "", "value": 0.000216479943729614}, {"date": "2021-8-2", "name": "gate_length", "unit": "ns", "value": 35.55555555555556}], "name": "sx0"}, {"qubits": [1], "gate": "sx", "parameters": [{"date": "2021-8-2", "name": "gate_error", "unit": "", "value": 0.00025956502956827205}, {"date": "2021-8-2", "name": "gate_length", "unit": "ns", "value": 35.55555555555556}], "name": "sx1"}, {"qubits": [2], "gate": "sx", "parameters": [{"date": "2021-8-2", "name": "gate_error", "unit": "", "value": 0.0005307850726794343}, {"date": "2021-8-2", "name": "gate_length", "unit": "ns", "value": 35.55555555555556}], "name": "sx2"}, {"qubits": [3], "gate": "sx", "parameters": [{"date": "2021-8-2", "name": "gate_error", "unit": "", "value": 0.000239926894131278}, {"date": "2021-8-2", "name": "gate_length", "unit": "ns", "value": 35.55555555555556}], "name": "sx3"}, {"qubits": [4], "gate": "sx", "parameters": [{"date": "2021-8-2", "name": "gate_error", "unit": "", "value": 0.0002704094865130348}, {"date": "2021-8-2", "name": "gate_length", "unit": "ns", "value": 35.55555555555556}], "name": "sx4"}, {"qubits": [0], "gate": "x", "parameters": [{"date": "2021-8-2", "name": "gate_error", "unit": "", "value": 0.000216479943729614}, {"date": "2021-8-2", "name": "gate_length", "unit": "ns", "value": 35.55555555555556}], "name": "x0"}, {"qubits": [1], "gate": "x", "parameters": [{"date": "2021-8-2", "name": "gate_error", "unit": "", "value": 0.00025956502956827205}, {"date": "2021-8-2", "name": "gate_length", "unit": "ns", "value": 35.55555555555556}], "name": "x1"}, {"qubits": [2], "gate": "x", "parameters": [{"date": "2021-8-2", "name": "gate_error", "unit": "", "value": 0.0005307850726794343}, {"date": "2021-8-2", "name": "gate_length", "unit": "ns", "value": 35.55555555555556}], "name": "x2"}, {"qubits": [3], "gate": "x", "parameters": [{"date": "2021-8-2", "name": "gate_error", "unit": "", "value": 0.000239926894131278}, {"date": "2021-8-2", "name": "gate_length", "unit": "ns", "value": 35.55555555555556}], "name": "x3"}, {"qubits": [4], "gate": "x", "parameters": [{"date": "2021-8-2", "name": "gate_error", "unit": "", "value": 0.0002704094865130348}, {"date": "2021-8-2", "name": "gate_length", "unit": "ns", "value": 35.55555555555556}], "name": "x4"}, {"qubits": [4, 3], "gate": "cx", "parameters": [{"date": "2021-8-2", "name": "gate_error", "unit": "", "value": 0.010298356672768266}, {"date": "2021-7-30", "name": "gate_length", "unit": "ns", "value": 554.6666666666666}], "name": "cx4_3"}, {"qubits": [3, 4], "gate": "cx", "parameters": [{"date": "2021-8-2", "name": "gate_error", "unit": "", "value": 0.010298356672768266}, {"date": "2021-7-30", "name": "gate_length", "unit": "ns", "value": 590.2222222222222}], "name": "cx3_4"}, {"qubits": [3, 1], "gate": "cx", "parameters": [{"date": "2021-8-2", "name": "gate_error", "unit": "", "value": 0.007209928895852397}, {"date": "2021-7-30", "name": "gate_length", "unit": "ns", "value": 398.2222222222222}], "name": "cx3_1"}, {"qubits": [1, 3], "gate": "cx", "parameters": [{"date": "2021-8-2", "name": "gate_error", "unit": "", "value": 0.007209928895852397}, {"date": "2021-7-30", "name": "gate_length", "unit": "ns", "value": 433.77777777777777}], "name": "cx1_3"}, {"qubits": [2, 1], "gate": "cx", "parameters": [{"date": "2021-8-2", "name": "gate_error", "unit": "", "value": 0.009465201000268236}, {"date": "2021-7-30", "name": "gate_length", "unit": "ns", "value": 412.4444444444444}], "name": "cx2_1"}, {"qubits": [1, 2], "gate": "cx", "parameters": [{"date": "2021-8-2", "name": "gate_error", "unit": "", "value": 0.009465201000268236}, {"date": "2021-7-30", "name": "gate_length", "unit": "ns", "value": 448}], "name": "cx1_2"}, {"qubits": [1, 0], "gate": "cx", "parameters": [{"date": "2021-8-2", "name": "gate_error", "unit": "", "value": 0.022403192140954875}, {"date": "2021-7-30", "name": "gate_length", "unit": "ns", "value": 775.1111111111111}], "name": "cx1_0"}, {"qubits": [0, 1], "gate": "cx", "parameters": [{"date": "2021-8-2", "name": "gate_error", "unit": "", "value": 0.022403192140954875}, {"date": "2021-7-30", "name": "gate_length", "unit": "ns", "value": 810.6666666666666}], "name": "cx0_1"}, {"qubits": [0], "gate": "reset", "parameters": [{"date": "2021-8-2", "name": "gate_length", "unit": "ns", "value": 7342.222222222222}], "name": "reset0"}, {"qubits": [1], "gate": "reset", "parameters": [{"date": "2021-8-2", "name": "gate_length", "unit": "ns", "value": 7342.222222222222}], "name": "reset1"}, {"qubits": [2], "gate": "reset", "parameters": [{"date": "2021-8-2", "name": "gate_length", "unit": "ns", "value": 7342.222222222222}], "name": "reset2"}, {"qubits": [3], "gate": "reset", "parameters": [{"date": "2021-8-2", "name": "gate_length", "unit": "ns", "value": 7342.222222222222}], "name": "reset3"}, {"qubits": [4], "gate": "reset", "parameters": [{"date": "2021-8-2", "name": "gate_length", "unit": "ns", "value": 7342.222222222222}], "name": "reset4"}], "general": [{"date": "2021-8-2", "name": "jq_01", "unit": "GHz", "value": 0.0018736137364449847}, {"date": "2021-8-2", "name": "zz_01", "unit": "GHz", "value": -5.778719017046504e-05}, {"date": "2021-8-2", "name": "jq_12", "unit": "GHz", "value": 0.0020062596172337292}, {"date": "2021-8-2", "name": "zz_12", "unit": "GHz", "value": -5.607853601551941e-05}, {"date": "2021-8-2", "name": "jq_13", "unit": "GHz", "value": 0.0020039976609872224}, {"date": "2021-8-2", "name": "zz_13", "unit": "GHz", "value": -5.2854062688980254e-05}, {"date": "2021-8-2", "name": "jq_34", "unit": "GHz", "value": 0.0016737719182152912}, {"date": "2021-8-2", "name": "zz_34", "unit": "GHz", "value": -3.628419642815204e-05}]}