{"backend_name": "ibmq_belem", "backend_version": "1.0.15", "last_update_date": "2021-8-9", "qubits": [[{"date": "2021-8-9", "name": "T1", "unit": "us", "value": 82.44219835178315}, {"date": "2021-8-9", "name": "T2", "unit": "us", "value": 141.972204159612}, {"date": "2021-8-9", "name": "frequency", "unit": "GHz", "value": 5.0900211721600135}, {"date": "2021-8-9", "name": "anharmonicity", "unit": "GHz", "value": -0.33612300518216515}, {"date": "2021-8-9", "name": "readout_error", "unit": "", "value": 0.018000000000000016}, {"date": "2021-8-9", "name": "prob_meas0_prep1", "unit": "", "value": 0.026599999999999957}, {"date": "2021-8-9", "name": "prob_meas1_prep0", "unit": "", "value": 0.0094}, {"date": "2021-8-9", "name": "readout_length", "unit": "ns", "value": 5351.11111111111}], [{"date": "2021-8-9", "name": "T1", "unit": "us", "value": 109.76630590986606}, {"date": "2021-8-9", "name": "T2", "unit": "us", "value": 121.18389939323559}, {"date": "2021-8-9", "name": "frequency", "unit": "GHz", "value": 5.2454590616723635}, {"date": "2021-8-9", "name": "anharmonicity", "unit": "GHz", "value": -0.316572131412737}, {"date": "2021-8-9", "name": "readout_error", "unit": "", "value": 0.026999999999999913}, {"date": "2021-8-9", "name": "prob_meas0_prep1", "unit": "", "value": 0.037799999999999945}, {"date": "2021-8-9", "name": "prob_meas1_prep0", "unit": "", "value": 0.0162}, {"date": "2021-8-9", "name": "readout_length", "unit": "ns", "value": 5351.11111111111}], [{"date": "2021-8-9", "name": "T1", "unit": "us", "value": 103.1617477399956}, {"date": "2021-8-9", "name": "T2", "unit": "us", "value": 55.8527124527688}, {"date": "2021-8-9", "name": "frequency", "unit": "GHz", "value": 5.3613743797232445}, {"date": "2021-8-9", "name": "anharmonicity", "unit": "GHz", "value": -0.3306274884584928}, {"date": "2021-8-9", "name": "readout_error", "unit": "", "value": 0.018899999999999917}, {"date": "2021-8-9", "name": "prob_meas0_prep1", "unit": "", "value": 0.02859999999999996}, {"date": "2021-8-9", "name": "prob_meas1_prep0", "unit": "", "value": 0.0092}, {"date": "2021-8-9", "name": "readout_length", "unit": "ns", "value": 5351.11111111111}], [{"date": "2021-8-9", "name": "T1", "unit": "us", "value": 101.35217163749442}, {"date": "2021-8-8", "name": "T2", "unit": "us", "value": 225.38923644807346}, {"date": "2021-8-9", "name": "frequency", "unit": "GHz", "value": 5.1703832241412835}, {"date": "2021-8-9", "name": "anharmonicity", "unit": "GHz", "value": -0.33373922611368106}, {"date": "2021-8-9", "name": "readout_error", "unit": "", "value": 0.014399999999999968}, {"date": "2021-8-9", "name": "prob_meas0_prep1", "unit": "", "value": 0.023800000000000043}, {"date": "2021-8-9", "name": "prob_meas1_prep0", "unit": "", "value": 0.005}, {"date": "2021-8-9", "name": "readout_length", "unit": "ns", "value": 5351.11111111111}], [{"date": "2021-8-9", "name": "T1", "unit": "us", "value": 89.59141244917387}, {"date": "2021-8-9", "name": "T2", "unit": "us", "value": 142.4457585150093}, {"date": "2021-8-9", "name": "frequency", "unit": "GHz", "value": 5.258379192813849}, {"date": "2021-8-9", "name": "anharmonicity", "unit": "GHz", "value": -0.3313451432371279}, {"date": "2021-8-9", "name": "readout_error", "unit": "", "value": 0.017800000000000038}, {"date": "2021-8-9", "name": "prob_meas0_prep1", "unit": "", "value": 0.02959999999999996}, {"date": "2021-8-9", "name": "prob_meas1_prep0", "unit": "", "value": 0.006}, {"date": "2021-8-9", "name": "readout_length", "unit": "ns", "value": 5351.11111111111}]], "gates": [{"qubits": [0], "gate": "id", "parameters": [{"date": "2021-8-9", "name": "gate_error", "unit": "", "value": 0.00020245844167131595}, {"date": "2021-8-9", "name": "gate_length", "unit": "ns", "value": 35.55555555555556}], "name": "id0"}, {"qubits": [1], "gate": "id", "parameters": [{"date": "2021-8-9", "name": "gate_error", "unit": "", "value": 0.0003053145637532722}, {"date": "2021-8-9", "name": "gate_length", "unit": "ns", "value": 35.55555555555556}], "name": "id1"}, {"qubits": [2], "gate": "id", "parameters": [{"date": "2021-8-9", "name": "gate_error", "unit": "", "value": 0.000277419221193843}, {"date": "2021-8-9", "name": "gate_length", "unit": "ns", "value": 35.55555555555556}], "name": "id2"}, {"qubits": [3], "gate": "id", "parameters": [{"date": "2021-8-9", "name": "gate_error", "unit": "", "value": 0.00024107749224500474}, {"date": "2021-8-9", "name": "gate_length", "unit": "ns", "value": 35.55555555555556}], "name": "id3"}, {"qubits": [4], "gate": "id", "parameters": [{"date": "2021-8-9", "name": "gate_error", "unit": "", "value": 0.0001996838980348226}, {"date": "2021-8-9", "name": "gate_length", "unit": "ns", "value": 35.55555555555556}], "name": "id4"}, {"qubits": [0], "gate": "rz", "parameters": [{"date": "2021-8-9", "name": "gate_error", "unit": "", "value": 0}, {"date": "2021-8-9", "name": "gate_length", "unit": "ns", "value": 0}], "name": "rz0"}, {"qubits": [1], "gate": "rz", "parameters": [{"date": "2021-8-9", "name": "gate_error", "unit": "", "value": 0}, {"date": "2021-8-9", "name": "gate_length", "unit": "ns", "value": 0}], "name": "rz1"}, {"qubits": [2], "gate": "rz", "parameters": [{"date": "2021-8-9", "name": "gate_error", "unit": "", "value": 0}, {"date": "2021-8-9", "name": "gate_length", "unit": "ns", "value": 0}], "name": "rz2"}, {"qubits": [3], "gate": "rz", "parameters": [{"date": "2021-8-9", "name": "gate_error", "unit": "", "value": 0}, {"date": "2021-8-9", "name": "gate_length", "unit": "ns", "value": 0}], "name": "rz3"}, {"qubits": [4], "gate": "rz", "parameters": [{"date": "2021-8-9", "name": "gate_error", "unit": "", "value": 0}, {"date": "2021-8-9", "name": "gate_length", "unit": "ns", "value": 0}], "name": "rz4"}, {"qubits": [0], "gate": "sx", "parameters": [{"date": "2021-8-9", "name": "gate_error", "unit": "", "value": 0.00020245844167131595}, {"date": "2021-8-9", "name": "gate_length", "unit": "ns", "value": 35.55555555555556}], "name": "sx0"}, {"qubits": [1], "gate": "sx", "parameters": [{"date": "2021-8-9", "name": "gate_error", "unit": "", "value": 0.0003053145637532722}, {"date": "2021-8-9", "name": "gate_length", "unit": "ns", "value": 35.55555555555556}], "name": "sx1"}, {"qubits": [2], "gate": "sx", "parameters": [{"date": "2021-8-9", "name": "gate_error", "unit": "", "value": 0.000277419221193843}, {"date": "2021-8-9", "name": "gate_length", "unit": "ns", "value": 35.55555555555556}], "name": "sx2"}, {"qubits": [3], "gate": "sx", "parameters": [{"date": "2021-8-9", "name": "gate_error", "unit": "", "value": 0.00024107749224500474}, {"date": "2021-8-9", "name": "gate_length", "unit": "ns", "value": 35.55555555555556}], "name": "sx3"}, {"qubits": [4], "gate": "sx", "parameters": [{"date": "2021-8-9", "name": "gate_error", "unit": "", "value": 0.0001996838980348226}, {"date": "2021-8-9", "name": "gate_length", "unit": "ns", "value": 35.55555555555556}], "name": "sx4"}, {"qubits": [0], "gate": "x", "parameters": [{"date": "2021-8-9", "name": "gate_error", "unit": "", "value": 0.00020245844167131595}, {"date": "2021-8-9", "name": "gate_length", "unit": "ns", "value": 35.55555555555556}], "name": "x0"}, {"qubits": [1], "gate": "x", "parameters": [{"date": "2021-8-9", "name": "gate_error", "unit": "", "value": 0.0003053145637532722}, {"date": "2021-8-9", "name": "gate_length", "unit": "ns", "value": 35.55555555555556}], "name": "x1"}, {"qubits": [2], "gate": "x", "parameters": [{"date": "2021-8-9", "name": "gate_error", "unit": "", "value": 0.000277419221193843}, {"date": "2021-8-9", "name": "gate_length", "unit": "ns", "value": 35.55555555555556}], "name": "x2"}, {"qubits": [3], "gate": "x", "parameters": [{"date": "2021-8-9", "name": "gate_error", "unit": "", "value": 0.00024107749224500474}, {"date": "2021-8-9", "name": "gate_length", "unit": "ns", "value": 35.55555555555556}], "name": "x3"}, {"qubits": [4], "gate": "x", "parameters": [{"date": "2021-8-9", "name": "gate_error", "unit": "", "value": 0.0001996838980348226}, {"date": "2021-8-9", "name": "gate_length", "unit": "ns", "value": 35.55555555555556}], "name": "x4"}, {"qubits": [4, 3], "gate": "cx", "parameters": [{"date": "2021-8-9", "name": "gate_error", "unit": "", "value": 0.007526473516569682}, {"date": "2021-8-6", "name": "gate_length", "unit": "ns", "value": 554.6666666666666}], "name": "cx4_3"}, {"qubits": [3, 4], "gate": "cx", "parameters": [{"date": "2021-8-9", "name": "gate_error", "unit": "", "value": 0.007526473516569682}, {"date": "2021-8-6", "name": "gate_length", "unit": "ns", "value": 590.2222222222222}], "name": "cx3_4"}, {"qubits": [3, 1], "gate": "cx", "parameters": [{"date": "2021-8-9", "name": "gate_error", "unit": "", "value": 0.006573374602628329}, {"date": "2021-8-6", "name": "gate_length", "unit": "ns", "value": 398.2222222222222}], "name": "cx3_1"}, {"qubits": [1, 3], "gate": "cx", "parameters": [{"date": "2021-8-9", "name": "gate_error", "unit": "", "value": 0.006573374602628329}, {"date": "2021-8-6", "name": "gate_length", "unit": "ns", "value": 433.77777777777777}], "name": "cx1_3"}, {"qubits": [2, 1], "gate": "cx", "parameters": [{"date": "2021-8-9", "name": "gate_error", "unit": "", "value": 0.007800974108377046}, {"date": "2021-8-6", "name": "gate_length", "unit": "ns", "value": 412.4444444444444}], "name": "cx2_1"}, {"qubits": [1, 2], "gate": "cx", "parameters": [{"date": "2021-8-9", "name": "gate_error", "unit": "", "value": 0.007800974108377046}, {"date": "2021-8-6", "name": "gate_length", "unit": "ns", "value": 448}], "name": "cx1_2"}, {"qubits": [1, 0], "gate": "cx", "parameters": [{"date": "2021-8-9", "name": "gate_error", "unit": "", "value": 0.020562805959298047}, {"date": "2021-8-6", "name": "gate_length", "unit": "ns", "value": 775.1111111111111}], "name": "cx1_0"}, {"qubits": [0, 1], "gate": "cx", "parameters": [{"date": "2021-8-9", "name": "gate_error", "unit": "", "value": 0.020562805959298047}, {"date": "2021-8-6", "name": "gate_length", "unit": "ns", "value": 810.6666666666666}], "name": "cx0_1"}, {"qubits": [0], "gate": "reset", "parameters": [{"date": "2021-8-9", "name": "gate_length", "unit": "ns", "value": 7342.222222222222}], "name": "reset0"}, {"qubits": [1], "gate": "reset", "parameters": [{"date": "2021-8-9", "name": "gate_length", "unit": "ns", "value": 7342.222222222222}], "name": "reset1"}, {"qubits": [2], "gate": "reset", "parameters": [{"date": "2021-8-9", "name": "gate_length", "unit": "ns", "value": 7342.222222222222}], "name": "reset2"}, {"qubits": [3], "gate": "reset", "parameters": [{"date": "2021-8-9", "name": "gate_length", "unit": "ns", "value": 7342.222222222222}], "name": "reset3"}, {"qubits": [4], "gate": "reset", "parameters": [{"date": "2021-8-9", "name": "gate_length", "unit": "ns", "value": 7342.222222222222}], "name": "reset4"}], "general": [{"date": "2021-8-9", "name": "jq_01", "unit": "GHz", "value": 0.0018736137364449847}, {"date": "2021-8-9", "name": "zz_01", "unit": "GHz", "value": -5.778719017046504e-05}, {"date": "2021-8-9", "name": "jq_12", "unit": "GHz", "value": 0.0020062596172337292}, {"date": "2021-8-9", "name": "zz_12", "unit": "GHz", "value": -5.607853601551941e-05}, {"date": "2021-8-9", "name": "jq_13", "unit": "GHz", "value": 0.0020039976609872224}, {"date": "2021-8-9", "name": "zz_13", "unit": "GHz", "value": -5.2854062688980254e-05}, {"date": "2021-8-9", "name": "jq_34", "unit": "GHz", "value": 0.0016737719182152912}, {"date": "2021-8-9", "name": "zz_34", "unit": "GHz", "value": -3.628419642815204e-05}]}