{"backend_name": "ibmq_belem", "backend_version": "1.0.25", "last_update_date": "2021-11-4", "qubits": [[{"date": "2021-11-4", "name": "T1", "unit": "us", "value": 101.80497944684001}, {"date": "2021-11-4", "name": "T2", "unit": "us", "value": 144.0077691261426}, {"date": "2021-11-4", "name": "frequency", "unit": "GHz", "value": 5.090162003850646}, {"date": "2021-11-4", "name": "anharmonicity", "unit": "GHz", "value": -0.33612300518216515}, {"date": "2021-11-4", "name": "readout_error", "unit": "", "value": 0.019199999999999995}, {"date": "2021-11-4", "name": "prob_meas0_prep1", "unit": "", "value": 0.031399999999999983}, {"date": "2021-11-4", "name": "prob_meas1_prep0", "unit": "", "value": 0.007}, {"date": "2021-11-4", "name": "readout_length", "unit": "ns", "value": 5351.11111111111}], [{"date": "2021-11-4", "name": "T1", "unit": "us", "value": 95.45798832925219}, {"date": "2021-11-4", "name": "T2", "unit": "us", "value": 109.80137156144608}, {"date": "2021-11-4", "name": "frequency", "unit": "GHz", "value": 5.2455695493384615}, {"date": "2021-11-4", "name": "anharmonicity", "unit": "GHz", "value": -0.316572131412737}, {"date": "2021-11-4", "name": "readout_error", "unit": "", "value": 0.01980000000000004}, {"date": "2021-11-4", "name": "prob_meas0_prep1", "unit": "", "value": 0.03259999999999996}, {"date": "2021-11-4", "name": "prob_meas1_prep0", "unit": "", "value": 0.007}, {"date": "2021-11-4", "name": "readout_length", "unit": "ns", "value": 5351.11111111111}], [{"date": "2021-11-4", "name": "T1", "unit": "us", "value": 87.48062749217017}, {"date": "2021-11-4", "name": "T2", "unit": "us", "value": 31.14877485551108}, {"date": "2021-11-4", "name": "frequency", "unit": "GHz", "value": 5.361424690526991}, {"date": "2021-11-4", "name": "anharmonicity", "unit": "GHz", "value": -0.3306274884584928}, {"date": "2021-11-4", "name": "readout_error", "unit": "", "value": 0.020999999999999908}, {"date": "2021-11-4", "name": "prob_meas0_prep1", "unit": "", "value": 0.034599999999999964}, {"date": "2021-11-4", "name": "prob_meas1_prep0", "unit": "", "value": 0.0074}, {"date": "2021-11-4", "name": "readout_length", "unit": "ns", "value": 5351.11111111111}], [{"date": "2021-11-3", "name": "T1", "unit": "us", "value": 76.34754263474638}, {"date": "2021-11-3", "name": "T2", "unit": "us", "value": 121.75835100593805}, {"date": "2021-11-4", "name": "frequency", "unit": "GHz", "value": 5.170372537015523}, {"date": "2021-11-4", "name": "anharmonicity", "unit": "GHz", "value": -0.33373922611368106}, {"date": "2021-11-4", "name": "readout_error", "unit": "", "value": 0.030899999999999928}, {"date": "2021-11-4", "name": "prob_meas0_prep1", "unit": "", "value": 0.05459999999999998}, {"date": "2021-11-4", "name": "prob_meas1_prep0", "unit": "", "value": 0.0072}, {"date": "2021-11-4", "name": "readout_length", "unit": "ns", "value": 5351.11111111111}], [{"date": "2021-11-4", "name": "T1", "unit": "us", "value": 59.91183655706737}, {"date": "2021-11-4", "name": "T2", "unit": "us", "value": 96.92433890326838}, {"date": "2021-11-4", "name": "frequency", "unit": "GHz", "value": 5.258458493422985}, {"date": "2021-11-4", "name": "anharmonicity", "unit": "GHz", "value": -0.3313451432371279}, {"date": "2021-11-4", "name": "readout_error", "unit": "", "value": 0.01869999999999994}, {"date": "2021-11-4", "name": "prob_meas0_prep1", "unit": "", "value": 0.030399999999999983}, {"date": "2021-11-4", "name": "prob_meas1_prep0", "unit": "", "value": 0.007}, {"date": "2021-11-4", "name": "readout_length", "unit": "ns", "value": 5351.11111111111}]], "gates": [{"qubits": [0], "gate": "id", "parameters": [{"date": "2021-11-4", "name": "gate_error", "unit": "", "value": 0.00021303911162123931}, {"date": "2021-11-4", "name": "gate_length", "unit": "ns", "value": 35.55555555555556}], "name": "id0"}, {"qubits": [1], "gate": "id", "parameters": [{"date": "2021-11-4", "name": "gate_error", "unit": "", "value": 0.00030564807649314873}, {"date": "2021-11-4", "name": "gate_length", "unit": "ns", "value": 35.55555555555556}], "name": "id1"}, {"qubits": [2], "gate": "id", "parameters": [{"date": "2021-11-4", "name": "gate_error", "unit": "", "value": 0.00046978321682069186}, {"date": "2021-11-4", "name": "gate_length", "unit": "ns", "value": 35.55555555555556}], "name": "id2"}, {"qubits": [3], "gate": "id", "parameters": [{"date": "2021-11-4", "name": "gate_error", "unit": "", "value": 0.0007712502811158239}, {"date": "2021-11-4", "name": "gate_length", "unit": "ns", "value": 35.55555555555556}], "name": "id3"}, {"qubits": [4], "gate": "id", "parameters": [{"date": "2021-11-4", "name": "gate_error", "unit": "", "value": 0.0002759970098038571}, {"date": "2021-11-4", "name": "gate_length", "unit": "ns", "value": 35.55555555555556}], "name": "id4"}, {"qubits": [0], "gate": "rz", "parameters": [{"date": "2021-11-4", "name": "gate_error", "unit": "", "value": 0}, {"date": "2021-11-4", "name": "gate_length", "unit": "ns", "value": 0}], "name": "rz0"}, {"qubits": [1], "gate": "rz", "parameters": [{"date": "2021-11-4", "name": "gate_error", "unit": "", "value": 0}, {"date": "2021-11-4", "name": "gate_length", "unit": "ns", "value": 0}], "name": "rz1"}, {"qubits": [2], "gate": "rz", "parameters": [{"date": "2021-11-4", "name": "gate_error", "unit": "", "value": 0}, {"date": "2021-11-4", "name": "gate_length", "unit": "ns", "value": 0}], "name": "rz2"}, {"qubits": [3], "gate": "rz", "parameters": [{"date": "2021-11-4", "name": "gate_error", "unit": "", "value": 0}, {"date": "2021-11-4", "name": "gate_length", "unit": "ns", "value": 0}], "name": "rz3"}, {"qubits": [4], "gate": "rz", "parameters": [{"date": "2021-11-4", "name": "gate_error", "unit": "", "value": 0}, {"date": "2021-11-4", "name": "gate_length", "unit": "ns", "value": 0}], "name": "rz4"}, {"qubits": [0], "gate": "sx", "parameters": [{"date": "2021-11-4", "name": "gate_error", "unit": "", "value": 0.00021303911162123931}, {"date": "2021-11-4", "name": "gate_length", "unit": "ns", "value": 35.55555555555556}], "name": "sx0"}, {"qubits": [1], "gate": "sx", "parameters": [{"date": "2021-11-4", "name": "gate_error", "unit": "", "value": 0.00030564807649314873}, {"date": "2021-11-4", "name": "gate_length", "unit": "ns", "value": 35.55555555555556}], "name": "sx1"}, {"qubits": [2], "gate": "sx", "parameters": [{"date": "2021-11-4", "name": "gate_error", "unit": "", "value": 0.00046978321682069186}, {"date": "2021-11-4", "name": "gate_length", "unit": "ns", "value": 35.55555555555556}], "name": "sx2"}, {"qubits": [3], "gate": "sx", "parameters": [{"date": "2021-11-4", "name": "gate_error", "unit": "", "value": 0.0007712502811158239}, {"date": "2021-11-4", "name": "gate_length", "unit": "ns", "value": 35.55555555555556}], "name": "sx3"}, {"qubits": [4], "gate": "sx", "parameters": [{"date": "2021-11-4", "name": "gate_error", "unit": "", "value": 0.0002759970098038571}, {"date": "2021-11-4", "name": "gate_length", "unit": "ns", "value": 35.55555555555556}], "name": "sx4"}, {"qubits": [0], "gate": "x", "parameters": [{"date": "2021-11-4", "name": "gate_error", "unit": "", "value": 0.00021303911162123931}, {"date": "2021-11-4", "name": "gate_length", "unit": "ns", "value": 35.55555555555556}], "name": "x0"}, {"qubits": [1], "gate": "x", "parameters": [{"date": "2021-11-4", "name": "gate_error", "unit": "", "value": 0.00030564807649314873}, {"date": "2021-11-4", "name": "gate_length", "unit": "ns", "value": 35.55555555555556}], "name": "x1"}, {"qubits": [2], "gate": "x", "parameters": [{"date": "2021-11-4", "name": "gate_error", "unit": "", "value": 0.00046978321682069186}, {"date": "2021-11-4", "name": "gate_length", "unit": "ns", "value": 35.55555555555556}], "name": "x2"}, {"qubits": [3], "gate": "x", "parameters": [{"date": "2021-11-4", "name": "gate_error", "unit": "", "value": 0.0007712502811158239}, {"date": "2021-11-4", "name": "gate_length", "unit": "ns", "value": 35.55555555555556}], "name": "x3"}, {"qubits": [4], "gate": "x", "parameters": [{"date": "2021-11-4", "name": "gate_error", "unit": "", "value": 0.0002759970098038571}, {"date": "2021-11-4", "name": "gate_length", "unit": "ns", "value": 35.55555555555556}], "name": "x4"}, {"qubits": [4, 3], "gate": "cx", "parameters": [{"date": "2021-11-4", "name": "gate_error", "unit": "", "value": 0.021156536311547985}, {"date": "2021-11-1", "name": "gate_length", "unit": "ns", "value": 554.6666666666666}], "name": "cx4_3"}, {"qubits": [3, 4], "gate": "cx", "parameters": [{"date": "2021-11-4", "name": "gate_error", "unit": "", "value": 0.021156536311547985}, {"date": "2021-11-1", "name": "gate_length", "unit": "ns", "value": 590.2222222222222}], "name": "cx3_4"}, {"qubits": [3, 1], "gate": "cx", "parameters": [{"date": "2021-11-4", "name": "gate_error", "unit": "", "value": 0.01130317099163311}, {"date": "2021-11-1", "name": "gate_length", "unit": "ns", "value": 398.2222222222222}], "name": "cx3_1"}, {"qubits": [1, 3], "gate": "cx", "parameters": [{"date": "2021-11-4", "name": "gate_error", "unit": "", "value": 0.01130317099163311}, {"date": "2021-11-1", "name": "gate_length", "unit": "ns", "value": 433.77777777777777}], "name": "cx1_3"}, {"qubits": [2, 1], "gate": "cx", "parameters": [{"date": "2021-11-4", "name": "gate_error", "unit": "", "value": 0.009651309281758919}, {"date": "2021-11-1", "name": "gate_length", "unit": "ns", "value": 412.4444444444444}], "name": "cx2_1"}, {"qubits": [1, 2], "gate": "cx", "parameters": [{"date": "2021-11-4", "name": "gate_error", "unit": "", "value": 0.009651309281758919}, {"date": "2021-11-1", "name": "gate_length", "unit": "ns", "value": 448}], "name": "cx1_2"}, {"qubits": [1, 0], "gate": "cx", "parameters": [{"date": "2021-11-4", "name": "gate_error", "unit": "", "value": 0.015076329396192495}, {"date": "2021-11-1", "name": "gate_length", "unit": "ns", "value": 775.1111111111111}], "name": "cx1_0"}, {"qubits": [0, 1], "gate": "cx", "parameters": [{"date": "2021-11-4", "name": "gate_error", "unit": "", "value": 0.015076329396192495}, {"date": "2021-11-1", "name": "gate_length", "unit": "ns", "value": 810.6666666666666}], "name": "cx0_1"}, {"qubits": [0], "gate": "reset", "parameters": [{"date": "2021-11-4", "name": "gate_length", "unit": "ns", "value": 7342.222222222222}], "name": "reset0"}, {"qubits": [1], "gate": "reset", "parameters": [{"date": "2021-11-4", "name": "gate_length", "unit": "ns", "value": 7342.222222222222}], "name": "reset1"}, {"qubits": [2], "gate": "reset", "parameters": [{"date": "2021-11-4", "name": "gate_length", "unit": "ns", "value": 7342.222222222222}], "name": "reset2"}, {"qubits": [3], "gate": "reset", "parameters": [{"date": "2021-11-4", "name": "gate_length", "unit": "ns", "value": 7342.222222222222}], "name": "reset3"}, {"qubits": [4], "gate": "reset", "parameters": [{"date": "2021-11-4", "name": "gate_length", "unit": "ns", "value": 7342.222222222222}], "name": "reset4"}], "general": [{"date": "2021-11-4", "name": "jq_01", "unit": "GHz", "value": 0.0018736137364449847}, {"date": "2021-11-4", "name": "zz_01", "unit": "GHz", "value": -5.778719017046504e-05}, {"date": "2021-11-4", "name": "jq_12", "unit": "GHz", "value": 0.0020062596172337292}, {"date": "2021-11-4", "name": "zz_12", "unit": "GHz", "value": -5.607853601551941e-05}, {"date": "2021-11-4", "name": "jq_13", "unit": "GHz", "value": 0.0020039976609872224}, {"date": "2021-11-4", "name": "zz_13", "unit": "GHz", "value": -5.2854062688980254e-05}, {"date": "2021-11-4", "name": "jq_34", "unit": "GHz", "value": 0.0016737719182152912}, {"date": "2021-11-4", "name": "zz_34", "unit": "GHz", "value": -3.628419642815204e-05}]}