{"backend_name": "ibmq_belem", "backend_version": "1.0.15", "last_update_date": "2021-8-7", "qubits": [[{"date": "2021-8-7", "name": "T1", "unit": "us", "value": 95.28227730859643}, {"date": "2021-8-7", "name": "T2", "unit": "us", "value": 92.66059536766895}, {"date": "2021-8-7", "name": "frequency", "unit": "GHz", "value": 5.090025853902798}, {"date": "2021-8-7", "name": "anharmonicity", "unit": "GHz", "value": -0.33612300518216515}, {"date": "2021-8-7", "name": "readout_error", "unit": "", "value": 0.01869999999999994}, {"date": "2021-8-7", "name": "prob_meas0_prep1", "unit": "", "value": 0.02959999999999996}, {"date": "2021-8-7", "name": "prob_meas1_prep0", "unit": "", "value": 0.0078}, {"date": "2021-8-7", "name": "readout_length", "unit": "ns", "value": 5351.11111111111}], [{"date": "2021-8-7", "name": "T1", "unit": "us", "value": 78.59103977261238}, {"date": "2021-8-7", "name": "T2", "unit": "us", "value": 120.63328457250087}, {"date": "2021-8-7", "name": "frequency", "unit": "GHz", "value": 5.245440202465949}, {"date": "2021-8-7", "name": "anharmonicity", "unit": "GHz", "value": -0.316572131412737}, {"date": "2021-8-7", "name": "readout_error", "unit": "", "value": 0.02839999999999998}, {"date": "2021-8-7", "name": "prob_meas0_prep1", "unit": "", "value": 0.04400000000000004}, {"date": "2021-8-7", "name": "prob_meas1_prep0", "unit": "", "value": 0.0128}, {"date": "2021-8-7", "name": "readout_length", "unit": "ns", "value": 5351.11111111111}], [{"date": "2021-8-6", "name": "T1", "unit": "us", "value": 94.47691051843476}, {"date": "2021-8-7", "name": "T2", "unit": "us", "value": 48.818066442436574}, {"date": "2021-8-7", "name": "frequency", "unit": "GHz", "value": 5.36136075686583}, {"date": "2021-8-7", "name": "anharmonicity", "unit": "GHz", "value": -0.3306274884584928}, {"date": "2021-8-7", "name": "readout_error", "unit": "", "value": 0.028299999999999992}, {"date": "2021-8-7", "name": "prob_meas0_prep1", "unit": "", "value": 0.04300000000000004}, {"date": "2021-8-7", "name": "prob_meas1_prep0", "unit": "", "value": 0.0136}, {"date": "2021-8-7", "name": "readout_length", "unit": "ns", "value": 5351.11111111111}], [{"date": "2021-8-6", "name": "T1", "unit": "us", "value": 119.47886686719761}, {"date": "2021-8-7", "name": "T2", "unit": "us", "value": 166.6265181722221}, {"date": "2021-8-7", "name": "frequency", "unit": "GHz", "value": 5.170383389548393}, {"date": "2021-8-7", "name": "anharmonicity", "unit": "GHz", "value": -0.33373922611368106}, {"date": "2021-8-7", "name": "readout_error", "unit": "", "value": 0.016800000000000037}, {"date": "2021-8-7", "name": "prob_meas0_prep1", "unit": "", "value": 0.028800000000000048}, {"date": "2021-8-7", "name": "prob_meas1_prep0", "unit": "", "value": 0.0048}, {"date": "2021-8-7", "name": "readout_length", "unit": "ns", "value": 5351.11111111111}], [{"date": "2021-8-7", "name": "T1", "unit": "us", "value": 116.37998310211763}, {"date": "2021-8-7", "name": "T2", "unit": "us", "value": 149.7321114553231}, {"date": "2021-8-7", "name": "frequency", "unit": "GHz", "value": 5.2583763204162475}, {"date": "2021-8-7", "name": "anharmonicity", "unit": "GHz", "value": -0.3313451432371279}, {"date": "2021-8-7", "name": "readout_error", "unit": "", "value": 0.01629999999999998}, {"date": "2021-8-7", "name": "prob_meas0_prep1", "unit": "", "value": 0.027000000000000024}, {"date": "2021-8-7", "name": "prob_meas1_prep0", "unit": "", "value": 0.0056}, {"date": "2021-8-7", "name": "readout_length", "unit": "ns", "value": 5351.11111111111}]], "gates": [{"qubits": [0], "gate": "id", "parameters": [{"date": "2021-8-7", "name": "gate_error", "unit": "", "value": 0.00021162158559184265}, {"date": "2021-8-7", "name": "gate_length", "unit": "ns", "value": 35.55555555555556}], "name": "id0"}, {"qubits": [1], "gate": "id", "parameters": [{"date": "2021-8-7", "name": "gate_error", "unit": "", "value": 0.000259706024406374}, {"date": "2021-8-7", "name": "gate_length", "unit": "ns", "value": 35.55555555555556}], "name": "id1"}, {"qubits": [2], "gate": "id", "parameters": [{"date": "2021-8-7", "name": "gate_error", "unit": "", "value": 0.00027638036424009675}, {"date": "2021-8-7", "name": "gate_length", "unit": "ns", "value": 35.55555555555556}], "name": "id2"}, {"qubits": [3], "gate": "id", "parameters": [{"date": "2021-8-7", "name": "gate_error", "unit": "", "value": 0.00023154306273414176}, {"date": "2021-8-7", "name": "gate_length", "unit": "ns", "value": 35.55555555555556}], "name": "id3"}, {"qubits": [4], "gate": "id", "parameters": [{"date": "2021-8-7", "name": "gate_error", "unit": "", "value": 0.00021593037668851255}, {"date": "2021-8-7", "name": "gate_length", "unit": "ns", "value": 35.55555555555556}], "name": "id4"}, {"qubits": [0], "gate": "rz", "parameters": [{"date": "2021-8-7", "name": "gate_error", "unit": "", "value": 0}, {"date": "2021-8-7", "name": "gate_length", "unit": "ns", "value": 0}], "name": "rz0"}, {"qubits": [1], "gate": "rz", "parameters": [{"date": "2021-8-7", "name": "gate_error", "unit": "", "value": 0}, {"date": "2021-8-7", "name": "gate_length", "unit": "ns", "value": 0}], "name": "rz1"}, {"qubits": [2], "gate": "rz", "parameters": [{"date": "2021-8-7", "name": "gate_error", "unit": "", "value": 0}, {"date": "2021-8-7", "name": "gate_length", "unit": "ns", "value": 0}], "name": "rz2"}, {"qubits": [3], "gate": "rz", "parameters": [{"date": "2021-8-7", "name": "gate_error", "unit": "", "value": 0}, {"date": "2021-8-7", "name": "gate_length", "unit": "ns", "value": 0}], "name": "rz3"}, {"qubits": [4], "gate": "rz", "parameters": [{"date": "2021-8-7", "name": "gate_error", "unit": "", "value": 0}, {"date": "2021-8-7", "name": "gate_length", "unit": "ns", "value": 0}], "name": "rz4"}, {"qubits": [0], "gate": "sx", "parameters": [{"date": "2021-8-7", "name": "gate_error", "unit": "", "value": 0.00021162158559184265}, {"date": "2021-8-7", "name": "gate_length", "unit": "ns", "value": 35.55555555555556}], "name": "sx0"}, {"qubits": [1], "gate": "sx", "parameters": [{"date": "2021-8-7", "name": "gate_error", "unit": "", "value": 0.000259706024406374}, {"date": "2021-8-7", "name": "gate_length", "unit": "ns", "value": 35.55555555555556}], "name": "sx1"}, {"qubits": [2], "gate": "sx", "parameters": [{"date": "2021-8-7", "name": "gate_error", "unit": "", "value": 0.00027638036424009675}, {"date": "2021-8-7", "name": "gate_length", "unit": "ns", "value": 35.55555555555556}], "name": "sx2"}, {"qubits": [3], "gate": "sx", "parameters": [{"date": "2021-8-7", "name": "gate_error", "unit": "", "value": 0.00023154306273414176}, {"date": "2021-8-7", "name": "gate_length", "unit": "ns", "value": 35.55555555555556}], "name": "sx3"}, {"qubits": [4], "gate": "sx", "parameters": [{"date": "2021-8-7", "name": "gate_error", "unit": "", "value": 0.00021593037668851255}, {"date": "2021-8-7", "name": "gate_length", "unit": "ns", "value": 35.55555555555556}], "name": "sx4"}, {"qubits": [0], "gate": "x", "parameters": [{"date": "2021-8-7", "name": "gate_error", "unit": "", "value": 0.00021162158559184265}, {"date": "2021-8-7", "name": "gate_length", "unit": "ns", "value": 35.55555555555556}], "name": "x0"}, {"qubits": [1], "gate": "x", "parameters": [{"date": "2021-8-7", "name": "gate_error", "unit": "", "value": 0.000259706024406374}, {"date": "2021-8-7", "name": "gate_length", "unit": "ns", "value": 35.55555555555556}], "name": "x1"}, {"qubits": [2], "gate": "x", "parameters": [{"date": "2021-8-7", "name": "gate_error", "unit": "", "value": 0.00027638036424009675}, {"date": "2021-8-7", "name": "gate_length", "unit": "ns", "value": 35.55555555555556}], "name": "x2"}, {"qubits": [3], "gate": "x", "parameters": [{"date": "2021-8-7", "name": "gate_error", "unit": "", "value": 0.00023154306273414176}, {"date": "2021-8-7", "name": "gate_length", "unit": "ns", "value": 35.55555555555556}], "name": "x3"}, {"qubits": [4], "gate": "x", "parameters": [{"date": "2021-8-7", "name": "gate_error", "unit": "", "value": 0.00021593037668851255}, {"date": "2021-8-7", "name": "gate_length", "unit": "ns", "value": 35.55555555555556}], "name": "x4"}, {"qubits": [4, 3], "gate": "cx", "parameters": [{"date": "2021-8-7", "name": "gate_error", "unit": "", "value": 0.007771427982431828}, {"date": "2021-8-4", "name": "gate_length", "unit": "ns", "value": 554.6666666666666}], "name": "cx4_3"}, {"qubits": [3, 4], "gate": "cx", "parameters": [{"date": "2021-8-7", "name": "gate_error", "unit": "", "value": 0.007771427982431828}, {"date": "2021-8-4", "name": "gate_length", "unit": "ns", "value": 590.2222222222222}], "name": "cx3_4"}, {"qubits": [3, 1], "gate": "cx", "parameters": [{"date": "2021-8-7", "name": "gate_error", "unit": "", "value": 0.006857042408806552}, {"date": "2021-8-4", "name": "gate_length", "unit": "ns", "value": 398.2222222222222}], "name": "cx3_1"}, {"qubits": [1, 3], "gate": "cx", "parameters": [{"date": "2021-8-7", "name": "gate_error", "unit": "", "value": 0.006857042408806552}, {"date": "2021-8-4", "name": "gate_length", "unit": "ns", "value": 433.77777777777777}], "name": "cx1_3"}, {"qubits": [2, 1], "gate": "cx", "parameters": [{"date": "2021-8-7", "name": "gate_error", "unit": "", "value": 0.00674874764625677}, {"date": "2021-8-4", "name": "gate_length", "unit": "ns", "value": 412.4444444444444}], "name": "cx2_1"}, {"qubits": [1, 2], "gate": "cx", "parameters": [{"date": "2021-8-7", "name": "gate_error", "unit": "", "value": 0.00674874764625677}, {"date": "2021-8-4", "name": "gate_length", "unit": "ns", "value": 448}], "name": "cx1_2"}, {"qubits": [1, 0], "gate": "cx", "parameters": [{"date": "2021-8-7", "name": "gate_error", "unit": "", "value": 0.019246538478092212}, {"date": "2021-8-4", "name": "gate_length", "unit": "ns", "value": 775.1111111111111}], "name": "cx1_0"}, {"qubits": [0, 1], "gate": "cx", "parameters": [{"date": "2021-8-7", "name": "gate_error", "unit": "", "value": 0.019246538478092212}, {"date": "2021-8-4", "name": "gate_length", "unit": "ns", "value": 810.6666666666666}], "name": "cx0_1"}, {"qubits": [0], "gate": "reset", "parameters": [{"date": "2021-8-7", "name": "gate_length", "unit": "ns", "value": 7342.222222222222}], "name": "reset0"}, {"qubits": [1], "gate": "reset", "parameters": [{"date": "2021-8-7", "name": "gate_length", "unit": "ns", "value": 7342.222222222222}], "name": "reset1"}, {"qubits": [2], "gate": "reset", "parameters": [{"date": "2021-8-7", "name": "gate_length", "unit": "ns", "value": 7342.222222222222}], "name": "reset2"}, {"qubits": [3], "gate": "reset", "parameters": [{"date": "2021-8-7", "name": "gate_length", "unit": "ns", "value": 7342.222222222222}], "name": "reset3"}, {"qubits": [4], "gate": "reset", "parameters": [{"date": "2021-8-7", "name": "gate_length", "unit": "ns", "value": 7342.222222222222}], "name": "reset4"}], "general": [{"date": "2021-8-7", "name": "jq_01", "unit": "GHz", "value": 0.0018736137364449847}, {"date": "2021-8-7", "name": "zz_01", "unit": "GHz", "value": -5.778719017046504e-05}, {"date": "2021-8-7", "name": "jq_12", "unit": "GHz", "value": 0.0020062596172337292}, {"date": "2021-8-7", "name": "zz_12", "unit": "GHz", "value": -5.607853601551941e-05}, {"date": "2021-8-7", "name": "jq_13", "unit": "GHz", "value": 0.0020039976609872224}, {"date": "2021-8-7", "name": "zz_13", "unit": "GHz", "value": -5.2854062688980254e-05}, {"date": "2021-8-7", "name": "jq_34", "unit": "GHz", "value": 0.0016737719182152912}, {"date": "2021-8-7", "name": "zz_34", "unit": "GHz", "value": -3.628419642815204e-05}]}