{"backend_name": "ibmq_belem", "backend_version": "1.0.28", "last_update_date": "2021-11-24", "qubits": [[{"date": "2021-11-24", "name": "T1", "unit": "us", "value": 73.88183875918281}, {"date": "2021-11-24", "name": "T2", "unit": "us", "value": 123.17663046012221}, {"date": "2021-11-24", "name": "frequency", "unit": "GHz", "value": 5.090158599628004}, {"date": "2021-11-24", "name": "anharmonicity", "unit": "GHz", "value": -0.33612300518216515}, {"date": "2021-11-24", "name": "readout_error", "unit": "", "value": 0.01990000000000003}, {"date": "2021-11-24", "name": "prob_meas0_prep1", "unit": "", "value": 0.03280000000000005}, {"date": "2021-11-24", "name": "prob_meas1_prep0", "unit": "", "value": 0.007}, {"date": "2021-11-24", "name": "readout_length", "unit": "ns", "value": 5351.11111111111}], [{"date": "2021-11-24", "name": "T1", "unit": "us", "value": 56.478206213448956}, {"date": "2021-11-24", "name": "T2", "unit": "us", "value": 102.98254848083862}, {"date": "2021-11-24", "name": "frequency", "unit": "GHz", "value": 5.24557268661331}, {"date": "2021-11-24", "name": "anharmonicity", "unit": "GHz", "value": -0.316572131412737}, {"date": "2021-11-24", "name": "readout_error", "unit": "", "value": 0.025500000000000078}, {"date": "2021-11-24", "name": "prob_meas0_prep1", "unit": "", "value": 0.042200000000000015}, {"date": "2021-11-24", "name": "prob_meas1_prep0", "unit": "", "value": 0.0088}, {"date": "2021-11-24", "name": "readout_length", "unit": "ns", "value": 5351.11111111111}], [{"date": "2021-11-24", "name": "T1", "unit": "us", "value": 66.87553644737939}, {"date": "2021-11-24", "name": "T2", "unit": "us", "value": 55.17547757300618}, {"date": "2021-11-24", "name": "frequency", "unit": "GHz", "value": 5.361464807873062}, {"date": "2021-11-24", "name": "anharmonicity", "unit": "GHz", "value": -0.3306274884584928}, {"date": "2021-11-24", "name": "readout_error", "unit": "", "value": 0.022299999999999986}, {"date": "2021-11-24", "name": "prob_meas0_prep1", "unit": "", "value": 0.036599999999999966}, {"date": "2021-11-24", "name": "prob_meas1_prep0", "unit": "", "value": 0.008}, {"date": "2021-11-24", "name": "readout_length", "unit": "ns", "value": 5351.11111111111}], [{"date": "2021-11-24", "name": "T1", "unit": "us", "value": 79.10136834848022}, {"date": "2021-11-24", "name": "T2", "unit": "us", "value": 101.81772488158315}, {"date": "2021-11-24", "name": "frequency", "unit": "GHz", "value": 5.170381678470126}, {"date": "2021-11-24", "name": "anharmonicity", "unit": "GHz", "value": -0.33373922611368106}, {"date": "2021-11-24", "name": "readout_error", "unit": "", "value": 0.019100000000000006}, {"date": "2021-11-24", "name": "prob_meas0_prep1", "unit": "", "value": 0.03380000000000005}, {"date": "2021-11-24", "name": "prob_meas1_prep0", "unit": "", "value": 0.0044}, {"date": "2021-11-24", "name": "readout_length", "unit": "ns", "value": 5351.11111111111}], [{"date": "2021-11-24", "name": "T1", "unit": "us", "value": 118.23876087979592}, {"date": "2021-11-24", "name": "T2", "unit": "us", "value": 171.23904135464642}, {"date": "2021-11-24", "name": "frequency", "unit": "GHz", "value": 5.2584576891752235}, {"date": "2021-11-24", "name": "anharmonicity", "unit": "GHz", "value": -0.3313451432371279}, {"date": "2021-11-24", "name": "readout_error", "unit": "", "value": 0.018199999999999994}, {"date": "2021-11-24", "name": "prob_meas0_prep1", "unit": "", "value": 0.031200000000000006}, {"date": "2021-11-24", "name": "prob_meas1_prep0", "unit": "", "value": 0.0052}, {"date": "2021-11-24", "name": "readout_length", "unit": "ns", "value": 5351.11111111111}]], "gates": [{"qubits": [0], "gate": "id", "parameters": [{"date": "2021-11-24", "name": "gate_error", "unit": "", "value": 0.0002220840309245932}, {"date": "2021-11-24", "name": "gate_length", "unit": "ns", "value": 35.55555555555556}], "name": "id0"}, {"qubits": [1], "gate": "id", "parameters": [{"date": "2021-11-24", "name": "gate_error", "unit": "", "value": 0.00030474266571272566}, {"date": "2021-11-24", "name": "gate_length", "unit": "ns", "value": 35.55555555555556}], "name": "id1"}, {"qubits": [2], "gate": "id", "parameters": [{"date": "2021-11-24", "name": "gate_error", "unit": "", "value": 0.00022435560587037262}, {"date": "2021-11-24", "name": "gate_length", "unit": "ns", "value": 35.55555555555556}], "name": "id2"}, {"qubits": [3], "gate": "id", "parameters": [{"date": "2021-11-24", "name": "gate_error", "unit": "", "value": 0.00024277025714813016}, {"date": "2021-11-24", "name": "gate_length", "unit": "ns", "value": 35.55555555555556}], "name": "id3"}, {"qubits": [4], "gate": "id", "parameters": [{"date": "2021-11-24", "name": "gate_error", "unit": "", "value": 0.00019948951672156326}, {"date": "2021-11-24", "name": "gate_length", "unit": "ns", "value": 35.55555555555556}], "name": "id4"}, {"qubits": [0], "gate": "rz", "parameters": [{"date": "2021-11-24", "name": "gate_error", "unit": "", "value": 0}, {"date": "2021-11-24", "name": "gate_length", "unit": "ns", "value": 0}], "name": "rz0"}, {"qubits": [1], "gate": "rz", "parameters": [{"date": "2021-11-24", "name": "gate_error", "unit": "", "value": 0}, {"date": "2021-11-24", "name": "gate_length", "unit": "ns", "value": 0}], "name": "rz1"}, {"qubits": [2], "gate": "rz", "parameters": [{"date": "2021-11-24", "name": "gate_error", "unit": "", "value": 0}, {"date": "2021-11-24", "name": "gate_length", "unit": "ns", "value": 0}], "name": "rz2"}, {"qubits": [3], "gate": "rz", "parameters": [{"date": "2021-11-24", "name": "gate_error", "unit": "", "value": 0}, {"date": "2021-11-24", "name": "gate_length", "unit": "ns", "value": 0}], "name": "rz3"}, {"qubits": [4], "gate": "rz", "parameters": [{"date": "2021-11-24", "name": "gate_error", "unit": "", "value": 0}, {"date": "2021-11-24", "name": "gate_length", "unit": "ns", "value": 0}], "name": "rz4"}, {"qubits": [0], "gate": "sx", "parameters": [{"date": "2021-11-24", "name": "gate_error", "unit": "", "value": 0.0002220840309245932}, {"date": "2021-11-24", "name": "gate_length", "unit": "ns", "value": 35.55555555555556}], "name": "sx0"}, {"qubits": [1], "gate": "sx", "parameters": [{"date": "2021-11-24", "name": "gate_error", "unit": "", "value": 0.00030474266571272566}, {"date": "2021-11-24", "name": "gate_length", "unit": "ns", "value": 35.55555555555556}], "name": "sx1"}, {"qubits": [2], "gate": "sx", "parameters": [{"date": "2021-11-24", "name": "gate_error", "unit": "", "value": 0.00022435560587037262}, {"date": "2021-11-24", "name": "gate_length", "unit": "ns", "value": 35.55555555555556}], "name": "sx2"}, {"qubits": [3], "gate": "sx", "parameters": [{"date": "2021-11-24", "name": "gate_error", "unit": "", "value": 0.00024277025714813016}, {"date": "2021-11-24", "name": "gate_length", "unit": "ns", "value": 35.55555555555556}], "name": "sx3"}, {"qubits": [4], "gate": "sx", "parameters": [{"date": "2021-11-24", "name": "gate_error", "unit": "", "value": 0.00019948951672156326}, {"date": "2021-11-24", "name": "gate_length", "unit": "ns", "value": 35.55555555555556}], "name": "sx4"}, {"qubits": [0], "gate": "x", "parameters": [{"date": "2021-11-24", "name": "gate_error", "unit": "", "value": 0.0002220840309245932}, {"date": "2021-11-24", "name": "gate_length", "unit": "ns", "value": 35.55555555555556}], "name": "x0"}, {"qubits": [1], "gate": "x", "parameters": [{"date": "2021-11-24", "name": "gate_error", "unit": "", "value": 0.00030474266571272566}, {"date": "2021-11-24", "name": "gate_length", "unit": "ns", "value": 35.55555555555556}], "name": "x1"}, {"qubits": [2], "gate": "x", "parameters": [{"date": "2021-11-24", "name": "gate_error", "unit": "", "value": 0.00022435560587037262}, {"date": "2021-11-24", "name": "gate_length", "unit": "ns", "value": 35.55555555555556}], "name": "x2"}, {"qubits": [3], "gate": "x", "parameters": [{"date": "2021-11-24", "name": "gate_error", "unit": "", "value": 0.00024277025714813016}, {"date": "2021-11-24", "name": "gate_length", "unit": "ns", "value": 35.55555555555556}], "name": "x3"}, {"qubits": [4], "gate": "x", "parameters": [{"date": "2021-11-24", "name": "gate_error", "unit": "", "value": 0.00019948951672156326}, {"date": "2021-11-24", "name": "gate_length", "unit": "ns", "value": 35.55555555555556}], "name": "x4"}, {"qubits": [4, 3], "gate": "cx", "parameters": [{"date": "2021-11-24", "name": "gate_error", "unit": "", "value": 0.007335612404721054}, {"date": "2021-11-21", "name": "gate_length", "unit": "ns", "value": 554.6666666666666}], "name": "cx4_3"}, {"qubits": [3, 4], "gate": "cx", "parameters": [{"date": "2021-11-24", "name": "gate_error", "unit": "", "value": 0.007335612404721054}, {"date": "2021-11-21", "name": "gate_length", "unit": "ns", "value": 590.2222222222222}], "name": "cx3_4"}, {"qubits": [3, 1], "gate": "cx", "parameters": [{"date": "2021-11-24", "name": "gate_error", "unit": "", "value": 0.009499870273055766}, {"date": "2021-11-21", "name": "gate_length", "unit": "ns", "value": 398.2222222222222}], "name": "cx3_1"}, {"qubits": [1, 3], "gate": "cx", "parameters": [{"date": "2021-11-24", "name": "gate_error", "unit": "", "value": 0.009499870273055766}, {"date": "2021-11-21", "name": "gate_length", "unit": "ns", "value": 433.77777777777777}], "name": "cx1_3"}, {"qubits": [2, 1], "gate": "cx", "parameters": [{"date": "2021-11-24", "name": "gate_error", "unit": "", "value": 0.0066748772066485}, {"date": "2021-11-21", "name": "gate_length", "unit": "ns", "value": 412.4444444444444}], "name": "cx2_1"}, {"qubits": [1, 2], "gate": "cx", "parameters": [{"date": "2021-11-24", "name": "gate_error", "unit": "", "value": 0.0066748772066485}, {"date": "2021-11-21", "name": "gate_length", "unit": "ns", "value": 448}], "name": "cx1_2"}, {"qubits": [1, 0], "gate": "cx", "parameters": [{"date": "2021-11-24", "name": "gate_error", "unit": "", "value": 0.017021374467204586}, {"date": "2021-11-21", "name": "gate_length", "unit": "ns", "value": 775.1111111111111}], "name": "cx1_0"}, {"qubits": [0, 1], "gate": "cx", "parameters": [{"date": "2021-11-24", "name": "gate_error", "unit": "", "value": 0.017021374467204586}, {"date": "2021-11-21", "name": "gate_length", "unit": "ns", "value": 810.6666666666666}], "name": "cx0_1"}, {"qubits": [0], "gate": "reset", "parameters": [{"date": "2021-11-24", "name": "gate_length", "unit": "ns", "value": 7342.222222222222}], "name": "reset0"}, {"qubits": [1], "gate": "reset", "parameters": [{"date": "2021-11-24", "name": "gate_length", "unit": "ns", "value": 7342.222222222222}], "name": "reset1"}, {"qubits": [2], "gate": "reset", "parameters": [{"date": "2021-11-24", "name": "gate_length", "unit": "ns", "value": 7342.222222222222}], "name": "reset2"}, {"qubits": [3], "gate": "reset", "parameters": [{"date": "2021-11-24", "name": "gate_length", "unit": "ns", "value": 7342.222222222222}], "name": "reset3"}, {"qubits": [4], "gate": "reset", "parameters": [{"date": "2021-11-24", "name": "gate_length", "unit": "ns", "value": 7342.222222222222}], "name": "reset4"}], "general": [{"date": "2021-11-24", "name": "jq_01", "unit": "GHz", "value": 0.0018736137364449847}, {"date": "2021-11-24", "name": "zz_01", "unit": "GHz", "value": -5.778719017046504e-05}, {"date": "2021-11-24", "name": "jq_12", "unit": "GHz", "value": 0.0020062596172337292}, {"date": "2021-11-24", "name": "zz_12", "unit": "GHz", "value": -5.607853601551941e-05}, {"date": "2021-11-24", "name": "jq_13", "unit": "GHz", "value": 0.0020039976609872224}, {"date": "2021-11-24", "name": "zz_13", "unit": "GHz", "value": -5.2854062688980254e-05}, {"date": "2021-11-24", "name": "jq_34", "unit": "GHz", "value": 0.0016737719182152912}, {"date": "2021-11-24", "name": "zz_34", "unit": "GHz", "value": -3.628419642815204e-05}]}