{"backend_name": "ibmq_belem", "backend_version": "1.0.16", "last_update_date": "2021-8-16", "qubits": [[{"date": "2021-8-16", "name": "T1", "unit": "us", "value": 96.91240743665755}, {"date": "2021-8-16", "name": "T2", "unit": "us", "value": 141.0339165716009}, {"date": "2021-8-16", "name": "frequency", "unit": "GHz", "value": 5.090075764960292}, {"date": "2021-8-16", "name": "anharmonicity", "unit": "GHz", "value": -0.33612300518216515}, {"date": "2021-8-16", "name": "readout_error", "unit": "", "value": 0.01629999999999998}, {"date": "2021-8-16", "name": "prob_meas0_prep1", "unit": "", "value": 0.025399999999999978}, {"date": "2021-8-16", "name": "prob_meas1_prep0", "unit": "", "value": 0.0072}, {"date": "2021-8-16", "name": "readout_length", "unit": "ns", "value": 5351.11111111111}], [{"date": "2021-8-16", "name": "T1", "unit": "us", "value": 72.229611741358}, {"date": "2021-8-16", "name": "T2", "unit": "us", "value": 104.9149560203547}, {"date": "2021-8-16", "name": "frequency", "unit": "GHz", "value": 5.245428634684551}, {"date": "2021-8-16", "name": "anharmonicity", "unit": "GHz", "value": -0.316572131412737}, {"date": "2021-8-16", "name": "readout_error", "unit": "", "value": 0.01859999999999995}, {"date": "2021-8-16", "name": "prob_meas0_prep1", "unit": "", "value": 0.030399999999999983}, {"date": "2021-8-16", "name": "prob_meas1_prep0", "unit": "", "value": 0.0068}, {"date": "2021-8-16", "name": "readout_length", "unit": "ns", "value": 5351.11111111111}], [{"date": "2021-8-16", "name": "T1", "unit": "us", "value": 70.56795819721759}, {"date": "2021-8-16", "name": "T2", "unit": "us", "value": 64.20440805967452}, {"date": "2021-8-16", "name": "frequency", "unit": "GHz", "value": 5.361399710552647}, {"date": "2021-8-16", "name": "anharmonicity", "unit": "GHz", "value": -0.3306274884584928}, {"date": "2021-8-16", "name": "readout_error", "unit": "", "value": 0.02100000000000002}, {"date": "2021-8-16", "name": "prob_meas0_prep1", "unit": "", "value": 0.03200000000000003}, {"date": "2021-8-16", "name": "prob_meas1_prep0", "unit": "", "value": 0.01}, {"date": "2021-8-16", "name": "readout_length", "unit": "ns", "value": 5351.11111111111}], [{"date": "2021-8-16", "name": "T1", "unit": "us", "value": 58.08021057054548}, {"date": "2021-8-16", "name": "T2", "unit": "us", "value": 136.22787781520285}, {"date": "2021-8-16", "name": "frequency", "unit": "GHz", "value": 5.170367706840354}, {"date": "2021-8-16", "name": "anharmonicity", "unit": "GHz", "value": -0.33373922611368106}, {"date": "2021-8-16", "name": "readout_error", "unit": "", "value": 0.016699999999999937}, {"date": "2021-8-16", "name": "prob_meas0_prep1", "unit": "", "value": 0.02859999999999996}, {"date": "2021-8-16", "name": "prob_meas1_prep0", "unit": "", "value": 0.0048}, {"date": "2021-8-16", "name": "readout_length", "unit": "ns", "value": 5351.11111111111}], [{"date": "2021-8-16", "name": "T1", "unit": "us", "value": 117.97173818857426}, {"date": "2021-8-16", "name": "T2", "unit": "us", "value": 139.24944489001314}, {"date": "2021-8-16", "name": "frequency", "unit": "GHz", "value": 5.258378670677176}, {"date": "2021-8-16", "name": "anharmonicity", "unit": "GHz", "value": -0.3313451432371279}, {"date": "2021-8-16", "name": "readout_error", "unit": "", "value": 0.019300000000000095}, {"date": "2021-8-16", "name": "prob_meas0_prep1", "unit": "", "value": 0.02980000000000005}, {"date": "2021-8-16", "name": "prob_meas1_prep0", "unit": "", "value": 0.0088}, {"date": "2021-8-16", "name": "readout_length", "unit": "ns", "value": 5351.11111111111}]], "gates": [{"qubits": [0], "gate": "id", "parameters": [{"date": "2021-8-16", "name": "gate_error", "unit": "", "value": 0.00018439404519479406}, {"date": "2021-8-16", "name": "gate_length", "unit": "ns", "value": 35.55555555555556}], "name": "id0"}, {"qubits": [1], "gate": "id", "parameters": [{"date": "2021-8-16", "name": "gate_error", "unit": "", "value": 0.00024613725525921655}, {"date": "2021-8-16", "name": "gate_length", "unit": "ns", "value": 35.55555555555556}], "name": "id1"}, {"qubits": [2], "gate": "id", "parameters": [{"date": "2021-8-16", "name": "gate_error", "unit": "", "value": 0.00019079431979254438}, {"date": "2021-8-16", "name": "gate_length", "unit": "ns", "value": 35.55555555555556}], "name": "id2"}, {"qubits": [3], "gate": "id", "parameters": [{"date": "2021-8-16", "name": "gate_error", "unit": "", "value": 0.0002359292463865269}, {"date": "2021-8-16", "name": "gate_length", "unit": "ns", "value": 35.55555555555556}], "name": "id3"}, {"qubits": [4], "gate": "id", "parameters": [{"date": "2021-8-16", "name": "gate_error", "unit": "", "value": 0.00024228044202111079}, {"date": "2021-8-16", "name": "gate_length", "unit": "ns", "value": 35.55555555555556}], "name": "id4"}, {"qubits": [0], "gate": "rz", "parameters": [{"date": "2021-8-16", "name": "gate_error", "unit": "", "value": 0}, {"date": "2021-8-16", "name": "gate_length", "unit": "ns", "value": 0}], "name": "rz0"}, {"qubits": [1], "gate": "rz", "parameters": [{"date": "2021-8-16", "name": "gate_error", "unit": "", "value": 0}, {"date": "2021-8-16", "name": "gate_length", "unit": "ns", "value": 0}], "name": "rz1"}, {"qubits": [2], "gate": "rz", "parameters": [{"date": "2021-8-16", "name": "gate_error", "unit": "", "value": 0}, {"date": "2021-8-16", "name": "gate_length", "unit": "ns", "value": 0}], "name": "rz2"}, {"qubits": [3], "gate": "rz", "parameters": [{"date": "2021-8-16", "name": "gate_error", "unit": "", "value": 0}, {"date": "2021-8-16", "name": "gate_length", "unit": "ns", "value": 0}], "name": "rz3"}, {"qubits": [4], "gate": "rz", "parameters": [{"date": "2021-8-16", "name": "gate_error", "unit": "", "value": 0}, {"date": "2021-8-16", "name": "gate_length", "unit": "ns", "value": 0}], "name": "rz4"}, {"qubits": [0], "gate": "sx", "parameters": [{"date": "2021-8-16", "name": "gate_error", "unit": "", "value": 0.00018439404519479406}, {"date": "2021-8-16", "name": "gate_length", "unit": "ns", "value": 35.55555555555556}], "name": "sx0"}, {"qubits": [1], "gate": "sx", "parameters": [{"date": "2021-8-16", "name": "gate_error", "unit": "", "value": 0.00024613725525921655}, {"date": "2021-8-16", "name": "gate_length", "unit": "ns", "value": 35.55555555555556}], "name": "sx1"}, {"qubits": [2], "gate": "sx", "parameters": [{"date": "2021-8-16", "name": "gate_error", "unit": "", "value": 0.00019079431979254438}, {"date": "2021-8-16", "name": "gate_length", "unit": "ns", "value": 35.55555555555556}], "name": "sx2"}, {"qubits": [3], "gate": "sx", "parameters": [{"date": "2021-8-16", "name": "gate_error", "unit": "", "value": 0.0002359292463865269}, {"date": "2021-8-16", "name": "gate_length", "unit": "ns", "value": 35.55555555555556}], "name": "sx3"}, {"qubits": [4], "gate": "sx", "parameters": [{"date": "2021-8-16", "name": "gate_error", "unit": "", "value": 0.00024228044202111079}, {"date": "2021-8-16", "name": "gate_length", "unit": "ns", "value": 35.55555555555556}], "name": "sx4"}, {"qubits": [0], "gate": "x", "parameters": [{"date": "2021-8-16", "name": "gate_error", "unit": "", "value": 0.00018439404519479406}, {"date": "2021-8-16", "name": "gate_length", "unit": "ns", "value": 35.55555555555556}], "name": "x0"}, {"qubits": [1], "gate": "x", "parameters": [{"date": "2021-8-16", "name": "gate_error", "unit": "", "value": 0.00024613725525921655}, {"date": "2021-8-16", "name": "gate_length", "unit": "ns", "value": 35.55555555555556}], "name": "x1"}, {"qubits": [2], "gate": "x", "parameters": [{"date": "2021-8-16", "name": "gate_error", "unit": "", "value": 0.00019079431979254438}, {"date": "2021-8-16", "name": "gate_length", "unit": "ns", "value": 35.55555555555556}], "name": "x2"}, {"qubits": [3], "gate": "x", "parameters": [{"date": "2021-8-16", "name": "gate_error", "unit": "", "value": 0.0002359292463865269}, {"date": "2021-8-16", "name": "gate_length", "unit": "ns", "value": 35.55555555555556}], "name": "x3"}, {"qubits": [4], "gate": "x", "parameters": [{"date": "2021-8-16", "name": "gate_error", "unit": "", "value": 0.00024228044202111079}, {"date": "2021-8-16", "name": "gate_length", "unit": "ns", "value": 35.55555555555556}], "name": "x4"}, {"qubits": [4, 3], "gate": "cx", "parameters": [{"date": "2021-8-16", "name": "gate_error", "unit": "", "value": 0.00919973529722265}, {"date": "2021-8-13", "name": "gate_length", "unit": "ns", "value": 554.6666666666666}], "name": "cx4_3"}, {"qubits": [3, 4], "gate": "cx", "parameters": [{"date": "2021-8-16", "name": "gate_error", "unit": "", "value": 0.00919973529722265}, {"date": "2021-8-13", "name": "gate_length", "unit": "ns", "value": 590.2222222222222}], "name": "cx3_4"}, {"qubits": [3, 1], "gate": "cx", "parameters": [{"date": "2021-8-16", "name": "gate_error", "unit": "", "value": 0.007070740463012454}, {"date": "2021-8-13", "name": "gate_length", "unit": "ns", "value": 398.2222222222222}], "name": "cx3_1"}, {"qubits": [1, 3], "gate": "cx", "parameters": [{"date": "2021-8-16", "name": "gate_error", "unit": "", "value": 0.007070740463012454}, {"date": "2021-8-13", "name": "gate_length", "unit": "ns", "value": 433.77777777777777}], "name": "cx1_3"}, {"qubits": [2, 1], "gate": "cx", "parameters": [{"date": "2021-8-16", "name": "gate_error", "unit": "", "value": 0.00559016212327948}, {"date": "2021-8-13", "name": "gate_length", "unit": "ns", "value": 412.4444444444444}], "name": "cx2_1"}, {"qubits": [1, 2], "gate": "cx", "parameters": [{"date": "2021-8-16", "name": "gate_error", "unit": "", "value": 0.00559016212327948}, {"date": "2021-8-13", "name": "gate_length", "unit": "ns", "value": 448}], "name": "cx1_2"}, {"qubits": [1, 0], "gate": "cx", "parameters": [{"date": "2021-8-16", "name": "gate_error", "unit": "", "value": 0.013820466127739933}, {"date": "2021-8-13", "name": "gate_length", "unit": "ns", "value": 775.1111111111111}], "name": "cx1_0"}, {"qubits": [0, 1], "gate": "cx", "parameters": [{"date": "2021-8-16", "name": "gate_error", "unit": "", "value": 0.013820466127739933}, {"date": "2021-8-13", "name": "gate_length", "unit": "ns", "value": 810.6666666666666}], "name": "cx0_1"}, {"qubits": [0], "gate": "reset", "parameters": [{"date": "2021-8-16", "name": "gate_length", "unit": "ns", "value": 7342.222222222222}], "name": "reset0"}, {"qubits": [1], "gate": "reset", "parameters": [{"date": "2021-8-16", "name": "gate_length", "unit": "ns", "value": 7342.222222222222}], "name": "reset1"}, {"qubits": [2], "gate": "reset", "parameters": [{"date": "2021-8-16", "name": "gate_length", "unit": "ns", "value": 7342.222222222222}], "name": "reset2"}, {"qubits": [3], "gate": "reset", "parameters": [{"date": "2021-8-16", "name": "gate_length", "unit": "ns", "value": 7342.222222222222}], "name": "reset3"}, {"qubits": [4], "gate": "reset", "parameters": [{"date": "2021-8-16", "name": "gate_length", "unit": "ns", "value": 7342.222222222222}], "name": "reset4"}], "general": [{"date": "2021-8-16", "name": "jq_01", "unit": "GHz", "value": 0.0018736137364449847}, {"date": "2021-8-16", "name": "zz_01", "unit": "GHz", "value": -5.778719017046504e-05}, {"date": "2021-8-16", "name": "jq_12", "unit": "GHz", "value": 0.0020062596172337292}, {"date": "2021-8-16", "name": "zz_12", "unit": "GHz", "value": -5.607853601551941e-05}, {"date": "2021-8-16", "name": "jq_13", "unit": "GHz", "value": 0.0020039976609872224}, {"date": "2021-8-16", "name": "zz_13", "unit": "GHz", "value": -5.2854062688980254e-05}, {"date": "2021-8-16", "name": "jq_34", "unit": "GHz", "value": 0.0016737719182152912}, {"date": "2021-8-16", "name": "zz_34", "unit": "GHz", "value": -3.628419642815204e-05}]}