{"backend_name": "ibmq_belem", "backend_version": "1.0.14", "last_update_date": "2021-7-7", "qubits": [[{"date": "2021-7-7", "name": "T1", "unit": "us", "value": 67.17813632429396}, {"date": "2021-6-30", "name": "T2", "unit": "us", "value": 50.97825702677698}, {"date": "2021-7-7", "name": "frequency", "unit": "GHz", "value": 5.090026339163551}, {"date": "2021-7-7", "name": "anharmonicity", "unit": "GHz", "value": -0.33612300518216515}, {"date": "2021-7-7", "name": "readout_error", "unit": "", "value": 0.02970000000000006}, {"date": "2021-7-7", "name": "prob_meas0_prep1", "unit": "", "value": 0.04720000000000002}, {"date": "2021-7-7", "name": "prob_meas1_prep0", "unit": "", "value": 0.0122}, {"date": "2021-7-7", "name": "readout_length", "unit": "ns", "value": 5351.11111111111}], [{"date": "2021-7-7", "name": "T1", "unit": "us", "value": 96.84444235261006}, {"date": "2021-7-7", "name": "T2", "unit": "us", "value": 106.01107699397467}, {"date": "2021-7-7", "name": "frequency", "unit": "GHz", "value": 5.24532724554224}, {"date": "2021-7-7", "name": "anharmonicity", "unit": "GHz", "value": -0.316572131412737}, {"date": "2021-7-7", "name": "readout_error", "unit": "", "value": 0.021500000000000075}, {"date": "2021-7-7", "name": "prob_meas0_prep1", "unit": "", "value": 0.03520000000000001}, {"date": "2021-7-7", "name": "prob_meas1_prep0", "unit": "", "value": 0.0078}, {"date": "2021-7-7", "name": "readout_length", "unit": "ns", "value": 5351.11111111111}], [{"date": "2021-7-6", "name": "T1", "unit": "us", "value": 76.31007953868327}, {"date": "2021-7-7", "name": "T2", "unit": "us", "value": 55.73327641860126}, {"date": "2021-7-7", "name": "frequency", "unit": "GHz", "value": 5.361300151515057}, {"date": "2021-7-7", "name": "anharmonicity", "unit": "GHz", "value": -0.3306274884584928}, {"date": "2021-7-7", "name": "readout_error", "unit": "", "value": 0.036799999999999944}, {"date": "2021-7-7", "name": "prob_meas0_prep1", "unit": "", "value": 0.061799999999999966}, {"date": "2021-7-7", "name": "prob_meas1_prep0", "unit": "", "value": 0.0118}, {"date": "2021-7-7", "name": "readout_length", "unit": "ns", "value": 5351.11111111111}], [{"date": "2021-7-7", "name": "T1", "unit": "us", "value": 75.67741518286934}, {"date": "2021-7-7", "name": "T2", "unit": "us", "value": 114.33445265159418}, {"date": "2021-7-7", "name": "frequency", "unit": "GHz", "value": 5.1704615947775405}, {"date": "2021-7-7", "name": "anharmonicity", "unit": "GHz", "value": -0.33373922611368106}, {"date": "2021-7-7", "name": "readout_error", "unit": "", "value": 0.019600000000000062}, {"date": "2021-7-7", "name": "prob_meas0_prep1", "unit": "", "value": 0.03480000000000005}, {"date": "2021-7-7", "name": "prob_meas1_prep0", "unit": "", "value": 0.0044}, {"date": "2021-7-7", "name": "readout_length", "unit": "ns", "value": 5351.11111111111}], [{"date": "2021-7-7", "name": "T1", "unit": "us", "value": 51.04329046130322}, {"date": "2021-7-7", "name": "T2", "unit": "us", "value": 79.57834027817582}, {"date": "2021-7-7", "name": "frequency", "unit": "GHz", "value": 5.258390037236631}, {"date": "2021-7-7", "name": "anharmonicity", "unit": "GHz", "value": -0.3313451432371279}, {"date": "2021-7-7", "name": "readout_error", "unit": "", "value": 0.05689999999999995}, {"date": "2021-7-7", "name": "prob_meas0_prep1", "unit": "", "value": 0.09540000000000004}, {"date": "2021-7-7", "name": "prob_meas1_prep0", "unit": "", "value": 0.0184}, {"date": "2021-7-7", "name": "readout_length", "unit": "ns", "value": 5351.11111111111}]], "gates": [{"qubits": [0], "gate": "id", "parameters": [{"date": "2021-7-7", "name": "gate_error", "unit": "", "value": 0.0002864862907624242}, {"date": "2021-7-7", "name": "gate_length", "unit": "ns", "value": 35.55555555555556}], "name": "id0"}, {"qubits": [1], "gate": "id", "parameters": [{"date": "2021-7-7", "name": "gate_error", "unit": "", "value": 0.0002904257780554261}, {"date": "2021-7-7", "name": "gate_length", "unit": "ns", "value": 35.55555555555556}], "name": "id1"}, {"qubits": [2], "gate": "id", "parameters": [{"date": "2021-7-7", "name": "gate_error", "unit": "", "value": 0.00046614723225635443}, {"date": "2021-7-7", "name": "gate_length", "unit": "ns", "value": 35.55555555555556}], "name": "id2"}, {"qubits": [3], "gate": "id", "parameters": [{"date": "2021-7-7", "name": "gate_error", "unit": "", "value": 0.0002681705726602345}, {"date": "2021-7-7", "name": "gate_length", "unit": "ns", "value": 35.55555555555556}], "name": "id3"}, {"qubits": [4], "gate": "id", "parameters": [{"date": "2021-7-7", "name": "gate_error", "unit": "", "value": 0.0004445452220618952}, {"date": "2021-7-7", "name": "gate_length", "unit": "ns", "value": 35.55555555555556}], "name": "id4"}, {"qubits": [0], "gate": "rz", "parameters": [{"date": "2021-7-7", "name": "gate_error", "unit": "", "value": 0}, {"date": "2021-7-7", "name": "gate_length", "unit": "ns", "value": 0}], "name": "rz0"}, {"qubits": [1], "gate": "rz", "parameters": [{"date": "2021-7-7", "name": "gate_error", "unit": "", "value": 0}, {"date": "2021-7-7", "name": "gate_length", "unit": "ns", "value": 0}], "name": "rz1"}, {"qubits": [2], "gate": "rz", "parameters": [{"date": "2021-7-7", "name": "gate_error", "unit": "", "value": 0}, {"date": "2021-7-7", "name": "gate_length", "unit": "ns", "value": 0}], "name": "rz2"}, {"qubits": [3], "gate": "rz", "parameters": [{"date": "2021-7-7", "name": "gate_error", "unit": "", "value": 0}, {"date": "2021-7-7", "name": "gate_length", "unit": "ns", "value": 0}], "name": "rz3"}, {"qubits": [4], "gate": "rz", "parameters": [{"date": "2021-7-7", "name": "gate_error", "unit": "", "value": 0}, {"date": "2021-7-7", "name": "gate_length", "unit": "ns", "value": 0}], "name": "rz4"}, {"qubits": [0], "gate": "sx", "parameters": [{"date": "2021-7-7", "name": "gate_error", "unit": "", "value": 0.0002864862907624242}, {"date": "2021-7-7", "name": "gate_length", "unit": "ns", "value": 35.55555555555556}], "name": "sx0"}, {"qubits": [1], "gate": "sx", "parameters": [{"date": "2021-7-7", "name": "gate_error", "unit": "", "value": 0.0002904257780554261}, {"date": "2021-7-7", "name": "gate_length", "unit": "ns", "value": 35.55555555555556}], "name": "sx1"}, {"qubits": [2], "gate": "sx", "parameters": [{"date": "2021-7-7", "name": "gate_error", "unit": "", "value": 0.00046614723225635443}, {"date": "2021-7-7", "name": "gate_length", "unit": "ns", "value": 35.55555555555556}], "name": "sx2"}, {"qubits": [3], "gate": "sx", "parameters": [{"date": "2021-7-7", "name": "gate_error", "unit": "", "value": 0.0002681705726602345}, {"date": "2021-7-7", "name": "gate_length", "unit": "ns", "value": 35.55555555555556}], "name": "sx3"}, {"qubits": [4], "gate": "sx", "parameters": [{"date": "2021-7-7", "name": "gate_error", "unit": "", "value": 0.0004445452220618952}, {"date": "2021-7-7", "name": "gate_length", "unit": "ns", "value": 35.55555555555556}], "name": "sx4"}, {"qubits": [0], "gate": "x", "parameters": [{"date": "2021-7-7", "name": "gate_error", "unit": "", "value": 0.0002864862907624242}, {"date": "2021-7-7", "name": "gate_length", "unit": "ns", "value": 35.55555555555556}], "name": "x0"}, {"qubits": [1], "gate": "x", "parameters": [{"date": "2021-7-7", "name": "gate_error", "unit": "", "value": 0.0002904257780554261}, {"date": "2021-7-7", "name": "gate_length", "unit": "ns", "value": 35.55555555555556}], "name": "x1"}, {"qubits": [2], "gate": "x", "parameters": [{"date": "2021-7-7", "name": "gate_error", "unit": "", "value": 0.00046614723225635443}, {"date": "2021-7-7", "name": "gate_length", "unit": "ns", "value": 35.55555555555556}], "name": "x2"}, {"qubits": [3], "gate": "x", "parameters": [{"date": "2021-7-7", "name": "gate_error", "unit": "", "value": 0.0002681705726602345}, {"date": "2021-7-7", "name": "gate_length", "unit": "ns", "value": 35.55555555555556}], "name": "x3"}, {"qubits": [4], "gate": "x", "parameters": [{"date": "2021-7-7", "name": "gate_error", "unit": "", "value": 0.0004445452220618952}, {"date": "2021-7-7", "name": "gate_length", "unit": "ns", "value": 35.55555555555556}], "name": "x4"}, {"qubits": [4, 3], "gate": "cx", "parameters": [{"date": "2021-7-7", "name": "gate_error", "unit": "", "value": 0.009014885171604065}, {"date": "2021-7-4", "name": "gate_length", "unit": "ns", "value": 554.6666666666666}], "name": "cx4_3"}, {"qubits": [3, 4], "gate": "cx", "parameters": [{"date": "2021-7-7", "name": "gate_error", "unit": "", "value": 0.009014885171604065}, {"date": "2021-7-4", "name": "gate_length", "unit": "ns", "value": 590.2222222222222}], "name": "cx3_4"}, {"qubits": [3, 1], "gate": "cx", "parameters": [{"date": "2021-7-7", "name": "gate_error", "unit": "", "value": 0.007874743482954333}, {"date": "2021-7-4", "name": "gate_length", "unit": "ns", "value": 398.2222222222222}], "name": "cx3_1"}, {"qubits": [1, 3], "gate": "cx", "parameters": [{"date": "2021-7-7", "name": "gate_error", "unit": "", "value": 0.007874743482954333}, {"date": "2021-7-4", "name": "gate_length", "unit": "ns", "value": 433.77777777777777}], "name": "cx1_3"}, {"qubits": [2, 1], "gate": "cx", "parameters": [{"date": "2021-7-7", "name": "gate_error", "unit": "", "value": 0.010283716278666782}, {"date": "2021-7-4", "name": "gate_length", "unit": "ns", "value": 412.4444444444444}], "name": "cx2_1"}, {"qubits": [1, 2], "gate": "cx", "parameters": [{"date": "2021-7-7", "name": "gate_error", "unit": "", "value": 0.010283716278666782}, {"date": "2021-7-4", "name": "gate_length", "unit": "ns", "value": 448}], "name": "cx1_2"}, {"qubits": [1, 0], "gate": "cx", "parameters": [{"date": "2021-7-7", "name": "gate_error", "unit": "", "value": 0.018174647239864422}, {"date": "2021-7-4", "name": "gate_length", "unit": "ns", "value": 775.1111111111111}], "name": "cx1_0"}, {"qubits": [0, 1], "gate": "cx", "parameters": [{"date": "2021-7-7", "name": "gate_error", "unit": "", "value": 0.018174647239864422}, {"date": "2021-7-4", "name": "gate_length", "unit": "ns", "value": 810.6666666666666}], "name": "cx0_1"}, {"qubits": [0], "gate": "reset", "parameters": [{"date": "2021-7-7", "name": "gate_length", "unit": "ns", "value": 7342.222222222222}], "name": "reset0"}, {"qubits": [1], "gate": "reset", "parameters": [{"date": "2021-7-7", "name": "gate_length", "unit": "ns", "value": 7342.222222222222}], "name": "reset1"}, {"qubits": [2], "gate": "reset", "parameters": [{"date": "2021-7-7", "name": "gate_length", "unit": "ns", "value": 7342.222222222222}], "name": "reset2"}, {"qubits": [3], "gate": "reset", "parameters": [{"date": "2021-7-7", "name": "gate_length", "unit": "ns", "value": 7342.222222222222}], "name": "reset3"}, {"qubits": [4], "gate": "reset", "parameters": [{"date": "2021-7-7", "name": "gate_length", "unit": "ns", "value": 7342.222222222222}], "name": "reset4"}], "general": [{"date": "2021-7-7", "name": "jq_01", "unit": "GHz", "value": 0.0018736137364449847}, {"date": "2021-7-7", "name": "zz_01", "unit": "GHz", "value": -5.778719017046504e-05}, {"date": "2021-7-7", "name": "jq_12", "unit": "GHz", "value": 0.0020062596172337292}, {"date": "2021-7-7", "name": "zz_12", "unit": "GHz", "value": -5.607853601551941e-05}, {"date": "2021-7-7", "name": "jq_13", "unit": "GHz", "value": 0.0020039976609872224}, {"date": "2021-7-7", "name": "zz_13", "unit": "GHz", "value": -5.2854062688980254e-05}, {"date": "2021-7-7", "name": "jq_34", "unit": "GHz", "value": 0.0016737719182152912}, {"date": "2021-7-7", "name": "zz_34", "unit": "GHz", "value": -3.628419642815204e-05}]}