{"backend_name": "ibmq_belem", "backend_version": "1.0.21", "last_update_date": "2021-10-9", "qubits": [[{"date": "2021-10-9", "name": "T1", "unit": "us", "value": 122.06638254522073}, {"date": "2021-10-9", "name": "T2", "unit": "us", "value": 137.61423744861216}, {"date": "2021-10-9", "name": "frequency", "unit": "GHz", "value": 5.090021548583786}, {"date": "2021-10-9", "name": "anharmonicity", "unit": "GHz", "value": -0.33612300518216515}, {"date": "2021-10-9", "name": "readout_error", "unit": "", "value": 0.017800000000000038}, {"date": "2021-10-9", "name": "prob_meas0_prep1", "unit": "", "value": 0.029200000000000004}, {"date": "2021-10-9", "name": "prob_meas1_prep0", "unit": "", "value": 0.0064}, {"date": "2021-10-9", "name": "readout_length", "unit": "ns", "value": 5351.11111111111}], [{"date": "2021-10-9", "name": "T1", "unit": "us", "value": 80.27614763856229}, {"date": "2021-10-9", "name": "T2", "unit": "us", "value": 107.60068789137293}, {"date": "2021-10-9", "name": "frequency", "unit": "GHz", "value": 5.245563285401427}, {"date": "2021-10-9", "name": "anharmonicity", "unit": "GHz", "value": -0.316572131412737}, {"date": "2021-10-9", "name": "readout_error", "unit": "", "value": 0.023700000000000054}, {"date": "2021-10-9", "name": "prob_meas0_prep1", "unit": "", "value": 0.03939999999999999}, {"date": "2021-10-9", "name": "prob_meas1_prep0", "unit": "", "value": 0.008}, {"date": "2021-10-9", "name": "readout_length", "unit": "ns", "value": 5351.11111111111}], [{"date": "2021-10-9", "name": "T1", "unit": "us", "value": 55.37891664579328}, {"date": "2021-10-9", "name": "T2", "unit": "us", "value": 29.38224177424668}, {"date": "2021-10-9", "name": "frequency", "unit": "GHz", "value": 5.361395474256432}, {"date": "2021-10-9", "name": "anharmonicity", "unit": "GHz", "value": -0.3306274884584928}, {"date": "2021-10-9", "name": "readout_error", "unit": "", "value": 0.02079999999999993}, {"date": "2021-10-9", "name": "prob_meas0_prep1", "unit": "", "value": 0.03320000000000001}, {"date": "2021-10-9", "name": "prob_meas1_prep0", "unit": "", "value": 0.0084}, {"date": "2021-10-9", "name": "readout_length", "unit": "ns", "value": 5351.11111111111}], [{"date": "2021-10-9", "name": "T1", "unit": "us", "value": 82.12462697578532}, {"date": "2021-10-9", "name": "T2", "unit": "us", "value": 112.32362138179879}, {"date": "2021-10-9", "name": "frequency", "unit": "GHz", "value": 5.170383994440932}, {"date": "2021-10-9", "name": "anharmonicity", "unit": "GHz", "value": -0.33373922611368106}, {"date": "2021-10-9", "name": "readout_error", "unit": "", "value": 0.0353}, {"date": "2021-10-9", "name": "prob_meas0_prep1", "unit": "", "value": 0.06159999999999999}, {"date": "2021-10-9", "name": "prob_meas1_prep0", "unit": "", "value": 0.009}, {"date": "2021-10-9", "name": "readout_length", "unit": "ns", "value": 5351.11111111111}], [{"date": "2021-10-9", "name": "T1", "unit": "us", "value": 100.24299762640017}, {"date": "2021-10-9", "name": "T2", "unit": "us", "value": 148.15931923814128}, {"date": "2021-10-9", "name": "frequency", "unit": "GHz", "value": 5.258457273374617}, {"date": "2021-10-9", "name": "anharmonicity", "unit": "GHz", "value": -0.3313451432371279}, {"date": "2021-10-9", "name": "readout_error", "unit": "", "value": 0.01629999999999998}, {"date": "2021-10-9", "name": "prob_meas0_prep1", "unit": "", "value": 0.027599999999999958}, {"date": "2021-10-9", "name": "prob_meas1_prep0", "unit": "", "value": 0.005}, {"date": "2021-10-9", "name": "readout_length", "unit": "ns", "value": 5351.11111111111}]], "gates": [{"qubits": [0], "gate": "id", "parameters": [{"date": "2021-10-9", "name": "gate_error", "unit": "", "value": 0.00017754636148161965}, {"date": "2021-10-9", "name": "gate_length", "unit": "ns", "value": 35.55555555555556}], "name": "id0"}, {"qubits": [1], "gate": "id", "parameters": [{"date": "2021-10-9", "name": "gate_error", "unit": "", "value": 0.00037616808705723297}, {"date": "2021-10-9", "name": "gate_length", "unit": "ns", "value": 35.55555555555556}], "name": "id1"}, {"qubits": [2], "gate": "id", "parameters": [{"date": "2021-10-9", "name": "gate_error", "unit": "", "value": 0.00025619018690011176}, {"date": "2021-10-9", "name": "gate_length", "unit": "ns", "value": 35.55555555555556}], "name": "id2"}, {"qubits": [3], "gate": "id", "parameters": [{"date": "2021-10-9", "name": "gate_error", "unit": "", "value": 0.00042431011450723015}, {"date": "2021-10-9", "name": "gate_length", "unit": "ns", "value": 35.55555555555556}], "name": "id3"}, {"qubits": [4], "gate": "id", "parameters": [{"date": "2021-10-9", "name": "gate_error", "unit": "", "value": 0.00021211336161322541}, {"date": "2021-10-9", "name": "gate_length", "unit": "ns", "value": 35.55555555555556}], "name": "id4"}, {"qubits": [0], "gate": "rz", "parameters": [{"date": "2021-10-9", "name": "gate_error", "unit": "", "value": 0}, {"date": "2021-10-9", "name": "gate_length", "unit": "ns", "value": 0}], "name": "rz0"}, {"qubits": [1], "gate": "rz", "parameters": [{"date": "2021-10-9", "name": "gate_error", "unit": "", "value": 0}, {"date": "2021-10-9", "name": "gate_length", "unit": "ns", "value": 0}], "name": "rz1"}, {"qubits": [2], "gate": "rz", "parameters": [{"date": "2021-10-9", "name": "gate_error", "unit": "", "value": 0}, {"date": "2021-10-9", "name": "gate_length", "unit": "ns", "value": 0}], "name": "rz2"}, {"qubits": [3], "gate": "rz", "parameters": [{"date": "2021-10-9", "name": "gate_error", "unit": "", "value": 0}, {"date": "2021-10-9", "name": "gate_length", "unit": "ns", "value": 0}], "name": "rz3"}, {"qubits": [4], "gate": "rz", "parameters": [{"date": "2021-10-9", "name": "gate_error", "unit": "", "value": 0}, {"date": "2021-10-9", "name": "gate_length", "unit": "ns", "value": 0}], "name": "rz4"}, {"qubits": [0], "gate": "sx", "parameters": [{"date": "2021-10-9", "name": "gate_error", "unit": "", "value": 0.00017754636148161965}, {"date": "2021-10-9", "name": "gate_length", "unit": "ns", "value": 35.55555555555556}], "name": "sx0"}, {"qubits": [1], "gate": "sx", "parameters": [{"date": "2021-10-9", "name": "gate_error", "unit": "", "value": 0.00037616808705723297}, {"date": "2021-10-9", "name": "gate_length", "unit": "ns", "value": 35.55555555555556}], "name": "sx1"}, {"qubits": [2], "gate": "sx", "parameters": [{"date": "2021-10-9", "name": "gate_error", "unit": "", "value": 0.00025619018690011176}, {"date": "2021-10-9", "name": "gate_length", "unit": "ns", "value": 35.55555555555556}], "name": "sx2"}, {"qubits": [3], "gate": "sx", "parameters": [{"date": "2021-10-9", "name": "gate_error", "unit": "", "value": 0.00042431011450723015}, {"date": "2021-10-9", "name": "gate_length", "unit": "ns", "value": 35.55555555555556}], "name": "sx3"}, {"qubits": [4], "gate": "sx", "parameters": [{"date": "2021-10-9", "name": "gate_error", "unit": "", "value": 0.00021211336161322541}, {"date": "2021-10-9", "name": "gate_length", "unit": "ns", "value": 35.55555555555556}], "name": "sx4"}, {"qubits": [0], "gate": "x", "parameters": [{"date": "2021-10-9", "name": "gate_error", "unit": "", "value": 0.00017754636148161965}, {"date": "2021-10-9", "name": "gate_length", "unit": "ns", "value": 35.55555555555556}], "name": "x0"}, {"qubits": [1], "gate": "x", "parameters": [{"date": "2021-10-9", "name": "gate_error", "unit": "", "value": 0.00037616808705723297}, {"date": "2021-10-9", "name": "gate_length", "unit": "ns", "value": 35.55555555555556}], "name": "x1"}, {"qubits": [2], "gate": "x", "parameters": [{"date": "2021-10-9", "name": "gate_error", "unit": "", "value": 0.00025619018690011176}, {"date": "2021-10-9", "name": "gate_length", "unit": "ns", "value": 35.55555555555556}], "name": "x2"}, {"qubits": [3], "gate": "x", "parameters": [{"date": "2021-10-9", "name": "gate_error", "unit": "", "value": 0.00042431011450723015}, {"date": "2021-10-9", "name": "gate_length", "unit": "ns", "value": 35.55555555555556}], "name": "x3"}, {"qubits": [4], "gate": "x", "parameters": [{"date": "2021-10-9", "name": "gate_error", "unit": "", "value": 0.00021211336161322541}, {"date": "2021-10-9", "name": "gate_length", "unit": "ns", "value": 35.55555555555556}], "name": "x4"}, {"qubits": [4, 3], "gate": "cx", "parameters": [{"date": "2021-10-9", "name": "gate_error", "unit": "", "value": 0.01365700787024271}, {"date": "2021-10-6", "name": "gate_length", "unit": "ns", "value": 554.6666666666666}], "name": "cx4_3"}, {"qubits": [3, 4], "gate": "cx", "parameters": [{"date": "2021-10-9", "name": "gate_error", "unit": "", "value": 0.01365700787024271}, {"date": "2021-10-6", "name": "gate_length", "unit": "ns", "value": 590.2222222222222}], "name": "cx3_4"}, {"qubits": [3, 1], "gate": "cx", "parameters": [{"date": "2021-10-9", "name": "gate_error", "unit": "", "value": 0.01220824766069692}, {"date": "2021-10-6", "name": "gate_length", "unit": "ns", "value": 398.2222222222222}], "name": "cx3_1"}, {"qubits": [1, 3], "gate": "cx", "parameters": [{"date": "2021-10-9", "name": "gate_error", "unit": "", "value": 0.01220824766069692}, {"date": "2021-10-6", "name": "gate_length", "unit": "ns", "value": 433.77777777777777}], "name": "cx1_3"}, {"qubits": [2, 1], "gate": "cx", "parameters": [{"date": "2021-10-9", "name": "gate_error", "unit": "", "value": 0.007357962378990779}, {"date": "2021-10-6", "name": "gate_length", "unit": "ns", "value": 412.4444444444444}], "name": "cx2_1"}, {"qubits": [1, 2], "gate": "cx", "parameters": [{"date": "2021-10-9", "name": "gate_error", "unit": "", "value": 0.007357962378990779}, {"date": "2021-10-6", "name": "gate_length", "unit": "ns", "value": 448}], "name": "cx1_2"}, {"qubits": [1, 0], "gate": "cx", "parameters": [{"date": "2021-10-9", "name": "gate_error", "unit": "", "value": 0.02862864053463507}, {"date": "2021-10-6", "name": "gate_length", "unit": "ns", "value": 775.1111111111111}], "name": "cx1_0"}, {"qubits": [0, 1], "gate": "cx", "parameters": [{"date": "2021-10-9", "name": "gate_error", "unit": "", "value": 0.02862864053463507}, {"date": "2021-10-6", "name": "gate_length", "unit": "ns", "value": 810.6666666666666}], "name": "cx0_1"}, {"qubits": [0], "gate": "reset", "parameters": [{"date": "2021-10-9", "name": "gate_length", "unit": "ns", "value": 7342.222222222222}], "name": "reset0"}, {"qubits": [1], "gate": "reset", "parameters": [{"date": "2021-10-9", "name": "gate_length", "unit": "ns", "value": 7342.222222222222}], "name": "reset1"}, {"qubits": [2], "gate": "reset", "parameters": [{"date": "2021-10-9", "name": "gate_length", "unit": "ns", "value": 7342.222222222222}], "name": "reset2"}, {"qubits": [3], "gate": "reset", "parameters": [{"date": "2021-10-9", "name": "gate_length", "unit": "ns", "value": 7342.222222222222}], "name": "reset3"}, {"qubits": [4], "gate": "reset", "parameters": [{"date": "2021-10-9", "name": "gate_length", "unit": "ns", "value": 7342.222222222222}], "name": "reset4"}], "general": [{"date": "2021-10-9", "name": "jq_01", "unit": "GHz", "value": 0.0018736137364449847}, {"date": "2021-10-9", "name": "zz_01", "unit": "GHz", "value": -5.778719017046504e-05}, {"date": "2021-10-9", "name": "jq_12", "unit": "GHz", "value": 0.0020062596172337292}, {"date": "2021-10-9", "name": "zz_12", "unit": "GHz", "value": -5.607853601551941e-05}, {"date": "2021-10-9", "name": "jq_13", "unit": "GHz", "value": 0.0020039976609872224}, {"date": "2021-10-9", "name": "zz_13", "unit": "GHz", "value": -5.2854062688980254e-05}, {"date": "2021-10-9", "name": "jq_34", "unit": "GHz", "value": 0.0016737719182152912}, {"date": "2021-10-9", "name": "zz_34", "unit": "GHz", "value": -3.628419642815204e-05}]}