{"backend_name": "ibmq_belem", "backend_version": "1.0.20", "last_update_date": "2021-10-4", "qubits": [[{"date": "2021-10-4", "name": "T1", "unit": "us", "value": 78.74135889205157}, {"date": "2021-10-4", "name": "T2", "unit": "us", "value": 102.85842553299071}, {"date": "2021-10-4", "name": "frequency", "unit": "GHz", "value": 5.090018425714404}, {"date": "2021-10-4", "name": "anharmonicity", "unit": "GHz", "value": -0.33612300518216515}, {"date": "2021-10-4", "name": "readout_error", "unit": "", "value": 0.022199999999999998}, {"date": "2021-10-4", "name": "prob_meas0_prep1", "unit": "", "value": 0.031399999999999983}, {"date": "2021-10-4", "name": "prob_meas1_prep0", "unit": "", "value": 0.013}, {"date": "2021-10-4", "name": "readout_length", "unit": "ns", "value": 5351.11111111111}], [{"date": "2021-10-4", "name": "T1", "unit": "us", "value": 80.63426470843476}, {"date": "2021-10-4", "name": "T2", "unit": "us", "value": 20.7681581774965}, {"date": "2021-10-4", "name": "frequency", "unit": "GHz", "value": 5.245505301185155}, {"date": "2021-10-4", "name": "anharmonicity", "unit": "GHz", "value": -0.316572131412737}, {"date": "2021-10-4", "name": "readout_error", "unit": "", "value": 0.10220000000000007}, {"date": "2021-10-4", "name": "prob_meas0_prep1", "unit": "", "value": 0.1572}, {"date": "2021-10-4", "name": "prob_meas1_prep0", "unit": "", "value": 0.0472}, {"date": "2021-10-4", "name": "readout_length", "unit": "ns", "value": 5351.11111111111}], [{"date": "2021-10-4", "name": "T1", "unit": "us", "value": 62.926189807710216}, {"date": "2021-10-4", "name": "T2", "unit": "us", "value": 29.281452861847804}, {"date": "2021-10-4", "name": "frequency", "unit": "GHz", "value": 5.361396701383688}, {"date": "2021-10-4", "name": "anharmonicity", "unit": "GHz", "value": -0.3306274884584928}, {"date": "2021-10-4", "name": "readout_error", "unit": "", "value": 0.019499999999999962}, {"date": "2021-10-4", "name": "prob_meas0_prep1", "unit": "", "value": 0.03259999999999996}, {"date": "2021-10-4", "name": "prob_meas1_prep0", "unit": "", "value": 0.0064}, {"date": "2021-10-4", "name": "readout_length", "unit": "ns", "value": 5351.11111111111}], [{"date": "2021-10-4", "name": "T1", "unit": "us", "value": 73.30007145105382}, {"date": "2021-10-4", "name": "T2", "unit": "us", "value": 105.9448271755326}, {"date": "2021-10-4", "name": "frequency", "unit": "GHz", "value": 5.170389237336194}, {"date": "2021-10-4", "name": "anharmonicity", "unit": "GHz", "value": -0.33373922611368106}, {"date": "2021-10-4", "name": "readout_error", "unit": "", "value": 0.02980000000000005}, {"date": "2021-10-4", "name": "prob_meas0_prep1", "unit": "", "value": 0.050799999999999956}, {"date": "2021-10-4", "name": "prob_meas1_prep0", "unit": "", "value": 0.0088}, {"date": "2021-10-4", "name": "readout_length", "unit": "ns", "value": 5351.11111111111}], [{"date": "2021-10-4", "name": "T1", "unit": "us", "value": 96.27374920230196}, {"date": "2021-10-4", "name": "T2", "unit": "us", "value": 140.82921403119607}, {"date": "2021-10-4", "name": "frequency", "unit": "GHz", "value": 5.258460639804274}, {"date": "2021-10-4", "name": "anharmonicity", "unit": "GHz", "value": -0.3313451432371279}, {"date": "2021-10-4", "name": "readout_error", "unit": "", "value": 0.018799999999999928}, {"date": "2021-10-4", "name": "prob_meas0_prep1", "unit": "", "value": 0.030399999999999983}, {"date": "2021-10-4", "name": "prob_meas1_prep0", "unit": "", "value": 0.0072}, {"date": "2021-10-4", "name": "readout_length", "unit": "ns", "value": 5351.11111111111}]], "gates": [{"qubits": [0], "gate": "id", "parameters": [{"date": "2021-10-4", "name": "gate_error", "unit": "", "value": 0.00020368626220583735}, {"date": "2021-10-4", "name": "gate_length", "unit": "ns", "value": 35.55555555555556}], "name": "id0"}, {"qubits": [1], "gate": "id", "parameters": [{"date": "2021-10-4", "name": "gate_error", "unit": "", "value": 0.0018768168536714106}, {"date": "2021-10-4", "name": "gate_length", "unit": "ns", "value": 35.55555555555556}], "name": "id1"}, {"qubits": [2], "gate": "id", "parameters": [{"date": "2021-10-4", "name": "gate_error", "unit": "", "value": 0.00022083542740107691}, {"date": "2021-10-4", "name": "gate_length", "unit": "ns", "value": 35.55555555555556}], "name": "id2"}, {"qubits": [3], "gate": "id", "parameters": [{"date": "2021-10-4", "name": "gate_error", "unit": "", "value": 0.0005315544063380096}, {"date": "2021-10-4", "name": "gate_length", "unit": "ns", "value": 35.55555555555556}], "name": "id3"}, {"qubits": [4], "gate": "id", "parameters": [{"date": "2021-10-4", "name": "gate_error", "unit": "", "value": 0.00021984483254158774}, {"date": "2021-10-4", "name": "gate_length", "unit": "ns", "value": 35.55555555555556}], "name": "id4"}, {"qubits": [0], "gate": "rz", "parameters": [{"date": "2021-10-4", "name": "gate_error", "unit": "", "value": 0}, {"date": "2021-10-4", "name": "gate_length", "unit": "ns", "value": 0}], "name": "rz0"}, {"qubits": [1], "gate": "rz", "parameters": [{"date": "2021-10-4", "name": "gate_error", "unit": "", "value": 0}, {"date": "2021-10-4", "name": "gate_length", "unit": "ns", "value": 0}], "name": "rz1"}, {"qubits": [2], "gate": "rz", "parameters": [{"date": "2021-10-4", "name": "gate_error", "unit": "", "value": 0}, {"date": "2021-10-4", "name": "gate_length", "unit": "ns", "value": 0}], "name": "rz2"}, {"qubits": [3], "gate": "rz", "parameters": [{"date": "2021-10-4", "name": "gate_error", "unit": "", "value": 0}, {"date": "2021-10-4", "name": "gate_length", "unit": "ns", "value": 0}], "name": "rz3"}, {"qubits": [4], "gate": "rz", "parameters": [{"date": "2021-10-4", "name": "gate_error", "unit": "", "value": 0}, {"date": "2021-10-4", "name": "gate_length", "unit": "ns", "value": 0}], "name": "rz4"}, {"qubits": [0], "gate": "sx", "parameters": [{"date": "2021-10-4", "name": "gate_error", "unit": "", "value": 0.00020368626220583735}, {"date": "2021-10-4", "name": "gate_length", "unit": "ns", "value": 35.55555555555556}], "name": "sx0"}, {"qubits": [1], "gate": "sx", "parameters": [{"date": "2021-10-4", "name": "gate_error", "unit": "", "value": 0.0018768168536714106}, {"date": "2021-10-4", "name": "gate_length", "unit": "ns", "value": 35.55555555555556}], "name": "sx1"}, {"qubits": [2], "gate": "sx", "parameters": [{"date": "2021-10-4", "name": "gate_error", "unit": "", "value": 0.00022083542740107691}, {"date": "2021-10-4", "name": "gate_length", "unit": "ns", "value": 35.55555555555556}], "name": "sx2"}, {"qubits": [3], "gate": "sx", "parameters": [{"date": "2021-10-4", "name": "gate_error", "unit": "", "value": 0.0005315544063380096}, {"date": "2021-10-4", "name": "gate_length", "unit": "ns", "value": 35.55555555555556}], "name": "sx3"}, {"qubits": [4], "gate": "sx", "parameters": [{"date": "2021-10-4", "name": "gate_error", "unit": "", "value": 0.00021984483254158774}, {"date": "2021-10-4", "name": "gate_length", "unit": "ns", "value": 35.55555555555556}], "name": "sx4"}, {"qubits": [0], "gate": "x", "parameters": [{"date": "2021-10-4", "name": "gate_error", "unit": "", "value": 0.00020368626220583735}, {"date": "2021-10-4", "name": "gate_length", "unit": "ns", "value": 35.55555555555556}], "name": "x0"}, {"qubits": [1], "gate": "x", "parameters": [{"date": "2021-10-4", "name": "gate_error", "unit": "", "value": 0.0018768168536714106}, {"date": "2021-10-4", "name": "gate_length", "unit": "ns", "value": 35.55555555555556}], "name": "x1"}, {"qubits": [2], "gate": "x", "parameters": [{"date": "2021-10-4", "name": "gate_error", "unit": "", "value": 0.00022083542740107691}, {"date": "2021-10-4", "name": "gate_length", "unit": "ns", "value": 35.55555555555556}], "name": "x2"}, {"qubits": [3], "gate": "x", "parameters": [{"date": "2021-10-4", "name": "gate_error", "unit": "", "value": 0.0005315544063380096}, {"date": "2021-10-4", "name": "gate_length", "unit": "ns", "value": 35.55555555555556}], "name": "x3"}, {"qubits": [4], "gate": "x", "parameters": [{"date": "2021-10-4", "name": "gate_error", "unit": "", "value": 0.00021984483254158774}, {"date": "2021-10-4", "name": "gate_length", "unit": "ns", "value": 35.55555555555556}], "name": "x4"}, {"qubits": [4, 3], "gate": "cx", "parameters": [{"date": "2021-10-4", "name": "gate_error", "unit": "", "value": 0.01446655843248948}, {"date": "2021-10-1", "name": "gate_length", "unit": "ns", "value": 554.6666666666666}], "name": "cx4_3"}, {"qubits": [3, 4], "gate": "cx", "parameters": [{"date": "2021-10-4", "name": "gate_error", "unit": "", "value": 0.01446655843248948}, {"date": "2021-10-1", "name": "gate_length", "unit": "ns", "value": 590.2222222222222}], "name": "cx3_4"}, {"qubits": [3, 1], "gate": "cx", "parameters": [{"date": "2021-10-4", "name": "gate_error", "unit": "", "value": 0.02639158903666544}, {"date": "2021-10-1", "name": "gate_length", "unit": "ns", "value": 398.2222222222222}], "name": "cx3_1"}, {"qubits": [1, 3], "gate": "cx", "parameters": [{"date": "2021-10-4", "name": "gate_error", "unit": "", "value": 0.02639158903666544}, {"date": "2021-10-1", "name": "gate_length", "unit": "ns", "value": 433.77777777777777}], "name": "cx1_3"}, {"qubits": [2, 1], "gate": "cx", "parameters": [{"date": "2021-10-4", "name": "gate_error", "unit": "", "value": 0.0225724987563716}, {"date": "2021-10-1", "name": "gate_length", "unit": "ns", "value": 412.4444444444444}], "name": "cx2_1"}, {"qubits": [1, 2], "gate": "cx", "parameters": [{"date": "2021-10-4", "name": "gate_error", "unit": "", "value": 0.0225724987563716}, {"date": "2021-10-1", "name": "gate_length", "unit": "ns", "value": 448}], "name": "cx1_2"}, {"qubits": [1, 0], "gate": "cx", "parameters": [{"date": "2021-10-2", "name": "gate_error", "unit": "", "value": 0.02448417781237658}, {"date": "2021-10-1", "name": "gate_length", "unit": "ns", "value": 775.1111111111111}], "name": "cx1_0"}, {"qubits": [0, 1], "gate": "cx", "parameters": [{"date": "2021-10-2", "name": "gate_error", "unit": "", "value": 0.02448417781237658}, {"date": "2021-10-1", "name": "gate_length", "unit": "ns", "value": 810.6666666666666}], "name": "cx0_1"}, {"qubits": [0], "gate": "reset", "parameters": [{"date": "2021-10-4", "name": "gate_length", "unit": "ns", "value": 7342.222222222222}], "name": "reset0"}, {"qubits": [1], "gate": "reset", "parameters": [{"date": "2021-10-4", "name": "gate_length", "unit": "ns", "value": 7342.222222222222}], "name": "reset1"}, {"qubits": [2], "gate": "reset", "parameters": [{"date": "2021-10-4", "name": "gate_length", "unit": "ns", "value": 7342.222222222222}], "name": "reset2"}, {"qubits": [3], "gate": "reset", "parameters": [{"date": "2021-10-4", "name": "gate_length", "unit": "ns", "value": 7342.222222222222}], "name": "reset3"}, {"qubits": [4], "gate": "reset", "parameters": [{"date": "2021-10-4", "name": "gate_length", "unit": "ns", "value": 7342.222222222222}], "name": "reset4"}], "general": [{"date": "2021-10-4", "name": "jq_01", "unit": "GHz", "value": 0.0018736137364449847}, {"date": "2021-10-4", "name": "zz_01", "unit": "GHz", "value": -5.778719017046504e-05}, {"date": "2021-10-4", "name": "jq_12", "unit": "GHz", "value": 0.0020062596172337292}, {"date": "2021-10-4", "name": "zz_12", "unit": "GHz", "value": -5.607853601551941e-05}, {"date": "2021-10-4", "name": "jq_13", "unit": "GHz", "value": 0.0020039976609872224}, {"date": "2021-10-4", "name": "zz_13", "unit": "GHz", "value": -5.2854062688980254e-05}, {"date": "2021-10-4", "name": "jq_34", "unit": "GHz", "value": 0.0016737719182152912}, {"date": "2021-10-4", "name": "zz_34", "unit": "GHz", "value": -3.628419642815204e-05}]}