{"backend_name": "ibmq_belem", "backend_version": "1.0.22", "last_update_date": "2021-10-19", "qubits": [[{"date": "2021-10-19", "name": "T1", "unit": "us", "value": 122.71138102726486}, {"date": "2021-10-19", "name": "T2", "unit": "us", "value": 114.38520076241738}, {"date": "2021-10-19", "name": "frequency", "unit": "GHz", "value": 5.090022342663756}, {"date": "2021-10-19", "name": "anharmonicity", "unit": "GHz", "value": -0.33612300518216515}, {"date": "2021-10-19", "name": "readout_error", "unit": "", "value": 0.03849999999999998}, {"date": "2021-10-19", "name": "prob_meas0_prep1", "unit": "", "value": 0.04700000000000004}, {"date": "2021-10-19", "name": "prob_meas1_prep0", "unit": "", "value": 0.03}, {"date": "2021-10-19", "name": "readout_length", "unit": "ns", "value": 5351.11111111111}], [{"date": "2021-10-19", "name": "T1", "unit": "us", "value": 95.97484119943769}, {"date": "2021-10-19", "name": "T2", "unit": "us", "value": 79.89626190706508}, {"date": "2021-10-19", "name": "frequency", "unit": "GHz", "value": 5.24555417229742}, {"date": "2021-10-19", "name": "anharmonicity", "unit": "GHz", "value": -0.316572131412737}, {"date": "2021-10-19", "name": "readout_error", "unit": "", "value": 0.08899999999999997}, {"date": "2021-10-19", "name": "prob_meas0_prep1", "unit": "", "value": 0.15400000000000003}, {"date": "2021-10-19", "name": "prob_meas1_prep0", "unit": "", "value": 0.024}, {"date": "2021-10-19", "name": "readout_length", "unit": "ns", "value": 5351.11111111111}], [{"date": "2021-10-19", "name": "T1", "unit": "us", "value": 84.87145721845141}, {"date": "2021-10-19", "name": "T2", "unit": "us", "value": 31.54010876430172}, {"date": "2021-10-19", "name": "frequency", "unit": "GHz", "value": 5.361415640433215}, {"date": "2021-10-19", "name": "anharmonicity", "unit": "GHz", "value": -0.3306274884584928}, {"date": "2021-10-19", "name": "readout_error", "unit": "", "value": 0.020499999999999963}, {"date": "2021-10-19", "name": "prob_meas0_prep1", "unit": "", "value": 0.03380000000000005}, {"date": "2021-10-19", "name": "prob_meas1_prep0", "unit": "", "value": 0.0072}, {"date": "2021-10-19", "name": "readout_length", "unit": "ns", "value": 5351.11111111111}], [{"date": "2021-10-19", "name": "T1", "unit": "us", "value": 82.41099994858997}, {"date": "2021-10-19", "name": "T2", "unit": "us", "value": 118.57702781928803}, {"date": "2021-10-19", "name": "frequency", "unit": "GHz", "value": 5.170387222185757}, {"date": "2021-10-19", "name": "anharmonicity", "unit": "GHz", "value": -0.33373922611368106}, {"date": "2021-10-19", "name": "readout_error", "unit": "", "value": 0.045499999999999985}, {"date": "2021-10-19", "name": "prob_meas0_prep1", "unit": "", "value": 0.07499999999999996}, {"date": "2021-10-19", "name": "prob_meas1_prep0", "unit": "", "value": 0.016}, {"date": "2021-10-19", "name": "readout_length", "unit": "ns", "value": 5351.11111111111}], [{"date": "2021-10-19", "name": "T1", "unit": "us", "value": 64.57874434791191}, {"date": "2021-10-19", "name": "T2", "unit": "us", "value": 126.69523126030776}, {"date": "2021-10-19", "name": "frequency", "unit": "GHz", "value": 5.258464783303438}, {"date": "2021-10-19", "name": "anharmonicity", "unit": "GHz", "value": -0.3313451432371279}, {"date": "2021-10-19", "name": "readout_error", "unit": "", "value": 0.016100000000000003}, {"date": "2021-10-19", "name": "prob_meas0_prep1", "unit": "", "value": 0.02739999999999998}, {"date": "2021-10-19", "name": "prob_meas1_prep0", "unit": "", "value": 0.0048}, {"date": "2021-10-19", "name": "readout_length", "unit": "ns", "value": 5351.11111111111}]], "gates": [{"qubits": [0], "gate": "id", "parameters": [{"date": "2021-10-19", "name": "gate_error", "unit": "", "value": 0.00016792985127473125}, {"date": "2021-10-19", "name": "gate_length", "unit": "ns", "value": 35.55555555555556}], "name": "id0"}, {"qubits": [1], "gate": "id", "parameters": [{"date": "2021-10-19", "name": "gate_error", "unit": "", "value": 0.000484959432677319}, {"date": "2021-10-19", "name": "gate_length", "unit": "ns", "value": 35.55555555555556}], "name": "id1"}, {"qubits": [2], "gate": "id", "parameters": [{"date": "2021-10-19", "name": "gate_error", "unit": "", "value": 0.0002102096917545055}, {"date": "2021-10-19", "name": "gate_length", "unit": "ns", "value": 35.55555555555556}], "name": "id2"}, {"qubits": [3], "gate": "id", "parameters": [{"date": "2021-10-19", "name": "gate_error", "unit": "", "value": 0.0002958379599962159}, {"date": "2021-10-19", "name": "gate_length", "unit": "ns", "value": 35.55555555555556}], "name": "id3"}, {"qubits": [4], "gate": "id", "parameters": [{"date": "2021-10-19", "name": "gate_error", "unit": "", "value": 0.00019363816789764137}, {"date": "2021-10-19", "name": "gate_length", "unit": "ns", "value": 35.55555555555556}], "name": "id4"}, {"qubits": [0], "gate": "rz", "parameters": [{"date": "2021-10-19", "name": "gate_error", "unit": "", "value": 0}, {"date": "2021-10-19", "name": "gate_length", "unit": "ns", "value": 0}], "name": "rz0"}, {"qubits": [1], "gate": "rz", "parameters": [{"date": "2021-10-19", "name": "gate_error", "unit": "", "value": 0}, {"date": "2021-10-19", "name": "gate_length", "unit": "ns", "value": 0}], "name": "rz1"}, {"qubits": [2], "gate": "rz", "parameters": [{"date": "2021-10-19", "name": "gate_error", "unit": "", "value": 0}, {"date": "2021-10-19", "name": "gate_length", "unit": "ns", "value": 0}], "name": "rz2"}, {"qubits": [3], "gate": "rz", "parameters": [{"date": "2021-10-19", "name": "gate_error", "unit": "", "value": 0}, {"date": "2021-10-19", "name": "gate_length", "unit": "ns", "value": 0}], "name": "rz3"}, {"qubits": [4], "gate": "rz", "parameters": [{"date": "2021-10-19", "name": "gate_error", "unit": "", "value": 0}, {"date": "2021-10-19", "name": "gate_length", "unit": "ns", "value": 0}], "name": "rz4"}, {"qubits": [0], "gate": "sx", "parameters": [{"date": "2021-10-19", "name": "gate_error", "unit": "", "value": 0.00016792985127473125}, {"date": "2021-10-19", "name": "gate_length", "unit": "ns", "value": 35.55555555555556}], "name": "sx0"}, {"qubits": [1], "gate": "sx", "parameters": [{"date": "2021-10-19", "name": "gate_error", "unit": "", "value": 0.000484959432677319}, {"date": "2021-10-19", "name": "gate_length", "unit": "ns", "value": 35.55555555555556}], "name": "sx1"}, {"qubits": [2], "gate": "sx", "parameters": [{"date": "2021-10-19", "name": "gate_error", "unit": "", "value": 0.0002102096917545055}, {"date": "2021-10-19", "name": "gate_length", "unit": "ns", "value": 35.55555555555556}], "name": "sx2"}, {"qubits": [3], "gate": "sx", "parameters": [{"date": "2021-10-19", "name": "gate_error", "unit": "", "value": 0.0002958379599962159}, {"date": "2021-10-19", "name": "gate_length", "unit": "ns", "value": 35.55555555555556}], "name": "sx3"}, {"qubits": [4], "gate": "sx", "parameters": [{"date": "2021-10-19", "name": "gate_error", "unit": "", "value": 0.00019363816789764137}, {"date": "2021-10-19", "name": "gate_length", "unit": "ns", "value": 35.55555555555556}], "name": "sx4"}, {"qubits": [0], "gate": "x", "parameters": [{"date": "2021-10-19", "name": "gate_error", "unit": "", "value": 0.00016792985127473125}, {"date": "2021-10-19", "name": "gate_length", "unit": "ns", "value": 35.55555555555556}], "name": "x0"}, {"qubits": [1], "gate": "x", "parameters": [{"date": "2021-10-19", "name": "gate_error", "unit": "", "value": 0.000484959432677319}, {"date": "2021-10-19", "name": "gate_length", "unit": "ns", "value": 35.55555555555556}], "name": "x1"}, {"qubits": [2], "gate": "x", "parameters": [{"date": "2021-10-19", "name": "gate_error", "unit": "", "value": 0.0002102096917545055}, {"date": "2021-10-19", "name": "gate_length", "unit": "ns", "value": 35.55555555555556}], "name": "x2"}, {"qubits": [3], "gate": "x", "parameters": [{"date": "2021-10-19", "name": "gate_error", "unit": "", "value": 0.0002958379599962159}, {"date": "2021-10-19", "name": "gate_length", "unit": "ns", "value": 35.55555555555556}], "name": "x3"}, {"qubits": [4], "gate": "x", "parameters": [{"date": "2021-10-19", "name": "gate_error", "unit": "", "value": 0.00019363816789764137}, {"date": "2021-10-19", "name": "gate_length", "unit": "ns", "value": 35.55555555555556}], "name": "x4"}, {"qubits": [4, 3], "gate": "cx", "parameters": [{"date": "2021-10-19", "name": "gate_error", "unit": "", "value": 0.007599024975870672}, {"date": "2021-10-16", "name": "gate_length", "unit": "ns", "value": 554.6666666666666}], "name": "cx4_3"}, {"qubits": [3, 4], "gate": "cx", "parameters": [{"date": "2021-10-19", "name": "gate_error", "unit": "", "value": 0.007599024975870672}, {"date": "2021-10-16", "name": "gate_length", "unit": "ns", "value": 590.2222222222222}], "name": "cx3_4"}, {"qubits": [3, 1], "gate": "cx", "parameters": [{"date": "2021-10-19", "name": "gate_error", "unit": "", "value": 0.015045028635674834}, {"date": "2021-10-16", "name": "gate_length", "unit": "ns", "value": 398.2222222222222}], "name": "cx3_1"}, {"qubits": [1, 3], "gate": "cx", "parameters": [{"date": "2021-10-19", "name": "gate_error", "unit": "", "value": 0.015045028635674834}, {"date": "2021-10-16", "name": "gate_length", "unit": "ns", "value": 433.77777777777777}], "name": "cx1_3"}, {"qubits": [2, 1], "gate": "cx", "parameters": [{"date": "2021-10-19", "name": "gate_error", "unit": "", "value": 0.016253551944731548}, {"date": "2021-10-16", "name": "gate_length", "unit": "ns", "value": 412.4444444444444}], "name": "cx2_1"}, {"qubits": [1, 2], "gate": "cx", "parameters": [{"date": "2021-10-19", "name": "gate_error", "unit": "", "value": 0.016253551944731548}, {"date": "2021-10-16", "name": "gate_length", "unit": "ns", "value": 448}], "name": "cx1_2"}, {"qubits": [1, 0], "gate": "cx", "parameters": [{"date": "2021-10-19", "name": "gate_error", "unit": "", "value": 0.024720564931779848}, {"date": "2021-10-16", "name": "gate_length", "unit": "ns", "value": 775.1111111111111}], "name": "cx1_0"}, {"qubits": [0, 1], "gate": "cx", "parameters": [{"date": "2021-10-19", "name": "gate_error", "unit": "", "value": 0.024720564931779848}, {"date": "2021-10-16", "name": "gate_length", "unit": "ns", "value": 810.6666666666666}], "name": "cx0_1"}, {"qubits": [0], "gate": "reset", "parameters": [{"date": "2021-10-19", "name": "gate_length", "unit": "ns", "value": 7342.222222222222}], "name": "reset0"}, {"qubits": [1], "gate": "reset", "parameters": [{"date": "2021-10-19", "name": "gate_length", "unit": "ns", "value": 7342.222222222222}], "name": "reset1"}, {"qubits": [2], "gate": "reset", "parameters": [{"date": "2021-10-19", "name": "gate_length", "unit": "ns", "value": 7342.222222222222}], "name": "reset2"}, {"qubits": [3], "gate": "reset", "parameters": [{"date": "2021-10-19", "name": "gate_length", "unit": "ns", "value": 7342.222222222222}], "name": "reset3"}, {"qubits": [4], "gate": "reset", "parameters": [{"date": "2021-10-19", "name": "gate_length", "unit": "ns", "value": 7342.222222222222}], "name": "reset4"}], "general": [{"date": "2021-10-19", "name": "jq_01", "unit": "GHz", "value": 0.0018736137364449847}, {"date": "2021-10-19", "name": "zz_01", "unit": "GHz", "value": -5.778719017046504e-05}, {"date": "2021-10-19", "name": "jq_12", "unit": "GHz", "value": 0.0020062596172337292}, {"date": "2021-10-19", "name": "zz_12", "unit": "GHz", "value": -5.607853601551941e-05}, {"date": "2021-10-19", "name": "jq_13", "unit": "GHz", "value": 0.0020039976609872224}, {"date": "2021-10-19", "name": "zz_13", "unit": "GHz", "value": -5.2854062688980254e-05}, {"date": "2021-10-19", "name": "jq_34", "unit": "GHz", "value": 0.0016737719182152912}, {"date": "2021-10-19", "name": "zz_34", "unit": "GHz", "value": -3.628419642815204e-05}]}