{"backend_name": "ibmq_belem", "backend_version": "1.0.19", "last_update_date": "2021-9-23", "qubits": [[{"date": "2021-9-23", "name": "T1", "unit": "us", "value": 91.1689204059951}, {"date": "2021-9-23", "name": "T2", "unit": "us", "value": 114.36247160403454}, {"date": "2021-9-23", "name": "frequency", "unit": "GHz", "value": 5.090017491711077}, {"date": "2021-9-23", "name": "anharmonicity", "unit": "GHz", "value": -0.33612300518216515}, {"date": "2021-9-23", "name": "readout_error", "unit": "", "value": 0.016900000000000026}, {"date": "2021-9-23", "name": "prob_meas0_prep1", "unit": "", "value": 0.027000000000000024}, {"date": "2021-9-23", "name": "prob_meas1_prep0", "unit": "", "value": 0.0068}, {"date": "2021-9-23", "name": "readout_length", "unit": "ns", "value": 5351.11111111111}], [{"date": "2021-9-23", "name": "T1", "unit": "us", "value": 73.15563129049734}, {"date": "2021-9-23", "name": "T2", "unit": "us", "value": 115.7928291127068}, {"date": "2021-9-23", "name": "frequency", "unit": "GHz", "value": 5.24549829121277}, {"date": "2021-9-23", "name": "anharmonicity", "unit": "GHz", "value": -0.316572131412737}, {"date": "2021-9-23", "name": "readout_error", "unit": "", "value": 0.021299999999999986}, {"date": "2021-9-23", "name": "prob_meas0_prep1", "unit": "", "value": 0.027200000000000002}, {"date": "2021-9-23", "name": "prob_meas1_prep0", "unit": "", "value": 0.0154}, {"date": "2021-9-23", "name": "readout_length", "unit": "ns", "value": 5351.11111111111}], [{"date": "2021-9-23", "name": "T1", "unit": "us", "value": 88.25880608400217}, {"date": "2021-9-23", "name": "T2", "unit": "us", "value": 37.02651389000999}, {"date": "2021-9-23", "name": "frequency", "unit": "GHz", "value": 5.361410298522493}, {"date": "2021-9-23", "name": "anharmonicity", "unit": "GHz", "value": -0.3306274884584928}, {"date": "2021-9-23", "name": "readout_error", "unit": "", "value": 0.020399999999999974}, {"date": "2021-9-23", "name": "prob_meas0_prep1", "unit": "", "value": 0.03400000000000003}, {"date": "2021-9-23", "name": "prob_meas1_prep0", "unit": "", "value": 0.0068}, {"date": "2021-9-23", "name": "readout_length", "unit": "ns", "value": 5351.11111111111}], [{"date": "2021-9-23", "name": "T1", "unit": "us", "value": 74.38178303639931}, {"date": "2021-9-23", "name": "T2", "unit": "us", "value": 104.12933718617266}, {"date": "2021-9-23", "name": "frequency", "unit": "GHz", "value": 5.170386664294975}, {"date": "2021-9-23", "name": "anharmonicity", "unit": "GHz", "value": -0.33373922611368106}, {"date": "2021-9-23", "name": "readout_error", "unit": "", "value": 0.01970000000000005}, {"date": "2021-9-23", "name": "prob_meas0_prep1", "unit": "", "value": 0.030399999999999983}, {"date": "2021-9-23", "name": "prob_meas1_prep0", "unit": "", "value": 0.009}, {"date": "2021-9-23", "name": "readout_length", "unit": "ns", "value": 5351.11111111111}], [{"date": "2021-9-23", "name": "T1", "unit": "us", "value": 117.18858637885961}, {"date": "2021-9-23", "name": "T2", "unit": "us", "value": 160.3250239122464}, {"date": "2021-9-23", "name": "frequency", "unit": "GHz", "value": 5.258380993381106}, {"date": "2021-9-23", "name": "anharmonicity", "unit": "GHz", "value": -0.3313451432371279}, {"date": "2021-9-23", "name": "readout_error", "unit": "", "value": 0.02059999999999995}, {"date": "2021-9-23", "name": "prob_meas0_prep1", "unit": "", "value": 0.03380000000000005}, {"date": "2021-9-23", "name": "prob_meas1_prep0", "unit": "", "value": 0.0074}, {"date": "2021-9-23", "name": "readout_length", "unit": "ns", "value": 5351.11111111111}]], "gates": [{"qubits": [0], "gate": "id", "parameters": [{"date": "2021-9-23", "name": "gate_error", "unit": "", "value": 0.0001892623602714318}, {"date": "2021-9-23", "name": "gate_length", "unit": "ns", "value": 35.55555555555556}], "name": "id0"}, {"qubits": [1], "gate": "id", "parameters": [{"date": "2021-9-23", "name": "gate_error", "unit": "", "value": 0.00023880415414734258}, {"date": "2021-9-23", "name": "gate_length", "unit": "ns", "value": 35.55555555555556}], "name": "id1"}, {"qubits": [2], "gate": "id", "parameters": [{"date": "2021-9-23", "name": "gate_error", "unit": "", "value": 0.00022488889355950478}, {"date": "2021-9-23", "name": "gate_length", "unit": "ns", "value": 35.55555555555556}], "name": "id2"}, {"qubits": [3], "gate": "id", "parameters": [{"date": "2021-9-23", "name": "gate_error", "unit": "", "value": 0.00027204363937530376}, {"date": "2021-9-23", "name": "gate_length", "unit": "ns", "value": 35.55555555555556}], "name": "id3"}, {"qubits": [4], "gate": "id", "parameters": [{"date": "2021-9-23", "name": "gate_error", "unit": "", "value": 0.0003956671645945553}, {"date": "2021-9-23", "name": "gate_length", "unit": "ns", "value": 35.55555555555556}], "name": "id4"}, {"qubits": [0], "gate": "rz", "parameters": [{"date": "2021-9-23", "name": "gate_error", "unit": "", "value": 0}, {"date": "2021-9-23", "name": "gate_length", "unit": "ns", "value": 0}], "name": "rz0"}, {"qubits": [1], "gate": "rz", "parameters": [{"date": "2021-9-23", "name": "gate_error", "unit": "", "value": 0}, {"date": "2021-9-23", "name": "gate_length", "unit": "ns", "value": 0}], "name": "rz1"}, {"qubits": [2], "gate": "rz", "parameters": [{"date": "2021-9-23", "name": "gate_error", "unit": "", "value": 0}, {"date": "2021-9-23", "name": "gate_length", "unit": "ns", "value": 0}], "name": "rz2"}, {"qubits": [3], "gate": "rz", "parameters": [{"date": "2021-9-23", "name": "gate_error", "unit": "", "value": 0}, {"date": "2021-9-23", "name": "gate_length", "unit": "ns", "value": 0}], "name": "rz3"}, {"qubits": [4], "gate": "rz", "parameters": [{"date": "2021-9-23", "name": "gate_error", "unit": "", "value": 0}, {"date": "2021-9-23", "name": "gate_length", "unit": "ns", "value": 0}], "name": "rz4"}, {"qubits": [0], "gate": "sx", "parameters": [{"date": "2021-9-23", "name": "gate_error", "unit": "", "value": 0.0001892623602714318}, {"date": "2021-9-23", "name": "gate_length", "unit": "ns", "value": 35.55555555555556}], "name": "sx0"}, {"qubits": [1], "gate": "sx", "parameters": [{"date": "2021-9-23", "name": "gate_error", "unit": "", "value": 0.00023880415414734258}, {"date": "2021-9-23", "name": "gate_length", "unit": "ns", "value": 35.55555555555556}], "name": "sx1"}, {"qubits": [2], "gate": "sx", "parameters": [{"date": "2021-9-23", "name": "gate_error", "unit": "", "value": 0.00022488889355950478}, {"date": "2021-9-23", "name": "gate_length", "unit": "ns", "value": 35.55555555555556}], "name": "sx2"}, {"qubits": [3], "gate": "sx", "parameters": [{"date": "2021-9-23", "name": "gate_error", "unit": "", "value": 0.00027204363937530376}, {"date": "2021-9-23", "name": "gate_length", "unit": "ns", "value": 35.55555555555556}], "name": "sx3"}, {"qubits": [4], "gate": "sx", "parameters": [{"date": "2021-9-23", "name": "gate_error", "unit": "", "value": 0.0003956671645945553}, {"date": "2021-9-23", "name": "gate_length", "unit": "ns", "value": 35.55555555555556}], "name": "sx4"}, {"qubits": [0], "gate": "x", "parameters": [{"date": "2021-9-23", "name": "gate_error", "unit": "", "value": 0.0001892623602714318}, {"date": "2021-9-23", "name": "gate_length", "unit": "ns", "value": 35.55555555555556}], "name": "x0"}, {"qubits": [1], "gate": "x", "parameters": [{"date": "2021-9-23", "name": "gate_error", "unit": "", "value": 0.00023880415414734258}, {"date": "2021-9-23", "name": "gate_length", "unit": "ns", "value": 35.55555555555556}], "name": "x1"}, {"qubits": [2], "gate": "x", "parameters": [{"date": "2021-9-23", "name": "gate_error", "unit": "", "value": 0.00022488889355950478}, {"date": "2021-9-23", "name": "gate_length", "unit": "ns", "value": 35.55555555555556}], "name": "x2"}, {"qubits": [3], "gate": "x", "parameters": [{"date": "2021-9-23", "name": "gate_error", "unit": "", "value": 0.00027204363937530376}, {"date": "2021-9-23", "name": "gate_length", "unit": "ns", "value": 35.55555555555556}], "name": "x3"}, {"qubits": [4], "gate": "x", "parameters": [{"date": "2021-9-23", "name": "gate_error", "unit": "", "value": 0.0003956671645945553}, {"date": "2021-9-23", "name": "gate_length", "unit": "ns", "value": 35.55555555555556}], "name": "x4"}, {"qubits": [4, 3], "gate": "cx", "parameters": [{"date": "2021-9-23", "name": "gate_error", "unit": "", "value": 0.011087606113641596}, {"date": "2021-9-20", "name": "gate_length", "unit": "ns", "value": 554.6666666666666}], "name": "cx4_3"}, {"qubits": [3, 4], "gate": "cx", "parameters": [{"date": "2021-9-23", "name": "gate_error", "unit": "", "value": 0.011087606113641596}, {"date": "2021-9-20", "name": "gate_length", "unit": "ns", "value": 590.2222222222222}], "name": "cx3_4"}, {"qubits": [3, 1], "gate": "cx", "parameters": [{"date": "2021-9-23", "name": "gate_error", "unit": "", "value": 0.007241294277682914}, {"date": "2021-9-20", "name": "gate_length", "unit": "ns", "value": 398.2222222222222}], "name": "cx3_1"}, {"qubits": [1, 3], "gate": "cx", "parameters": [{"date": "2021-9-23", "name": "gate_error", "unit": "", "value": 0.007241294277682914}, {"date": "2021-9-20", "name": "gate_length", "unit": "ns", "value": 433.77777777777777}], "name": "cx1_3"}, {"qubits": [2, 1], "gate": "cx", "parameters": [{"date": "2021-9-23", "name": "gate_error", "unit": "", "value": 0.006419916527371089}, {"date": "2021-9-20", "name": "gate_length", "unit": "ns", "value": 412.4444444444444}], "name": "cx2_1"}, {"qubits": [1, 2], "gate": "cx", "parameters": [{"date": "2021-9-23", "name": "gate_error", "unit": "", "value": 0.006419916527371089}, {"date": "2021-9-20", "name": "gate_length", "unit": "ns", "value": 448}], "name": "cx1_2"}, {"qubits": [1, 0], "gate": "cx", "parameters": [{"date": "2021-9-23", "name": "gate_error", "unit": "", "value": 0.017219708443578202}, {"date": "2021-9-20", "name": "gate_length", "unit": "ns", "value": 775.1111111111111}], "name": "cx1_0"}, {"qubits": [0, 1], "gate": "cx", "parameters": [{"date": "2021-9-23", "name": "gate_error", "unit": "", "value": 0.017219708443578202}, {"date": "2021-9-20", "name": "gate_length", "unit": "ns", "value": 810.6666666666666}], "name": "cx0_1"}, {"qubits": [0], "gate": "reset", "parameters": [{"date": "2021-9-23", "name": "gate_length", "unit": "ns", "value": 7342.222222222222}], "name": "reset0"}, {"qubits": [1], "gate": "reset", "parameters": [{"date": "2021-9-23", "name": "gate_length", "unit": "ns", "value": 7342.222222222222}], "name": "reset1"}, {"qubits": [2], "gate": "reset", "parameters": [{"date": "2021-9-23", "name": "gate_length", "unit": "ns", "value": 7342.222222222222}], "name": "reset2"}, {"qubits": [3], "gate": "reset", "parameters": [{"date": "2021-9-23", "name": "gate_length", "unit": "ns", "value": 7342.222222222222}], "name": "reset3"}, {"qubits": [4], "gate": "reset", "parameters": [{"date": "2021-9-23", "name": "gate_length", "unit": "ns", "value": 7342.222222222222}], "name": "reset4"}], "general": [{"date": "2021-9-23", "name": "jq_01", "unit": "GHz", "value": 0.0018736137364449847}, {"date": "2021-9-23", "name": "zz_01", "unit": "GHz", "value": -5.778719017046504e-05}, {"date": "2021-9-23", "name": "jq_12", "unit": "GHz", "value": 0.0020062596172337292}, {"date": "2021-9-23", "name": "zz_12", "unit": "GHz", "value": -5.607853601551941e-05}, {"date": "2021-9-23", "name": "jq_13", "unit": "GHz", "value": 0.0020039976609872224}, {"date": "2021-9-23", "name": "zz_13", "unit": "GHz", "value": -5.2854062688980254e-05}, {"date": "2021-9-23", "name": "jq_34", "unit": "GHz", "value": 0.0016737719182152912}, {"date": "2021-9-23", "name": "zz_34", "unit": "GHz", "value": -3.628419642815204e-05}]}