{"backend_name": "ibmq_belem", "backend_version": "1.0.24", "last_update_date": "2021-10-31", "qubits": [[{"date": "2021-10-31", "name": "T1", "unit": "us", "value": 94.22446528484778}, {"date": "2021-10-31", "name": "T2", "unit": "us", "value": 127.29107317254076}, {"date": "2021-10-31", "name": "frequency", "unit": "GHz", "value": 5.090151752960861}, {"date": "2021-10-31", "name": "anharmonicity", "unit": "GHz", "value": -0.33612300518216515}, {"date": "2021-10-31", "name": "readout_error", "unit": "", "value": 0.01419999999999999}, {"date": "2021-10-31", "name": "prob_meas0_prep1", "unit": "", "value": 0.021599999999999953}, {"date": "2021-10-31", "name": "prob_meas1_prep0", "unit": "", "value": 0.0068}, {"date": "2021-10-31", "name": "readout_length", "unit": "ns", "value": 5351.11111111111}], [{"date": "2021-10-31", "name": "T1", "unit": "us", "value": 72.48227882576707}, {"date": "2021-10-31", "name": "T2", "unit": "us", "value": 75.62341608352173}, {"date": "2021-10-31", "name": "frequency", "unit": "GHz", "value": 5.245567599456687}, {"date": "2021-10-31", "name": "anharmonicity", "unit": "GHz", "value": -0.316572131412737}, {"date": "2021-10-31", "name": "readout_error", "unit": "", "value": 0.021600000000000064}, {"date": "2021-10-31", "name": "prob_meas0_prep1", "unit": "", "value": 0.03700000000000003}, {"date": "2021-10-31", "name": "prob_meas1_prep0", "unit": "", "value": 0.0062}, {"date": "2021-10-31", "name": "readout_length", "unit": "ns", "value": 5351.11111111111}], [{"date": "2021-10-31", "name": "T1", "unit": "us", "value": 102.12245170402527}, {"date": "2021-10-31", "name": "T2", "unit": "us", "value": 48.44830599241311}, {"date": "2021-10-31", "name": "frequency", "unit": "GHz", "value": 5.361421283972673}, {"date": "2021-10-31", "name": "anharmonicity", "unit": "GHz", "value": -0.3306274884584928}, {"date": "2021-10-31", "name": "readout_error", "unit": "", "value": 0.01649999999999996}, {"date": "2021-10-31", "name": "prob_meas0_prep1", "unit": "", "value": 0.027800000000000047}, {"date": "2021-10-31", "name": "prob_meas1_prep0", "unit": "", "value": 0.0052}, {"date": "2021-10-31", "name": "readout_length", "unit": "ns", "value": 5351.11111111111}], [{"date": "2021-10-31", "name": "T1", "unit": "us", "value": 76.8323805954986}, {"date": "2021-10-31", "name": "T2", "unit": "us", "value": 112.62942385885822}, {"date": "2021-10-31", "name": "frequency", "unit": "GHz", "value": 5.170381108651551}, {"date": "2021-10-31", "name": "anharmonicity", "unit": "GHz", "value": -0.33373922611368106}, {"date": "2021-10-31", "name": "readout_error", "unit": "", "value": 0.056400000000000006}, {"date": "2021-10-31", "name": "prob_meas0_prep1", "unit": "", "value": 0.08520000000000005}, {"date": "2021-10-31", "name": "prob_meas1_prep0", "unit": "", "value": 0.0276}, {"date": "2021-10-31", "name": "readout_length", "unit": "ns", "value": 5351.11111111111}], [{"date": "2021-10-31", "name": "T1", "unit": "us", "value": 72.51235077938969}, {"date": "2021-10-31", "name": "T2", "unit": "us", "value": 103.48424402564453}, {"date": "2021-10-31", "name": "frequency", "unit": "GHz", "value": 5.2584640883699025}, {"date": "2021-10-31", "name": "anharmonicity", "unit": "GHz", "value": -0.3313451432371279}, {"date": "2021-10-31", "name": "readout_error", "unit": "", "value": 0.02400000000000002}, {"date": "2021-10-31", "name": "prob_meas0_prep1", "unit": "", "value": 0.038000000000000034}, {"date": "2021-10-31", "name": "prob_meas1_prep0", "unit": "", "value": 0.01}, {"date": "2021-10-31", "name": "readout_length", "unit": "ns", "value": 5351.11111111111}]], "gates": [{"qubits": [0], "gate": "id", "parameters": [{"date": "2021-10-31", "name": "gate_error", "unit": "", "value": 0.00020396488088333302}, {"date": "2021-10-31", "name": "gate_length", "unit": "ns", "value": 35.55555555555556}], "name": "id0"}, {"qubits": [1], "gate": "id", "parameters": [{"date": "2021-10-31", "name": "gate_error", "unit": "", "value": 0.0002899469225547534}, {"date": "2021-10-31", "name": "gate_length", "unit": "ns", "value": 35.55555555555556}], "name": "id1"}, {"qubits": [2], "gate": "id", "parameters": [{"date": "2021-10-31", "name": "gate_error", "unit": "", "value": 0.00029497170654379417}, {"date": "2021-10-31", "name": "gate_length", "unit": "ns", "value": 35.55555555555556}], "name": "id2"}, {"qubits": [3], "gate": "id", "parameters": [{"date": "2021-10-31", "name": "gate_error", "unit": "", "value": 0.0002997906961104289}, {"date": "2021-10-31", "name": "gate_length", "unit": "ns", "value": 35.55555555555556}], "name": "id3"}, {"qubits": [4], "gate": "id", "parameters": [{"date": "2021-10-31", "name": "gate_error", "unit": "", "value": 0.0002104545840151283}, {"date": "2021-10-31", "name": "gate_length", "unit": "ns", "value": 35.55555555555556}], "name": "id4"}, {"qubits": [0], "gate": "rz", "parameters": [{"date": "2021-10-31", "name": "gate_error", "unit": "", "value": 0}, {"date": "2021-10-31", "name": "gate_length", "unit": "ns", "value": 0}], "name": "rz0"}, {"qubits": [1], "gate": "rz", "parameters": [{"date": "2021-10-31", "name": "gate_error", "unit": "", "value": 0}, {"date": "2021-10-31", "name": "gate_length", "unit": "ns", "value": 0}], "name": "rz1"}, {"qubits": [2], "gate": "rz", "parameters": [{"date": "2021-10-31", "name": "gate_error", "unit": "", "value": 0}, {"date": "2021-10-31", "name": "gate_length", "unit": "ns", "value": 0}], "name": "rz2"}, {"qubits": [3], "gate": "rz", "parameters": [{"date": "2021-10-31", "name": "gate_error", "unit": "", "value": 0}, {"date": "2021-10-31", "name": "gate_length", "unit": "ns", "value": 0}], "name": "rz3"}, {"qubits": [4], "gate": "rz", "parameters": [{"date": "2021-10-31", "name": "gate_error", "unit": "", "value": 0}, {"date": "2021-10-31", "name": "gate_length", "unit": "ns", "value": 0}], "name": "rz4"}, {"qubits": [0], "gate": "sx", "parameters": [{"date": "2021-10-31", "name": "gate_error", "unit": "", "value": 0.00020396488088333302}, {"date": "2021-10-31", "name": "gate_length", "unit": "ns", "value": 35.55555555555556}], "name": "sx0"}, {"qubits": [1], "gate": "sx", "parameters": [{"date": "2021-10-31", "name": "gate_error", "unit": "", "value": 0.0002899469225547534}, {"date": "2021-10-31", "name": "gate_length", "unit": "ns", "value": 35.55555555555556}], "name": "sx1"}, {"qubits": [2], "gate": "sx", "parameters": [{"date": "2021-10-31", "name": "gate_error", "unit": "", "value": 0.00029497170654379417}, {"date": "2021-10-31", "name": "gate_length", "unit": "ns", "value": 35.55555555555556}], "name": "sx2"}, {"qubits": [3], "gate": "sx", "parameters": [{"date": "2021-10-31", "name": "gate_error", "unit": "", "value": 0.0002997906961104289}, {"date": "2021-10-31", "name": "gate_length", "unit": "ns", "value": 35.55555555555556}], "name": "sx3"}, {"qubits": [4], "gate": "sx", "parameters": [{"date": "2021-10-31", "name": "gate_error", "unit": "", "value": 0.0002104545840151283}, {"date": "2021-10-31", "name": "gate_length", "unit": "ns", "value": 35.55555555555556}], "name": "sx4"}, {"qubits": [0], "gate": "x", "parameters": [{"date": "2021-10-31", "name": "gate_error", "unit": "", "value": 0.00020396488088333302}, {"date": "2021-10-31", "name": "gate_length", "unit": "ns", "value": 35.55555555555556}], "name": "x0"}, {"qubits": [1], "gate": "x", "parameters": [{"date": "2021-10-31", "name": "gate_error", "unit": "", "value": 0.0002899469225547534}, {"date": "2021-10-31", "name": "gate_length", "unit": "ns", "value": 35.55555555555556}], "name": "x1"}, {"qubits": [2], "gate": "x", "parameters": [{"date": "2021-10-31", "name": "gate_error", "unit": "", "value": 0.00029497170654379417}, {"date": "2021-10-31", "name": "gate_length", "unit": "ns", "value": 35.55555555555556}], "name": "x2"}, {"qubits": [3], "gate": "x", "parameters": [{"date": "2021-10-31", "name": "gate_error", "unit": "", "value": 0.0002997906961104289}, {"date": "2021-10-31", "name": "gate_length", "unit": "ns", "value": 35.55555555555556}], "name": "x3"}, {"qubits": [4], "gate": "x", "parameters": [{"date": "2021-10-31", "name": "gate_error", "unit": "", "value": 0.0002104545840151283}, {"date": "2021-10-31", "name": "gate_length", "unit": "ns", "value": 35.55555555555556}], "name": "x4"}, {"qubits": [4, 3], "gate": "cx", "parameters": [{"date": "2021-10-31", "name": "gate_error", "unit": "", "value": 0.008820188379794591}, {"date": "2021-10-28", "name": "gate_length", "unit": "ns", "value": 554.6666666666666}], "name": "cx4_3"}, {"qubits": [3, 4], "gate": "cx", "parameters": [{"date": "2021-10-31", "name": "gate_error", "unit": "", "value": 0.008820188379794591}, {"date": "2021-10-28", "name": "gate_length", "unit": "ns", "value": 590.2222222222222}], "name": "cx3_4"}, {"qubits": [3, 1], "gate": "cx", "parameters": [{"date": "2021-10-31", "name": "gate_error", "unit": "", "value": 0.013359837005667813}, {"date": "2021-10-28", "name": "gate_length", "unit": "ns", "value": 398.2222222222222}], "name": "cx3_1"}, {"qubits": [1, 3], "gate": "cx", "parameters": [{"date": "2021-10-31", "name": "gate_error", "unit": "", "value": 0.013359837005667813}, {"date": "2021-10-28", "name": "gate_length", "unit": "ns", "value": 433.77777777777777}], "name": "cx1_3"}, {"qubits": [2, 1], "gate": "cx", "parameters": [{"date": "2021-10-31", "name": "gate_error", "unit": "", "value": 0.00914092852849624}, {"date": "2021-10-28", "name": "gate_length", "unit": "ns", "value": 412.4444444444444}], "name": "cx2_1"}, {"qubits": [1, 2], "gate": "cx", "parameters": [{"date": "2021-10-31", "name": "gate_error", "unit": "", "value": 0.00914092852849624}, {"date": "2021-10-28", "name": "gate_length", "unit": "ns", "value": 448}], "name": "cx1_2"}, {"qubits": [1, 0], "gate": "cx", "parameters": [{"date": "2021-10-31", "name": "gate_error", "unit": "", "value": 0.016728362132501784}, {"date": "2021-10-28", "name": "gate_length", "unit": "ns", "value": 775.1111111111111}], "name": "cx1_0"}, {"qubits": [0, 1], "gate": "cx", "parameters": [{"date": "2021-10-31", "name": "gate_error", "unit": "", "value": 0.016728362132501784}, {"date": "2021-10-28", "name": "gate_length", "unit": "ns", "value": 810.6666666666666}], "name": "cx0_1"}, {"qubits": [0], "gate": "reset", "parameters": [{"date": "2021-10-31", "name": "gate_length", "unit": "ns", "value": 7342.222222222222}], "name": "reset0"}, {"qubits": [1], "gate": "reset", "parameters": [{"date": "2021-10-31", "name": "gate_length", "unit": "ns", "value": 7342.222222222222}], "name": "reset1"}, {"qubits": [2], "gate": "reset", "parameters": [{"date": "2021-10-31", "name": "gate_length", "unit": "ns", "value": 7342.222222222222}], "name": "reset2"}, {"qubits": [3], "gate": "reset", "parameters": [{"date": "2021-10-31", "name": "gate_length", "unit": "ns", "value": 7342.222222222222}], "name": "reset3"}, {"qubits": [4], "gate": "reset", "parameters": [{"date": "2021-10-31", "name": "gate_length", "unit": "ns", "value": 7342.222222222222}], "name": "reset4"}], "general": [{"date": "2021-10-31", "name": "jq_01", "unit": "GHz", "value": 0.0018736137364449847}, {"date": "2021-10-31", "name": "zz_01", "unit": "GHz", "value": -5.778719017046504e-05}, {"date": "2021-10-31", "name": "jq_12", "unit": "GHz", "value": 0.0020062596172337292}, {"date": "2021-10-31", "name": "zz_12", "unit": "GHz", "value": -5.607853601551941e-05}, {"date": "2021-10-31", "name": "jq_13", "unit": "GHz", "value": 0.0020039976609872224}, {"date": "2021-10-31", "name": "zz_13", "unit": "GHz", "value": -5.2854062688980254e-05}, {"date": "2021-10-31", "name": "jq_34", "unit": "GHz", "value": 0.0016737719182152912}, {"date": "2021-10-31", "name": "zz_34", "unit": "GHz", "value": -3.628419642815204e-05}]}