{"backend_name": "ibmq_belem", "backend_version": "1.0.29", "last_update_date": "2021-12-6", "qubits": [[{"date": "2021-12-6", "name": "T1", "unit": "us", "value": 64.44200310686674}, {"date": "2021-12-6", "name": "T2", "unit": "us", "value": 3.5229506578041563}, {"date": "2021-12-6", "name": "frequency", "unit": "GHz", "value": 5.09021744851907}, {"date": "2021-12-6", "name": "anharmonicity", "unit": "GHz", "value": -0.33612300518216515}, {"date": "2021-12-6", "name": "readout_error", "unit": "", "value": 0.0976999999999999}, {"date": "2021-12-6", "name": "prob_meas0_prep1", "unit": "", "value": 0.16879999999999995}, {"date": "2021-12-6", "name": "prob_meas1_prep0", "unit": "", "value": 0.0266}, {"date": "2021-12-6", "name": "readout_length", "unit": "ns", "value": 5351.11111111111}], [{"date": "2021-12-6", "name": "T1", "unit": "us", "value": 48.48300814115433}, {"date": "2021-12-6", "name": "T2", "unit": "us", "value": 57.7459861030148}, {"date": "2021-12-6", "name": "frequency", "unit": "GHz", "value": 5.2455714657956385}, {"date": "2021-12-6", "name": "anharmonicity", "unit": "GHz", "value": -0.316572131412737}, {"date": "2021-12-6", "name": "readout_error", "unit": "", "value": 0.05269999999999997}, {"date": "2021-12-6", "name": "prob_meas0_prep1", "unit": "", "value": 0.08819999999999995}, {"date": "2021-12-6", "name": "prob_meas1_prep0", "unit": "", "value": 0.0172}, {"date": "2021-12-6", "name": "readout_length", "unit": "ns", "value": 5351.11111111111}], [{"date": "2021-12-6", "name": "T1", "unit": "us", "value": 89.12423290430584}, {"date": "2021-12-6", "name": "T2", "unit": "us", "value": 64.59988923710858}, {"date": "2021-12-6", "name": "frequency", "unit": "GHz", "value": 5.361465636896725}, {"date": "2021-12-6", "name": "anharmonicity", "unit": "GHz", "value": -0.3306274884584928}, {"date": "2021-12-6", "name": "readout_error", "unit": "", "value": 0.023399999999999976}, {"date": "2021-12-6", "name": "prob_meas0_prep1", "unit": "", "value": 0.03420000000000001}, {"date": "2021-12-6", "name": "prob_meas1_prep0", "unit": "", "value": 0.0126}, {"date": "2021-12-6", "name": "readout_length", "unit": "ns", "value": 5351.11111111111}], [{"date": "2021-12-6", "name": "T1", "unit": "us", "value": 51.71597486816324}, {"date": "2021-12-6", "name": "T2", "unit": "us", "value": 142.16807532102956}, {"date": "2021-12-6", "name": "frequency", "unit": "GHz", "value": 5.17037690915631}, {"date": "2021-12-6", "name": "anharmonicity", "unit": "GHz", "value": -0.33373922611368106}, {"date": "2021-12-6", "name": "readout_error", "unit": "", "value": 0.02210000000000001}, {"date": "2021-12-6", "name": "prob_meas0_prep1", "unit": "", "value": 0.03600000000000003}, {"date": "2021-12-6", "name": "prob_meas1_prep0", "unit": "", "value": 0.0082}, {"date": "2021-12-6", "name": "readout_length", "unit": "ns", "value": 5351.11111111111}], [{"date": "2021-12-6", "name": "T1", "unit": "us", "value": 111.8323179107234}, {"date": "2021-12-6", "name": "T2", "unit": "us", "value": 143.9446196087331}, {"date": "2021-12-6", "name": "frequency", "unit": "GHz", "value": 5.258456365553986}, {"date": "2021-12-6", "name": "anharmonicity", "unit": "GHz", "value": -0.3313451432371279}, {"date": "2021-12-6", "name": "readout_error", "unit": "", "value": 0.02279999999999993}, {"date": "2021-12-6", "name": "prob_meas0_prep1", "unit": "", "value": 0.038799999999999946}, {"date": "2021-12-6", "name": "prob_meas1_prep0", "unit": "", "value": 0.0068}, {"date": "2021-12-6", "name": "readout_length", "unit": "ns", "value": 5351.11111111111}]], "gates": [{"qubits": [0], "gate": "id", "parameters": [{"date": "2021-12-6", "name": "gate_error", "unit": "", "value": 0.000842648507374747}, {"date": "2021-12-6", "name": "gate_length", "unit": "ns", "value": 35.55555555555556}], "name": "id0"}, {"qubits": [1], "gate": "id", "parameters": [{"date": "2021-12-6", "name": "gate_error", "unit": "", "value": 0.0005740733889195718}, {"date": "2021-12-6", "name": "gate_length", "unit": "ns", "value": 35.55555555555556}], "name": "id1"}, {"qubits": [2], "gate": "id", "parameters": [{"date": "2021-12-6", "name": "gate_error", "unit": "", "value": 0.00024329677739103416}, {"date": "2021-12-6", "name": "gate_length", "unit": "ns", "value": 35.55555555555556}], "name": "id2"}, {"qubits": [3], "gate": "id", "parameters": [{"date": "2021-12-6", "name": "gate_error", "unit": "", "value": 0.0003251650074081846}, {"date": "2021-12-6", "name": "gate_length", "unit": "ns", "value": 35.55555555555556}], "name": "id3"}, {"qubits": [4], "gate": "id", "parameters": [{"date": "2021-12-6", "name": "gate_error", "unit": "", "value": 0.0004607733782710085}, {"date": "2021-12-6", "name": "gate_length", "unit": "ns", "value": 35.55555555555556}], "name": "id4"}, {"qubits": [0], "gate": "rz", "parameters": [{"date": "2021-12-6", "name": "gate_error", "unit": "", "value": 0}, {"date": "2021-12-6", "name": "gate_length", "unit": "ns", "value": 0}], "name": "rz0"}, {"qubits": [1], "gate": "rz", "parameters": [{"date": "2021-12-6", "name": "gate_error", "unit": "", "value": 0}, {"date": "2021-12-6", "name": "gate_length", "unit": "ns", "value": 0}], "name": "rz1"}, {"qubits": [2], "gate": "rz", "parameters": [{"date": "2021-12-6", "name": "gate_error", "unit": "", "value": 0}, {"date": "2021-12-6", "name": "gate_length", "unit": "ns", "value": 0}], "name": "rz2"}, {"qubits": [3], "gate": "rz", "parameters": [{"date": "2021-12-6", "name": "gate_error", "unit": "", "value": 0}, {"date": "2021-12-6", "name": "gate_length", "unit": "ns", "value": 0}], "name": "rz3"}, {"qubits": [4], "gate": "rz", "parameters": [{"date": "2021-12-6", "name": "gate_error", "unit": "", "value": 0}, {"date": "2021-12-6", "name": "gate_length", "unit": "ns", "value": 0}], "name": "rz4"}, {"qubits": [0], "gate": "sx", "parameters": [{"date": "2021-12-6", "name": "gate_error", "unit": "", "value": 0.000842648507374747}, {"date": "2021-12-6", "name": "gate_length", "unit": "ns", "value": 35.55555555555556}], "name": "sx0"}, {"qubits": [1], "gate": "sx", "parameters": [{"date": "2021-12-6", "name": "gate_error", "unit": "", "value": 0.0005740733889195718}, {"date": "2021-12-6", "name": "gate_length", "unit": "ns", "value": 35.55555555555556}], "name": "sx1"}, {"qubits": [2], "gate": "sx", "parameters": [{"date": "2021-12-6", "name": "gate_error", "unit": "", "value": 0.00024329677739103416}, {"date": "2021-12-6", "name": "gate_length", "unit": "ns", "value": 35.55555555555556}], "name": "sx2"}, {"qubits": [3], "gate": "sx", "parameters": [{"date": "2021-12-6", "name": "gate_error", "unit": "", "value": 0.0003251650074081846}, {"date": "2021-12-6", "name": "gate_length", "unit": "ns", "value": 35.55555555555556}], "name": "sx3"}, {"qubits": [4], "gate": "sx", "parameters": [{"date": "2021-12-6", "name": "gate_error", "unit": "", "value": 0.0004607733782710085}, {"date": "2021-12-6", "name": "gate_length", "unit": "ns", "value": 35.55555555555556}], "name": "sx4"}, {"qubits": [0], "gate": "x", "parameters": [{"date": "2021-12-6", "name": "gate_error", "unit": "", "value": 0.000842648507374747}, {"date": "2021-12-6", "name": "gate_length", "unit": "ns", "value": 35.55555555555556}], "name": "x0"}, {"qubits": [1], "gate": "x", "parameters": [{"date": "2021-12-6", "name": "gate_error", "unit": "", "value": 0.0005740733889195718}, {"date": "2021-12-6", "name": "gate_length", "unit": "ns", "value": 35.55555555555556}], "name": "x1"}, {"qubits": [2], "gate": "x", "parameters": [{"date": "2021-12-6", "name": "gate_error", "unit": "", "value": 0.00024329677739103416}, {"date": "2021-12-6", "name": "gate_length", "unit": "ns", "value": 35.55555555555556}], "name": "x2"}, {"qubits": [3], "gate": "x", "parameters": [{"date": "2021-12-6", "name": "gate_error", "unit": "", "value": 0.0003251650074081846}, {"date": "2021-12-6", "name": "gate_length", "unit": "ns", "value": 35.55555555555556}], "name": "x3"}, {"qubits": [4], "gate": "x", "parameters": [{"date": "2021-12-6", "name": "gate_error", "unit": "", "value": 0.0004607733782710085}, {"date": "2021-12-6", "name": "gate_length", "unit": "ns", "value": 35.55555555555556}], "name": "x4"}, {"qubits": [4, 3], "gate": "cx", "parameters": [{"date": "2021-12-6", "name": "gate_error", "unit": "", "value": 0.010529472532520429}, {"date": "2021-12-3", "name": "gate_length", "unit": "ns", "value": 554.6666666666666}], "name": "cx4_3"}, {"qubits": [3, 4], "gate": "cx", "parameters": [{"date": "2021-12-6", "name": "gate_error", "unit": "", "value": 0.010529472532520429}, {"date": "2021-12-3", "name": "gate_length", "unit": "ns", "value": 590.2222222222222}], "name": "cx3_4"}, {"qubits": [3, 1], "gate": "cx", "parameters": [{"date": "2021-12-6", "name": "gate_error", "unit": "", "value": 0.014548224963129325}, {"date": "2021-12-3", "name": "gate_length", "unit": "ns", "value": 398.2222222222222}], "name": "cx3_1"}, {"qubits": [1, 3], "gate": "cx", "parameters": [{"date": "2021-12-6", "name": "gate_error", "unit": "", "value": 0.014548224963129325}, {"date": "2021-12-3", "name": "gate_length", "unit": "ns", "value": 433.77777777777777}], "name": "cx1_3"}, {"qubits": [2, 1], "gate": "cx", "parameters": [{"date": "2021-12-6", "name": "gate_error", "unit": "", "value": 0.013420570530712161}, {"date": "2021-12-3", "name": "gate_length", "unit": "ns", "value": 412.4444444444444}], "name": "cx2_1"}, {"qubits": [1, 2], "gate": "cx", "parameters": [{"date": "2021-12-6", "name": "gate_error", "unit": "", "value": 0.013420570530712161}, {"date": "2021-12-3", "name": "gate_length", "unit": "ns", "value": 448}], "name": "cx1_2"}, {"qubits": [1, 0], "gate": "cx", "parameters": [{"date": "2021-12-6", "name": "gate_error", "unit": "", "value": 0.06883394377442353}, {"date": "2021-12-3", "name": "gate_length", "unit": "ns", "value": 775.1111111111111}], "name": "cx1_0"}, {"qubits": [0, 1], "gate": "cx", "parameters": [{"date": "2021-12-6", "name": "gate_error", "unit": "", "value": 0.06883394377442353}, {"date": "2021-12-3", "name": "gate_length", "unit": "ns", "value": 810.6666666666666}], "name": "cx0_1"}, {"qubits": [0], "gate": "reset", "parameters": [{"date": "2021-12-6", "name": "gate_length", "unit": "ns", "value": 7342.222222222222}], "name": "reset0"}, {"qubits": [1], "gate": "reset", "parameters": [{"date": "2021-12-6", "name": "gate_length", "unit": "ns", "value": 7342.222222222222}], "name": "reset1"}, {"qubits": [2], "gate": "reset", "parameters": [{"date": "2021-12-6", "name": "gate_length", "unit": "ns", "value": 7342.222222222222}], "name": "reset2"}, {"qubits": [3], "gate": "reset", "parameters": [{"date": "2021-12-6", "name": "gate_length", "unit": "ns", "value": 7342.222222222222}], "name": "reset3"}, {"qubits": [4], "gate": "reset", "parameters": [{"date": "2021-12-6", "name": "gate_length", "unit": "ns", "value": 7342.222222222222}], "name": "reset4"}], "general": [{"date": "2021-12-6", "name": "jq_01", "unit": "GHz", "value": 0.0018736137364449847}, {"date": "2021-12-6", "name": "zz_01", "unit": "GHz", "value": -5.778719017046504e-05}, {"date": "2021-12-6", "name": "jq_12", "unit": "GHz", "value": 0.0020062596172337292}, {"date": "2021-12-6", "name": "zz_12", "unit": "GHz", "value": -5.607853601551941e-05}, {"date": "2021-12-6", "name": "jq_13", "unit": "GHz", "value": 0.0020039976609872224}, {"date": "2021-12-6", "name": "zz_13", "unit": "GHz", "value": -5.2854062688980254e-05}, {"date": "2021-12-6", "name": "jq_34", "unit": "GHz", "value": 0.0016737719182152912}, {"date": "2021-12-6", "name": "zz_34", "unit": "GHz", "value": -3.628419642815204e-05}]}