{"backend_name": "ibmq_belem", "backend_version": "1.0.19", "last_update_date": "2021-9-15", "qubits": [[{"date": "2021-9-15", "name": "T1", "unit": "us", "value": 84.17763370213228}, {"date": "2021-9-15", "name": "T2", "unit": "us", "value": 118.20817743504394}, {"date": "2021-9-15", "name": "frequency", "unit": "GHz", "value": 5.090024134682062}, {"date": "2021-9-15", "name": "anharmonicity", "unit": "GHz", "value": -0.33612300518216515}, {"date": "2021-9-15", "name": "readout_error", "unit": "", "value": 0.015900000000000025}, {"date": "2021-9-15", "name": "prob_meas0_prep1", "unit": "", "value": 0.024399999999999977}, {"date": "2021-9-15", "name": "prob_meas1_prep0", "unit": "", "value": 0.0074}, {"date": "2021-9-15", "name": "readout_length", "unit": "ns", "value": 5351.11111111111}], [{"date": "2021-9-15", "name": "T1", "unit": "us", "value": 97.27371423313373}, {"date": "2021-9-15", "name": "T2", "unit": "us", "value": 106.11839406097059}, {"date": "2021-9-15", "name": "frequency", "unit": "GHz", "value": 5.245497840894829}, {"date": "2021-9-15", "name": "anharmonicity", "unit": "GHz", "value": -0.316572131412737}, {"date": "2021-9-15", "name": "readout_error", "unit": "", "value": 0.022399999999999975}, {"date": "2021-9-15", "name": "prob_meas0_prep1", "unit": "", "value": 0.03500000000000003}, {"date": "2021-9-15", "name": "prob_meas1_prep0", "unit": "", "value": 0.0098}, {"date": "2021-9-15", "name": "readout_length", "unit": "ns", "value": 5351.11111111111}], [{"date": "2021-9-15", "name": "T1", "unit": "us", "value": 88.77915151170745}, {"date": "2021-9-15", "name": "T2", "unit": "us", "value": 40.14347035269361}, {"date": "2021-9-15", "name": "frequency", "unit": "GHz", "value": 5.361420792680463}, {"date": "2021-9-15", "name": "anharmonicity", "unit": "GHz", "value": -0.3306274884584928}, {"date": "2021-9-15", "name": "readout_error", "unit": "", "value": 0.01980000000000004}, {"date": "2021-9-15", "name": "prob_meas0_prep1", "unit": "", "value": 0.02859999999999996}, {"date": "2021-9-15", "name": "prob_meas1_prep0", "unit": "", "value": 0.011}, {"date": "2021-9-15", "name": "readout_length", "unit": "ns", "value": 5351.11111111111}], [{"date": "2021-9-15", "name": "T1", "unit": "us", "value": 84.40617359975153}, {"date": "2021-9-15", "name": "T2", "unit": "us", "value": 114.4140482470752}, {"date": "2021-9-15", "name": "frequency", "unit": "GHz", "value": 5.17038447271372}, {"date": "2021-9-15", "name": "anharmonicity", "unit": "GHz", "value": -0.33373922611368106}, {"date": "2021-9-15", "name": "readout_error", "unit": "", "value": 0.0232}, {"date": "2021-9-15", "name": "prob_meas0_prep1", "unit": "", "value": 0.03939999999999999}, {"date": "2021-9-15", "name": "prob_meas1_prep0", "unit": "", "value": 0.007}, {"date": "2021-9-15", "name": "readout_length", "unit": "ns", "value": 5351.11111111111}], [{"date": "2021-9-15", "name": "T1", "unit": "us", "value": 101.3734489420428}, {"date": "2021-9-15", "name": "T2", "unit": "us", "value": 147.2031990333696}, {"date": "2021-9-15", "name": "frequency", "unit": "GHz", "value": 5.258374689477037}, {"date": "2021-9-15", "name": "anharmonicity", "unit": "GHz", "value": -0.3313451432371279}, {"date": "2021-9-15", "name": "readout_error", "unit": "", "value": 0.03510000000000002}, {"date": "2021-9-15", "name": "prob_meas0_prep1", "unit": "", "value": 0.06259999999999999}, {"date": "2021-9-15", "name": "prob_meas1_prep0", "unit": "", "value": 0.0076}, {"date": "2021-9-15", "name": "readout_length", "unit": "ns", "value": 5351.11111111111}]], "gates": [{"qubits": [0], "gate": "id", "parameters": [{"date": "2021-9-15", "name": "gate_error", "unit": "", "value": 0.00018624309116922787}, {"date": "2021-9-15", "name": "gate_length", "unit": "ns", "value": 35.55555555555556}], "name": "id0"}, {"qubits": [1], "gate": "id", "parameters": [{"date": "2021-9-15", "name": "gate_error", "unit": "", "value": 0.00033902262883623625}, {"date": "2021-9-15", "name": "gate_length", "unit": "ns", "value": 35.55555555555556}], "name": "id1"}, {"qubits": [2], "gate": "id", "parameters": [{"date": "2021-9-15", "name": "gate_error", "unit": "", "value": 0.00021141811154428447}, {"date": "2021-9-15", "name": "gate_length", "unit": "ns", "value": 35.55555555555556}], "name": "id2"}, {"qubits": [3], "gate": "id", "parameters": [{"date": "2021-9-15", "name": "gate_error", "unit": "", "value": 0.00044546286793044045}, {"date": "2021-9-15", "name": "gate_length", "unit": "ns", "value": 35.55555555555556}], "name": "id3"}, {"qubits": [4], "gate": "id", "parameters": [{"date": "2021-9-15", "name": "gate_error", "unit": "", "value": 0.0004166638677247775}, {"date": "2021-9-15", "name": "gate_length", "unit": "ns", "value": 35.55555555555556}], "name": "id4"}, {"qubits": [0], "gate": "rz", "parameters": [{"date": "2021-9-15", "name": "gate_error", "unit": "", "value": 0}, {"date": "2021-9-15", "name": "gate_length", "unit": "ns", "value": 0}], "name": "rz0"}, {"qubits": [1], "gate": "rz", "parameters": [{"date": "2021-9-15", "name": "gate_error", "unit": "", "value": 0}, {"date": "2021-9-15", "name": "gate_length", "unit": "ns", "value": 0}], "name": "rz1"}, {"qubits": [2], "gate": "rz", "parameters": [{"date": "2021-9-15", "name": "gate_error", "unit": "", "value": 0}, {"date": "2021-9-15", "name": "gate_length", "unit": "ns", "value": 0}], "name": "rz2"}, {"qubits": [3], "gate": "rz", "parameters": [{"date": "2021-9-15", "name": "gate_error", "unit": "", "value": 0}, {"date": "2021-9-15", "name": "gate_length", "unit": "ns", "value": 0}], "name": "rz3"}, {"qubits": [4], "gate": "rz", "parameters": [{"date": "2021-9-15", "name": "gate_error", "unit": "", "value": 0}, {"date": "2021-9-15", "name": "gate_length", "unit": "ns", "value": 0}], "name": "rz4"}, {"qubits": [0], "gate": "sx", "parameters": [{"date": "2021-9-15", "name": "gate_error", "unit": "", "value": 0.00018624309116922787}, {"date": "2021-9-15", "name": "gate_length", "unit": "ns", "value": 35.55555555555556}], "name": "sx0"}, {"qubits": [1], "gate": "sx", "parameters": [{"date": "2021-9-15", "name": "gate_error", "unit": "", "value": 0.00033902262883623625}, {"date": "2021-9-15", "name": "gate_length", "unit": "ns", "value": 35.55555555555556}], "name": "sx1"}, {"qubits": [2], "gate": "sx", "parameters": [{"date": "2021-9-15", "name": "gate_error", "unit": "", "value": 0.00021141811154428447}, {"date": "2021-9-15", "name": "gate_length", "unit": "ns", "value": 35.55555555555556}], "name": "sx2"}, {"qubits": [3], "gate": "sx", "parameters": [{"date": "2021-9-15", "name": "gate_error", "unit": "", "value": 0.00044546286793044045}, {"date": "2021-9-15", "name": "gate_length", "unit": "ns", "value": 35.55555555555556}], "name": "sx3"}, {"qubits": [4], "gate": "sx", "parameters": [{"date": "2021-9-15", "name": "gate_error", "unit": "", "value": 0.0004166638677247775}, {"date": "2021-9-15", "name": "gate_length", "unit": "ns", "value": 35.55555555555556}], "name": "sx4"}, {"qubits": [0], "gate": "x", "parameters": [{"date": "2021-9-15", "name": "gate_error", "unit": "", "value": 0.00018624309116922787}, {"date": "2021-9-15", "name": "gate_length", "unit": "ns", "value": 35.55555555555556}], "name": "x0"}, {"qubits": [1], "gate": "x", "parameters": [{"date": "2021-9-15", "name": "gate_error", "unit": "", "value": 0.00033902262883623625}, {"date": "2021-9-15", "name": "gate_length", "unit": "ns", "value": 35.55555555555556}], "name": "x1"}, {"qubits": [2], "gate": "x", "parameters": [{"date": "2021-9-15", "name": "gate_error", "unit": "", "value": 0.00021141811154428447}, {"date": "2021-9-15", "name": "gate_length", "unit": "ns", "value": 35.55555555555556}], "name": "x2"}, {"qubits": [3], "gate": "x", "parameters": [{"date": "2021-9-15", "name": "gate_error", "unit": "", "value": 0.00044546286793044045}, {"date": "2021-9-15", "name": "gate_length", "unit": "ns", "value": 35.55555555555556}], "name": "x3"}, {"qubits": [4], "gate": "x", "parameters": [{"date": "2021-9-15", "name": "gate_error", "unit": "", "value": 0.0004166638677247775}, {"date": "2021-9-15", "name": "gate_length", "unit": "ns", "value": 35.55555555555556}], "name": "x4"}, {"qubits": [4, 3], "gate": "cx", "parameters": [{"date": "2021-9-15", "name": "gate_error", "unit": "", "value": 0.013835633401423825}, {"date": "2021-9-12", "name": "gate_length", "unit": "ns", "value": 554.6666666666666}], "name": "cx4_3"}, {"qubits": [3, 4], "gate": "cx", "parameters": [{"date": "2021-9-15", "name": "gate_error", "unit": "", "value": 0.013835633401423825}, {"date": "2021-9-12", "name": "gate_length", "unit": "ns", "value": 590.2222222222222}], "name": "cx3_4"}, {"qubits": [3, 1], "gate": "cx", "parameters": [{"date": "2021-9-15", "name": "gate_error", "unit": "", "value": 0.010098622100805699}, {"date": "2021-9-12", "name": "gate_length", "unit": "ns", "value": 398.2222222222222}], "name": "cx3_1"}, {"qubits": [1, 3], "gate": "cx", "parameters": [{"date": "2021-9-15", "name": "gate_error", "unit": "", "value": 0.010098622100805699}, {"date": "2021-9-12", "name": "gate_length", "unit": "ns", "value": 433.77777777777777}], "name": "cx1_3"}, {"qubits": [2, 1], "gate": "cx", "parameters": [{"date": "2021-9-15", "name": "gate_error", "unit": "", "value": 0.006994361763204143}, {"date": "2021-9-12", "name": "gate_length", "unit": "ns", "value": 412.4444444444444}], "name": "cx2_1"}, {"qubits": [1, 2], "gate": "cx", "parameters": [{"date": "2021-9-15", "name": "gate_error", "unit": "", "value": 0.006994361763204143}, {"date": "2021-9-12", "name": "gate_length", "unit": "ns", "value": 448}], "name": "cx1_2"}, {"qubits": [1, 0], "gate": "cx", "parameters": [{"date": "2021-9-15", "name": "gate_error", "unit": "", "value": 0.01615187051854866}, {"date": "2021-9-12", "name": "gate_length", "unit": "ns", "value": 775.1111111111111}], "name": "cx1_0"}, {"qubits": [0, 1], "gate": "cx", "parameters": [{"date": "2021-9-15", "name": "gate_error", "unit": "", "value": 0.01615187051854866}, {"date": "2021-9-12", "name": "gate_length", "unit": "ns", "value": 810.6666666666666}], "name": "cx0_1"}, {"qubits": [0], "gate": "reset", "parameters": [{"date": "2021-9-15", "name": "gate_length", "unit": "ns", "value": 7342.222222222222}], "name": "reset0"}, {"qubits": [1], "gate": "reset", "parameters": [{"date": "2021-9-15", "name": "gate_length", "unit": "ns", "value": 7342.222222222222}], "name": "reset1"}, {"qubits": [2], "gate": "reset", "parameters": [{"date": "2021-9-15", "name": "gate_length", "unit": "ns", "value": 7342.222222222222}], "name": "reset2"}, {"qubits": [3], "gate": "reset", "parameters": [{"date": "2021-9-15", "name": "gate_length", "unit": "ns", "value": 7342.222222222222}], "name": "reset3"}, {"qubits": [4], "gate": "reset", "parameters": [{"date": "2021-9-15", "name": "gate_length", "unit": "ns", "value": 7342.222222222222}], "name": "reset4"}], "general": [{"date": "2021-9-15", "name": "jq_01", "unit": "GHz", "value": 0.0018736137364449847}, {"date": "2021-9-15", "name": "zz_01", "unit": "GHz", "value": -5.778719017046504e-05}, {"date": "2021-9-15", "name": "jq_12", "unit": "GHz", "value": 0.0020062596172337292}, {"date": "2021-9-15", "name": "zz_12", "unit": "GHz", "value": -5.607853601551941e-05}, {"date": "2021-9-15", "name": "jq_13", "unit": "GHz", "value": 0.0020039976609872224}, {"date": "2021-9-15", "name": "zz_13", "unit": "GHz", "value": -5.2854062688980254e-05}, {"date": "2021-9-15", "name": "jq_34", "unit": "GHz", "value": 0.0016737719182152912}, {"date": "2021-9-15", "name": "zz_34", "unit": "GHz", "value": -3.628419642815204e-05}]}