{"backend_name": "ibmq_belem", "backend_version": "1.0.25", "last_update_date": "2021-11-2", "qubits": [[{"date": "2021-11-2", "name": "T1", "unit": "us", "value": 134.13150156259266}, {"date": "2021-11-2", "name": "T2", "unit": "us", "value": 121.77095546086011}, {"date": "2021-11-2", "name": "frequency", "unit": "GHz", "value": 5.090159725603041}, {"date": "2021-11-2", "name": "anharmonicity", "unit": "GHz", "value": -0.33612300518216515}, {"date": "2021-11-2", "name": "readout_error", "unit": "", "value": 0.01540000000000008}, {"date": "2021-11-2", "name": "prob_meas0_prep1", "unit": "", "value": 0.0252}, {"date": "2021-11-2", "name": "prob_meas1_prep0", "unit": "", "value": 0.0056}, {"date": "2021-11-2", "name": "readout_length", "unit": "ns", "value": 5351.11111111111}], [{"date": "2021-11-2", "name": "T1", "unit": "us", "value": 115.08056539067859}, {"date": "2021-11-2", "name": "T2", "unit": "us", "value": 113.84418895022105}, {"date": "2021-11-2", "name": "frequency", "unit": "GHz", "value": 5.245568309752486}, {"date": "2021-11-2", "name": "anharmonicity", "unit": "GHz", "value": -0.316572131412737}, {"date": "2021-11-2", "name": "readout_error", "unit": "", "value": 0.01859999999999995}, {"date": "2021-11-2", "name": "prob_meas0_prep1", "unit": "", "value": 0.027599999999999958}, {"date": "2021-11-2", "name": "prob_meas1_prep0", "unit": "", "value": 0.0096}, {"date": "2021-11-2", "name": "readout_length", "unit": "ns", "value": 5351.11111111111}], [{"date": "2021-11-2", "name": "T1", "unit": "us", "value": 45.21712108070117}, {"date": "2021-11-2", "name": "T2", "unit": "us", "value": 34.95270787234922}, {"date": "2021-11-2", "name": "frequency", "unit": "GHz", "value": 5.361428183240122}, {"date": "2021-11-2", "name": "anharmonicity", "unit": "GHz", "value": -0.3306274884584928}, {"date": "2021-11-2", "name": "readout_error", "unit": "", "value": 0.0242}, {"date": "2021-11-2", "name": "prob_meas0_prep1", "unit": "", "value": 0.038000000000000034}, {"date": "2021-11-2", "name": "prob_meas1_prep0", "unit": "", "value": 0.0104}, {"date": "2021-11-2", "name": "readout_length", "unit": "ns", "value": 5351.11111111111}], [{"date": "2021-11-2", "name": "T1", "unit": "us", "value": 107.17929609357904}, {"date": "2021-11-2", "name": "T2", "unit": "us", "value": 121.5881187293751}, {"date": "2021-11-2", "name": "frequency", "unit": "GHz", "value": 5.170370742044631}, {"date": "2021-11-2", "name": "anharmonicity", "unit": "GHz", "value": -0.33373922611368106}, {"date": "2021-11-2", "name": "readout_error", "unit": "", "value": 0.03200000000000003}, {"date": "2021-11-2", "name": "prob_meas0_prep1", "unit": "", "value": 0.051000000000000045}, {"date": "2021-11-2", "name": "prob_meas1_prep0", "unit": "", "value": 0.013}, {"date": "2021-11-2", "name": "readout_length", "unit": "ns", "value": 5351.11111111111}], [{"date": "2021-11-2", "name": "T1", "unit": "us", "value": 84.30722940433232}, {"date": "2021-11-2", "name": "T2", "unit": "us", "value": 86.20719030125306}, {"date": "2021-11-2", "name": "frequency", "unit": "GHz", "value": 5.2584568025960765}, {"date": "2021-11-2", "name": "anharmonicity", "unit": "GHz", "value": -0.3313451432371279}, {"date": "2021-11-2", "name": "readout_error", "unit": "", "value": 0.018899999999999917}, {"date": "2021-11-2", "name": "prob_meas0_prep1", "unit": "", "value": 0.031399999999999983}, {"date": "2021-11-2", "name": "prob_meas1_prep0", "unit": "", "value": 0.0064}, {"date": "2021-11-2", "name": "readout_length", "unit": "ns", "value": 5351.11111111111}]], "gates": [{"qubits": [0], "gate": "id", "parameters": [{"date": "2021-11-2", "name": "gate_error", "unit": "", "value": 0.0002753306282564559}, {"date": "2021-11-2", "name": "gate_length", "unit": "ns", "value": 35.55555555555556}], "name": "id0"}, {"qubits": [1], "gate": "id", "parameters": [{"date": "2021-11-2", "name": "gate_error", "unit": "", "value": 0.0002580451132516711}, {"date": "2021-11-2", "name": "gate_length", "unit": "ns", "value": 35.55555555555556}], "name": "id1"}, {"qubits": [2], "gate": "id", "parameters": [{"date": "2021-11-2", "name": "gate_error", "unit": "", "value": 0.00032946711511592396}, {"date": "2021-11-2", "name": "gate_length", "unit": "ns", "value": 35.55555555555556}], "name": "id2"}, {"qubits": [3], "gate": "id", "parameters": [{"date": "2021-11-2", "name": "gate_error", "unit": "", "value": 0.0005940692646422663}, {"date": "2021-11-2", "name": "gate_length", "unit": "ns", "value": 35.55555555555556}], "name": "id3"}, {"qubits": [4], "gate": "id", "parameters": [{"date": "2021-11-2", "name": "gate_error", "unit": "", "value": 0.00027036213854574455}, {"date": "2021-11-2", "name": "gate_length", "unit": "ns", "value": 35.55555555555556}], "name": "id4"}, {"qubits": [0], "gate": "rz", "parameters": [{"date": "2021-11-2", "name": "gate_error", "unit": "", "value": 0}, {"date": "2021-11-2", "name": "gate_length", "unit": "ns", "value": 0}], "name": "rz0"}, {"qubits": [1], "gate": "rz", "parameters": [{"date": "2021-11-2", "name": "gate_error", "unit": "", "value": 0}, {"date": "2021-11-2", "name": "gate_length", "unit": "ns", "value": 0}], "name": "rz1"}, {"qubits": [2], "gate": "rz", "parameters": [{"date": "2021-11-2", "name": "gate_error", "unit": "", "value": 0}, {"date": "2021-11-2", "name": "gate_length", "unit": "ns", "value": 0}], "name": "rz2"}, {"qubits": [3], "gate": "rz", "parameters": [{"date": "2021-11-2", "name": "gate_error", "unit": "", "value": 0}, {"date": "2021-11-2", "name": "gate_length", "unit": "ns", "value": 0}], "name": "rz3"}, {"qubits": [4], "gate": "rz", "parameters": [{"date": "2021-11-2", "name": "gate_error", "unit": "", "value": 0}, {"date": "2021-11-2", "name": "gate_length", "unit": "ns", "value": 0}], "name": "rz4"}, {"qubits": [0], "gate": "sx", "parameters": [{"date": "2021-11-2", "name": "gate_error", "unit": "", "value": 0.0002753306282564559}, {"date": "2021-11-2", "name": "gate_length", "unit": "ns", "value": 35.55555555555556}], "name": "sx0"}, {"qubits": [1], "gate": "sx", "parameters": [{"date": "2021-11-2", "name": "gate_error", "unit": "", "value": 0.0002580451132516711}, {"date": "2021-11-2", "name": "gate_length", "unit": "ns", "value": 35.55555555555556}], "name": "sx1"}, {"qubits": [2], "gate": "sx", "parameters": [{"date": "2021-11-2", "name": "gate_error", "unit": "", "value": 0.00032946711511592396}, {"date": "2021-11-2", "name": "gate_length", "unit": "ns", "value": 35.55555555555556}], "name": "sx2"}, {"qubits": [3], "gate": "sx", "parameters": [{"date": "2021-11-2", "name": "gate_error", "unit": "", "value": 0.0005940692646422663}, {"date": "2021-11-2", "name": "gate_length", "unit": "ns", "value": 35.55555555555556}], "name": "sx3"}, {"qubits": [4], "gate": "sx", "parameters": [{"date": "2021-11-2", "name": "gate_error", "unit": "", "value": 0.00027036213854574455}, {"date": "2021-11-2", "name": "gate_length", "unit": "ns", "value": 35.55555555555556}], "name": "sx4"}, {"qubits": [0], "gate": "x", "parameters": [{"date": "2021-11-2", "name": "gate_error", "unit": "", "value": 0.0002753306282564559}, {"date": "2021-11-2", "name": "gate_length", "unit": "ns", "value": 35.55555555555556}], "name": "x0"}, {"qubits": [1], "gate": "x", "parameters": [{"date": "2021-11-2", "name": "gate_error", "unit": "", "value": 0.0002580451132516711}, {"date": "2021-11-2", "name": "gate_length", "unit": "ns", "value": 35.55555555555556}], "name": "x1"}, {"qubits": [2], "gate": "x", "parameters": [{"date": "2021-11-2", "name": "gate_error", "unit": "", "value": 0.00032946711511592396}, {"date": "2021-11-2", "name": "gate_length", "unit": "ns", "value": 35.55555555555556}], "name": "x2"}, {"qubits": [3], "gate": "x", "parameters": [{"date": "2021-11-2", "name": "gate_error", "unit": "", "value": 0.0005940692646422663}, {"date": "2021-11-2", "name": "gate_length", "unit": "ns", "value": 35.55555555555556}], "name": "x3"}, {"qubits": [4], "gate": "x", "parameters": [{"date": "2021-11-2", "name": "gate_error", "unit": "", "value": 0.00027036213854574455}, {"date": "2021-11-2", "name": "gate_length", "unit": "ns", "value": 35.55555555555556}], "name": "x4"}, {"qubits": [4, 3], "gate": "cx", "parameters": [{"date": "2021-11-2", "name": "gate_error", "unit": "", "value": 0.014896968909522357}, {"date": "2021-10-30", "name": "gate_length", "unit": "ns", "value": 554.6666666666666}], "name": "cx4_3"}, {"qubits": [3, 4], "gate": "cx", "parameters": [{"date": "2021-11-2", "name": "gate_error", "unit": "", "value": 0.014896968909522357}, {"date": "2021-10-30", "name": "gate_length", "unit": "ns", "value": 590.2222222222222}], "name": "cx3_4"}, {"qubits": [3, 1], "gate": "cx", "parameters": [{"date": "2021-11-2", "name": "gate_error", "unit": "", "value": 0.011043311533602274}, {"date": "2021-10-30", "name": "gate_length", "unit": "ns", "value": 398.2222222222222}], "name": "cx3_1"}, {"qubits": [1, 3], "gate": "cx", "parameters": [{"date": "2021-11-2", "name": "gate_error", "unit": "", "value": 0.011043311533602274}, {"date": "2021-10-30", "name": "gate_length", "unit": "ns", "value": 433.77777777777777}], "name": "cx1_3"}, {"qubits": [2, 1], "gate": "cx", "parameters": [{"date": "2021-11-2", "name": "gate_error", "unit": "", "value": 0.006896125087544003}, {"date": "2021-10-30", "name": "gate_length", "unit": "ns", "value": 412.4444444444444}], "name": "cx2_1"}, {"qubits": [1, 2], "gate": "cx", "parameters": [{"date": "2021-11-2", "name": "gate_error", "unit": "", "value": 0.006896125087544003}, {"date": "2021-10-30", "name": "gate_length", "unit": "ns", "value": 448}], "name": "cx1_2"}, {"qubits": [1, 0], "gate": "cx", "parameters": [{"date": "2021-11-2", "name": "gate_error", "unit": "", "value": 0.01336529366310707}, {"date": "2021-10-30", "name": "gate_length", "unit": "ns", "value": 775.1111111111111}], "name": "cx1_0"}, {"qubits": [0, 1], "gate": "cx", "parameters": [{"date": "2021-11-2", "name": "gate_error", "unit": "", "value": 0.01336529366310707}, {"date": "2021-10-30", "name": "gate_length", "unit": "ns", "value": 810.6666666666666}], "name": "cx0_1"}, {"qubits": [0], "gate": "reset", "parameters": [{"date": "2021-11-2", "name": "gate_length", "unit": "ns", "value": 7342.222222222222}], "name": "reset0"}, {"qubits": [1], "gate": "reset", "parameters": [{"date": "2021-11-2", "name": "gate_length", "unit": "ns", "value": 7342.222222222222}], "name": "reset1"}, {"qubits": [2], "gate": "reset", "parameters": [{"date": "2021-11-2", "name": "gate_length", "unit": "ns", "value": 7342.222222222222}], "name": "reset2"}, {"qubits": [3], "gate": "reset", "parameters": [{"date": "2021-11-2", "name": "gate_length", "unit": "ns", "value": 7342.222222222222}], "name": "reset3"}, {"qubits": [4], "gate": "reset", "parameters": [{"date": "2021-11-2", "name": "gate_length", "unit": "ns", "value": 7342.222222222222}], "name": "reset4"}], "general": [{"date": "2021-11-2", "name": "jq_01", "unit": "GHz", "value": 0.0018736137364449847}, {"date": "2021-11-2", "name": "zz_01", "unit": "GHz", "value": -5.778719017046504e-05}, {"date": "2021-11-2", "name": "jq_12", "unit": "GHz", "value": 0.0020062596172337292}, {"date": "2021-11-2", "name": "zz_12", "unit": "GHz", "value": -5.607853601551941e-05}, {"date": "2021-11-2", "name": "jq_13", "unit": "GHz", "value": 0.0020039976609872224}, {"date": "2021-11-2", "name": "zz_13", "unit": "GHz", "value": -5.2854062688980254e-05}, {"date": "2021-11-2", "name": "jq_34", "unit": "GHz", "value": 0.0016737719182152912}, {"date": "2021-11-2", "name": "zz_34", "unit": "GHz", "value": -3.628419642815204e-05}]}