{"backend_name": "ibmq_belem", "backend_version": "1.0.17", "last_update_date": "2021-8-24", "qubits": [[{"date": "2021-8-24", "name": "T1", "unit": "us", "value": 90.94814434441234}, {"date": "2021-8-24", "name": "T2", "unit": "us", "value": 105.96810151394774}, {"date": "2021-8-24", "name": "frequency", "unit": "GHz", "value": 5.09006494197519}, {"date": "2021-8-24", "name": "anharmonicity", "unit": "GHz", "value": -0.33612300518216515}, {"date": "2021-8-24", "name": "readout_error", "unit": "", "value": 0.020000000000000018}, {"date": "2021-8-24", "name": "prob_meas0_prep1", "unit": "", "value": 0.03200000000000003}, {"date": "2021-8-24", "name": "prob_meas1_prep0", "unit": "", "value": 0.008}, {"date": "2021-8-24", "name": "readout_length", "unit": "ns", "value": 5351.11111111111}], [{"date": "2021-8-24", "name": "T1", "unit": "us", "value": 58.07995912315803}, {"date": "2021-8-24", "name": "T2", "unit": "us", "value": 101.14677140094865}, {"date": "2021-8-24", "name": "frequency", "unit": "GHz", "value": 5.24543880230293}, {"date": "2021-8-24", "name": "anharmonicity", "unit": "GHz", "value": -0.316572131412737}, {"date": "2021-8-24", "name": "readout_error", "unit": "", "value": 0.035699999999999954}, {"date": "2021-8-24", "name": "prob_meas0_prep1", "unit": "", "value": 0.04179999999999995}, {"date": "2021-8-24", "name": "prob_meas1_prep0", "unit": "", "value": 0.0296}, {"date": "2021-8-24", "name": "readout_length", "unit": "ns", "value": 5351.11111111111}], [{"date": "2021-8-24", "name": "T1", "unit": "us", "value": 87.10912238129934}, {"date": "2021-8-24", "name": "T2", "unit": "us", "value": 70.6785382228001}, {"date": "2021-8-24", "name": "frequency", "unit": "GHz", "value": 5.36139775315449}, {"date": "2021-8-24", "name": "anharmonicity", "unit": "GHz", "value": -0.3306274884584928}, {"date": "2021-8-24", "name": "readout_error", "unit": "", "value": 0.025600000000000067}, {"date": "2021-8-24", "name": "prob_meas0_prep1", "unit": "", "value": 0.03920000000000001}, {"date": "2021-8-24", "name": "prob_meas1_prep0", "unit": "", "value": 0.012}, {"date": "2021-8-24", "name": "readout_length", "unit": "ns", "value": 5351.11111111111}], [{"date": "2021-8-24", "name": "T1", "unit": "us", "value": 106.49578734460574}, {"date": "2021-8-24", "name": "T2", "unit": "us", "value": 130.79333047713766}, {"date": "2021-8-24", "name": "frequency", "unit": "GHz", "value": 5.1703664943151875}, {"date": "2021-8-24", "name": "anharmonicity", "unit": "GHz", "value": -0.33373922611368106}, {"date": "2021-8-24", "name": "readout_error", "unit": "", "value": 0.020299999999999985}, {"date": "2021-8-24", "name": "prob_meas0_prep1", "unit": "", "value": 0.030399999999999983}, {"date": "2021-8-24", "name": "prob_meas1_prep0", "unit": "", "value": 0.0102}, {"date": "2021-8-24", "name": "readout_length", "unit": "ns", "value": 5351.11111111111}], [{"date": "2021-8-24", "name": "T1", "unit": "us", "value": 124.38325406270283}, {"date": "2021-8-24", "name": "T2", "unit": "us", "value": 133.7093185904425}, {"date": "2021-8-24", "name": "frequency", "unit": "GHz", "value": 5.258373387363238}, {"date": "2021-8-24", "name": "anharmonicity", "unit": "GHz", "value": -0.3313451432371279}, {"date": "2021-8-24", "name": "readout_error", "unit": "", "value": 0.022399999999999975}, {"date": "2021-8-24", "name": "prob_meas0_prep1", "unit": "", "value": 0.03400000000000003}, {"date": "2021-8-24", "name": "prob_meas1_prep0", "unit": "", "value": 0.0108}, {"date": "2021-8-24", "name": "readout_length", "unit": "ns", "value": 5351.11111111111}]], "gates": [{"qubits": [0], "gate": "id", "parameters": [{"date": "2021-8-24", "name": "gate_error", "unit": "", "value": 0.00039120630645037653}, {"date": "2021-8-24", "name": "gate_length", "unit": "ns", "value": 35.55555555555556}], "name": "id0"}, {"qubits": [1], "gate": "id", "parameters": [{"date": "2021-8-24", "name": "gate_error", "unit": "", "value": 0.00029377323720084864}, {"date": "2021-8-24", "name": "gate_length", "unit": "ns", "value": 35.55555555555556}], "name": "id1"}, {"qubits": [2], "gate": "id", "parameters": [{"date": "2021-8-24", "name": "gate_error", "unit": "", "value": 0.0002751114863159263}, {"date": "2021-8-24", "name": "gate_length", "unit": "ns", "value": 35.55555555555556}], "name": "id2"}, {"qubits": [3], "gate": "id", "parameters": [{"date": "2021-8-24", "name": "gate_error", "unit": "", "value": 0.0002252346619978994}, {"date": "2021-8-24", "name": "gate_length", "unit": "ns", "value": 35.55555555555556}], "name": "id3"}, {"qubits": [4], "gate": "id", "parameters": [{"date": "2021-8-24", "name": "gate_error", "unit": "", "value": 0.000243504025594289}, {"date": "2021-8-24", "name": "gate_length", "unit": "ns", "value": 35.55555555555556}], "name": "id4"}, {"qubits": [0], "gate": "rz", "parameters": [{"date": "2021-8-24", "name": "gate_error", "unit": "", "value": 0}, {"date": "2021-8-24", "name": "gate_length", "unit": "ns", "value": 0}], "name": "rz0"}, {"qubits": [1], "gate": "rz", "parameters": [{"date": "2021-8-24", "name": "gate_error", "unit": "", "value": 0}, {"date": "2021-8-24", "name": "gate_length", "unit": "ns", "value": 0}], "name": "rz1"}, {"qubits": [2], "gate": "rz", "parameters": [{"date": "2021-8-24", "name": "gate_error", "unit": "", "value": 0}, {"date": "2021-8-24", "name": "gate_length", "unit": "ns", "value": 0}], "name": "rz2"}, {"qubits": [3], "gate": "rz", "parameters": [{"date": "2021-8-24", "name": "gate_error", "unit": "", "value": 0}, {"date": "2021-8-24", "name": "gate_length", "unit": "ns", "value": 0}], "name": "rz3"}, {"qubits": [4], "gate": "rz", "parameters": [{"date": "2021-8-24", "name": "gate_error", "unit": "", "value": 0}, {"date": "2021-8-24", "name": "gate_length", "unit": "ns", "value": 0}], "name": "rz4"}, {"qubits": [0], "gate": "sx", "parameters": [{"date": "2021-8-24", "name": "gate_error", "unit": "", "value": 0.00039120630645037653}, {"date": "2021-8-24", "name": "gate_length", "unit": "ns", "value": 35.55555555555556}], "name": "sx0"}, {"qubits": [1], "gate": "sx", "parameters": [{"date": "2021-8-24", "name": "gate_error", "unit": "", "value": 0.00029377323720084864}, {"date": "2021-8-24", "name": "gate_length", "unit": "ns", "value": 35.55555555555556}], "name": "sx1"}, {"qubits": [2], "gate": "sx", "parameters": [{"date": "2021-8-24", "name": "gate_error", "unit": "", "value": 0.0002751114863159263}, {"date": "2021-8-24", "name": "gate_length", "unit": "ns", "value": 35.55555555555556}], "name": "sx2"}, {"qubits": [3], "gate": "sx", "parameters": [{"date": "2021-8-24", "name": "gate_error", "unit": "", "value": 0.0002252346619978994}, {"date": "2021-8-24", "name": "gate_length", "unit": "ns", "value": 35.55555555555556}], "name": "sx3"}, {"qubits": [4], "gate": "sx", "parameters": [{"date": "2021-8-24", "name": "gate_error", "unit": "", "value": 0.000243504025594289}, {"date": "2021-8-24", "name": "gate_length", "unit": "ns", "value": 35.55555555555556}], "name": "sx4"}, {"qubits": [0], "gate": "x", "parameters": [{"date": "2021-8-24", "name": "gate_error", "unit": "", "value": 0.00039120630645037653}, {"date": "2021-8-24", "name": "gate_length", "unit": "ns", "value": 35.55555555555556}], "name": "x0"}, {"qubits": [1], "gate": "x", "parameters": [{"date": "2021-8-24", "name": "gate_error", "unit": "", "value": 0.00029377323720084864}, {"date": "2021-8-24", "name": "gate_length", "unit": "ns", "value": 35.55555555555556}], "name": "x1"}, {"qubits": [2], "gate": "x", "parameters": [{"date": "2021-8-24", "name": "gate_error", "unit": "", "value": 0.0002751114863159263}, {"date": "2021-8-24", "name": "gate_length", "unit": "ns", "value": 35.55555555555556}], "name": "x2"}, {"qubits": [3], "gate": "x", "parameters": [{"date": "2021-8-24", "name": "gate_error", "unit": "", "value": 0.0002252346619978994}, {"date": "2021-8-24", "name": "gate_length", "unit": "ns", "value": 35.55555555555556}], "name": "x3"}, {"qubits": [4], "gate": "x", "parameters": [{"date": "2021-8-24", "name": "gate_error", "unit": "", "value": 0.000243504025594289}, {"date": "2021-8-24", "name": "gate_length", "unit": "ns", "value": 35.55555555555556}], "name": "x4"}, {"qubits": [4, 3], "gate": "cx", "parameters": [{"date": "2021-8-24", "name": "gate_error", "unit": "", "value": 0.009120435333964533}, {"date": "2021-8-21", "name": "gate_length", "unit": "ns", "value": 554.6666666666666}], "name": "cx4_3"}, {"qubits": [3, 4], "gate": "cx", "parameters": [{"date": "2021-8-24", "name": "gate_error", "unit": "", "value": 0.009120435333964533}, {"date": "2021-8-21", "name": "gate_length", "unit": "ns", "value": 590.2222222222222}], "name": "cx3_4"}, {"qubits": [3, 1], "gate": "cx", "parameters": [{"date": "2021-8-24", "name": "gate_error", "unit": "", "value": 0.007726967447513389}, {"date": "2021-8-21", "name": "gate_length", "unit": "ns", "value": 398.2222222222222}], "name": "cx3_1"}, {"qubits": [1, 3], "gate": "cx", "parameters": [{"date": "2021-8-24", "name": "gate_error", "unit": "", "value": 0.007726967447513389}, {"date": "2021-8-21", "name": "gate_length", "unit": "ns", "value": 433.77777777777777}], "name": "cx1_3"}, {"qubits": [2, 1], "gate": "cx", "parameters": [{"date": "2021-8-24", "name": "gate_error", "unit": "", "value": 0.007248180866690018}, {"date": "2021-8-21", "name": "gate_length", "unit": "ns", "value": 412.4444444444444}], "name": "cx2_1"}, {"qubits": [1, 2], "gate": "cx", "parameters": [{"date": "2021-8-24", "name": "gate_error", "unit": "", "value": 0.007248180866690018}, {"date": "2021-8-21", "name": "gate_length", "unit": "ns", "value": 448}], "name": "cx1_2"}, {"qubits": [1, 0], "gate": "cx", "parameters": [{"date": "2021-8-24", "name": "gate_error", "unit": "", "value": 0.02042884533582029}, {"date": "2021-8-21", "name": "gate_length", "unit": "ns", "value": 775.1111111111111}], "name": "cx1_0"}, {"qubits": [0, 1], "gate": "cx", "parameters": [{"date": "2021-8-24", "name": "gate_error", "unit": "", "value": 0.02042884533582029}, {"date": "2021-8-21", "name": "gate_length", "unit": "ns", "value": 810.6666666666666}], "name": "cx0_1"}, {"qubits": [0], "gate": "reset", "parameters": [{"date": "2021-8-24", "name": "gate_length", "unit": "ns", "value": 7342.222222222222}], "name": "reset0"}, {"qubits": [1], "gate": "reset", "parameters": [{"date": "2021-8-24", "name": "gate_length", "unit": "ns", "value": 7342.222222222222}], "name": "reset1"}, {"qubits": [2], "gate": "reset", "parameters": [{"date": "2021-8-24", "name": "gate_length", "unit": "ns", "value": 7342.222222222222}], "name": "reset2"}, {"qubits": [3], "gate": "reset", "parameters": [{"date": "2021-8-24", "name": "gate_length", "unit": "ns", "value": 7342.222222222222}], "name": "reset3"}, {"qubits": [4], "gate": "reset", "parameters": [{"date": "2021-8-24", "name": "gate_length", "unit": "ns", "value": 7342.222222222222}], "name": "reset4"}], "general": [{"date": "2021-8-24", "name": "jq_01", "unit": "GHz", "value": 0.0018736137364449847}, {"date": "2021-8-24", "name": "zz_01", "unit": "GHz", "value": -5.778719017046504e-05}, {"date": "2021-8-24", "name": "jq_12", "unit": "GHz", "value": 0.0020062596172337292}, {"date": "2021-8-24", "name": "zz_12", "unit": "GHz", "value": -5.607853601551941e-05}, {"date": "2021-8-24", "name": "jq_13", "unit": "GHz", "value": 0.0020039976609872224}, {"date": "2021-8-24", "name": "zz_13", "unit": "GHz", "value": -5.2854062688980254e-05}, {"date": "2021-8-24", "name": "jq_34", "unit": "GHz", "value": 0.0016737719182152912}, {"date": "2021-8-24", "name": "zz_34", "unit": "GHz", "value": -3.628419642815204e-05}]}