{"backend_name": "ibmq_belem", "backend_version": "1.0.20", "last_update_date": "2021-10-2", "qubits": [[{"date": "2021-10-2", "name": "T1", "unit": "us", "value": 98.1308591104315}, {"date": "2021-10-2", "name": "T2", "unit": "us", "value": 105.0578038580966}, {"date": "2021-10-2", "name": "frequency", "unit": "GHz", "value": 5.090015908900049}, {"date": "2021-10-2", "name": "anharmonicity", "unit": "GHz", "value": -0.33612300518216515}, {"date": "2021-10-2", "name": "readout_error", "unit": "", "value": 0.02510000000000001}, {"date": "2021-10-2", "name": "prob_meas0_prep1", "unit": "", "value": 0.04059999999999997}, {"date": "2021-10-2", "name": "prob_meas1_prep0", "unit": "", "value": 0.0096}, {"date": "2021-10-2", "name": "readout_length", "unit": "ns", "value": 5351.11111111111}], [{"date": "2021-10-2", "name": "T1", "unit": "us", "value": 96.73773231324448}, {"date": "2021-10-2", "name": "T2", "unit": "us", "value": 83.62304612954246}, {"date": "2021-10-2", "name": "frequency", "unit": "GHz", "value": 5.245504310247004}, {"date": "2021-10-2", "name": "anharmonicity", "unit": "GHz", "value": -0.316572131412737}, {"date": "2021-10-2", "name": "readout_error", "unit": "", "value": 0.07200000000000006}, {"date": "2021-10-2", "name": "prob_meas0_prep1", "unit": "", "value": 0.11280000000000001}, {"date": "2021-10-2", "name": "prob_meas1_prep0", "unit": "", "value": 0.0312}, {"date": "2021-10-2", "name": "readout_length", "unit": "ns", "value": 5351.11111111111}], [{"date": "2021-10-2", "name": "T1", "unit": "us", "value": 62.579493221434305}, {"date": "2021-10-2", "name": "T2", "unit": "us", "value": 31.47240602177125}, {"date": "2021-10-2", "name": "frequency", "unit": "GHz", "value": 5.361402526076935}, {"date": "2021-10-2", "name": "anharmonicity", "unit": "GHz", "value": -0.3306274884584928}, {"date": "2021-10-2", "name": "readout_error", "unit": "", "value": 0.023399999999999976}, {"date": "2021-10-2", "name": "prob_meas0_prep1", "unit": "", "value": 0.03939999999999999}, {"date": "2021-10-2", "name": "prob_meas1_prep0", "unit": "", "value": 0.0074}, {"date": "2021-10-2", "name": "readout_length", "unit": "ns", "value": 5351.11111111111}], [{"date": "2021-10-2", "name": "T1", "unit": "us", "value": 78.20606624240911}, {"date": "2021-10-2", "name": "T2", "unit": "us", "value": 101.6935211383885}, {"date": "2021-10-2", "name": "frequency", "unit": "GHz", "value": 5.170390034399392}, {"date": "2021-10-2", "name": "anharmonicity", "unit": "GHz", "value": -0.33373922611368106}, {"date": "2021-10-2", "name": "readout_error", "unit": "", "value": 0.025700000000000056}, {"date": "2021-10-2", "name": "prob_meas0_prep1", "unit": "", "value": 0.0474}, {"date": "2021-10-2", "name": "prob_meas1_prep0", "unit": "", "value": 0.004}, {"date": "2021-10-2", "name": "readout_length", "unit": "ns", "value": 5351.11111111111}], [{"date": "2021-10-2", "name": "T1", "unit": "us", "value": 104.33128963889816}, {"date": "2021-10-2", "name": "T2", "unit": "us", "value": 141.64398619874703}, {"date": "2021-10-2", "name": "frequency", "unit": "GHz", "value": 5.258372941674122}, {"date": "2021-10-2", "name": "anharmonicity", "unit": "GHz", "value": -0.3313451432371279}, {"date": "2021-10-2", "name": "readout_error", "unit": "", "value": 0.018000000000000016}, {"date": "2021-10-2", "name": "prob_meas0_prep1", "unit": "", "value": 0.03159999999999996}, {"date": "2021-10-2", "name": "prob_meas1_prep0", "unit": "", "value": 0.0044}, {"date": "2021-10-2", "name": "readout_length", "unit": "ns", "value": 5351.11111111111}]], "gates": [{"qubits": [0], "gate": "id", "parameters": [{"date": "2021-10-2", "name": "gate_error", "unit": "", "value": 0.00021345242759680385}, {"date": "2021-10-2", "name": "gate_length", "unit": "ns", "value": 35.55555555555556}], "name": "id0"}, {"qubits": [1], "gate": "id", "parameters": [{"date": "2021-10-2", "name": "gate_error", "unit": "", "value": 0.0012216629391663082}, {"date": "2021-10-2", "name": "gate_length", "unit": "ns", "value": 35.55555555555556}], "name": "id1"}, {"qubits": [2], "gate": "id", "parameters": [{"date": "2021-10-2", "name": "gate_error", "unit": "", "value": 0.00023650015735256647}, {"date": "2021-10-2", "name": "gate_length", "unit": "ns", "value": 35.55555555555556}], "name": "id2"}, {"qubits": [3], "gate": "id", "parameters": [{"date": "2021-10-2", "name": "gate_error", "unit": "", "value": 0.000567003314802965}, {"date": "2021-10-2", "name": "gate_length", "unit": "ns", "value": 35.55555555555556}], "name": "id3"}, {"qubits": [4], "gate": "id", "parameters": [{"date": "2021-10-2", "name": "gate_error", "unit": "", "value": 0.0002523518059855284}, {"date": "2021-10-2", "name": "gate_length", "unit": "ns", "value": 35.55555555555556}], "name": "id4"}, {"qubits": [0], "gate": "rz", "parameters": [{"date": "2021-10-2", "name": "gate_error", "unit": "", "value": 0}, {"date": "2021-10-2", "name": "gate_length", "unit": "ns", "value": 0}], "name": "rz0"}, {"qubits": [1], "gate": "rz", "parameters": [{"date": "2021-10-2", "name": "gate_error", "unit": "", "value": 0}, {"date": "2021-10-2", "name": "gate_length", "unit": "ns", "value": 0}], "name": "rz1"}, {"qubits": [2], "gate": "rz", "parameters": [{"date": "2021-10-2", "name": "gate_error", "unit": "", "value": 0}, {"date": "2021-10-2", "name": "gate_length", "unit": "ns", "value": 0}], "name": "rz2"}, {"qubits": [3], "gate": "rz", "parameters": [{"date": "2021-10-2", "name": "gate_error", "unit": "", "value": 0}, {"date": "2021-10-2", "name": "gate_length", "unit": "ns", "value": 0}], "name": "rz3"}, {"qubits": [4], "gate": "rz", "parameters": [{"date": "2021-10-2", "name": "gate_error", "unit": "", "value": 0}, {"date": "2021-10-2", "name": "gate_length", "unit": "ns", "value": 0}], "name": "rz4"}, {"qubits": [0], "gate": "sx", "parameters": [{"date": "2021-10-2", "name": "gate_error", "unit": "", "value": 0.00021345242759680385}, {"date": "2021-10-2", "name": "gate_length", "unit": "ns", "value": 35.55555555555556}], "name": "sx0"}, {"qubits": [1], "gate": "sx", "parameters": [{"date": "2021-10-2", "name": "gate_error", "unit": "", "value": 0.0012216629391663082}, {"date": "2021-10-2", "name": "gate_length", "unit": "ns", "value": 35.55555555555556}], "name": "sx1"}, {"qubits": [2], "gate": "sx", "parameters": [{"date": "2021-10-2", "name": "gate_error", "unit": "", "value": 0.00023650015735256647}, {"date": "2021-10-2", "name": "gate_length", "unit": "ns", "value": 35.55555555555556}], "name": "sx2"}, {"qubits": [3], "gate": "sx", "parameters": [{"date": "2021-10-2", "name": "gate_error", "unit": "", "value": 0.000567003314802965}, {"date": "2021-10-2", "name": "gate_length", "unit": "ns", "value": 35.55555555555556}], "name": "sx3"}, {"qubits": [4], "gate": "sx", "parameters": [{"date": "2021-10-2", "name": "gate_error", "unit": "", "value": 0.0002523518059855284}, {"date": "2021-10-2", "name": "gate_length", "unit": "ns", "value": 35.55555555555556}], "name": "sx4"}, {"qubits": [0], "gate": "x", "parameters": [{"date": "2021-10-2", "name": "gate_error", "unit": "", "value": 0.00021345242759680385}, {"date": "2021-10-2", "name": "gate_length", "unit": "ns", "value": 35.55555555555556}], "name": "x0"}, {"qubits": [1], "gate": "x", "parameters": [{"date": "2021-10-2", "name": "gate_error", "unit": "", "value": 0.0012216629391663082}, {"date": "2021-10-2", "name": "gate_length", "unit": "ns", "value": 35.55555555555556}], "name": "x1"}, {"qubits": [2], "gate": "x", "parameters": [{"date": "2021-10-2", "name": "gate_error", "unit": "", "value": 0.00023650015735256647}, {"date": "2021-10-2", "name": "gate_length", "unit": "ns", "value": 35.55555555555556}], "name": "x2"}, {"qubits": [3], "gate": "x", "parameters": [{"date": "2021-10-2", "name": "gate_error", "unit": "", "value": 0.000567003314802965}, {"date": "2021-10-2", "name": "gate_length", "unit": "ns", "value": 35.55555555555556}], "name": "x3"}, {"qubits": [4], "gate": "x", "parameters": [{"date": "2021-10-2", "name": "gate_error", "unit": "", "value": 0.0002523518059855284}, {"date": "2021-10-2", "name": "gate_length", "unit": "ns", "value": 35.55555555555556}], "name": "x4"}, {"qubits": [4, 3], "gate": "cx", "parameters": [{"date": "2021-10-2", "name": "gate_error", "unit": "", "value": 0.014668662391267795}, {"date": "2021-9-29", "name": "gate_length", "unit": "ns", "value": 554.6666666666666}], "name": "cx4_3"}, {"qubits": [3, 4], "gate": "cx", "parameters": [{"date": "2021-10-2", "name": "gate_error", "unit": "", "value": 0.014668662391267795}, {"date": "2021-9-29", "name": "gate_length", "unit": "ns", "value": 590.2222222222222}], "name": "cx3_4"}, {"qubits": [3, 1], "gate": "cx", "parameters": [{"date": "2021-10-2", "name": "gate_error", "unit": "", "value": 0.02080759439030297}, {"date": "2021-9-29", "name": "gate_length", "unit": "ns", "value": 398.2222222222222}], "name": "cx3_1"}, {"qubits": [1, 3], "gate": "cx", "parameters": [{"date": "2021-10-2", "name": "gate_error", "unit": "", "value": 0.02080759439030297}, {"date": "2021-9-29", "name": "gate_length", "unit": "ns", "value": 433.77777777777777}], "name": "cx1_3"}, {"qubits": [2, 1], "gate": "cx", "parameters": [{"date": "2021-10-2", "name": "gate_error", "unit": "", "value": 0.018579433398224487}, {"date": "2021-9-29", "name": "gate_length", "unit": "ns", "value": 412.4444444444444}], "name": "cx2_1"}, {"qubits": [1, 2], "gate": "cx", "parameters": [{"date": "2021-10-2", "name": "gate_error", "unit": "", "value": 0.018579433398224487}, {"date": "2021-9-29", "name": "gate_length", "unit": "ns", "value": 448}], "name": "cx1_2"}, {"qubits": [1, 0], "gate": "cx", "parameters": [{"date": "2021-10-2", "name": "gate_error", "unit": "", "value": 0.02448417781237658}, {"date": "2021-9-29", "name": "gate_length", "unit": "ns", "value": 775.1111111111111}], "name": "cx1_0"}, {"qubits": [0, 1], "gate": "cx", "parameters": [{"date": "2021-10-2", "name": "gate_error", "unit": "", "value": 0.02448417781237658}, {"date": "2021-9-29", "name": "gate_length", "unit": "ns", "value": 810.6666666666666}], "name": "cx0_1"}, {"qubits": [0], "gate": "reset", "parameters": [{"date": "2021-10-2", "name": "gate_length", "unit": "ns", "value": 7342.222222222222}], "name": "reset0"}, {"qubits": [1], "gate": "reset", "parameters": [{"date": "2021-10-2", "name": "gate_length", "unit": "ns", "value": 7342.222222222222}], "name": "reset1"}, {"qubits": [2], "gate": "reset", "parameters": [{"date": "2021-10-2", "name": "gate_length", "unit": "ns", "value": 7342.222222222222}], "name": "reset2"}, {"qubits": [3], "gate": "reset", "parameters": [{"date": "2021-10-2", "name": "gate_length", "unit": "ns", "value": 7342.222222222222}], "name": "reset3"}, {"qubits": [4], "gate": "reset", "parameters": [{"date": "2021-10-2", "name": "gate_length", "unit": "ns", "value": 7342.222222222222}], "name": "reset4"}], "general": [{"date": "2021-10-2", "name": "jq_01", "unit": "GHz", "value": 0.0018736137364449847}, {"date": "2021-10-2", "name": "zz_01", "unit": "GHz", "value": -5.778719017046504e-05}, {"date": "2021-10-2", "name": "jq_12", "unit": "GHz", "value": 0.0020062596172337292}, {"date": "2021-10-2", "name": "zz_12", "unit": "GHz", "value": -5.607853601551941e-05}, {"date": "2021-10-2", "name": "jq_13", "unit": "GHz", "value": 0.0020039976609872224}, {"date": "2021-10-2", "name": "zz_13", "unit": "GHz", "value": -5.2854062688980254e-05}, {"date": "2021-10-2", "name": "jq_34", "unit": "GHz", "value": 0.0016737719182152912}, {"date": "2021-10-2", "name": "zz_34", "unit": "GHz", "value": -3.628419642815204e-05}]}