{"backend_name": "ibmq_belem", "backend_version": "1.0.26", "last_update_date": "2021-11-15", "qubits": [[{"date": "2021-11-15", "name": "T1", "unit": "us", "value": 89.3615217403845}, {"date": "2021-11-15", "name": "T2", "unit": "us", "value": 61.24205549749979}, {"date": "2021-11-15", "name": "frequency", "unit": "GHz", "value": 5.090162237988606}, {"date": "2021-11-15", "name": "anharmonicity", "unit": "GHz", "value": -0.33612300518216515}, {"date": "2021-11-15", "name": "readout_error", "unit": "", "value": 0.05369999999999997}, {"date": "2021-11-15", "name": "prob_meas0_prep1", "unit": "", "value": 0.09099999999999997}, {"date": "2021-11-15", "name": "prob_meas1_prep0", "unit": "", "value": 0.0164}, {"date": "2021-11-15", "name": "readout_length", "unit": "ns", "value": 5351.11111111111}], [{"date": "2021-11-15", "name": "T1", "unit": "us", "value": 104.47172971339761}, {"date": "2021-11-15", "name": "T2", "unit": "us", "value": 102.7742952985223}, {"date": "2021-11-15", "name": "frequency", "unit": "GHz", "value": 5.245568171363341}, {"date": "2021-11-15", "name": "anharmonicity", "unit": "GHz", "value": -0.316572131412737}, {"date": "2021-11-15", "name": "readout_error", "unit": "", "value": 0.03049999999999997}, {"date": "2021-11-15", "name": "prob_meas0_prep1", "unit": "", "value": 0.05059999999999998}, {"date": "2021-11-15", "name": "prob_meas1_prep0", "unit": "", "value": 0.0104}, {"date": "2021-11-15", "name": "readout_length", "unit": "ns", "value": 5351.11111111111}], [{"date": "2021-11-15", "name": "T1", "unit": "us", "value": 101.50376432706139}, {"date": "2021-11-15", "name": "T2", "unit": "us", "value": 38.52147558666941}, {"date": "2021-11-15", "name": "frequency", "unit": "GHz", "value": 5.361466730786998}, {"date": "2021-11-15", "name": "anharmonicity", "unit": "GHz", "value": -0.3306274884584928}, {"date": "2021-11-15", "name": "readout_error", "unit": "", "value": 0.11050000000000004}, {"date": "2021-11-15", "name": "prob_meas0_prep1", "unit": "", "value": 0.14539999999999997}, {"date": "2021-11-15", "name": "prob_meas1_prep0", "unit": "", "value": 0.0756}, {"date": "2021-11-15", "name": "readout_length", "unit": "ns", "value": 5351.11111111111}], [{"date": "2021-11-15", "name": "T1", "unit": "us", "value": 88.4518422155041}, {"date": "2021-11-15", "name": "T2", "unit": "us", "value": 87.10596020485542}, {"date": "2021-11-15", "name": "frequency", "unit": "GHz", "value": 5.170377234865088}, {"date": "2021-11-15", "name": "anharmonicity", "unit": "GHz", "value": -0.33373922611368106}, {"date": "2021-11-15", "name": "readout_error", "unit": "", "value": 0.02629999999999999}, {"date": "2021-11-15", "name": "prob_meas0_prep1", "unit": "", "value": 0.045599999999999974}, {"date": "2021-11-15", "name": "prob_meas1_prep0", "unit": "", "value": 0.007}, {"date": "2021-11-15", "name": "readout_length", "unit": "ns", "value": 5351.11111111111}], [{"date": "2021-11-15", "name": "T1", "unit": "us", "value": 48.57475397738659}, {"date": "2021-11-15", "name": "T2", "unit": "us", "value": 76.24692012054838}, {"date": "2021-11-15", "name": "frequency", "unit": "GHz", "value": 5.258459809681148}, {"date": "2021-11-15", "name": "anharmonicity", "unit": "GHz", "value": -0.3313451432371279}, {"date": "2021-11-15", "name": "readout_error", "unit": "", "value": 0.01639999999999997}, {"date": "2021-11-15", "name": "prob_meas0_prep1", "unit": "", "value": 0.025599999999999956}, {"date": "2021-11-15", "name": "prob_meas1_prep0", "unit": "", "value": 0.0072}, {"date": "2021-11-15", "name": "readout_length", "unit": "ns", "value": 5351.11111111111}]], "gates": [{"qubits": [0], "gate": "id", "parameters": [{"date": "2021-11-15", "name": "gate_error", "unit": "", "value": 0.00079560608102478}, {"date": "2021-11-15", "name": "gate_length", "unit": "ns", "value": 35.55555555555556}], "name": "id0"}, {"qubits": [1], "gate": "id", "parameters": [{"date": "2021-11-15", "name": "gate_error", "unit": "", "value": 0.0002714292354917525}, {"date": "2021-11-15", "name": "gate_length", "unit": "ns", "value": 35.55555555555556}], "name": "id1"}, {"qubits": [2], "gate": "id", "parameters": [{"date": "2021-11-15", "name": "gate_error", "unit": "", "value": 0.0009559880110200149}, {"date": "2021-11-15", "name": "gate_length", "unit": "ns", "value": 35.55555555555556}], "name": "id2"}, {"qubits": [3], "gate": "id", "parameters": [{"date": "2021-11-15", "name": "gate_error", "unit": "", "value": 0.0003148272464781731}, {"date": "2021-11-15", "name": "gate_length", "unit": "ns", "value": 35.55555555555556}], "name": "id3"}, {"qubits": [4], "gate": "id", "parameters": [{"date": "2021-11-15", "name": "gate_error", "unit": "", "value": 0.0002319674260758863}, {"date": "2021-11-15", "name": "gate_length", "unit": "ns", "value": 35.55555555555556}], "name": "id4"}, {"qubits": [0], "gate": "rz", "parameters": [{"date": "2021-11-15", "name": "gate_error", "unit": "", "value": 0}, {"date": "2021-11-15", "name": "gate_length", "unit": "ns", "value": 0}], "name": "rz0"}, {"qubits": [1], "gate": "rz", "parameters": [{"date": "2021-11-15", "name": "gate_error", "unit": "", "value": 0}, {"date": "2021-11-15", "name": "gate_length", "unit": "ns", "value": 0}], "name": "rz1"}, {"qubits": [2], "gate": "rz", "parameters": [{"date": "2021-11-15", "name": "gate_error", "unit": "", "value": 0}, {"date": "2021-11-15", "name": "gate_length", "unit": "ns", "value": 0}], "name": "rz2"}, {"qubits": [3], "gate": "rz", "parameters": [{"date": "2021-11-15", "name": "gate_error", "unit": "", "value": 0}, {"date": "2021-11-15", "name": "gate_length", "unit": "ns", "value": 0}], "name": "rz3"}, {"qubits": [4], "gate": "rz", "parameters": [{"date": "2021-11-15", "name": "gate_error", "unit": "", "value": 0}, {"date": "2021-11-15", "name": "gate_length", "unit": "ns", "value": 0}], "name": "rz4"}, {"qubits": [0], "gate": "sx", "parameters": [{"date": "2021-11-15", "name": "gate_error", "unit": "", "value": 0.00079560608102478}, {"date": "2021-11-15", "name": "gate_length", "unit": "ns", "value": 35.55555555555556}], "name": "sx0"}, {"qubits": [1], "gate": "sx", "parameters": [{"date": "2021-11-15", "name": "gate_error", "unit": "", "value": 0.0002714292354917525}, {"date": "2021-11-15", "name": "gate_length", "unit": "ns", "value": 35.55555555555556}], "name": "sx1"}, {"qubits": [2], "gate": "sx", "parameters": [{"date": "2021-11-15", "name": "gate_error", "unit": "", "value": 0.0009559880110200149}, {"date": "2021-11-15", "name": "gate_length", "unit": "ns", "value": 35.55555555555556}], "name": "sx2"}, {"qubits": [3], "gate": "sx", "parameters": [{"date": "2021-11-15", "name": "gate_error", "unit": "", "value": 0.0003148272464781731}, {"date": "2021-11-15", "name": "gate_length", "unit": "ns", "value": 35.55555555555556}], "name": "sx3"}, {"qubits": [4], "gate": "sx", "parameters": [{"date": "2021-11-15", "name": "gate_error", "unit": "", "value": 0.0002319674260758863}, {"date": "2021-11-15", "name": "gate_length", "unit": "ns", "value": 35.55555555555556}], "name": "sx4"}, {"qubits": [0], "gate": "x", "parameters": [{"date": "2021-11-15", "name": "gate_error", "unit": "", "value": 0.00079560608102478}, {"date": "2021-11-15", "name": "gate_length", "unit": "ns", "value": 35.55555555555556}], "name": "x0"}, {"qubits": [1], "gate": "x", "parameters": [{"date": "2021-11-15", "name": "gate_error", "unit": "", "value": 0.0002714292354917525}, {"date": "2021-11-15", "name": "gate_length", "unit": "ns", "value": 35.55555555555556}], "name": "x1"}, {"qubits": [2], "gate": "x", "parameters": [{"date": "2021-11-15", "name": "gate_error", "unit": "", "value": 0.0009559880110200149}, {"date": "2021-11-15", "name": "gate_length", "unit": "ns", "value": 35.55555555555556}], "name": "x2"}, {"qubits": [3], "gate": "x", "parameters": [{"date": "2021-11-15", "name": "gate_error", "unit": "", "value": 0.0003148272464781731}, {"date": "2021-11-15", "name": "gate_length", "unit": "ns", "value": 35.55555555555556}], "name": "x3"}, {"qubits": [4], "gate": "x", "parameters": [{"date": "2021-11-15", "name": "gate_error", "unit": "", "value": 0.0002319674260758863}, {"date": "2021-11-15", "name": "gate_length", "unit": "ns", "value": 35.55555555555556}], "name": "x4"}, {"qubits": [4, 3], "gate": "cx", "parameters": [{"date": "2021-11-15", "name": "gate_error", "unit": "", "value": 0.010077430267059734}, {"date": "2021-11-12", "name": "gate_length", "unit": "ns", "value": 554.6666666666666}], "name": "cx4_3"}, {"qubits": [3, 4], "gate": "cx", "parameters": [{"date": "2021-11-15", "name": "gate_error", "unit": "", "value": 0.010077430267059734}, {"date": "2021-11-12", "name": "gate_length", "unit": "ns", "value": 590.2222222222222}], "name": "cx3_4"}, {"qubits": [3, 1], "gate": "cx", "parameters": [{"date": "2021-11-15", "name": "gate_error", "unit": "", "value": 0.009123648009867508}, {"date": "2021-11-12", "name": "gate_length", "unit": "ns", "value": 398.2222222222222}], "name": "cx3_1"}, {"qubits": [1, 3], "gate": "cx", "parameters": [{"date": "2021-11-15", "name": "gate_error", "unit": "", "value": 0.009123648009867508}, {"date": "2021-11-12", "name": "gate_length", "unit": "ns", "value": 433.77777777777777}], "name": "cx1_3"}, {"qubits": [2, 1], "gate": "cx", "parameters": [{"date": "2021-11-15", "name": "gate_error", "unit": "", "value": 0.010730352948541882}, {"date": "2021-11-12", "name": "gate_length", "unit": "ns", "value": 412.4444444444444}], "name": "cx2_1"}, {"qubits": [1, 2], "gate": "cx", "parameters": [{"date": "2021-11-15", "name": "gate_error", "unit": "", "value": 0.010730352948541882}, {"date": "2021-11-12", "name": "gate_length", "unit": "ns", "value": 448}], "name": "cx1_2"}, {"qubits": [1, 0], "gate": "cx", "parameters": [{"date": "2021-11-15", "name": "gate_error", "unit": "", "value": 0.02167256434710943}, {"date": "2021-11-12", "name": "gate_length", "unit": "ns", "value": 775.1111111111111}], "name": "cx1_0"}, {"qubits": [0, 1], "gate": "cx", "parameters": [{"date": "2021-11-15", "name": "gate_error", "unit": "", "value": 0.02167256434710943}, {"date": "2021-11-12", "name": "gate_length", "unit": "ns", "value": 810.6666666666666}], "name": "cx0_1"}, {"qubits": [0], "gate": "reset", "parameters": [{"date": "2021-11-15", "name": "gate_length", "unit": "ns", "value": 7342.222222222222}], "name": "reset0"}, {"qubits": [1], "gate": "reset", "parameters": [{"date": "2021-11-15", "name": "gate_length", "unit": "ns", "value": 7342.222222222222}], "name": "reset1"}, {"qubits": [2], "gate": "reset", "parameters": [{"date": "2021-11-15", "name": "gate_length", "unit": "ns", "value": 7342.222222222222}], "name": "reset2"}, {"qubits": [3], "gate": "reset", "parameters": [{"date": "2021-11-15", "name": "gate_length", "unit": "ns", "value": 7342.222222222222}], "name": "reset3"}, {"qubits": [4], "gate": "reset", "parameters": [{"date": "2021-11-15", "name": "gate_length", "unit": "ns", "value": 7342.222222222222}], "name": "reset4"}], "general": [{"date": "2021-11-15", "name": "jq_01", "unit": "GHz", "value": 0.0018736137364449847}, {"date": "2021-11-15", "name": "zz_01", "unit": "GHz", "value": -5.778719017046504e-05}, {"date": "2021-11-15", "name": "jq_12", "unit": "GHz", "value": 0.0020062596172337292}, {"date": "2021-11-15", "name": "zz_12", "unit": "GHz", "value": -5.607853601551941e-05}, {"date": "2021-11-15", "name": "jq_13", "unit": "GHz", "value": 0.0020039976609872224}, {"date": "2021-11-15", "name": "zz_13", "unit": "GHz", "value": -5.2854062688980254e-05}, {"date": "2021-11-15", "name": "jq_34", "unit": "GHz", "value": 0.0016737719182152912}, {"date": "2021-11-15", "name": "zz_34", "unit": "GHz", "value": -3.628419642815204e-05}]}