{"backend_name": "ibmq_belem", "backend_version": "1.0.30", "last_update_date": "2021-12-22", "qubits": [[{"date": "2021-12-22", "name": "T1", "unit": "us", "value": 71.48006842196557}, {"date": "2021-12-22", "name": "T2", "unit": "us", "value": 67.16320163802115}, {"date": "2021-12-22", "name": "frequency", "unit": "GHz", "value": 5.090176905395785}, {"date": "2021-12-22", "name": "anharmonicity", "unit": "GHz", "value": -0.33612300518216515}, {"date": "2021-12-22", "name": "readout_error", "unit": "", "value": 0.024599999999999955}, {"date": "2021-12-22", "name": "prob_meas0_prep1", "unit": "", "value": 0.03920000000000001}, {"date": "2021-12-22", "name": "prob_meas1_prep0", "unit": "", "value": 0.01}, {"date": "2021-12-22", "name": "readout_length", "unit": "ns", "value": 5351.11111111111}], [{"date": "2021-12-22", "name": "T1", "unit": "us", "value": 102.8360213667795}, {"date": "2021-12-22", "name": "T2", "unit": "us", "value": 120.78624329441404}, {"date": "2021-12-22", "name": "frequency", "unit": "GHz", "value": 5.245566221866816}, {"date": "2021-12-22", "name": "anharmonicity", "unit": "GHz", "value": -0.316572131412737}, {"date": "2021-12-22", "name": "readout_error", "unit": "", "value": 0.0232}, {"date": "2021-12-22", "name": "prob_meas0_prep1", "unit": "", "value": 0.03639999999999999}, {"date": "2021-12-22", "name": "prob_meas1_prep0", "unit": "", "value": 0.01}, {"date": "2021-12-22", "name": "readout_length", "unit": "ns", "value": 5351.11111111111}], [{"date": "2021-12-22", "name": "T1", "unit": "us", "value": 81.99423109538027}, {"date": "2021-12-22", "name": "T2", "unit": "us", "value": 49.911281122146896}, {"date": "2021-12-22", "name": "frequency", "unit": "GHz", "value": 5.3614894379339715}, {"date": "2021-12-22", "name": "anharmonicity", "unit": "GHz", "value": -0.3306274884584928}, {"date": "2021-12-22", "name": "readout_error", "unit": "", "value": 0.031200000000000006}, {"date": "2021-12-22", "name": "prob_meas0_prep1", "unit": "", "value": 0.05059999999999998}, {"date": "2021-12-22", "name": "prob_meas1_prep0", "unit": "", "value": 0.0118}, {"date": "2021-12-22", "name": "readout_length", "unit": "ns", "value": 5351.11111111111}], [{"date": "2021-12-22", "name": "T1", "unit": "us", "value": 87.30184318898336}, {"date": "2021-12-22", "name": "T2", "unit": "us", "value": 111.13884646396522}, {"date": "2021-12-22", "name": "frequency", "unit": "GHz", "value": 5.170373882029377}, {"date": "2021-12-22", "name": "anharmonicity", "unit": "GHz", "value": -0.33373922611368106}, {"date": "2021-12-22", "name": "readout_error", "unit": "", "value": 0.02059999999999995}, {"date": "2021-12-22", "name": "prob_meas0_prep1", "unit": "", "value": 0.03759999999999997}, {"date": "2021-12-22", "name": "prob_meas1_prep0", "unit": "", "value": 0.0036}, {"date": "2021-12-22", "name": "readout_length", "unit": "ns", "value": 5351.11111111111}], [{"date": "2021-12-22", "name": "T1", "unit": "us", "value": 104.5090509102838}, {"date": "2021-12-22", "name": "T2", "unit": "us", "value": 129.1011629237121}, {"date": "2021-12-22", "name": "frequency", "unit": "GHz", "value": 5.258462839400707}, {"date": "2021-12-22", "name": "anharmonicity", "unit": "GHz", "value": -0.3313451432371279}, {"date": "2021-12-22", "name": "readout_error", "unit": "", "value": 0.022199999999999998}, {"date": "2021-12-22", "name": "prob_meas0_prep1", "unit": "", "value": 0.03520000000000001}, {"date": "2021-12-22", "name": "prob_meas1_prep0", "unit": "", "value": 0.0092}, {"date": "2021-12-22", "name": "readout_length", "unit": "ns", "value": 5351.11111111111}]], "gates": [{"qubits": [0], "gate": "id", "parameters": [{"date": "2021-12-22", "name": "gate_error", "unit": "", "value": 0.0002066777230990506}, {"date": "2021-12-22", "name": "gate_length", "unit": "ns", "value": 35.55555555555556}], "name": "id0"}, {"qubits": [1], "gate": "id", "parameters": [{"date": "2021-12-22", "name": "gate_error", "unit": "", "value": 0.0002932031710616662}, {"date": "2021-12-22", "name": "gate_length", "unit": "ns", "value": 35.55555555555556}], "name": "id1"}, {"qubits": [2], "gate": "id", "parameters": [{"date": "2021-12-22", "name": "gate_error", "unit": "", "value": 0.000591575774463926}, {"date": "2021-12-22", "name": "gate_length", "unit": "ns", "value": 35.55555555555556}], "name": "id2"}, {"qubits": [3], "gate": "id", "parameters": [{"date": "2021-12-22", "name": "gate_error", "unit": "", "value": 0.0003000976717163817}, {"date": "2021-12-22", "name": "gate_length", "unit": "ns", "value": 35.55555555555556}], "name": "id3"}, {"qubits": [4], "gate": "id", "parameters": [{"date": "2021-12-22", "name": "gate_error", "unit": "", "value": 0.00037680680265055424}, {"date": "2021-12-22", "name": "gate_length", "unit": "ns", "value": 35.55555555555556}], "name": "id4"}, {"qubits": [0], "gate": "rz", "parameters": [{"date": "2021-12-22", "name": "gate_error", "unit": "", "value": 0}, {"date": "2021-12-22", "name": "gate_length", "unit": "ns", "value": 0}], "name": "rz0"}, {"qubits": [1], "gate": "rz", "parameters": [{"date": "2021-12-22", "name": "gate_error", "unit": "", "value": 0}, {"date": "2021-12-22", "name": "gate_length", "unit": "ns", "value": 0}], "name": "rz1"}, {"qubits": [2], "gate": "rz", "parameters": [{"date": "2021-12-22", "name": "gate_error", "unit": "", "value": 0}, {"date": "2021-12-22", "name": "gate_length", "unit": "ns", "value": 0}], "name": "rz2"}, {"qubits": [3], "gate": "rz", "parameters": [{"date": "2021-12-22", "name": "gate_error", "unit": "", "value": 0}, {"date": "2021-12-22", "name": "gate_length", "unit": "ns", "value": 0}], "name": "rz3"}, {"qubits": [4], "gate": "rz", "parameters": [{"date": "2021-12-22", "name": "gate_error", "unit": "", "value": 0}, {"date": "2021-12-22", "name": "gate_length", "unit": "ns", "value": 0}], "name": "rz4"}, {"qubits": [0], "gate": "sx", "parameters": [{"date": "2021-12-22", "name": "gate_error", "unit": "", "value": 0.0002066777230990506}, {"date": "2021-12-22", "name": "gate_length", "unit": "ns", "value": 35.55555555555556}], "name": "sx0"}, {"qubits": [1], "gate": "sx", "parameters": [{"date": "2021-12-22", "name": "gate_error", "unit": "", "value": 0.0002932031710616662}, {"date": "2021-12-22", "name": "gate_length", "unit": "ns", "value": 35.55555555555556}], "name": "sx1"}, {"qubits": [2], "gate": "sx", "parameters": [{"date": "2021-12-22", "name": "gate_error", "unit": "", "value": 0.000591575774463926}, {"date": "2021-12-22", "name": "gate_length", "unit": "ns", "value": 35.55555555555556}], "name": "sx2"}, {"qubits": [3], "gate": "sx", "parameters": [{"date": "2021-12-22", "name": "gate_error", "unit": "", "value": 0.0003000976717163817}, {"date": "2021-12-22", "name": "gate_length", "unit": "ns", "value": 35.55555555555556}], "name": "sx3"}, {"qubits": [4], "gate": "sx", "parameters": [{"date": "2021-12-22", "name": "gate_error", "unit": "", "value": 0.00037680680265055424}, {"date": "2021-12-22", "name": "gate_length", "unit": "ns", "value": 35.55555555555556}], "name": "sx4"}, {"qubits": [0], "gate": "x", "parameters": [{"date": "2021-12-22", "name": "gate_error", "unit": "", "value": 0.0002066777230990506}, {"date": "2021-12-22", "name": "gate_length", "unit": "ns", "value": 35.55555555555556}], "name": "x0"}, {"qubits": [1], "gate": "x", "parameters": [{"date": "2021-12-22", "name": "gate_error", "unit": "", "value": 0.0002932031710616662}, {"date": "2021-12-22", "name": "gate_length", "unit": "ns", "value": 35.55555555555556}], "name": "x1"}, {"qubits": [2], "gate": "x", "parameters": [{"date": "2021-12-22", "name": "gate_error", "unit": "", "value": 0.000591575774463926}, {"date": "2021-12-22", "name": "gate_length", "unit": "ns", "value": 35.55555555555556}], "name": "x2"}, {"qubits": [3], "gate": "x", "parameters": [{"date": "2021-12-22", "name": "gate_error", "unit": "", "value": 0.0003000976717163817}, {"date": "2021-12-22", "name": "gate_length", "unit": "ns", "value": 35.55555555555556}], "name": "x3"}, {"qubits": [4], "gate": "x", "parameters": [{"date": "2021-12-22", "name": "gate_error", "unit": "", "value": 0.00037680680265055424}, {"date": "2021-12-22", "name": "gate_length", "unit": "ns", "value": 35.55555555555556}], "name": "x4"}, {"qubits": [4, 3], "gate": "cx", "parameters": [{"date": "2021-12-22", "name": "gate_error", "unit": "", "value": 0.009371160872751222}, {"date": "2021-12-19", "name": "gate_length", "unit": "ns", "value": 554.6666666666666}], "name": "cx4_3"}, {"qubits": [3, 4], "gate": "cx", "parameters": [{"date": "2021-12-22", "name": "gate_error", "unit": "", "value": 0.009371160872751222}, {"date": "2021-12-19", "name": "gate_length", "unit": "ns", "value": 590.2222222222222}], "name": "cx3_4"}, {"qubits": [3, 1], "gate": "cx", "parameters": [{"date": "2021-12-22", "name": "gate_error", "unit": "", "value": 0.00866945827956811}, {"date": "2021-12-19", "name": "gate_length", "unit": "ns", "value": 398.2222222222222}], "name": "cx3_1"}, {"qubits": [1, 3], "gate": "cx", "parameters": [{"date": "2021-12-22", "name": "gate_error", "unit": "", "value": 0.00866945827956811}, {"date": "2021-12-19", "name": "gate_length", "unit": "ns", "value": 433.77777777777777}], "name": "cx1_3"}, {"qubits": [2, 1], "gate": "cx", "parameters": [{"date": "2021-12-22", "name": "gate_error", "unit": "", "value": 0.011663670254941971}, {"date": "2021-12-19", "name": "gate_length", "unit": "ns", "value": 412.4444444444444}], "name": "cx2_1"}, {"qubits": [1, 2], "gate": "cx", "parameters": [{"date": "2021-12-22", "name": "gate_error", "unit": "", "value": 0.011663670254941971}, {"date": "2021-12-19", "name": "gate_length", "unit": "ns", "value": 448}], "name": "cx1_2"}, {"qubits": [1, 0], "gate": "cx", "parameters": [{"date": "2021-12-22", "name": "gate_error", "unit": "", "value": 0.016025398815088687}, {"date": "2021-12-19", "name": "gate_length", "unit": "ns", "value": 775.1111111111111}], "name": "cx1_0"}, {"qubits": [0, 1], "gate": "cx", "parameters": [{"date": "2021-12-22", "name": "gate_error", "unit": "", "value": 0.016025398815088687}, {"date": "2021-12-19", "name": "gate_length", "unit": "ns", "value": 810.6666666666666}], "name": "cx0_1"}, {"qubits": [0], "gate": "reset", "parameters": [{"date": "2021-12-22", "name": "gate_length", "unit": "ns", "value": 7342.222222222222}], "name": "reset0"}, {"qubits": [1], "gate": "reset", "parameters": [{"date": "2021-12-22", "name": "gate_length", "unit": "ns", "value": 7342.222222222222}], "name": "reset1"}, {"qubits": [2], "gate": "reset", "parameters": [{"date": "2021-12-22", "name": "gate_length", "unit": "ns", "value": 7342.222222222222}], "name": "reset2"}, {"qubits": [3], "gate": "reset", "parameters": [{"date": "2021-12-22", "name": "gate_length", "unit": "ns", "value": 7342.222222222222}], "name": "reset3"}, {"qubits": [4], "gate": "reset", "parameters": [{"date": "2021-12-22", "name": "gate_length", "unit": "ns", "value": 7342.222222222222}], "name": "reset4"}], "general": [{"date": "2021-12-22", "name": "jq_01", "unit": "GHz", "value": 0.0018736137364449847}, {"date": "2021-12-22", "name": "zz_01", "unit": "GHz", "value": -5.778719017046504e-05}, {"date": "2021-12-22", "name": "jq_12", "unit": "GHz", "value": 0.0020062596172337292}, {"date": "2021-12-22", "name": "zz_12", "unit": "GHz", "value": -5.607853601551941e-05}, {"date": "2021-12-22", "name": "jq_13", "unit": "GHz", "value": 0.0020039976609872224}, {"date": "2021-12-22", "name": "zz_13", "unit": "GHz", "value": -5.2854062688980254e-05}, {"date": "2021-12-22", "name": "jq_34", "unit": "GHz", "value": 0.0016737719182152912}, {"date": "2021-12-22", "name": "zz_34", "unit": "GHz", "value": -3.628419642815204e-05}]}