{"backend_name": "ibmq_belem", "backend_version": "1.0.15", "last_update_date": "2021-7-25", "qubits": [[{"date": "2021-7-24", "name": "T1", "unit": "us", "value": 72.88635063556784}, {"date": "2021-7-25", "name": "T2", "unit": "us", "value": 101.83353161890942}, {"date": "2021-7-25", "name": "frequency", "unit": "GHz", "value": 5.090023080321875}, {"date": "2021-7-25", "name": "anharmonicity", "unit": "GHz", "value": -0.33612300518216515}, {"date": "2021-7-25", "name": "readout_error", "unit": "", "value": 0.022399999999999975}, {"date": "2021-7-25", "name": "prob_meas0_prep1", "unit": "", "value": 0.03639999999999999}, {"date": "2021-7-25", "name": "prob_meas1_prep0", "unit": "", "value": 0.0084}, {"date": "2021-7-25", "name": "readout_length", "unit": "ns", "value": 5351.11111111111}], [{"date": "2021-7-25", "name": "T1", "unit": "us", "value": 51.63226521265131}, {"date": "2021-7-25", "name": "T2", "unit": "us", "value": 112.94944497738514}, {"date": "2021-7-25", "name": "frequency", "unit": "GHz", "value": 5.245416532880869}, {"date": "2021-7-25", "name": "anharmonicity", "unit": "GHz", "value": -0.316572131412737}, {"date": "2021-7-25", "name": "readout_error", "unit": "", "value": 0.021199999999999997}, {"date": "2021-7-25", "name": "prob_meas0_prep1", "unit": "", "value": 0.032399999999999984}, {"date": "2021-7-25", "name": "prob_meas1_prep0", "unit": "", "value": 0.01}, {"date": "2021-7-25", "name": "readout_length", "unit": "ns", "value": 5351.11111111111}], [{"date": "2021-7-25", "name": "T1", "unit": "us", "value": 76.44547819246029}, {"date": "2021-7-25", "name": "T2", "unit": "us", "value": 44.041944261139975}, {"date": "2021-7-25", "name": "frequency", "unit": "GHz", "value": 5.361369545466531}, {"date": "2021-7-25", "name": "anharmonicity", "unit": "GHz", "value": -0.3306274884584928}, {"date": "2021-7-25", "name": "readout_error", "unit": "", "value": 0.02410000000000001}, {"date": "2021-7-25", "name": "prob_meas0_prep1", "unit": "", "value": 0.040000000000000036}, {"date": "2021-7-25", "name": "prob_meas1_prep0", "unit": "", "value": 0.0082}, {"date": "2021-7-25", "name": "readout_length", "unit": "ns", "value": 5351.11111111111}], [{"date": "2021-7-25", "name": "T1", "unit": "us", "value": 118.80626383251224}, {"date": "2021-7-25", "name": "T2", "unit": "us", "value": 152.24650079014447}, {"date": "2021-7-25", "name": "frequency", "unit": "GHz", "value": 5.170385819540251}, {"date": "2021-7-25", "name": "anharmonicity", "unit": "GHz", "value": -0.33373922611368106}, {"date": "2021-7-25", "name": "readout_error", "unit": "", "value": 0.01770000000000005}, {"date": "2021-7-25", "name": "prob_meas0_prep1", "unit": "", "value": 0.02959999999999996}, {"date": "2021-7-25", "name": "prob_meas1_prep0", "unit": "", "value": 0.0058}, {"date": "2021-7-25", "name": "readout_length", "unit": "ns", "value": 5351.11111111111}], [{"date": "2021-7-25", "name": "T1", "unit": "us", "value": 124.7056401204584}, {"date": "2021-7-25", "name": "T2", "unit": "us", "value": 183.139186999081}, {"date": "2021-7-25", "name": "frequency", "unit": "GHz", "value": 5.258388325434166}, {"date": "2021-7-25", "name": "anharmonicity", "unit": "GHz", "value": -0.3313451432371279}, {"date": "2021-7-25", "name": "readout_error", "unit": "", "value": 0.028200000000000003}, {"date": "2021-7-25", "name": "prob_meas0_prep1", "unit": "", "value": 0.046599999999999975}, {"date": "2021-7-25", "name": "prob_meas1_prep0", "unit": "", "value": 0.0098}, {"date": "2021-7-25", "name": "readout_length", "unit": "ns", "value": 5351.11111111111}]], "gates": [{"qubits": [0], "gate": "id", "parameters": [{"date": "2021-7-25", "name": "gate_error", "unit": "", "value": 0.00024942854620023234}, {"date": "2021-7-25", "name": "gate_length", "unit": "ns", "value": 35.55555555555556}], "name": "id0"}, {"qubits": [1], "gate": "id", "parameters": [{"date": "2021-7-25", "name": "gate_error", "unit": "", "value": 0.00023507863440903637}, {"date": "2021-7-25", "name": "gate_length", "unit": "ns", "value": 35.55555555555556}], "name": "id1"}, {"qubits": [2], "gate": "id", "parameters": [{"date": "2021-7-25", "name": "gate_error", "unit": "", "value": 0.00026422052442050454}, {"date": "2021-7-25", "name": "gate_length", "unit": "ns", "value": 35.55555555555556}], "name": "id2"}, {"qubits": [3], "gate": "id", "parameters": [{"date": "2021-7-25", "name": "gate_error", "unit": "", "value": 0.00021181550387629972}, {"date": "2021-7-25", "name": "gate_length", "unit": "ns", "value": 35.55555555555556}], "name": "id3"}, {"qubits": [4], "gate": "id", "parameters": [{"date": "2021-7-25", "name": "gate_error", "unit": "", "value": 0.0002584609352569182}, {"date": "2021-7-25", "name": "gate_length", "unit": "ns", "value": 35.55555555555556}], "name": "id4"}, {"qubits": [0], "gate": "rz", "parameters": [{"date": "2021-7-25", "name": "gate_error", "unit": "", "value": 0}, {"date": "2021-7-25", "name": "gate_length", "unit": "ns", "value": 0}], "name": "rz0"}, {"qubits": [1], "gate": "rz", "parameters": [{"date": "2021-7-25", "name": "gate_error", "unit": "", "value": 0}, {"date": "2021-7-25", "name": "gate_length", "unit": "ns", "value": 0}], "name": "rz1"}, {"qubits": [2], "gate": "rz", "parameters": [{"date": "2021-7-25", "name": "gate_error", "unit": "", "value": 0}, {"date": "2021-7-25", "name": "gate_length", "unit": "ns", "value": 0}], "name": "rz2"}, {"qubits": [3], "gate": "rz", "parameters": [{"date": "2021-7-25", "name": "gate_error", "unit": "", "value": 0}, {"date": "2021-7-25", "name": "gate_length", "unit": "ns", "value": 0}], "name": "rz3"}, {"qubits": [4], "gate": "rz", "parameters": [{"date": "2021-7-25", "name": "gate_error", "unit": "", "value": 0}, {"date": "2021-7-25", "name": "gate_length", "unit": "ns", "value": 0}], "name": "rz4"}, {"qubits": [0], "gate": "sx", "parameters": [{"date": "2021-7-25", "name": "gate_error", "unit": "", "value": 0.00024942854620023234}, {"date": "2021-7-25", "name": "gate_length", "unit": "ns", "value": 35.55555555555556}], "name": "sx0"}, {"qubits": [1], "gate": "sx", "parameters": [{"date": "2021-7-25", "name": "gate_error", "unit": "", "value": 0.00023507863440903637}, {"date": "2021-7-25", "name": "gate_length", "unit": "ns", "value": 35.55555555555556}], "name": "sx1"}, {"qubits": [2], "gate": "sx", "parameters": [{"date": "2021-7-25", "name": "gate_error", "unit": "", "value": 0.00026422052442050454}, {"date": "2021-7-25", "name": "gate_length", "unit": "ns", "value": 35.55555555555556}], "name": "sx2"}, {"qubits": [3], "gate": "sx", "parameters": [{"date": "2021-7-25", "name": "gate_error", "unit": "", "value": 0.00021181550387629972}, {"date": "2021-7-25", "name": "gate_length", "unit": "ns", "value": 35.55555555555556}], "name": "sx3"}, {"qubits": [4], "gate": "sx", "parameters": [{"date": "2021-7-25", "name": "gate_error", "unit": "", "value": 0.0002584609352569182}, {"date": "2021-7-25", "name": "gate_length", "unit": "ns", "value": 35.55555555555556}], "name": "sx4"}, {"qubits": [0], "gate": "x", "parameters": [{"date": "2021-7-25", "name": "gate_error", "unit": "", "value": 0.00024942854620023234}, {"date": "2021-7-25", "name": "gate_length", "unit": "ns", "value": 35.55555555555556}], "name": "x0"}, {"qubits": [1], "gate": "x", "parameters": [{"date": "2021-7-25", "name": "gate_error", "unit": "", "value": 0.00023507863440903637}, {"date": "2021-7-25", "name": "gate_length", "unit": "ns", "value": 35.55555555555556}], "name": "x1"}, {"qubits": [2], "gate": "x", "parameters": [{"date": "2021-7-25", "name": "gate_error", "unit": "", "value": 0.00026422052442050454}, {"date": "2021-7-25", "name": "gate_length", "unit": "ns", "value": 35.55555555555556}], "name": "x2"}, {"qubits": [3], "gate": "x", "parameters": [{"date": "2021-7-25", "name": "gate_error", "unit": "", "value": 0.00021181550387629972}, {"date": "2021-7-25", "name": "gate_length", "unit": "ns", "value": 35.55555555555556}], "name": "x3"}, {"qubits": [4], "gate": "x", "parameters": [{"date": "2021-7-25", "name": "gate_error", "unit": "", "value": 0.0002584609352569182}, {"date": "2021-7-25", "name": "gate_length", "unit": "ns", "value": 35.55555555555556}], "name": "x4"}, {"qubits": [4, 3], "gate": "cx", "parameters": [{"date": "2021-7-25", "name": "gate_error", "unit": "", "value": 0.01225967949595308}, {"date": "2021-7-22", "name": "gate_length", "unit": "ns", "value": 554.6666666666666}], "name": "cx4_3"}, {"qubits": [3, 4], "gate": "cx", "parameters": [{"date": "2021-7-25", "name": "gate_error", "unit": "", "value": 0.01225967949595308}, {"date": "2021-7-22", "name": "gate_length", "unit": "ns", "value": 590.2222222222222}], "name": "cx3_4"}, {"qubits": [3, 1], "gate": "cx", "parameters": [{"date": "2021-7-25", "name": "gate_error", "unit": "", "value": 0.0065101063251695734}, {"date": "2021-7-22", "name": "gate_length", "unit": "ns", "value": 398.2222222222222}], "name": "cx3_1"}, {"qubits": [1, 3], "gate": "cx", "parameters": [{"date": "2021-7-25", "name": "gate_error", "unit": "", "value": 0.0065101063251695734}, {"date": "2021-7-22", "name": "gate_length", "unit": "ns", "value": 433.77777777777777}], "name": "cx1_3"}, {"qubits": [2, 1], "gate": "cx", "parameters": [{"date": "2021-7-25", "name": "gate_error", "unit": "", "value": 0.006025170738717334}, {"date": "2021-7-22", "name": "gate_length", "unit": "ns", "value": 412.4444444444444}], "name": "cx2_1"}, {"qubits": [1, 2], "gate": "cx", "parameters": [{"date": "2021-7-25", "name": "gate_error", "unit": "", "value": 0.006025170738717334}, {"date": "2021-7-22", "name": "gate_length", "unit": "ns", "value": 448}], "name": "cx1_2"}, {"qubits": [1, 0], "gate": "cx", "parameters": [{"date": "2021-7-25", "name": "gate_error", "unit": "", "value": 0.02082876470240369}, {"date": "2021-7-22", "name": "gate_length", "unit": "ns", "value": 775.1111111111111}], "name": "cx1_0"}, {"qubits": [0, 1], "gate": "cx", "parameters": [{"date": "2021-7-25", "name": "gate_error", "unit": "", "value": 0.02082876470240369}, {"date": "2021-7-22", "name": "gate_length", "unit": "ns", "value": 810.6666666666666}], "name": "cx0_1"}, {"qubits": [0], "gate": "reset", "parameters": [{"date": "2021-7-25", "name": "gate_length", "unit": "ns", "value": 7342.222222222222}], "name": "reset0"}, {"qubits": [1], "gate": "reset", "parameters": [{"date": "2021-7-25", "name": "gate_length", "unit": "ns", "value": 7342.222222222222}], "name": "reset1"}, {"qubits": [2], "gate": "reset", "parameters": [{"date": "2021-7-25", "name": "gate_length", "unit": "ns", "value": 7342.222222222222}], "name": "reset2"}, {"qubits": [3], "gate": "reset", "parameters": [{"date": "2021-7-25", "name": "gate_length", "unit": "ns", "value": 7342.222222222222}], "name": "reset3"}, {"qubits": [4], "gate": "reset", "parameters": [{"date": "2021-7-25", "name": "gate_length", "unit": "ns", "value": 7342.222222222222}], "name": "reset4"}], "general": [{"date": "2021-7-25", "name": "jq_01", "unit": "GHz", "value": 0.0018736137364449847}, {"date": "2021-7-25", "name": "zz_01", "unit": "GHz", "value": -5.778719017046504e-05}, {"date": "2021-7-25", "name": "jq_12", "unit": "GHz", "value": 0.0020062596172337292}, {"date": "2021-7-25", "name": "zz_12", "unit": "GHz", "value": -5.607853601551941e-05}, {"date": "2021-7-25", "name": "jq_13", "unit": "GHz", "value": 0.0020039976609872224}, {"date": "2021-7-25", "name": "zz_13", "unit": "GHz", "value": -5.2854062688980254e-05}, {"date": "2021-7-25", "name": "jq_34", "unit": "GHz", "value": 0.0016737719182152912}, {"date": "2021-7-25", "name": "zz_34", "unit": "GHz", "value": -3.628419642815204e-05}]}