{"backend_name": "ibmq_belem", "backend_version": "1.0.21", "last_update_date": "2021-10-15", "qubits": [[{"date": "2021-10-15", "name": "T1", "unit": "us", "value": 110.04169256991287}, {"date": "2021-10-15", "name": "T2", "unit": "us", "value": 109.90075262103467}, {"date": "2021-10-15", "name": "frequency", "unit": "GHz", "value": 5.090014827936252}, {"date": "2021-10-15", "name": "anharmonicity", "unit": "GHz", "value": -0.33612300518216515}, {"date": "2021-10-15", "name": "readout_error", "unit": "", "value": 0.013800000000000034}, {"date": "2021-10-15", "name": "prob_meas0_prep1", "unit": "", "value": 0.020399999999999974}, {"date": "2021-10-15", "name": "prob_meas1_prep0", "unit": "", "value": 0.0072}, {"date": "2021-10-15", "name": "readout_length", "unit": "ns", "value": 5351.11111111111}], [{"date": "2021-10-15", "name": "T1", "unit": "us", "value": 88.90995755619689}, {"date": "2021-10-15", "name": "T2", "unit": "us", "value": 84.50971923925128}, {"date": "2021-10-15", "name": "frequency", "unit": "GHz", "value": 5.245580016017812}, {"date": "2021-10-15", "name": "anharmonicity", "unit": "GHz", "value": -0.316572131412737}, {"date": "2021-10-15", "name": "readout_error", "unit": "", "value": 0.02079999999999993}, {"date": "2021-10-15", "name": "prob_meas0_prep1", "unit": "", "value": 0.03520000000000001}, {"date": "2021-10-15", "name": "prob_meas1_prep0", "unit": "", "value": 0.0064}, {"date": "2021-10-15", "name": "readout_length", "unit": "ns", "value": 5351.11111111111}], [{"date": "2021-10-15", "name": "T1", "unit": "us", "value": 77.12532955787995}, {"date": "2021-10-15", "name": "T2", "unit": "us", "value": 29.357010573428227}, {"date": "2021-10-15", "name": "frequency", "unit": "GHz", "value": 5.361411977292122}, {"date": "2021-10-15", "name": "anharmonicity", "unit": "GHz", "value": -0.3306274884584928}, {"date": "2021-10-15", "name": "readout_error", "unit": "", "value": 0.03309999999999991}, {"date": "2021-10-15", "name": "prob_meas0_prep1", "unit": "", "value": 0.05679999999999996}, {"date": "2021-10-15", "name": "prob_meas1_prep0", "unit": "", "value": 0.0094}, {"date": "2021-10-15", "name": "readout_length", "unit": "ns", "value": 5351.11111111111}], [{"date": "2021-10-15", "name": "T1", "unit": "us", "value": 87.86128747932523}, {"date": "2021-10-15", "name": "T2", "unit": "us", "value": 107.48688114619507}, {"date": "2021-10-15", "name": "frequency", "unit": "GHz", "value": 5.170385041497269}, {"date": "2021-10-15", "name": "anharmonicity", "unit": "GHz", "value": -0.33373922611368106}, {"date": "2021-10-15", "name": "readout_error", "unit": "", "value": 0.0605}, {"date": "2021-10-15", "name": "prob_meas0_prep1", "unit": "", "value": 0.09499999999999997}, {"date": "2021-10-15", "name": "prob_meas1_prep0", "unit": "", "value": 0.026}, {"date": "2021-10-15", "name": "readout_length", "unit": "ns", "value": 5351.11111111111}], [{"date": "2021-10-15", "name": "T1", "unit": "us", "value": 91.68903509772925}, {"date": "2021-10-15", "name": "T2", "unit": "us", "value": 109.14206920805644}, {"date": "2021-10-15", "name": "frequency", "unit": "GHz", "value": 5.25846487070024}, {"date": "2021-10-15", "name": "anharmonicity", "unit": "GHz", "value": -0.3313451432371279}, {"date": "2021-10-15", "name": "readout_error", "unit": "", "value": 0.019000000000000017}, {"date": "2021-10-15", "name": "prob_meas0_prep1", "unit": "", "value": 0.031000000000000028}, {"date": "2021-10-15", "name": "prob_meas1_prep0", "unit": "", "value": 0.007}, {"date": "2021-10-15", "name": "readout_length", "unit": "ns", "value": 5351.11111111111}]], "gates": [{"qubits": [0], "gate": "id", "parameters": [{"date": "2021-10-15", "name": "gate_error", "unit": "", "value": 0.0001701397949396429}, {"date": "2021-10-15", "name": "gate_length", "unit": "ns", "value": 35.55555555555556}], "name": "id0"}, {"qubits": [1], "gate": "id", "parameters": [{"date": "2021-10-15", "name": "gate_error", "unit": "", "value": 0.0003292943038381715}, {"date": "2021-10-15", "name": "gate_length", "unit": "ns", "value": 35.55555555555556}], "name": "id1"}, {"qubits": [2], "gate": "id", "parameters": [{"date": "2021-10-15", "name": "gate_error", "unit": "", "value": 0.0003798972379248059}, {"date": "2021-10-15", "name": "gate_length", "unit": "ns", "value": 35.55555555555556}], "name": "id2"}, {"qubits": [3], "gate": "id", "parameters": [{"date": "2021-10-15", "name": "gate_error", "unit": "", "value": 0.00033096789234652457}, {"date": "2021-10-15", "name": "gate_length", "unit": "ns", "value": 35.55555555555556}], "name": "id3"}, {"qubits": [4], "gate": "id", "parameters": [{"date": "2021-10-15", "name": "gate_error", "unit": "", "value": 0.00019163476970596388}, {"date": "2021-10-15", "name": "gate_length", "unit": "ns", "value": 35.55555555555556}], "name": "id4"}, {"qubits": [0], "gate": "rz", "parameters": [{"date": "2021-10-15", "name": "gate_error", "unit": "", "value": 0}, {"date": "2021-10-15", "name": "gate_length", "unit": "ns", "value": 0}], "name": "rz0"}, {"qubits": [1], "gate": "rz", "parameters": [{"date": "2021-10-15", "name": "gate_error", "unit": "", "value": 0}, {"date": "2021-10-15", "name": "gate_length", "unit": "ns", "value": 0}], "name": "rz1"}, {"qubits": [2], "gate": "rz", "parameters": [{"date": "2021-10-15", "name": "gate_error", "unit": "", "value": 0}, {"date": "2021-10-15", "name": "gate_length", "unit": "ns", "value": 0}], "name": "rz2"}, {"qubits": [3], "gate": "rz", "parameters": [{"date": "2021-10-15", "name": "gate_error", "unit": "", "value": 0}, {"date": "2021-10-15", "name": "gate_length", "unit": "ns", "value": 0}], "name": "rz3"}, {"qubits": [4], "gate": "rz", "parameters": [{"date": "2021-10-15", "name": "gate_error", "unit": "", "value": 0}, {"date": "2021-10-15", "name": "gate_length", "unit": "ns", "value": 0}], "name": "rz4"}, {"qubits": [0], "gate": "sx", "parameters": [{"date": "2021-10-15", "name": "gate_error", "unit": "", "value": 0.0001701397949396429}, {"date": "2021-10-15", "name": "gate_length", "unit": "ns", "value": 35.55555555555556}], "name": "sx0"}, {"qubits": [1], "gate": "sx", "parameters": [{"date": "2021-10-15", "name": "gate_error", "unit": "", "value": 0.0003292943038381715}, {"date": "2021-10-15", "name": "gate_length", "unit": "ns", "value": 35.55555555555556}], "name": "sx1"}, {"qubits": [2], "gate": "sx", "parameters": [{"date": "2021-10-15", "name": "gate_error", "unit": "", "value": 0.0003798972379248059}, {"date": "2021-10-15", "name": "gate_length", "unit": "ns", "value": 35.55555555555556}], "name": "sx2"}, {"qubits": [3], "gate": "sx", "parameters": [{"date": "2021-10-15", "name": "gate_error", "unit": "", "value": 0.00033096789234652457}, {"date": "2021-10-15", "name": "gate_length", "unit": "ns", "value": 35.55555555555556}], "name": "sx3"}, {"qubits": [4], "gate": "sx", "parameters": [{"date": "2021-10-15", "name": "gate_error", "unit": "", "value": 0.00019163476970596388}, {"date": "2021-10-15", "name": "gate_length", "unit": "ns", "value": 35.55555555555556}], "name": "sx4"}, {"qubits": [0], "gate": "x", "parameters": [{"date": "2021-10-15", "name": "gate_error", "unit": "", "value": 0.0001701397949396429}, {"date": "2021-10-15", "name": "gate_length", "unit": "ns", "value": 35.55555555555556}], "name": "x0"}, {"qubits": [1], "gate": "x", "parameters": [{"date": "2021-10-15", "name": "gate_error", "unit": "", "value": 0.0003292943038381715}, {"date": "2021-10-15", "name": "gate_length", "unit": "ns", "value": 35.55555555555556}], "name": "x1"}, {"qubits": [2], "gate": "x", "parameters": [{"date": "2021-10-15", "name": "gate_error", "unit": "", "value": 0.0003798972379248059}, {"date": "2021-10-15", "name": "gate_length", "unit": "ns", "value": 35.55555555555556}], "name": "x2"}, {"qubits": [3], "gate": "x", "parameters": [{"date": "2021-10-15", "name": "gate_error", "unit": "", "value": 0.00033096789234652457}, {"date": "2021-10-15", "name": "gate_length", "unit": "ns", "value": 35.55555555555556}], "name": "x3"}, {"qubits": [4], "gate": "x", "parameters": [{"date": "2021-10-15", "name": "gate_error", "unit": "", "value": 0.00019163476970596388}, {"date": "2021-10-15", "name": "gate_length", "unit": "ns", "value": 35.55555555555556}], "name": "x4"}, {"qubits": [4, 3], "gate": "cx", "parameters": [{"date": "2021-10-15", "name": "gate_error", "unit": "", "value": 0.008485624893992905}, {"date": "2021-10-12", "name": "gate_length", "unit": "ns", "value": 554.6666666666666}], "name": "cx4_3"}, {"qubits": [3, 4], "gate": "cx", "parameters": [{"date": "2021-10-15", "name": "gate_error", "unit": "", "value": 0.008485624893992905}, {"date": "2021-10-12", "name": "gate_length", "unit": "ns", "value": 590.2222222222222}], "name": "cx3_4"}, {"qubits": [3, 1], "gate": "cx", "parameters": [{"date": "2021-10-15", "name": "gate_error", "unit": "", "value": 0.015469910585774294}, {"date": "2021-10-12", "name": "gate_length", "unit": "ns", "value": 398.2222222222222}], "name": "cx3_1"}, {"qubits": [1, 3], "gate": "cx", "parameters": [{"date": "2021-10-15", "name": "gate_error", "unit": "", "value": 0.015469910585774294}, {"date": "2021-10-12", "name": "gate_length", "unit": "ns", "value": 433.77777777777777}], "name": "cx1_3"}, {"qubits": [2, 1], "gate": "cx", "parameters": [{"date": "2021-10-15", "name": "gate_error", "unit": "", "value": 0.007143159123067011}, {"date": "2021-10-12", "name": "gate_length", "unit": "ns", "value": 412.4444444444444}], "name": "cx2_1"}, {"qubits": [1, 2], "gate": "cx", "parameters": [{"date": "2021-10-15", "name": "gate_error", "unit": "", "value": 0.007143159123067011}, {"date": "2021-10-12", "name": "gate_length", "unit": "ns", "value": 448}], "name": "cx1_2"}, {"qubits": [1, 0], "gate": "cx", "parameters": [{"date": "2021-10-15", "name": "gate_error", "unit": "", "value": 0.02233030018849158}, {"date": "2021-10-12", "name": "gate_length", "unit": "ns", "value": 775.1111111111111}], "name": "cx1_0"}, {"qubits": [0, 1], "gate": "cx", "parameters": [{"date": "2021-10-15", "name": "gate_error", "unit": "", "value": 0.02233030018849158}, {"date": "2021-10-12", "name": "gate_length", "unit": "ns", "value": 810.6666666666666}], "name": "cx0_1"}, {"qubits": [0], "gate": "reset", "parameters": [{"date": "2021-10-15", "name": "gate_length", "unit": "ns", "value": 7342.222222222222}], "name": "reset0"}, {"qubits": [1], "gate": "reset", "parameters": [{"date": "2021-10-15", "name": "gate_length", "unit": "ns", "value": 7342.222222222222}], "name": "reset1"}, {"qubits": [2], "gate": "reset", "parameters": [{"date": "2021-10-15", "name": "gate_length", "unit": "ns", "value": 7342.222222222222}], "name": "reset2"}, {"qubits": [3], "gate": "reset", "parameters": [{"date": "2021-10-15", "name": "gate_length", "unit": "ns", "value": 7342.222222222222}], "name": "reset3"}, {"qubits": [4], "gate": "reset", "parameters": [{"date": "2021-10-15", "name": "gate_length", "unit": "ns", "value": 7342.222222222222}], "name": "reset4"}], "general": [{"date": "2021-10-15", "name": "jq_01", "unit": "GHz", "value": 0.0018736137364449847}, {"date": "2021-10-15", "name": "zz_01", "unit": "GHz", "value": -5.778719017046504e-05}, {"date": "2021-10-15", "name": "jq_12", "unit": "GHz", "value": 0.0020062596172337292}, {"date": "2021-10-15", "name": "zz_12", "unit": "GHz", "value": -5.607853601551941e-05}, {"date": "2021-10-15", "name": "jq_13", "unit": "GHz", "value": 0.0020039976609872224}, {"date": "2021-10-15", "name": "zz_13", "unit": "GHz", "value": -5.2854062688980254e-05}, {"date": "2021-10-15", "name": "jq_34", "unit": "GHz", "value": 0.0016737719182152912}, {"date": "2021-10-15", "name": "zz_34", "unit": "GHz", "value": -3.628419642815204e-05}]}