{"backend_name": "ibmq_belem", "backend_version": "1.0.15", "last_update_date": "2021-7-19", "qubits": [[{"date": "2021-7-19", "name": "T1", "unit": "us", "value": 68.80612194204272}, {"date": "2021-7-19", "name": "T2", "unit": "us", "value": 87.48985302080075}, {"date": "2021-7-19", "name": "frequency", "unit": "GHz", "value": 5.090027810788685}, {"date": "2021-7-19", "name": "anharmonicity", "unit": "GHz", "value": -0.33612300518216515}, {"date": "2021-7-19", "name": "readout_error", "unit": "", "value": 0.02980000000000005}, {"date": "2021-7-19", "name": "prob_meas0_prep1", "unit": "", "value": 0.05159999999999998}, {"date": "2021-7-19", "name": "prob_meas1_prep0", "unit": "", "value": 0.008}, {"date": "2021-7-19", "name": "readout_length", "unit": "ns", "value": 5351.11111111111}], [{"date": "2021-7-19", "name": "T1", "unit": "us", "value": 63.89628267623229}, {"date": "2021-7-19", "name": "T2", "unit": "us", "value": 100.08258345920447}, {"date": "2021-7-19", "name": "frequency", "unit": "GHz", "value": 5.245423861087272}, {"date": "2021-7-19", "name": "anharmonicity", "unit": "GHz", "value": -0.316572131412737}, {"date": "2021-7-19", "name": "readout_error", "unit": "", "value": 0.024499999999999966}, {"date": "2021-7-19", "name": "prob_meas0_prep1", "unit": "", "value": 0.03820000000000001}, {"date": "2021-7-19", "name": "prob_meas1_prep0", "unit": "", "value": 0.0108}, {"date": "2021-7-19", "name": "readout_length", "unit": "ns", "value": 5351.11111111111}], [{"date": "2021-7-19", "name": "T1", "unit": "us", "value": 72.70989434854849}, {"date": "2021-7-19", "name": "T2", "unit": "us", "value": 51.61548225885757}, {"date": "2021-7-19", "name": "frequency", "unit": "GHz", "value": 5.361318015074081}, {"date": "2021-7-19", "name": "anharmonicity", "unit": "GHz", "value": -0.3306274884584928}, {"date": "2021-7-19", "name": "readout_error", "unit": "", "value": 0.040000000000000036}, {"date": "2021-7-19", "name": "prob_meas0_prep1", "unit": "", "value": 0.0676}, {"date": "2021-7-19", "name": "prob_meas1_prep0", "unit": "", "value": 0.0124}, {"date": "2021-7-19", "name": "readout_length", "unit": "ns", "value": 5351.11111111111}], [{"date": "2021-7-18", "name": "T1", "unit": "us", "value": 84.34660641256986}, {"date": "2021-7-19", "name": "T2", "unit": "us", "value": 95.84739493615189}, {"date": "2021-7-19", "name": "frequency", "unit": "GHz", "value": 5.1703878088388455}, {"date": "2021-7-19", "name": "anharmonicity", "unit": "GHz", "value": -0.33373922611368106}, {"date": "2021-7-19", "name": "readout_error", "unit": "", "value": 0.026799999999999935}, {"date": "2021-7-19", "name": "prob_meas0_prep1", "unit": "", "value": 0.04479999999999995}, {"date": "2021-7-19", "name": "prob_meas1_prep0", "unit": "", "value": 0.0088}, {"date": "2021-7-19", "name": "readout_length", "unit": "ns", "value": 5351.11111111111}], [{"date": "2021-7-19", "name": "T1", "unit": "us", "value": 58.29621041025382}, {"date": "2021-7-19", "name": "T2", "unit": "us", "value": 113.66298544856656}, {"date": "2021-7-19", "name": "frequency", "unit": "GHz", "value": 5.25838154146385}, {"date": "2021-7-19", "name": "anharmonicity", "unit": "GHz", "value": -0.3313451432371279}, {"date": "2021-7-19", "name": "readout_error", "unit": "", "value": 0.030100000000000016}, {"date": "2021-7-19", "name": "prob_meas0_prep1", "unit": "", "value": 0.0524}, {"date": "2021-7-19", "name": "prob_meas1_prep0", "unit": "", "value": 0.0078}, {"date": "2021-7-19", "name": "readout_length", "unit": "ns", "value": 5351.11111111111}]], "gates": [{"qubits": [0], "gate": "id", "parameters": [{"date": "2021-7-19", "name": "gate_error", "unit": "", "value": 0.0002488341019880327}, {"date": "2021-7-19", "name": "gate_length", "unit": "ns", "value": 35.55555555555556}], "name": "id0"}, {"qubits": [1], "gate": "id", "parameters": [{"date": "2021-7-19", "name": "gate_error", "unit": "", "value": 0.00032136933600183937}, {"date": "2021-7-19", "name": "gate_length", "unit": "ns", "value": 35.55555555555556}], "name": "id1"}, {"qubits": [2], "gate": "id", "parameters": [{"date": "2021-7-19", "name": "gate_error", "unit": "", "value": 0.00029831011342210947}, {"date": "2021-7-19", "name": "gate_length", "unit": "ns", "value": 35.55555555555556}], "name": "id2"}, {"qubits": [3], "gate": "id", "parameters": [{"date": "2021-7-19", "name": "gate_error", "unit": "", "value": 0.000349777878303612}, {"date": "2021-7-19", "name": "gate_length", "unit": "ns", "value": 35.55555555555556}], "name": "id3"}, {"qubits": [4], "gate": "id", "parameters": [{"date": "2021-7-19", "name": "gate_error", "unit": "", "value": 0.00030754379381207306}, {"date": "2021-7-19", "name": "gate_length", "unit": "ns", "value": 35.55555555555556}], "name": "id4"}, {"qubits": [0], "gate": "rz", "parameters": [{"date": "2021-7-19", "name": "gate_error", "unit": "", "value": 0}, {"date": "2021-7-19", "name": "gate_length", "unit": "ns", "value": 0}], "name": "rz0"}, {"qubits": [1], "gate": "rz", "parameters": [{"date": "2021-7-19", "name": "gate_error", "unit": "", "value": 0}, {"date": "2021-7-19", "name": "gate_length", "unit": "ns", "value": 0}], "name": "rz1"}, {"qubits": [2], "gate": "rz", "parameters": [{"date": "2021-7-19", "name": "gate_error", "unit": "", "value": 0}, {"date": "2021-7-19", "name": "gate_length", "unit": "ns", "value": 0}], "name": "rz2"}, {"qubits": [3], "gate": "rz", "parameters": [{"date": "2021-7-19", "name": "gate_error", "unit": "", "value": 0}, {"date": "2021-7-19", "name": "gate_length", "unit": "ns", "value": 0}], "name": "rz3"}, {"qubits": [4], "gate": "rz", "parameters": [{"date": "2021-7-19", "name": "gate_error", "unit": "", "value": 0}, {"date": "2021-7-19", "name": "gate_length", "unit": "ns", "value": 0}], "name": "rz4"}, {"qubits": [0], "gate": "sx", "parameters": [{"date": "2021-7-19", "name": "gate_error", "unit": "", "value": 0.0002488341019880327}, {"date": "2021-7-19", "name": "gate_length", "unit": "ns", "value": 35.55555555555556}], "name": "sx0"}, {"qubits": [1], "gate": "sx", "parameters": [{"date": "2021-7-19", "name": "gate_error", "unit": "", "value": 0.00032136933600183937}, {"date": "2021-7-19", "name": "gate_length", "unit": "ns", "value": 35.55555555555556}], "name": "sx1"}, {"qubits": [2], "gate": "sx", "parameters": [{"date": "2021-7-19", "name": "gate_error", "unit": "", "value": 0.00029831011342210947}, {"date": "2021-7-19", "name": "gate_length", "unit": "ns", "value": 35.55555555555556}], "name": "sx2"}, {"qubits": [3], "gate": "sx", "parameters": [{"date": "2021-7-19", "name": "gate_error", "unit": "", "value": 0.000349777878303612}, {"date": "2021-7-19", "name": "gate_length", "unit": "ns", "value": 35.55555555555556}], "name": "sx3"}, {"qubits": [4], "gate": "sx", "parameters": [{"date": "2021-7-19", "name": "gate_error", "unit": "", "value": 0.00030754379381207306}, {"date": "2021-7-19", "name": "gate_length", "unit": "ns", "value": 35.55555555555556}], "name": "sx4"}, {"qubits": [0], "gate": "x", "parameters": [{"date": "2021-7-19", "name": "gate_error", "unit": "", "value": 0.0002488341019880327}, {"date": "2021-7-19", "name": "gate_length", "unit": "ns", "value": 35.55555555555556}], "name": "x0"}, {"qubits": [1], "gate": "x", "parameters": [{"date": "2021-7-19", "name": "gate_error", "unit": "", "value": 0.00032136933600183937}, {"date": "2021-7-19", "name": "gate_length", "unit": "ns", "value": 35.55555555555556}], "name": "x1"}, {"qubits": [2], "gate": "x", "parameters": [{"date": "2021-7-19", "name": "gate_error", "unit": "", "value": 0.00029831011342210947}, {"date": "2021-7-19", "name": "gate_length", "unit": "ns", "value": 35.55555555555556}], "name": "x2"}, {"qubits": [3], "gate": "x", "parameters": [{"date": "2021-7-19", "name": "gate_error", "unit": "", "value": 0.000349777878303612}, {"date": "2021-7-19", "name": "gate_length", "unit": "ns", "value": 35.55555555555556}], "name": "x3"}, {"qubits": [4], "gate": "x", "parameters": [{"date": "2021-7-19", "name": "gate_error", "unit": "", "value": 0.00030754379381207306}, {"date": "2021-7-19", "name": "gate_length", "unit": "ns", "value": 35.55555555555556}], "name": "x4"}, {"qubits": [4, 3], "gate": "cx", "parameters": [{"date": "2021-7-19", "name": "gate_error", "unit": "", "value": 0.010923488442733276}, {"date": "2021-7-16", "name": "gate_length", "unit": "ns", "value": 554.6666666666666}], "name": "cx4_3"}, {"qubits": [3, 4], "gate": "cx", "parameters": [{"date": "2021-7-19", "name": "gate_error", "unit": "", "value": 0.010923488442733276}, {"date": "2021-7-16", "name": "gate_length", "unit": "ns", "value": 590.2222222222222}], "name": "cx3_4"}, {"qubits": [3, 1], "gate": "cx", "parameters": [{"date": "2021-7-19", "name": "gate_error", "unit": "", "value": 0.009712533536201218}, {"date": "2021-7-16", "name": "gate_length", "unit": "ns", "value": 398.2222222222222}], "name": "cx3_1"}, {"qubits": [1, 3], "gate": "cx", "parameters": [{"date": "2021-7-19", "name": "gate_error", "unit": "", "value": 0.009712533536201218}, {"date": "2021-7-16", "name": "gate_length", "unit": "ns", "value": 433.77777777777777}], "name": "cx1_3"}, {"qubits": [2, 1], "gate": "cx", "parameters": [{"date": "2021-7-19", "name": "gate_error", "unit": "", "value": 0.010796128245627895}, {"date": "2021-7-16", "name": "gate_length", "unit": "ns", "value": 412.4444444444444}], "name": "cx2_1"}, {"qubits": [1, 2], "gate": "cx", "parameters": [{"date": "2021-7-19", "name": "gate_error", "unit": "", "value": 0.010796128245627895}, {"date": "2021-7-16", "name": "gate_length", "unit": "ns", "value": 448}], "name": "cx1_2"}, {"qubits": [1, 0], "gate": "cx", "parameters": [{"date": "2021-7-19", "name": "gate_error", "unit": "", "value": 0.017858985065639987}, {"date": "2021-7-16", "name": "gate_length", "unit": "ns", "value": 775.1111111111111}], "name": "cx1_0"}, {"qubits": [0, 1], "gate": "cx", "parameters": [{"date": "2021-7-19", "name": "gate_error", "unit": "", "value": 0.017858985065639987}, {"date": "2021-7-16", "name": "gate_length", "unit": "ns", "value": 810.6666666666666}], "name": "cx0_1"}, {"qubits": [0], "gate": "reset", "parameters": [{"date": "2021-7-19", "name": "gate_length", "unit": "ns", "value": 7342.222222222222}], "name": "reset0"}, {"qubits": [1], "gate": "reset", "parameters": [{"date": "2021-7-19", "name": "gate_length", "unit": "ns", "value": 7342.222222222222}], "name": "reset1"}, {"qubits": [2], "gate": "reset", "parameters": [{"date": "2021-7-19", "name": "gate_length", "unit": "ns", "value": 7342.222222222222}], "name": "reset2"}, {"qubits": [3], "gate": "reset", "parameters": [{"date": "2021-7-19", "name": "gate_length", "unit": "ns", "value": 7342.222222222222}], "name": "reset3"}, {"qubits": [4], "gate": "reset", "parameters": [{"date": "2021-7-19", "name": "gate_length", "unit": "ns", "value": 7342.222222222222}], "name": "reset4"}], "general": [{"date": "2021-7-19", "name": "jq_01", "unit": "GHz", "value": 0.0018736137364449847}, {"date": "2021-7-19", "name": "zz_01", "unit": "GHz", "value": -5.778719017046504e-05}, {"date": "2021-7-19", "name": "jq_12", "unit": "GHz", "value": 0.0020062596172337292}, {"date": "2021-7-19", "name": "zz_12", "unit": "GHz", "value": -5.607853601551941e-05}, {"date": "2021-7-19", "name": "jq_13", "unit": "GHz", "value": 0.0020039976609872224}, {"date": "2021-7-19", "name": "zz_13", "unit": "GHz", "value": -5.2854062688980254e-05}, {"date": "2021-7-19", "name": "jq_34", "unit": "GHz", "value": 0.0016737719182152912}, {"date": "2021-7-19", "name": "zz_34", "unit": "GHz", "value": -3.628419642815204e-05}]}