{"backend_name": "ibmq_belem", "backend_version": "1.0.15", "last_update_date": "2021-7-27", "qubits": [[{"date": "2021-7-27", "name": "T1", "unit": "us", "value": 122.52798964226623}, {"date": "2021-7-27", "name": "T2", "unit": "us", "value": 135.5863371368576}, {"date": "2021-7-27", "name": "frequency", "unit": "GHz", "value": 5.090023645441393}, {"date": "2021-7-27", "name": "anharmonicity", "unit": "GHz", "value": -0.33612300518216515}, {"date": "2021-7-27", "name": "readout_error", "unit": "", "value": 0.02210000000000001}, {"date": "2021-7-27", "name": "prob_meas0_prep1", "unit": "", "value": 0.03320000000000001}, {"date": "2021-7-27", "name": "prob_meas1_prep0", "unit": "", "value": 0.011}, {"date": "2021-7-27", "name": "readout_length", "unit": "ns", "value": 5351.11111111111}], [{"date": "2021-7-27", "name": "T1", "unit": "us", "value": 67.21210655250108}, {"date": "2021-7-27", "name": "T2", "unit": "us", "value": 124.80670931046552}, {"date": "2021-7-27", "name": "frequency", "unit": "GHz", "value": 5.245421619279129}, {"date": "2021-7-27", "name": "anharmonicity", "unit": "GHz", "value": -0.316572131412737}, {"date": "2021-7-27", "name": "readout_error", "unit": "", "value": 0.021400000000000086}, {"date": "2021-7-27", "name": "prob_meas0_prep1", "unit": "", "value": 0.03380000000000005}, {"date": "2021-7-27", "name": "prob_meas1_prep0", "unit": "", "value": 0.009}, {"date": "2021-7-27", "name": "readout_length", "unit": "ns", "value": 5351.11111111111}], [{"date": "2021-7-27", "name": "T1", "unit": "us", "value": 87.36516450864457}, {"date": "2021-7-27", "name": "T2", "unit": "us", "value": 52.941993526442076}, {"date": "2021-7-27", "name": "frequency", "unit": "GHz", "value": 5.361383321399139}, {"date": "2021-7-27", "name": "anharmonicity", "unit": "GHz", "value": -0.3306274884584928}, {"date": "2021-7-27", "name": "readout_error", "unit": "", "value": 0.025499999999999967}, {"date": "2021-7-27", "name": "prob_meas0_prep1", "unit": "", "value": 0.04159999999999997}, {"date": "2021-7-27", "name": "prob_meas1_prep0", "unit": "", "value": 0.0094}, {"date": "2021-7-27", "name": "readout_length", "unit": "ns", "value": 5351.11111111111}], [{"date": "2021-7-27", "name": "T1", "unit": "us", "value": 77.45975977400217}, {"date": "2021-7-27", "name": "T2", "unit": "us", "value": 73.95395164233446}, {"date": "2021-7-27", "name": "frequency", "unit": "GHz", "value": 5.170388877896229}, {"date": "2021-7-27", "name": "anharmonicity", "unit": "GHz", "value": -0.33373922611368106}, {"date": "2021-7-27", "name": "readout_error", "unit": "", "value": 0.02400000000000002}, {"date": "2021-7-27", "name": "prob_meas0_prep1", "unit": "", "value": 0.03939999999999999}, {"date": "2021-7-27", "name": "prob_meas1_prep0", "unit": "", "value": 0.0086}, {"date": "2021-7-27", "name": "readout_length", "unit": "ns", "value": 5351.11111111111}], [{"date": "2021-7-27", "name": "T1", "unit": "us", "value": 79.6810873917092}, {"date": "2021-7-27", "name": "T2", "unit": "us", "value": 126.5073893474326}, {"date": "2021-7-27", "name": "frequency", "unit": "GHz", "value": 5.2583769270824146}, {"date": "2021-7-27", "name": "anharmonicity", "unit": "GHz", "value": -0.3313451432371279}, {"date": "2021-7-27", "name": "readout_error", "unit": "", "value": 0.024399999999999977}, {"date": "2021-7-27", "name": "prob_meas0_prep1", "unit": "", "value": 0.042200000000000015}, {"date": "2021-7-27", "name": "prob_meas1_prep0", "unit": "", "value": 0.0066}, {"date": "2021-7-27", "name": "readout_length", "unit": "ns", "value": 5351.11111111111}]], "gates": [{"qubits": [0], "gate": "id", "parameters": [{"date": "2021-7-27", "name": "gate_error", "unit": "", "value": 0.00024231040090215146}, {"date": "2021-7-27", "name": "gate_length", "unit": "ns", "value": 35.55555555555556}], "name": "id0"}, {"qubits": [1], "gate": "id", "parameters": [{"date": "2021-7-27", "name": "gate_error", "unit": "", "value": 0.00023522216369560201}, {"date": "2021-7-27", "name": "gate_length", "unit": "ns", "value": 35.55555555555556}], "name": "id1"}, {"qubits": [2], "gate": "id", "parameters": [{"date": "2021-7-27", "name": "gate_error", "unit": "", "value": 0.0002620117180682565}, {"date": "2021-7-27", "name": "gate_length", "unit": "ns", "value": 35.55555555555556}], "name": "id2"}, {"qubits": [3], "gate": "id", "parameters": [{"date": "2021-7-27", "name": "gate_error", "unit": "", "value": 0.00024195822671791293}, {"date": "2021-7-27", "name": "gate_length", "unit": "ns", "value": 35.55555555555556}], "name": "id3"}, {"qubits": [4], "gate": "id", "parameters": [{"date": "2021-7-27", "name": "gate_error", "unit": "", "value": 0.0002650223242680523}, {"date": "2021-7-27", "name": "gate_length", "unit": "ns", "value": 35.55555555555556}], "name": "id4"}, {"qubits": [0], "gate": "rz", "parameters": [{"date": "2021-7-27", "name": "gate_error", "unit": "", "value": 0}, {"date": "2021-7-27", "name": "gate_length", "unit": "ns", "value": 0}], "name": "rz0"}, {"qubits": [1], "gate": "rz", "parameters": [{"date": "2021-7-27", "name": "gate_error", "unit": "", "value": 0}, {"date": "2021-7-27", "name": "gate_length", "unit": "ns", "value": 0}], "name": "rz1"}, {"qubits": [2], "gate": "rz", "parameters": [{"date": "2021-7-27", "name": "gate_error", "unit": "", "value": 0}, {"date": "2021-7-27", "name": "gate_length", "unit": "ns", "value": 0}], "name": "rz2"}, {"qubits": [3], "gate": "rz", "parameters": [{"date": "2021-7-27", "name": "gate_error", "unit": "", "value": 0}, {"date": "2021-7-27", "name": "gate_length", "unit": "ns", "value": 0}], "name": "rz3"}, {"qubits": [4], "gate": "rz", "parameters": [{"date": "2021-7-27", "name": "gate_error", "unit": "", "value": 0}, {"date": "2021-7-27", "name": "gate_length", "unit": "ns", "value": 0}], "name": "rz4"}, {"qubits": [0], "gate": "sx", "parameters": [{"date": "2021-7-27", "name": "gate_error", "unit": "", "value": 0.00024231040090215146}, {"date": "2021-7-27", "name": "gate_length", "unit": "ns", "value": 35.55555555555556}], "name": "sx0"}, {"qubits": [1], "gate": "sx", "parameters": [{"date": "2021-7-27", "name": "gate_error", "unit": "", "value": 0.00023522216369560201}, {"date": "2021-7-27", "name": "gate_length", "unit": "ns", "value": 35.55555555555556}], "name": "sx1"}, {"qubits": [2], "gate": "sx", "parameters": [{"date": "2021-7-27", "name": "gate_error", "unit": "", "value": 0.0002620117180682565}, {"date": "2021-7-27", "name": "gate_length", "unit": "ns", "value": 35.55555555555556}], "name": "sx2"}, {"qubits": [3], "gate": "sx", "parameters": [{"date": "2021-7-27", "name": "gate_error", "unit": "", "value": 0.00024195822671791293}, {"date": "2021-7-27", "name": "gate_length", "unit": "ns", "value": 35.55555555555556}], "name": "sx3"}, {"qubits": [4], "gate": "sx", "parameters": [{"date": "2021-7-27", "name": "gate_error", "unit": "", "value": 0.0002650223242680523}, {"date": "2021-7-27", "name": "gate_length", "unit": "ns", "value": 35.55555555555556}], "name": "sx4"}, {"qubits": [0], "gate": "x", "parameters": [{"date": "2021-7-27", "name": "gate_error", "unit": "", "value": 0.00024231040090215146}, {"date": "2021-7-27", "name": "gate_length", "unit": "ns", "value": 35.55555555555556}], "name": "x0"}, {"qubits": [1], "gate": "x", "parameters": [{"date": "2021-7-27", "name": "gate_error", "unit": "", "value": 0.00023522216369560201}, {"date": "2021-7-27", "name": "gate_length", "unit": "ns", "value": 35.55555555555556}], "name": "x1"}, {"qubits": [2], "gate": "x", "parameters": [{"date": "2021-7-27", "name": "gate_error", "unit": "", "value": 0.0002620117180682565}, {"date": "2021-7-27", "name": "gate_length", "unit": "ns", "value": 35.55555555555556}], "name": "x2"}, {"qubits": [3], "gate": "x", "parameters": [{"date": "2021-7-27", "name": "gate_error", "unit": "", "value": 0.00024195822671791293}, {"date": "2021-7-27", "name": "gate_length", "unit": "ns", "value": 35.55555555555556}], "name": "x3"}, {"qubits": [4], "gate": "x", "parameters": [{"date": "2021-7-27", "name": "gate_error", "unit": "", "value": 0.0002650223242680523}, {"date": "2021-7-27", "name": "gate_length", "unit": "ns", "value": 35.55555555555556}], "name": "x4"}, {"qubits": [4, 3], "gate": "cx", "parameters": [{"date": "2021-7-27", "name": "gate_error", "unit": "", "value": 0.010602897616023649}, {"date": "2021-7-24", "name": "gate_length", "unit": "ns", "value": 554.6666666666666}], "name": "cx4_3"}, {"qubits": [3, 4], "gate": "cx", "parameters": [{"date": "2021-7-27", "name": "gate_error", "unit": "", "value": 0.010602897616023649}, {"date": "2021-7-24", "name": "gate_length", "unit": "ns", "value": 590.2222222222222}], "name": "cx3_4"}, {"qubits": [3, 1], "gate": "cx", "parameters": [{"date": "2021-7-27", "name": "gate_error", "unit": "", "value": 0.006664533899925468}, {"date": "2021-7-24", "name": "gate_length", "unit": "ns", "value": 398.2222222222222}], "name": "cx3_1"}, {"qubits": [1, 3], "gate": "cx", "parameters": [{"date": "2021-7-27", "name": "gate_error", "unit": "", "value": 0.006664533899925468}, {"date": "2021-7-24", "name": "gate_length", "unit": "ns", "value": 433.77777777777777}], "name": "cx1_3"}, {"qubits": [2, 1], "gate": "cx", "parameters": [{"date": "2021-7-27", "name": "gate_error", "unit": "", "value": 0.006165065847546558}, {"date": "2021-7-24", "name": "gate_length", "unit": "ns", "value": 412.4444444444444}], "name": "cx2_1"}, {"qubits": [1, 2], "gate": "cx", "parameters": [{"date": "2021-7-27", "name": "gate_error", "unit": "", "value": 0.006165065847546558}, {"date": "2021-7-24", "name": "gate_length", "unit": "ns", "value": 448}], "name": "cx1_2"}, {"qubits": [1, 0], "gate": "cx", "parameters": [{"date": "2021-7-27", "name": "gate_error", "unit": "", "value": 0.021346192660429558}, {"date": "2021-7-24", "name": "gate_length", "unit": "ns", "value": 775.1111111111111}], "name": "cx1_0"}, {"qubits": [0, 1], "gate": "cx", "parameters": [{"date": "2021-7-27", "name": "gate_error", "unit": "", "value": 0.021346192660429558}, {"date": "2021-7-24", "name": "gate_length", "unit": "ns", "value": 810.6666666666666}], "name": "cx0_1"}, {"qubits": [0], "gate": "reset", "parameters": [{"date": "2021-7-27", "name": "gate_length", "unit": "ns", "value": 7342.222222222222}], "name": "reset0"}, {"qubits": [1], "gate": "reset", "parameters": [{"date": "2021-7-27", "name": "gate_length", "unit": "ns", "value": 7342.222222222222}], "name": "reset1"}, {"qubits": [2], "gate": "reset", "parameters": [{"date": "2021-7-27", "name": "gate_length", "unit": "ns", "value": 7342.222222222222}], "name": "reset2"}, {"qubits": [3], "gate": "reset", "parameters": [{"date": "2021-7-27", "name": "gate_length", "unit": "ns", "value": 7342.222222222222}], "name": "reset3"}, {"qubits": [4], "gate": "reset", "parameters": [{"date": "2021-7-27", "name": "gate_length", "unit": "ns", "value": 7342.222222222222}], "name": "reset4"}], "general": [{"date": "2021-7-27", "name": "jq_01", "unit": "GHz", "value": 0.0018736137364449847}, {"date": "2021-7-27", "name": "zz_01", "unit": "GHz", "value": -5.778719017046504e-05}, {"date": "2021-7-27", "name": "jq_12", "unit": "GHz", "value": 0.0020062596172337292}, {"date": "2021-7-27", "name": "zz_12", "unit": "GHz", "value": -5.607853601551941e-05}, {"date": "2021-7-27", "name": "jq_13", "unit": "GHz", "value": 0.0020039976609872224}, {"date": "2021-7-27", "name": "zz_13", "unit": "GHz", "value": -5.2854062688980254e-05}, {"date": "2021-7-27", "name": "jq_34", "unit": "GHz", "value": 0.0016737719182152912}, {"date": "2021-7-27", "name": "zz_34", "unit": "GHz", "value": -3.628419642815204e-05}]}