{"backend_name": "ibmq_belem", "backend_version": "1.0.21", "last_update_date": "2021-10-11", "qubits": [[{"date": "2021-10-11", "name": "T1", "unit": "us", "value": 118.33968800187249}, {"date": "2021-10-11", "name": "T2", "unit": "us", "value": 145.87661017373836}, {"date": "2021-10-11", "name": "frequency", "unit": "GHz", "value": 5.090020684331119}, {"date": "2021-10-11", "name": "anharmonicity", "unit": "GHz", "value": -0.33612300518216515}, {"date": "2021-10-11", "name": "readout_error", "unit": "", "value": 0.020100000000000007}, {"date": "2021-10-11", "name": "prob_meas0_prep1", "unit": "", "value": 0.03159999999999996}, {"date": "2021-10-11", "name": "prob_meas1_prep0", "unit": "", "value": 0.0086}, {"date": "2021-10-11", "name": "readout_length", "unit": "ns", "value": 5351.11111111111}], [{"date": "2021-10-11", "name": "T1", "unit": "us", "value": 83.7144826715862}, {"date": "2021-10-11", "name": "T2", "unit": "us", "value": 109.89611626860203}, {"date": "2021-10-11", "name": "frequency", "unit": "GHz", "value": 5.245566524595333}, {"date": "2021-10-11", "name": "anharmonicity", "unit": "GHz", "value": -0.316572131412737}, {"date": "2021-10-11", "name": "readout_error", "unit": "", "value": 0.021100000000000008}, {"date": "2021-10-11", "name": "prob_meas0_prep1", "unit": "", "value": 0.03159999999999996}, {"date": "2021-10-11", "name": "prob_meas1_prep0", "unit": "", "value": 0.0106}, {"date": "2021-10-11", "name": "readout_length", "unit": "ns", "value": 5351.11111111111}], [{"date": "2021-10-11", "name": "T1", "unit": "us", "value": 109.16311259543035}, {"date": "2021-10-11", "name": "T2", "unit": "us", "value": 35.448646376095965}, {"date": "2021-10-11", "name": "frequency", "unit": "GHz", "value": 5.361404645311608}, {"date": "2021-10-11", "name": "anharmonicity", "unit": "GHz", "value": -0.3306274884584928}, {"date": "2021-10-11", "name": "readout_error", "unit": "", "value": 0.02839999999999998}, {"date": "2021-10-11", "name": "prob_meas0_prep1", "unit": "", "value": 0.04859999999999998}, {"date": "2021-10-11", "name": "prob_meas1_prep0", "unit": "", "value": 0.0082}, {"date": "2021-10-11", "name": "readout_length", "unit": "ns", "value": 5351.11111111111}], [{"date": "2021-10-11", "name": "T1", "unit": "us", "value": 61.72408745304311}, {"date": "2021-10-11", "name": "T2", "unit": "us", "value": 101.23918420540772}, {"date": "2021-10-11", "name": "frequency", "unit": "GHz", "value": 5.170389244943937}, {"date": "2021-10-11", "name": "anharmonicity", "unit": "GHz", "value": -0.33373922611368106}, {"date": "2021-10-11", "name": "readout_error", "unit": "", "value": 0.050000000000000044}, {"date": "2021-10-11", "name": "prob_meas0_prep1", "unit": "", "value": 0.0796}, {"date": "2021-10-11", "name": "prob_meas1_prep0", "unit": "", "value": 0.0204}, {"date": "2021-10-11", "name": "readout_length", "unit": "ns", "value": 5351.11111111111}], [{"date": "2021-10-11", "name": "T1", "unit": "us", "value": 82.7598412067226}, {"date": "2021-10-11", "name": "T2", "unit": "us", "value": 156.80959542319974}, {"date": "2021-10-11", "name": "frequency", "unit": "GHz", "value": 5.258456410626492}, {"date": "2021-10-11", "name": "anharmonicity", "unit": "GHz", "value": -0.3313451432371279}, {"date": "2021-10-11", "name": "readout_error", "unit": "", "value": 0.015499999999999958}, {"date": "2021-10-11", "name": "prob_meas0_prep1", "unit": "", "value": 0.026599999999999957}, {"date": "2021-10-11", "name": "prob_meas1_prep0", "unit": "", "value": 0.0044}, {"date": "2021-10-11", "name": "readout_length", "unit": "ns", "value": 5351.11111111111}]], "gates": [{"qubits": [0], "gate": "id", "parameters": [{"date": "2021-10-11", "name": "gate_error", "unit": "", "value": 0.00018109303323280822}, {"date": "2021-10-11", "name": "gate_length", "unit": "ns", "value": 35.55555555555556}], "name": "id0"}, {"qubits": [1], "gate": "id", "parameters": [{"date": "2021-10-11", "name": "gate_error", "unit": "", "value": 0.00024274423206345925}, {"date": "2021-10-11", "name": "gate_length", "unit": "ns", "value": 35.55555555555556}], "name": "id1"}, {"qubits": [2], "gate": "id", "parameters": [{"date": "2021-10-11", "name": "gate_error", "unit": "", "value": 0.00028052620227712047}, {"date": "2021-10-11", "name": "gate_length", "unit": "ns", "value": 35.55555555555556}], "name": "id2"}, {"qubits": [3], "gate": "id", "parameters": [{"date": "2021-10-11", "name": "gate_error", "unit": "", "value": 0.0005093966701503784}, {"date": "2021-10-11", "name": "gate_length", "unit": "ns", "value": 35.55555555555556}], "name": "id3"}, {"qubits": [4], "gate": "id", "parameters": [{"date": "2021-10-11", "name": "gate_error", "unit": "", "value": 0.00022962255632253656}, {"date": "2021-10-11", "name": "gate_length", "unit": "ns", "value": 35.55555555555556}], "name": "id4"}, {"qubits": [0], "gate": "rz", "parameters": [{"date": "2021-10-11", "name": "gate_error", "unit": "", "value": 0}, {"date": "2021-10-11", "name": "gate_length", "unit": "ns", "value": 0}], "name": "rz0"}, {"qubits": [1], "gate": "rz", "parameters": [{"date": "2021-10-11", "name": "gate_error", "unit": "", "value": 0}, {"date": "2021-10-11", "name": "gate_length", "unit": "ns", "value": 0}], "name": "rz1"}, {"qubits": [2], "gate": "rz", "parameters": [{"date": "2021-10-11", "name": "gate_error", "unit": "", "value": 0}, {"date": "2021-10-11", "name": "gate_length", "unit": "ns", "value": 0}], "name": "rz2"}, {"qubits": [3], "gate": "rz", "parameters": [{"date": "2021-10-11", "name": "gate_error", "unit": "", "value": 0}, {"date": "2021-10-11", "name": "gate_length", "unit": "ns", "value": 0}], "name": "rz3"}, {"qubits": [4], "gate": "rz", "parameters": [{"date": "2021-10-11", "name": "gate_error", "unit": "", "value": 0}, {"date": "2021-10-11", "name": "gate_length", "unit": "ns", "value": 0}], "name": "rz4"}, {"qubits": [0], "gate": "sx", "parameters": [{"date": "2021-10-11", "name": "gate_error", "unit": "", "value": 0.00018109303323280822}, {"date": "2021-10-11", "name": "gate_length", "unit": "ns", "value": 35.55555555555556}], "name": "sx0"}, {"qubits": [1], "gate": "sx", "parameters": [{"date": "2021-10-11", "name": "gate_error", "unit": "", "value": 0.00024274423206345925}, {"date": "2021-10-11", "name": "gate_length", "unit": "ns", "value": 35.55555555555556}], "name": "sx1"}, {"qubits": [2], "gate": "sx", "parameters": [{"date": "2021-10-11", "name": "gate_error", "unit": "", "value": 0.00028052620227712047}, {"date": "2021-10-11", "name": "gate_length", "unit": "ns", "value": 35.55555555555556}], "name": "sx2"}, {"qubits": [3], "gate": "sx", "parameters": [{"date": "2021-10-11", "name": "gate_error", "unit": "", "value": 0.0005093966701503784}, {"date": "2021-10-11", "name": "gate_length", "unit": "ns", "value": 35.55555555555556}], "name": "sx3"}, {"qubits": [4], "gate": "sx", "parameters": [{"date": "2021-10-11", "name": "gate_error", "unit": "", "value": 0.00022962255632253656}, {"date": "2021-10-11", "name": "gate_length", "unit": "ns", "value": 35.55555555555556}], "name": "sx4"}, {"qubits": [0], "gate": "x", "parameters": [{"date": "2021-10-11", "name": "gate_error", "unit": "", "value": 0.00018109303323280822}, {"date": "2021-10-11", "name": "gate_length", "unit": "ns", "value": 35.55555555555556}], "name": "x0"}, {"qubits": [1], "gate": "x", "parameters": [{"date": "2021-10-11", "name": "gate_error", "unit": "", "value": 0.00024274423206345925}, {"date": "2021-10-11", "name": "gate_length", "unit": "ns", "value": 35.55555555555556}], "name": "x1"}, {"qubits": [2], "gate": "x", "parameters": [{"date": "2021-10-11", "name": "gate_error", "unit": "", "value": 0.00028052620227712047}, {"date": "2021-10-11", "name": "gate_length", "unit": "ns", "value": 35.55555555555556}], "name": "x2"}, {"qubits": [3], "gate": "x", "parameters": [{"date": "2021-10-11", "name": "gate_error", "unit": "", "value": 0.0005093966701503784}, {"date": "2021-10-11", "name": "gate_length", "unit": "ns", "value": 35.55555555555556}], "name": "x3"}, {"qubits": [4], "gate": "x", "parameters": [{"date": "2021-10-11", "name": "gate_error", "unit": "", "value": 0.00022962255632253656}, {"date": "2021-10-11", "name": "gate_length", "unit": "ns", "value": 35.55555555555556}], "name": "x4"}, {"qubits": [4, 3], "gate": "cx", "parameters": [{"date": "2021-10-11", "name": "gate_error", "unit": "", "value": 0.016803544308214152}, {"date": "2021-10-8", "name": "gate_length", "unit": "ns", "value": 554.6666666666666}], "name": "cx4_3"}, {"qubits": [3, 4], "gate": "cx", "parameters": [{"date": "2021-10-11", "name": "gate_error", "unit": "", "value": 0.016803544308214152}, {"date": "2021-10-8", "name": "gate_length", "unit": "ns", "value": 590.2222222222222}], "name": "cx3_4"}, {"qubits": [3, 1], "gate": "cx", "parameters": [{"date": "2021-10-11", "name": "gate_error", "unit": "", "value": 0.014195751248256755}, {"date": "2021-10-8", "name": "gate_length", "unit": "ns", "value": 398.2222222222222}], "name": "cx3_1"}, {"qubits": [1, 3], "gate": "cx", "parameters": [{"date": "2021-10-11", "name": "gate_error", "unit": "", "value": 0.014195751248256755}, {"date": "2021-10-8", "name": "gate_length", "unit": "ns", "value": 433.77777777777777}], "name": "cx1_3"}, {"qubits": [2, 1], "gate": "cx", "parameters": [{"date": "2021-10-11", "name": "gate_error", "unit": "", "value": 0.007884530515902544}, {"date": "2021-10-8", "name": "gate_length", "unit": "ns", "value": 412.4444444444444}], "name": "cx2_1"}, {"qubits": [1, 2], "gate": "cx", "parameters": [{"date": "2021-10-11", "name": "gate_error", "unit": "", "value": 0.007884530515902544}, {"date": "2021-10-8", "name": "gate_length", "unit": "ns", "value": 448}], "name": "cx1_2"}, {"qubits": [1, 0], "gate": "cx", "parameters": [{"date": "2021-10-11", "name": "gate_error", "unit": "", "value": 0.024237513046826364}, {"date": "2021-10-8", "name": "gate_length", "unit": "ns", "value": 775.1111111111111}], "name": "cx1_0"}, {"qubits": [0, 1], "gate": "cx", "parameters": [{"date": "2021-10-11", "name": "gate_error", "unit": "", "value": 0.024237513046826364}, {"date": "2021-10-8", "name": "gate_length", "unit": "ns", "value": 810.6666666666666}], "name": "cx0_1"}, {"qubits": [0], "gate": "reset", "parameters": [{"date": "2021-10-11", "name": "gate_length", "unit": "ns", "value": 7342.222222222222}], "name": "reset0"}, {"qubits": [1], "gate": "reset", "parameters": [{"date": "2021-10-11", "name": "gate_length", "unit": "ns", "value": 7342.222222222222}], "name": "reset1"}, {"qubits": [2], "gate": "reset", "parameters": [{"date": "2021-10-11", "name": "gate_length", "unit": "ns", "value": 7342.222222222222}], "name": "reset2"}, {"qubits": [3], "gate": "reset", "parameters": [{"date": "2021-10-11", "name": "gate_length", "unit": "ns", "value": 7342.222222222222}], "name": "reset3"}, {"qubits": [4], "gate": "reset", "parameters": [{"date": "2021-10-11", "name": "gate_length", "unit": "ns", "value": 7342.222222222222}], "name": "reset4"}], "general": [{"date": "2021-10-11", "name": "jq_01", "unit": "GHz", "value": 0.0018736137364449847}, {"date": "2021-10-11", "name": "zz_01", "unit": "GHz", "value": -5.778719017046504e-05}, {"date": "2021-10-11", "name": "jq_12", "unit": "GHz", "value": 0.0020062596172337292}, {"date": "2021-10-11", "name": "zz_12", "unit": "GHz", "value": -5.607853601551941e-05}, {"date": "2021-10-11", "name": "jq_13", "unit": "GHz", "value": 0.0020039976609872224}, {"date": "2021-10-11", "name": "zz_13", "unit": "GHz", "value": -5.2854062688980254e-05}, {"date": "2021-10-11", "name": "jq_34", "unit": "GHz", "value": 0.0016737719182152912}, {"date": "2021-10-11", "name": "zz_34", "unit": "GHz", "value": -3.628419642815204e-05}]}