{"backend_name": "ibmq_belem", "backend_version": "1.0.19", "last_update_date": "2021-9-10", "qubits": [[{"date": "2021-9-10", "name": "T1", "unit": "us", "value": 109.93562054876776}, {"date": "2021-9-10", "name": "T2", "unit": "us", "value": 129.784449700523}, {"date": "2021-9-10", "name": "frequency", "unit": "GHz", "value": 5.090024980512505}, {"date": "2021-9-10", "name": "anharmonicity", "unit": "GHz", "value": -0.33612300518216515}, {"date": "2021-9-10", "name": "readout_error", "unit": "", "value": 0.01629999999999998}, {"date": "2021-9-10", "name": "prob_meas0_prep1", "unit": "", "value": 0.0242}, {"date": "2021-9-10", "name": "prob_meas1_prep0", "unit": "", "value": 0.0084}, {"date": "2021-9-10", "name": "readout_length", "unit": "ns", "value": 5351.11111111111}], [{"date": "2021-9-9", "name": "T1", "unit": "us", "value": 66.54304538385375}, {"date": "2021-9-10", "name": "T2", "unit": "us", "value": 45.70245742175651}, {"date": "2021-9-10", "name": "frequency", "unit": "GHz", "value": 5.245492181693469}, {"date": "2021-9-10", "name": "anharmonicity", "unit": "GHz", "value": -0.316572131412737}, {"date": "2021-9-10", "name": "readout_error", "unit": "", "value": 0.05800000000000005}, {"date": "2021-9-10", "name": "prob_meas0_prep1", "unit": "", "value": 0.09019999999999995}, {"date": "2021-9-10", "name": "prob_meas1_prep0", "unit": "", "value": 0.0258}, {"date": "2021-9-10", "name": "readout_length", "unit": "ns", "value": 5351.11111111111}], [{"date": "2021-9-10", "name": "T1", "unit": "us", "value": 88.45798963779909}, {"date": "2021-9-10", "name": "T2", "unit": "us", "value": 55.421247065664815}, {"date": "2021-9-10", "name": "frequency", "unit": "GHz", "value": 5.361427959254133}, {"date": "2021-9-10", "name": "anharmonicity", "unit": "GHz", "value": -0.3306274884584928}, {"date": "2021-9-10", "name": "readout_error", "unit": "", "value": 0.02069999999999994}, {"date": "2021-9-10", "name": "prob_meas0_prep1", "unit": "", "value": 0.03320000000000001}, {"date": "2021-9-10", "name": "prob_meas1_prep0", "unit": "", "value": 0.0082}, {"date": "2021-9-10", "name": "readout_length", "unit": "ns", "value": 5351.11111111111}], [{"date": "2021-9-9", "name": "T1", "unit": "us", "value": 60.87068942148414}, {"date": "2021-9-9", "name": "T2", "unit": "us", "value": 127.86504730797785}, {"date": "2021-9-10", "name": "frequency", "unit": "GHz", "value": 5.170385066693913}, {"date": "2021-9-10", "name": "anharmonicity", "unit": "GHz", "value": -0.33373922611368106}, {"date": "2021-9-10", "name": "readout_error", "unit": "", "value": 0.01770000000000005}, {"date": "2021-9-10", "name": "prob_meas0_prep1", "unit": "", "value": 0.028800000000000048}, {"date": "2021-9-10", "name": "prob_meas1_prep0", "unit": "", "value": 0.0066}, {"date": "2021-9-10", "name": "readout_length", "unit": "ns", "value": 5351.11111111111}], [{"date": "2021-9-10", "name": "T1", "unit": "us", "value": 78.67770790997861}, {"date": "2021-9-10", "name": "T2", "unit": "us", "value": 82.15523374263013}, {"date": "2021-9-10", "name": "frequency", "unit": "GHz", "value": 5.258373018629026}, {"date": "2021-9-10", "name": "anharmonicity", "unit": "GHz", "value": -0.3313451432371279}, {"date": "2021-9-10", "name": "readout_error", "unit": "", "value": 0.03309999999999991}, {"date": "2021-9-10", "name": "prob_meas0_prep1", "unit": "", "value": 0.05379999999999996}, {"date": "2021-9-10", "name": "prob_meas1_prep0", "unit": "", "value": 0.0124}, {"date": "2021-9-10", "name": "readout_length", "unit": "ns", "value": 5351.11111111111}]], "gates": [{"qubits": [0], "gate": "id", "parameters": [{"date": "2021-9-10", "name": "gate_error", "unit": "", "value": 0.00016958524443341772}, {"date": "2021-9-10", "name": "gate_length", "unit": "ns", "value": 35.55555555555556}], "name": "id0"}, {"qubits": [1], "gate": "id", "parameters": [{"date": "2021-9-10", "name": "gate_error", "unit": "", "value": 0.0005512514656033707}, {"date": "2021-9-10", "name": "gate_length", "unit": "ns", "value": 35.55555555555556}], "name": "id1"}, {"qubits": [2], "gate": "id", "parameters": [{"date": "2021-9-10", "name": "gate_error", "unit": "", "value": 0.0002256680510041912}, {"date": "2021-9-10", "name": "gate_length", "unit": "ns", "value": 35.55555555555556}], "name": "id2"}, {"qubits": [3], "gate": "id", "parameters": [{"date": "2021-9-10", "name": "gate_error", "unit": "", "value": 0.00027153985847010935}, {"date": "2021-9-10", "name": "gate_length", "unit": "ns", "value": 35.55555555555556}], "name": "id3"}, {"qubits": [4], "gate": "id", "parameters": [{"date": "2021-9-10", "name": "gate_error", "unit": "", "value": 0.0003313617921259114}, {"date": "2021-9-10", "name": "gate_length", "unit": "ns", "value": 35.55555555555556}], "name": "id4"}, {"qubits": [0], "gate": "rz", "parameters": [{"date": "2021-9-10", "name": "gate_error", "unit": "", "value": 0}, {"date": "2021-9-10", "name": "gate_length", "unit": "ns", "value": 0}], "name": "rz0"}, {"qubits": [1], "gate": "rz", "parameters": [{"date": "2021-9-10", "name": "gate_error", "unit": "", "value": 0}, {"date": "2021-9-10", "name": "gate_length", "unit": "ns", "value": 0}], "name": "rz1"}, {"qubits": [2], "gate": "rz", "parameters": [{"date": "2021-9-10", "name": "gate_error", "unit": "", "value": 0}, {"date": "2021-9-10", "name": "gate_length", "unit": "ns", "value": 0}], "name": "rz2"}, {"qubits": [3], "gate": "rz", "parameters": [{"date": "2021-9-10", "name": "gate_error", "unit": "", "value": 0}, {"date": "2021-9-10", "name": "gate_length", "unit": "ns", "value": 0}], "name": "rz3"}, {"qubits": [4], "gate": "rz", "parameters": [{"date": "2021-9-10", "name": "gate_error", "unit": "", "value": 0}, {"date": "2021-9-10", "name": "gate_length", "unit": "ns", "value": 0}], "name": "rz4"}, {"qubits": [0], "gate": "sx", "parameters": [{"date": "2021-9-10", "name": "gate_error", "unit": "", "value": 0.00016958524443341772}, {"date": "2021-9-10", "name": "gate_length", "unit": "ns", "value": 35.55555555555556}], "name": "sx0"}, {"qubits": [1], "gate": "sx", "parameters": [{"date": "2021-9-10", "name": "gate_error", "unit": "", "value": 0.0005512514656033707}, {"date": "2021-9-10", "name": "gate_length", "unit": "ns", "value": 35.55555555555556}], "name": "sx1"}, {"qubits": [2], "gate": "sx", "parameters": [{"date": "2021-9-10", "name": "gate_error", "unit": "", "value": 0.0002256680510041912}, {"date": "2021-9-10", "name": "gate_length", "unit": "ns", "value": 35.55555555555556}], "name": "sx2"}, {"qubits": [3], "gate": "sx", "parameters": [{"date": "2021-9-10", "name": "gate_error", "unit": "", "value": 0.00027153985847010935}, {"date": "2021-9-10", "name": "gate_length", "unit": "ns", "value": 35.55555555555556}], "name": "sx3"}, {"qubits": [4], "gate": "sx", "parameters": [{"date": "2021-9-10", "name": "gate_error", "unit": "", "value": 0.0003313617921259114}, {"date": "2021-9-10", "name": "gate_length", "unit": "ns", "value": 35.55555555555556}], "name": "sx4"}, {"qubits": [0], "gate": "x", "parameters": [{"date": "2021-9-10", "name": "gate_error", "unit": "", "value": 0.00016958524443341772}, {"date": "2021-9-10", "name": "gate_length", "unit": "ns", "value": 35.55555555555556}], "name": "x0"}, {"qubits": [1], "gate": "x", "parameters": [{"date": "2021-9-10", "name": "gate_error", "unit": "", "value": 0.0005512514656033707}, {"date": "2021-9-10", "name": "gate_length", "unit": "ns", "value": 35.55555555555556}], "name": "x1"}, {"qubits": [2], "gate": "x", "parameters": [{"date": "2021-9-10", "name": "gate_error", "unit": "", "value": 0.0002256680510041912}, {"date": "2021-9-10", "name": "gate_length", "unit": "ns", "value": 35.55555555555556}], "name": "x2"}, {"qubits": [3], "gate": "x", "parameters": [{"date": "2021-9-10", "name": "gate_error", "unit": "", "value": 0.00027153985847010935}, {"date": "2021-9-10", "name": "gate_length", "unit": "ns", "value": 35.55555555555556}], "name": "x3"}, {"qubits": [4], "gate": "x", "parameters": [{"date": "2021-9-10", "name": "gate_error", "unit": "", "value": 0.0003313617921259114}, {"date": "2021-9-10", "name": "gate_length", "unit": "ns", "value": 35.55555555555556}], "name": "x4"}, {"qubits": [4, 3], "gate": "cx", "parameters": [{"date": "2021-9-10", "name": "gate_error", "unit": "", "value": 0.011099364138801027}, {"date": "2021-9-7", "name": "gate_length", "unit": "ns", "value": 554.6666666666666}], "name": "cx4_3"}, {"qubits": [3, 4], "gate": "cx", "parameters": [{"date": "2021-9-10", "name": "gate_error", "unit": "", "value": 0.011099364138801027}, {"date": "2021-9-7", "name": "gate_length", "unit": "ns", "value": 590.2222222222222}], "name": "cx3_4"}, {"qubits": [3, 1], "gate": "cx", "parameters": [{"date": "2021-9-10", "name": "gate_error", "unit": "", "value": 0.011699459780775856}, {"date": "2021-9-7", "name": "gate_length", "unit": "ns", "value": 398.2222222222222}], "name": "cx3_1"}, {"qubits": [1, 3], "gate": "cx", "parameters": [{"date": "2021-9-10", "name": "gate_error", "unit": "", "value": 0.011699459780775856}, {"date": "2021-9-7", "name": "gate_length", "unit": "ns", "value": 433.77777777777777}], "name": "cx1_3"}, {"qubits": [2, 1], "gate": "cx", "parameters": [{"date": "2021-9-10", "name": "gate_error", "unit": "", "value": 0.008431419319189365}, {"date": "2021-9-7", "name": "gate_length", "unit": "ns", "value": 412.4444444444444}], "name": "cx2_1"}, {"qubits": [1, 2], "gate": "cx", "parameters": [{"date": "2021-9-10", "name": "gate_error", "unit": "", "value": 0.008431419319189365}, {"date": "2021-9-7", "name": "gate_length", "unit": "ns", "value": 448}], "name": "cx1_2"}, {"qubits": [1, 0], "gate": "cx", "parameters": [{"date": "2021-9-10", "name": "gate_error", "unit": "", "value": 0.028411112579358855}, {"date": "2021-9-7", "name": "gate_length", "unit": "ns", "value": 775.1111111111111}], "name": "cx1_0"}, {"qubits": [0, 1], "gate": "cx", "parameters": [{"date": "2021-9-10", "name": "gate_error", "unit": "", "value": 0.028411112579358855}, {"date": "2021-9-7", "name": "gate_length", "unit": "ns", "value": 810.6666666666666}], "name": "cx0_1"}, {"qubits": [0], "gate": "reset", "parameters": [{"date": "2021-9-10", "name": "gate_length", "unit": "ns", "value": 7342.222222222222}], "name": "reset0"}, {"qubits": [1], "gate": "reset", "parameters": [{"date": "2021-9-10", "name": "gate_length", "unit": "ns", "value": 7342.222222222222}], "name": "reset1"}, {"qubits": [2], "gate": "reset", "parameters": [{"date": "2021-9-10", "name": "gate_length", "unit": "ns", "value": 7342.222222222222}], "name": "reset2"}, {"qubits": [3], "gate": "reset", "parameters": [{"date": "2021-9-10", "name": "gate_length", "unit": "ns", "value": 7342.222222222222}], "name": "reset3"}, {"qubits": [4], "gate": "reset", "parameters": [{"date": "2021-9-10", "name": "gate_length", "unit": "ns", "value": 7342.222222222222}], "name": "reset4"}], "general": [{"date": "2021-9-10", "name": "jq_01", "unit": "GHz", "value": 0.0018736137364449847}, {"date": "2021-9-10", "name": "zz_01", "unit": "GHz", "value": -5.778719017046504e-05}, {"date": "2021-9-10", "name": "jq_12", "unit": "GHz", "value": 0.0020062596172337292}, {"date": "2021-9-10", "name": "zz_12", "unit": "GHz", "value": -5.607853601551941e-05}, {"date": "2021-9-10", "name": "jq_13", "unit": "GHz", "value": 0.0020039976609872224}, {"date": "2021-9-10", "name": "zz_13", "unit": "GHz", "value": -5.2854062688980254e-05}, {"date": "2021-9-10", "name": "jq_34", "unit": "GHz", "value": 0.0016737719182152912}, {"date": "2021-9-10", "name": "zz_34", "unit": "GHz", "value": -3.628419642815204e-05}]}