{"backend_name": "ibmq_belem", "backend_version": "1.0.20", "last_update_date": "2021-10-5", "qubits": [[{"date": "2021-10-5", "name": "T1", "unit": "us", "value": 86.84506000148102}, {"date": "2021-10-5", "name": "T2", "unit": "us", "value": 103.83091664810587}, {"date": "2021-10-5", "name": "frequency", "unit": "GHz", "value": 5.090022728556005}, {"date": "2021-10-5", "name": "anharmonicity", "unit": "GHz", "value": -0.33612300518216515}, {"date": "2021-10-5", "name": "readout_error", "unit": "", "value": 0.01750000000000007}, {"date": "2021-10-5", "name": "prob_meas0_prep1", "unit": "", "value": 0.027800000000000047}, {"date": "2021-10-5", "name": "prob_meas1_prep0", "unit": "", "value": 0.0072}, {"date": "2021-10-5", "name": "readout_length", "unit": "ns", "value": 5351.11111111111}], [{"date": "2021-10-5", "name": "T1", "unit": "us", "value": 101.9688099737117}, {"date": "2021-10-5", "name": "T2", "unit": "us", "value": 51.46458843865049}, {"date": "2021-10-5", "name": "frequency", "unit": "GHz", "value": 5.245545497492548}, {"date": "2021-10-5", "name": "anharmonicity", "unit": "GHz", "value": -0.316572131412737}, {"date": "2021-10-5", "name": "readout_error", "unit": "", "value": 0.04139999999999999}, {"date": "2021-10-5", "name": "prob_meas0_prep1", "unit": "", "value": 0.06940000000000002}, {"date": "2021-10-5", "name": "prob_meas1_prep0", "unit": "", "value": 0.0134}, {"date": "2021-10-5", "name": "readout_length", "unit": "ns", "value": 5351.11111111111}], [{"date": "2021-10-5", "name": "T1", "unit": "us", "value": 66.55920323541672}, {"date": "2021-10-5", "name": "T2", "unit": "us", "value": 30.27879113222893}, {"date": "2021-10-5", "name": "frequency", "unit": "GHz", "value": 5.361404741951632}, {"date": "2021-10-5", "name": "anharmonicity", "unit": "GHz", "value": -0.3306274884584928}, {"date": "2021-10-5", "name": "readout_error", "unit": "", "value": 0.020499999999999963}, {"date": "2021-10-5", "name": "prob_meas0_prep1", "unit": "", "value": 0.03200000000000003}, {"date": "2021-10-5", "name": "prob_meas1_prep0", "unit": "", "value": 0.009}, {"date": "2021-10-5", "name": "readout_length", "unit": "ns", "value": 5351.11111111111}], [{"date": "2021-10-5", "name": "T1", "unit": "us", "value": 67.34109747699499}, {"date": "2021-10-5", "name": "T2", "unit": "us", "value": 101.5724374051954}, {"date": "2021-10-5", "name": "frequency", "unit": "GHz", "value": 5.170390706955216}, {"date": "2021-10-5", "name": "anharmonicity", "unit": "GHz", "value": -0.33373922611368106}, {"date": "2021-10-5", "name": "readout_error", "unit": "", "value": 0.024800000000000044}, {"date": "2021-10-5", "name": "prob_meas0_prep1", "unit": "", "value": 0.04600000000000004}, {"date": "2021-10-5", "name": "prob_meas1_prep0", "unit": "", "value": 0.0036}, {"date": "2021-10-5", "name": "readout_length", "unit": "ns", "value": 5351.11111111111}], [{"date": "2021-10-5", "name": "T1", "unit": "us", "value": 99.89887227730883}, {"date": "2021-10-5", "name": "T2", "unit": "us", "value": 152.92508378858716}, {"date": "2021-10-5", "name": "frequency", "unit": "GHz", "value": 5.258457189703694}, {"date": "2021-10-5", "name": "anharmonicity", "unit": "GHz", "value": -0.3313451432371279}, {"date": "2021-10-5", "name": "readout_error", "unit": "", "value": 0.01749999999999996}, {"date": "2021-10-5", "name": "prob_meas0_prep1", "unit": "", "value": 0.03159999999999996}, {"date": "2021-10-5", "name": "prob_meas1_prep0", "unit": "", "value": 0.0034}, {"date": "2021-10-5", "name": "readout_length", "unit": "ns", "value": 5351.11111111111}]], "gates": [{"qubits": [0], "gate": "id", "parameters": [{"date": "2021-10-5", "name": "gate_error", "unit": "", "value": 0.00019909272627763018}, {"date": "2021-10-5", "name": "gate_length", "unit": "ns", "value": 35.55555555555556}], "name": "id0"}, {"qubits": [1], "gate": "id", "parameters": [{"date": "2021-10-5", "name": "gate_error", "unit": "", "value": 0.0016863877950050912}, {"date": "2021-10-5", "name": "gate_length", "unit": "ns", "value": 35.55555555555556}], "name": "id1"}, {"qubits": [2], "gate": "id", "parameters": [{"date": "2021-10-5", "name": "gate_error", "unit": "", "value": 0.00021475905489538557}, {"date": "2021-10-5", "name": "gate_length", "unit": "ns", "value": 35.55555555555556}], "name": "id2"}, {"qubits": [3], "gate": "id", "parameters": [{"date": "2021-10-5", "name": "gate_error", "unit": "", "value": 0.0005953128886631718}, {"date": "2021-10-5", "name": "gate_length", "unit": "ns", "value": 35.55555555555556}], "name": "id3"}, {"qubits": [4], "gate": "id", "parameters": [{"date": "2021-10-5", "name": "gate_error", "unit": "", "value": 0.00021912278015825054}, {"date": "2021-10-5", "name": "gate_length", "unit": "ns", "value": 35.55555555555556}], "name": "id4"}, {"qubits": [0], "gate": "rz", "parameters": [{"date": "2021-10-5", "name": "gate_error", "unit": "", "value": 0}, {"date": "2021-10-5", "name": "gate_length", "unit": "ns", "value": 0}], "name": "rz0"}, {"qubits": [1], "gate": "rz", "parameters": [{"date": "2021-10-5", "name": "gate_error", "unit": "", "value": 0}, {"date": "2021-10-5", "name": "gate_length", "unit": "ns", "value": 0}], "name": "rz1"}, {"qubits": [2], "gate": "rz", "parameters": [{"date": "2021-10-5", "name": "gate_error", "unit": "", "value": 0}, {"date": "2021-10-5", "name": "gate_length", "unit": "ns", "value": 0}], "name": "rz2"}, {"qubits": [3], "gate": "rz", "parameters": [{"date": "2021-10-5", "name": "gate_error", "unit": "", "value": 0}, {"date": "2021-10-5", "name": "gate_length", "unit": "ns", "value": 0}], "name": "rz3"}, {"qubits": [4], "gate": "rz", "parameters": [{"date": "2021-10-5", "name": "gate_error", "unit": "", "value": 0}, {"date": "2021-10-5", "name": "gate_length", "unit": "ns", "value": 0}], "name": "rz4"}, {"qubits": [0], "gate": "sx", "parameters": [{"date": "2021-10-5", "name": "gate_error", "unit": "", "value": 0.00019909272627763018}, {"date": "2021-10-5", "name": "gate_length", "unit": "ns", "value": 35.55555555555556}], "name": "sx0"}, {"qubits": [1], "gate": "sx", "parameters": [{"date": "2021-10-5", "name": "gate_error", "unit": "", "value": 0.0016863877950050912}, {"date": "2021-10-5", "name": "gate_length", "unit": "ns", "value": 35.55555555555556}], "name": "sx1"}, {"qubits": [2], "gate": "sx", "parameters": [{"date": "2021-10-5", "name": "gate_error", "unit": "", "value": 0.00021475905489538557}, {"date": "2021-10-5", "name": "gate_length", "unit": "ns", "value": 35.55555555555556}], "name": "sx2"}, {"qubits": [3], "gate": "sx", "parameters": [{"date": "2021-10-5", "name": "gate_error", "unit": "", "value": 0.0005953128886631718}, {"date": "2021-10-5", "name": "gate_length", "unit": "ns", "value": 35.55555555555556}], "name": "sx3"}, {"qubits": [4], "gate": "sx", "parameters": [{"date": "2021-10-5", "name": "gate_error", "unit": "", "value": 0.00021912278015825054}, {"date": "2021-10-5", "name": "gate_length", "unit": "ns", "value": 35.55555555555556}], "name": "sx4"}, {"qubits": [0], "gate": "x", "parameters": [{"date": "2021-10-5", "name": "gate_error", "unit": "", "value": 0.00019909272627763018}, {"date": "2021-10-5", "name": "gate_length", "unit": "ns", "value": 35.55555555555556}], "name": "x0"}, {"qubits": [1], "gate": "x", "parameters": [{"date": "2021-10-5", "name": "gate_error", "unit": "", "value": 0.0016863877950050912}, {"date": "2021-10-5", "name": "gate_length", "unit": "ns", "value": 35.55555555555556}], "name": "x1"}, {"qubits": [2], "gate": "x", "parameters": [{"date": "2021-10-5", "name": "gate_error", "unit": "", "value": 0.00021475905489538557}, {"date": "2021-10-5", "name": "gate_length", "unit": "ns", "value": 35.55555555555556}], "name": "x2"}, {"qubits": [3], "gate": "x", "parameters": [{"date": "2021-10-5", "name": "gate_error", "unit": "", "value": 0.0005953128886631718}, {"date": "2021-10-5", "name": "gate_length", "unit": "ns", "value": 35.55555555555556}], "name": "x3"}, {"qubits": [4], "gate": "x", "parameters": [{"date": "2021-10-5", "name": "gate_error", "unit": "", "value": 0.00021912278015825054}, {"date": "2021-10-5", "name": "gate_length", "unit": "ns", "value": 35.55555555555556}], "name": "x4"}, {"qubits": [4, 3], "gate": "cx", "parameters": [{"date": "2021-10-5", "name": "gate_error", "unit": "", "value": 0.011483565473481755}, {"date": "2021-10-2", "name": "gate_length", "unit": "ns", "value": 554.6666666666666}], "name": "cx4_3"}, {"qubits": [3, 4], "gate": "cx", "parameters": [{"date": "2021-10-5", "name": "gate_error", "unit": "", "value": 0.011483565473481755}, {"date": "2021-10-2", "name": "gate_length", "unit": "ns", "value": 590.2222222222222}], "name": "cx3_4"}, {"qubits": [3, 1], "gate": "cx", "parameters": [{"date": "2021-10-5", "name": "gate_error", "unit": "", "value": 0.02126895593717995}, {"date": "2021-10-2", "name": "gate_length", "unit": "ns", "value": 398.2222222222222}], "name": "cx3_1"}, {"qubits": [1, 3], "gate": "cx", "parameters": [{"date": "2021-10-5", "name": "gate_error", "unit": "", "value": 0.02126895593717995}, {"date": "2021-10-2", "name": "gate_length", "unit": "ns", "value": 433.77777777777777}], "name": "cx1_3"}, {"qubits": [2, 1], "gate": "cx", "parameters": [{"date": "2021-10-5", "name": "gate_error", "unit": "", "value": 0.019741657575073013}, {"date": "2021-10-2", "name": "gate_length", "unit": "ns", "value": 412.4444444444444}], "name": "cx2_1"}, {"qubits": [1, 2], "gate": "cx", "parameters": [{"date": "2021-10-5", "name": "gate_error", "unit": "", "value": 0.019741657575073013}, {"date": "2021-10-2", "name": "gate_length", "unit": "ns", "value": 448}], "name": "cx1_2"}, {"qubits": [1, 0], "gate": "cx", "parameters": [{"date": "2021-10-5", "name": "gate_error", "unit": "", "value": 0.07921723991271015}, {"date": "2021-10-2", "name": "gate_length", "unit": "ns", "value": 775.1111111111111}], "name": "cx1_0"}, {"qubits": [0, 1], "gate": "cx", "parameters": [{"date": "2021-10-5", "name": "gate_error", "unit": "", "value": 0.07921723991271015}, {"date": "2021-10-2", "name": "gate_length", "unit": "ns", "value": 810.6666666666666}], "name": "cx0_1"}, {"qubits": [0], "gate": "reset", "parameters": [{"date": "2021-10-5", "name": "gate_length", "unit": "ns", "value": 7342.222222222222}], "name": "reset0"}, {"qubits": [1], "gate": "reset", "parameters": [{"date": "2021-10-5", "name": "gate_length", "unit": "ns", "value": 7342.222222222222}], "name": "reset1"}, {"qubits": [2], "gate": "reset", "parameters": [{"date": "2021-10-5", "name": "gate_length", "unit": "ns", "value": 7342.222222222222}], "name": "reset2"}, {"qubits": [3], "gate": "reset", "parameters": [{"date": "2021-10-5", "name": "gate_length", "unit": "ns", "value": 7342.222222222222}], "name": "reset3"}, {"qubits": [4], "gate": "reset", "parameters": [{"date": "2021-10-5", "name": "gate_length", "unit": "ns", "value": 7342.222222222222}], "name": "reset4"}], "general": [{"date": "2021-10-5", "name": "jq_01", "unit": "GHz", "value": 0.0018736137364449847}, {"date": "2021-10-5", "name": "zz_01", "unit": "GHz", "value": -5.778719017046504e-05}, {"date": "2021-10-5", "name": "jq_12", "unit": "GHz", "value": 0.0020062596172337292}, {"date": "2021-10-5", "name": "zz_12", "unit": "GHz", "value": -5.607853601551941e-05}, {"date": "2021-10-5", "name": "jq_13", "unit": "GHz", "value": 0.0020039976609872224}, {"date": "2021-10-5", "name": "zz_13", "unit": "GHz", "value": -5.2854062688980254e-05}, {"date": "2021-10-5", "name": "jq_34", "unit": "GHz", "value": 0.0016737719182152912}, {"date": "2021-10-5", "name": "zz_34", "unit": "GHz", "value": -3.628419642815204e-05}]}