{"backend_name": "ibmq_belem", "backend_version": "1.0.29", "last_update_date": "2021-12-9", "qubits": [[{"date": "2021-12-9", "name": "T1", "unit": "us", "value": 94.84265450681023}, {"date": "2021-12-9", "name": "T2", "unit": "us", "value": 23.775437140605092}, {"date": "2021-12-9", "name": "frequency", "unit": "GHz", "value": 5.090192373737987}, {"date": "2021-12-9", "name": "anharmonicity", "unit": "GHz", "value": -0.33612300518216515}, {"date": "2021-12-9", "name": "readout_error", "unit": "", "value": 0.054400000000000004}, {"date": "2021-12-9", "name": "prob_meas0_prep1", "unit": "", "value": 0.08840000000000003}, {"date": "2021-12-9", "name": "prob_meas1_prep0", "unit": "", "value": 0.0204}, {"date": "2021-12-9", "name": "readout_length", "unit": "ns", "value": 5351.11111111111}], [{"date": "2021-12-9", "name": "T1", "unit": "us", "value": 78.34495382711381}, {"date": "2021-12-9", "name": "T2", "unit": "us", "value": 129.88904801427373}, {"date": "2021-12-9", "name": "frequency", "unit": "GHz", "value": 5.245567533651937}, {"date": "2021-12-9", "name": "anharmonicity", "unit": "GHz", "value": -0.316572131412737}, {"date": "2021-12-9", "name": "readout_error", "unit": "", "value": 0.02069999999999994}, {"date": "2021-12-9", "name": "prob_meas0_prep1", "unit": "", "value": 0.032200000000000006}, {"date": "2021-12-9", "name": "prob_meas1_prep0", "unit": "", "value": 0.0092}, {"date": "2021-12-9", "name": "readout_length", "unit": "ns", "value": 5351.11111111111}], [{"date": "2021-12-9", "name": "T1", "unit": "us", "value": 96.29670814468103}, {"date": "2021-12-9", "name": "T2", "unit": "us", "value": 69.48661774581272}, {"date": "2021-12-9", "name": "frequency", "unit": "GHz", "value": 5.361497068938232}, {"date": "2021-12-9", "name": "anharmonicity", "unit": "GHz", "value": -0.3306274884584928}, {"date": "2021-12-9", "name": "readout_error", "unit": "", "value": 0.019000000000000017}, {"date": "2021-12-9", "name": "prob_meas0_prep1", "unit": "", "value": 0.027200000000000002}, {"date": "2021-12-9", "name": "prob_meas1_prep0", "unit": "", "value": 0.0108}, {"date": "2021-12-9", "name": "readout_length", "unit": "ns", "value": 5351.11111111111}], [{"date": "2021-12-9", "name": "T1", "unit": "us", "value": 107.80121239121664}, {"date": "2021-12-9", "name": "T2", "unit": "us", "value": 161.14109552494568}, {"date": "2021-12-9", "name": "frequency", "unit": "GHz", "value": 5.1703765607255825}, {"date": "2021-12-9", "name": "anharmonicity", "unit": "GHz", "value": -0.33373922611368106}, {"date": "2021-12-9", "name": "readout_error", "unit": "", "value": 0.019199999999999995}, {"date": "2021-12-9", "name": "prob_meas0_prep1", "unit": "", "value": 0.027599999999999958}, {"date": "2021-12-9", "name": "prob_meas1_prep0", "unit": "", "value": 0.0108}, {"date": "2021-12-9", "name": "readout_length", "unit": "ns", "value": 5351.11111111111}], [{"date": "2021-12-9", "name": "T1", "unit": "us", "value": 151.49185044328584}, {"date": "2021-12-9", "name": "T2", "unit": "us", "value": 149.06596083077937}, {"date": "2021-12-9", "name": "frequency", "unit": "GHz", "value": 5.258452303879973}, {"date": "2021-12-9", "name": "anharmonicity", "unit": "GHz", "value": -0.3313451432371279}, {"date": "2021-12-9", "name": "readout_error", "unit": "", "value": 0.019199999999999995}, {"date": "2021-12-9", "name": "prob_meas0_prep1", "unit": "", "value": 0.026800000000000046}, {"date": "2021-12-9", "name": "prob_meas1_prep0", "unit": "", "value": 0.0116}, {"date": "2021-12-9", "name": "readout_length", "unit": "ns", "value": 5351.11111111111}]], "gates": [{"qubits": [0], "gate": "id", "parameters": [{"date": "2021-12-9", "name": "gate_error", "unit": "", "value": 0.0005230467765060467}, {"date": "2021-12-9", "name": "gate_length", "unit": "ns", "value": 35.55555555555556}], "name": "id0"}, {"qubits": [1], "gate": "id", "parameters": [{"date": "2021-12-9", "name": "gate_error", "unit": "", "value": 0.0004113165697314793}, {"date": "2021-12-9", "name": "gate_length", "unit": "ns", "value": 35.55555555555556}], "name": "id1"}, {"qubits": [2], "gate": "id", "parameters": [{"date": "2021-12-9", "name": "gate_error", "unit": "", "value": 0.0002968915136689046}, {"date": "2021-12-9", "name": "gate_length", "unit": "ns", "value": 35.55555555555556}], "name": "id2"}, {"qubits": [3], "gate": "id", "parameters": [{"date": "2021-12-9", "name": "gate_error", "unit": "", "value": 0.00028317681495679665}, {"date": "2021-12-9", "name": "gate_length", "unit": "ns", "value": 35.55555555555556}], "name": "id3"}, {"qubits": [4], "gate": "id", "parameters": [{"date": "2021-12-9", "name": "gate_error", "unit": "", "value": 0.00048760877486313237}, {"date": "2021-12-9", "name": "gate_length", "unit": "ns", "value": 35.55555555555556}], "name": "id4"}, {"qubits": [0], "gate": "rz", "parameters": [{"date": "2021-12-9", "name": "gate_error", "unit": "", "value": 0}, {"date": "2021-12-9", "name": "gate_length", "unit": "ns", "value": 0}], "name": "rz0"}, {"qubits": [1], "gate": "rz", "parameters": [{"date": "2021-12-9", "name": "gate_error", "unit": "", "value": 0}, {"date": "2021-12-9", "name": "gate_length", "unit": "ns", "value": 0}], "name": "rz1"}, {"qubits": [2], "gate": "rz", "parameters": [{"date": "2021-12-9", "name": "gate_error", "unit": "", "value": 0}, {"date": "2021-12-9", "name": "gate_length", "unit": "ns", "value": 0}], "name": "rz2"}, {"qubits": [3], "gate": "rz", "parameters": [{"date": "2021-12-9", "name": "gate_error", "unit": "", "value": 0}, {"date": "2021-12-9", "name": "gate_length", "unit": "ns", "value": 0}], "name": "rz3"}, {"qubits": [4], "gate": "rz", "parameters": [{"date": "2021-12-9", "name": "gate_error", "unit": "", "value": 0}, {"date": "2021-12-9", "name": "gate_length", "unit": "ns", "value": 0}], "name": "rz4"}, {"qubits": [0], "gate": "sx", "parameters": [{"date": "2021-12-9", "name": "gate_error", "unit": "", "value": 0.0005230467765060467}, {"date": "2021-12-9", "name": "gate_length", "unit": "ns", "value": 35.55555555555556}], "name": "sx0"}, {"qubits": [1], "gate": "sx", "parameters": [{"date": "2021-12-9", "name": "gate_error", "unit": "", "value": 0.0004113165697314793}, {"date": "2021-12-9", "name": "gate_length", "unit": "ns", "value": 35.55555555555556}], "name": "sx1"}, {"qubits": [2], "gate": "sx", "parameters": [{"date": "2021-12-9", "name": "gate_error", "unit": "", "value": 0.0002968915136689046}, {"date": "2021-12-9", "name": "gate_length", "unit": "ns", "value": 35.55555555555556}], "name": "sx2"}, {"qubits": [3], "gate": "sx", "parameters": [{"date": "2021-12-9", "name": "gate_error", "unit": "", "value": 0.00028317681495679665}, {"date": "2021-12-9", "name": "gate_length", "unit": "ns", "value": 35.55555555555556}], "name": "sx3"}, {"qubits": [4], "gate": "sx", "parameters": [{"date": "2021-12-9", "name": "gate_error", "unit": "", "value": 0.00048760877486313237}, {"date": "2021-12-9", "name": "gate_length", "unit": "ns", "value": 35.55555555555556}], "name": "sx4"}, {"qubits": [0], "gate": "x", "parameters": [{"date": "2021-12-9", "name": "gate_error", "unit": "", "value": 0.0005230467765060467}, {"date": "2021-12-9", "name": "gate_length", "unit": "ns", "value": 35.55555555555556}], "name": "x0"}, {"qubits": [1], "gate": "x", "parameters": [{"date": "2021-12-9", "name": "gate_error", "unit": "", "value": 0.0004113165697314793}, {"date": "2021-12-9", "name": "gate_length", "unit": "ns", "value": 35.55555555555556}], "name": "x1"}, {"qubits": [2], "gate": "x", "parameters": [{"date": "2021-12-9", "name": "gate_error", "unit": "", "value": 0.0002968915136689046}, {"date": "2021-12-9", "name": "gate_length", "unit": "ns", "value": 35.55555555555556}], "name": "x2"}, {"qubits": [3], "gate": "x", "parameters": [{"date": "2021-12-9", "name": "gate_error", "unit": "", "value": 0.00028317681495679665}, {"date": "2021-12-9", "name": "gate_length", "unit": "ns", "value": 35.55555555555556}], "name": "x3"}, {"qubits": [4], "gate": "x", "parameters": [{"date": "2021-12-9", "name": "gate_error", "unit": "", "value": 0.00048760877486313237}, {"date": "2021-12-9", "name": "gate_length", "unit": "ns", "value": 35.55555555555556}], "name": "x4"}, {"qubits": [4, 3], "gate": "cx", "parameters": [{"date": "2021-12-9", "name": "gate_error", "unit": "", "value": 0.01012182186615787}, {"date": "2021-12-6", "name": "gate_length", "unit": "ns", "value": 554.6666666666666}], "name": "cx4_3"}, {"qubits": [3, 4], "gate": "cx", "parameters": [{"date": "2021-12-9", "name": "gate_error", "unit": "", "value": 0.01012182186615787}, {"date": "2021-12-6", "name": "gate_length", "unit": "ns", "value": 590.2222222222222}], "name": "cx3_4"}, {"qubits": [3, 1], "gate": "cx", "parameters": [{"date": "2021-12-9", "name": "gate_error", "unit": "", "value": 0.010890852498095904}, {"date": "2021-12-6", "name": "gate_length", "unit": "ns", "value": 398.2222222222222}], "name": "cx3_1"}, {"qubits": [1, 3], "gate": "cx", "parameters": [{"date": "2021-12-9", "name": "gate_error", "unit": "", "value": 0.010890852498095904}, {"date": "2021-12-6", "name": "gate_length", "unit": "ns", "value": 433.77777777777777}], "name": "cx1_3"}, {"qubits": [2, 1], "gate": "cx", "parameters": [{"date": "2021-12-9", "name": "gate_error", "unit": "", "value": 0.007567472907103495}, {"date": "2021-12-6", "name": "gate_length", "unit": "ns", "value": 412.4444444444444}], "name": "cx2_1"}, {"qubits": [1, 2], "gate": "cx", "parameters": [{"date": "2021-12-9", "name": "gate_error", "unit": "", "value": 0.007567472907103495}, {"date": "2021-12-6", "name": "gate_length", "unit": "ns", "value": 448}], "name": "cx1_2"}, {"qubits": [1, 0], "gate": "cx", "parameters": [{"date": "2021-12-9", "name": "gate_error", "unit": "", "value": 0.019282891590301804}, {"date": "2021-12-6", "name": "gate_length", "unit": "ns", "value": 775.1111111111111}], "name": "cx1_0"}, {"qubits": [0, 1], "gate": "cx", "parameters": [{"date": "2021-12-9", "name": "gate_error", "unit": "", "value": 0.019282891590301804}, {"date": "2021-12-6", "name": "gate_length", "unit": "ns", "value": 810.6666666666666}], "name": "cx0_1"}, {"qubits": [0], "gate": "reset", "parameters": [{"date": "2021-12-9", "name": "gate_length", "unit": "ns", "value": 7342.222222222222}], "name": "reset0"}, {"qubits": [1], "gate": "reset", "parameters": [{"date": "2021-12-9", "name": "gate_length", "unit": "ns", "value": 7342.222222222222}], "name": "reset1"}, {"qubits": [2], "gate": "reset", "parameters": [{"date": "2021-12-9", "name": "gate_length", "unit": "ns", "value": 7342.222222222222}], "name": "reset2"}, {"qubits": [3], "gate": "reset", "parameters": [{"date": "2021-12-9", "name": "gate_length", "unit": "ns", "value": 7342.222222222222}], "name": "reset3"}, {"qubits": [4], "gate": "reset", "parameters": [{"date": "2021-12-9", "name": "gate_length", "unit": "ns", "value": 7342.222222222222}], "name": "reset4"}], "general": [{"date": "2021-12-9", "name": "jq_01", "unit": "GHz", "value": 0.0018736137364449847}, {"date": "2021-12-9", "name": "zz_01", "unit": "GHz", "value": -5.778719017046504e-05}, {"date": "2021-12-9", "name": "jq_12", "unit": "GHz", "value": 0.0020062596172337292}, {"date": "2021-12-9", "name": "zz_12", "unit": "GHz", "value": -5.607853601551941e-05}, {"date": "2021-12-9", "name": "jq_13", "unit": "GHz", "value": 0.0020039976609872224}, {"date": "2021-12-9", "name": "zz_13", "unit": "GHz", "value": -5.2854062688980254e-05}, {"date": "2021-12-9", "name": "jq_34", "unit": "GHz", "value": 0.0016737719182152912}, {"date": "2021-12-9", "name": "zz_34", "unit": "GHz", "value": -3.628419642815204e-05}]}