{"backend_name": "ibmq_belem", "backend_version": "1.0.15", "last_update_date": "2021-7-21", "qubits": [[{"date": "2021-7-21", "name": "T1", "unit": "us", "value": 43.381388025664094}, {"date": "2021-7-21", "name": "T2", "unit": "us", "value": 69.95520884198656}, {"date": "2021-7-21", "name": "frequency", "unit": "GHz", "value": 5.090024366149217}, {"date": "2021-7-21", "name": "anharmonicity", "unit": "GHz", "value": -0.33612300518216515}, {"date": "2021-7-21", "name": "readout_error", "unit": "", "value": 0.0253000000000001}, {"date": "2021-7-21", "name": "prob_meas0_prep1", "unit": "", "value": 0.040000000000000036}, {"date": "2021-7-21", "name": "prob_meas1_prep0", "unit": "", "value": 0.0106}, {"date": "2021-7-21", "name": "readout_length", "unit": "ns", "value": 5351.11111111111}], [{"date": "2021-7-20", "name": "T1", "unit": "us", "value": 50.83203912580284}, {"date": "2021-7-20", "name": "T2", "unit": "us", "value": 79.30879324754764}, {"date": "2021-7-21", "name": "frequency", "unit": "GHz", "value": 5.245419846414425}, {"date": "2021-7-21", "name": "anharmonicity", "unit": "GHz", "value": -0.316572131412737}, {"date": "2021-7-21", "name": "readout_error", "unit": "", "value": 0.07399999999999995}, {"date": "2021-7-21", "name": "prob_meas0_prep1", "unit": "", "value": 0.12639999999999996}, {"date": "2021-7-21", "name": "prob_meas1_prep0", "unit": "", "value": 0.0216}, {"date": "2021-7-21", "name": "readout_length", "unit": "ns", "value": 5351.11111111111}], [{"date": "2021-7-21", "name": "T1", "unit": "us", "value": 54.116933904695436}, {"date": "2021-7-21", "name": "T2", "unit": "us", "value": 40.729810336841076}, {"date": "2021-7-21", "name": "frequency", "unit": "GHz", "value": 5.361323238249256}, {"date": "2021-7-21", "name": "anharmonicity", "unit": "GHz", "value": -0.3306274884584928}, {"date": "2021-7-21", "name": "readout_error", "unit": "", "value": 0.04349999999999998}, {"date": "2021-7-21", "name": "prob_meas0_prep1", "unit": "", "value": 0.06599999999999995}, {"date": "2021-7-21", "name": "prob_meas1_prep0", "unit": "", "value": 0.021}, {"date": "2021-7-21", "name": "readout_length", "unit": "ns", "value": 5351.11111111111}], [{"date": "2021-7-21", "name": "T1", "unit": "us", "value": 116.38934988206341}, {"date": "2021-7-21", "name": "T2", "unit": "us", "value": 103.49841554382343}, {"date": "2021-7-21", "name": "frequency", "unit": "GHz", "value": 5.17038616178101}, {"date": "2021-7-21", "name": "anharmonicity", "unit": "GHz", "value": -0.33373922611368106}, {"date": "2021-7-21", "name": "readout_error", "unit": "", "value": 0.01849999999999996}, {"date": "2021-7-21", "name": "prob_meas0_prep1", "unit": "", "value": 0.028000000000000025}, {"date": "2021-7-21", "name": "prob_meas1_prep0", "unit": "", "value": 0.009}, {"date": "2021-7-21", "name": "readout_length", "unit": "ns", "value": 5351.11111111111}], [{"date": "2021-7-21", "name": "T1", "unit": "us", "value": 77.37768159043644}, {"date": "2021-7-21", "name": "T2", "unit": "us", "value": 103.86182549978098}, {"date": "2021-7-21", "name": "frequency", "unit": "GHz", "value": 5.258382741993802}, {"date": "2021-7-21", "name": "anharmonicity", "unit": "GHz", "value": -0.3313451432371279}, {"date": "2021-7-21", "name": "readout_error", "unit": "", "value": 0.0262}, {"date": "2021-7-21", "name": "prob_meas0_prep1", "unit": "", "value": 0.04500000000000004}, {"date": "2021-7-21", "name": "prob_meas1_prep0", "unit": "", "value": 0.0074}, {"date": "2021-7-21", "name": "readout_length", "unit": "ns", "value": 5351.11111111111}]], "gates": [{"qubits": [0], "gate": "id", "parameters": [{"date": "2021-7-21", "name": "gate_error", "unit": "", "value": 0.000227455350073784}, {"date": "2021-7-21", "name": "gate_length", "unit": "ns", "value": 35.55555555555556}], "name": "id0"}, {"qubits": [1], "gate": "id", "parameters": [{"date": "2021-7-21", "name": "gate_error", "unit": "", "value": 0.000500012361962587}, {"date": "2021-7-21", "name": "gate_length", "unit": "ns", "value": 35.55555555555556}], "name": "id1"}, {"qubits": [2], "gate": "id", "parameters": [{"date": "2021-7-21", "name": "gate_error", "unit": "", "value": 0.00031689712570799535}, {"date": "2021-7-21", "name": "gate_length", "unit": "ns", "value": 35.55555555555556}], "name": "id2"}, {"qubits": [3], "gate": "id", "parameters": [{"date": "2021-7-21", "name": "gate_error", "unit": "", "value": 0.0002001486357774831}, {"date": "2021-7-21", "name": "gate_length", "unit": "ns", "value": 35.55555555555556}], "name": "id3"}, {"qubits": [4], "gate": "id", "parameters": [{"date": "2021-7-21", "name": "gate_error", "unit": "", "value": 0.000265256929733546}, {"date": "2021-7-21", "name": "gate_length", "unit": "ns", "value": 35.55555555555556}], "name": "id4"}, {"qubits": [0], "gate": "rz", "parameters": [{"date": "2021-7-21", "name": "gate_error", "unit": "", "value": 0}, {"date": "2021-7-21", "name": "gate_length", "unit": "ns", "value": 0}], "name": "rz0"}, {"qubits": [1], "gate": "rz", "parameters": [{"date": "2021-7-21", "name": "gate_error", "unit": "", "value": 0}, {"date": "2021-7-21", "name": "gate_length", "unit": "ns", "value": 0}], "name": "rz1"}, {"qubits": [2], "gate": "rz", "parameters": [{"date": "2021-7-21", "name": "gate_error", "unit": "", "value": 0}, {"date": "2021-7-21", "name": "gate_length", "unit": "ns", "value": 0}], "name": "rz2"}, {"qubits": [3], "gate": "rz", "parameters": [{"date": "2021-7-21", "name": "gate_error", "unit": "", "value": 0}, {"date": "2021-7-21", "name": "gate_length", "unit": "ns", "value": 0}], "name": "rz3"}, {"qubits": [4], "gate": "rz", "parameters": [{"date": "2021-7-21", "name": "gate_error", "unit": "", "value": 0}, {"date": "2021-7-21", "name": "gate_length", "unit": "ns", "value": 0}], "name": "rz4"}, {"qubits": [0], "gate": "sx", "parameters": [{"date": "2021-7-21", "name": "gate_error", "unit": "", "value": 0.000227455350073784}, {"date": "2021-7-21", "name": "gate_length", "unit": "ns", "value": 35.55555555555556}], "name": "sx0"}, {"qubits": [1], "gate": "sx", "parameters": [{"date": "2021-7-21", "name": "gate_error", "unit": "", "value": 0.000500012361962587}, {"date": "2021-7-21", "name": "gate_length", "unit": "ns", "value": 35.55555555555556}], "name": "sx1"}, {"qubits": [2], "gate": "sx", "parameters": [{"date": "2021-7-21", "name": "gate_error", "unit": "", "value": 0.00031689712570799535}, {"date": "2021-7-21", "name": "gate_length", "unit": "ns", "value": 35.55555555555556}], "name": "sx2"}, {"qubits": [3], "gate": "sx", "parameters": [{"date": "2021-7-21", "name": "gate_error", "unit": "", "value": 0.0002001486357774831}, {"date": "2021-7-21", "name": "gate_length", "unit": "ns", "value": 35.55555555555556}], "name": "sx3"}, {"qubits": [4], "gate": "sx", "parameters": [{"date": "2021-7-21", "name": "gate_error", "unit": "", "value": 0.000265256929733546}, {"date": "2021-7-21", "name": "gate_length", "unit": "ns", "value": 35.55555555555556}], "name": "sx4"}, {"qubits": [0], "gate": "x", "parameters": [{"date": "2021-7-21", "name": "gate_error", "unit": "", "value": 0.000227455350073784}, {"date": "2021-7-21", "name": "gate_length", "unit": "ns", "value": 35.55555555555556}], "name": "x0"}, {"qubits": [1], "gate": "x", "parameters": [{"date": "2021-7-21", "name": "gate_error", "unit": "", "value": 0.000500012361962587}, {"date": "2021-7-21", "name": "gate_length", "unit": "ns", "value": 35.55555555555556}], "name": "x1"}, {"qubits": [2], "gate": "x", "parameters": [{"date": "2021-7-21", "name": "gate_error", "unit": "", "value": 0.00031689712570799535}, {"date": "2021-7-21", "name": "gate_length", "unit": "ns", "value": 35.55555555555556}], "name": "x2"}, {"qubits": [3], "gate": "x", "parameters": [{"date": "2021-7-21", "name": "gate_error", "unit": "", "value": 0.0002001486357774831}, {"date": "2021-7-21", "name": "gate_length", "unit": "ns", "value": 35.55555555555556}], "name": "x3"}, {"qubits": [4], "gate": "x", "parameters": [{"date": "2021-7-21", "name": "gate_error", "unit": "", "value": 0.000265256929733546}, {"date": "2021-7-21", "name": "gate_length", "unit": "ns", "value": 35.55555555555556}], "name": "x4"}, {"qubits": [4, 3], "gate": "cx", "parameters": [{"date": "2021-7-21", "name": "gate_error", "unit": "", "value": 0.01060429443765637}, {"date": "2021-7-18", "name": "gate_length", "unit": "ns", "value": 554.6666666666666}], "name": "cx4_3"}, {"qubits": [3, 4], "gate": "cx", "parameters": [{"date": "2021-7-21", "name": "gate_error", "unit": "", "value": 0.01060429443765637}, {"date": "2021-7-18", "name": "gate_length", "unit": "ns", "value": 590.2222222222222}], "name": "cx3_4"}, {"qubits": [3, 1], "gate": "cx", "parameters": [{"date": "2021-7-21", "name": "gate_error", "unit": "", "value": 0.02055655713602636}, {"date": "2021-7-18", "name": "gate_length", "unit": "ns", "value": 398.2222222222222}], "name": "cx3_1"}, {"qubits": [1, 3], "gate": "cx", "parameters": [{"date": "2021-7-21", "name": "gate_error", "unit": "", "value": 0.02055655713602636}, {"date": "2021-7-18", "name": "gate_length", "unit": "ns", "value": 433.77777777777777}], "name": "cx1_3"}, {"qubits": [2, 1], "gate": "cx", "parameters": [{"date": "2021-7-21", "name": "gate_error", "unit": "", "value": 0.01758190160283049}, {"date": "2021-7-18", "name": "gate_length", "unit": "ns", "value": 412.4444444444444}], "name": "cx2_1"}, {"qubits": [1, 2], "gate": "cx", "parameters": [{"date": "2021-7-21", "name": "gate_error", "unit": "", "value": 0.01758190160283049}, {"date": "2021-7-18", "name": "gate_length", "unit": "ns", "value": 448}], "name": "cx1_2"}, {"qubits": [1, 0], "gate": "cx", "parameters": [{"date": "2021-7-21", "name": "gate_error", "unit": "", "value": 0.026847353735271223}, {"date": "2021-7-18", "name": "gate_length", "unit": "ns", "value": 775.1111111111111}], "name": "cx1_0"}, {"qubits": [0, 1], "gate": "cx", "parameters": [{"date": "2021-7-21", "name": "gate_error", "unit": "", "value": 0.026847353735271223}, {"date": "2021-7-18", "name": "gate_length", "unit": "ns", "value": 810.6666666666666}], "name": "cx0_1"}, {"qubits": [0], "gate": "reset", "parameters": [{"date": "2021-7-21", "name": "gate_length", "unit": "ns", "value": 7342.222222222222}], "name": "reset0"}, {"qubits": [1], "gate": "reset", "parameters": [{"date": "2021-7-21", "name": "gate_length", "unit": "ns", "value": 7342.222222222222}], "name": "reset1"}, {"qubits": [2], "gate": "reset", "parameters": [{"date": "2021-7-21", "name": "gate_length", "unit": "ns", "value": 7342.222222222222}], "name": "reset2"}, {"qubits": [3], "gate": "reset", "parameters": [{"date": "2021-7-21", "name": "gate_length", "unit": "ns", "value": 7342.222222222222}], "name": "reset3"}, {"qubits": [4], "gate": "reset", "parameters": [{"date": "2021-7-21", "name": "gate_length", "unit": "ns", "value": 7342.222222222222}], "name": "reset4"}], "general": [{"date": "2021-7-21", "name": "jq_01", "unit": "GHz", "value": 0.0018736137364449847}, {"date": "2021-7-21", "name": "zz_01", "unit": "GHz", "value": -5.778719017046504e-05}, {"date": "2021-7-21", "name": "jq_12", "unit": "GHz", "value": 0.0020062596172337292}, {"date": "2021-7-21", "name": "zz_12", "unit": "GHz", "value": -5.607853601551941e-05}, {"date": "2021-7-21", "name": "jq_13", "unit": "GHz", "value": 0.0020039976609872224}, {"date": "2021-7-21", "name": "zz_13", "unit": "GHz", "value": -5.2854062688980254e-05}, {"date": "2021-7-21", "name": "jq_34", "unit": "GHz", "value": 0.0016737719182152912}, {"date": "2021-7-21", "name": "zz_34", "unit": "GHz", "value": -3.628419642815204e-05}]}