{"backend_name": "ibmq_belem", "backend_version": "1.0.29", "last_update_date": "2021-12-5", "qubits": [[{"date": "2021-12-5", "name": "T1", "unit": "us", "value": 80.41114115280695}, {"date": "2021-12-2", "name": "T2", "unit": "us", "value": 94.5828960393521}, {"date": "2021-12-5", "name": "frequency", "unit": "GHz", "value": 5.090193512605577}, {"date": "2021-12-5", "name": "anharmonicity", "unit": "GHz", "value": -0.33612300518216515}, {"date": "2021-12-5", "name": "readout_error", "unit": "", "value": 0.02089999999999992}, {"date": "2021-12-5", "name": "prob_meas0_prep1", "unit": "", "value": 0.03059999999999996}, {"date": "2021-12-5", "name": "prob_meas1_prep0", "unit": "", "value": 0.0112}, {"date": "2021-12-5", "name": "readout_length", "unit": "ns", "value": 5351.11111111111}], [{"date": "2021-12-5", "name": "T1", "unit": "us", "value": 72.10358634369793}, {"date": "2021-12-5", "name": "T2", "unit": "us", "value": 62.829153247808215}, {"date": "2021-12-5", "name": "frequency", "unit": "GHz", "value": 5.245574929052002}, {"date": "2021-12-5", "name": "anharmonicity", "unit": "GHz", "value": -0.316572131412737}, {"date": "2021-12-5", "name": "readout_error", "unit": "", "value": 0.06740000000000002}, {"date": "2021-12-5", "name": "prob_meas0_prep1", "unit": "", "value": 0.11499999999999999}, {"date": "2021-12-5", "name": "prob_meas1_prep0", "unit": "", "value": 0.0198}, {"date": "2021-12-5", "name": "readout_length", "unit": "ns", "value": 5351.11111111111}], [{"date": "2021-12-5", "name": "T1", "unit": "us", "value": 72.36260749044412}, {"date": "2021-12-5", "name": "T2", "unit": "us", "value": 55.57058400854125}, {"date": "2021-12-5", "name": "frequency", "unit": "GHz", "value": 5.361463822300714}, {"date": "2021-12-5", "name": "anharmonicity", "unit": "GHz", "value": -0.3306274884584928}, {"date": "2021-12-5", "name": "readout_error", "unit": "", "value": 0.055400000000000005}, {"date": "2021-12-5", "name": "prob_meas0_prep1", "unit": "", "value": 0.08620000000000005}, {"date": "2021-12-5", "name": "prob_meas1_prep0", "unit": "", "value": 0.0246}, {"date": "2021-12-5", "name": "readout_length", "unit": "ns", "value": 5351.11111111111}], [{"date": "2021-12-5", "name": "T1", "unit": "us", "value": 73.8495125877425}, {"date": "2021-12-5", "name": "T2", "unit": "us", "value": 98.32854255377272}, {"date": "2021-12-5", "name": "frequency", "unit": "GHz", "value": 5.170378183357098}, {"date": "2021-12-5", "name": "anharmonicity", "unit": "GHz", "value": -0.33373922611368106}, {"date": "2021-12-5", "name": "readout_error", "unit": "", "value": 0.019499999999999962}, {"date": "2021-12-5", "name": "prob_meas0_prep1", "unit": "", "value": 0.03159999999999996}, {"date": "2021-12-5", "name": "prob_meas1_prep0", "unit": "", "value": 0.0074}, {"date": "2021-12-5", "name": "readout_length", "unit": "ns", "value": 5351.11111111111}], [{"date": "2021-12-5", "name": "T1", "unit": "us", "value": 94.1156033606896}, {"date": "2021-12-5", "name": "T2", "unit": "us", "value": 98.0940779143352}, {"date": "2021-12-5", "name": "frequency", "unit": "GHz", "value": 5.258456068863391}, {"date": "2021-12-5", "name": "anharmonicity", "unit": "GHz", "value": -0.3313451432371279}, {"date": "2021-12-5", "name": "readout_error", "unit": "", "value": 0.031500000000000083}, {"date": "2021-12-5", "name": "prob_meas0_prep1", "unit": "", "value": 0.05500000000000005}, {"date": "2021-12-5", "name": "prob_meas1_prep0", "unit": "", "value": 0.008}, {"date": "2021-12-5", "name": "readout_length", "unit": "ns", "value": 5351.11111111111}]], "gates": [{"qubits": [0], "gate": "id", "parameters": [{"date": "2021-12-5", "name": "gate_error", "unit": "", "value": 0.0003875844177779215}, {"date": "2021-12-5", "name": "gate_length", "unit": "ns", "value": 35.55555555555556}], "name": "id0"}, {"qubits": [1], "gate": "id", "parameters": [{"date": "2021-12-5", "name": "gate_error", "unit": "", "value": 0.000948139868973828}, {"date": "2021-12-5", "name": "gate_length", "unit": "ns", "value": 35.55555555555556}], "name": "id1"}, {"qubits": [2], "gate": "id", "parameters": [{"date": "2021-12-5", "name": "gate_error", "unit": "", "value": 0.0004124015012273194}, {"date": "2021-12-5", "name": "gate_length", "unit": "ns", "value": 35.55555555555556}], "name": "id2"}, {"qubits": [3], "gate": "id", "parameters": [{"date": "2021-12-5", "name": "gate_error", "unit": "", "value": 0.00021970378746760254}, {"date": "2021-12-5", "name": "gate_length", "unit": "ns", "value": 35.55555555555556}], "name": "id3"}, {"qubits": [4], "gate": "id", "parameters": [{"date": "2021-12-5", "name": "gate_error", "unit": "", "value": 0.00039247030161467054}, {"date": "2021-12-5", "name": "gate_length", "unit": "ns", "value": 35.55555555555556}], "name": "id4"}, {"qubits": [0], "gate": "rz", "parameters": [{"date": "2021-12-5", "name": "gate_error", "unit": "", "value": 0}, {"date": "2021-12-5", "name": "gate_length", "unit": "ns", "value": 0}], "name": "rz0"}, {"qubits": [1], "gate": "rz", "parameters": [{"date": "2021-12-5", "name": "gate_error", "unit": "", "value": 0}, {"date": "2021-12-5", "name": "gate_length", "unit": "ns", "value": 0}], "name": "rz1"}, {"qubits": [2], "gate": "rz", "parameters": [{"date": "2021-12-5", "name": "gate_error", "unit": "", "value": 0}, {"date": "2021-12-5", "name": "gate_length", "unit": "ns", "value": 0}], "name": "rz2"}, {"qubits": [3], "gate": "rz", "parameters": [{"date": "2021-12-5", "name": "gate_error", "unit": "", "value": 0}, {"date": "2021-12-5", "name": "gate_length", "unit": "ns", "value": 0}], "name": "rz3"}, {"qubits": [4], "gate": "rz", "parameters": [{"date": "2021-12-5", "name": "gate_error", "unit": "", "value": 0}, {"date": "2021-12-5", "name": "gate_length", "unit": "ns", "value": 0}], "name": "rz4"}, {"qubits": [0], "gate": "sx", "parameters": [{"date": "2021-12-5", "name": "gate_error", "unit": "", "value": 0.0003875844177779215}, {"date": "2021-12-5", "name": "gate_length", "unit": "ns", "value": 35.55555555555556}], "name": "sx0"}, {"qubits": [1], "gate": "sx", "parameters": [{"date": "2021-12-5", "name": "gate_error", "unit": "", "value": 0.000948139868973828}, {"date": "2021-12-5", "name": "gate_length", "unit": "ns", "value": 35.55555555555556}], "name": "sx1"}, {"qubits": [2], "gate": "sx", "parameters": [{"date": "2021-12-5", "name": "gate_error", "unit": "", "value": 0.0004124015012273194}, {"date": "2021-12-5", "name": "gate_length", "unit": "ns", "value": 35.55555555555556}], "name": "sx2"}, {"qubits": [3], "gate": "sx", "parameters": [{"date": "2021-12-5", "name": "gate_error", "unit": "", "value": 0.00021970378746760254}, {"date": "2021-12-5", "name": "gate_length", "unit": "ns", "value": 35.55555555555556}], "name": "sx3"}, {"qubits": [4], "gate": "sx", "parameters": [{"date": "2021-12-5", "name": "gate_error", "unit": "", "value": 0.00039247030161467054}, {"date": "2021-12-5", "name": "gate_length", "unit": "ns", "value": 35.55555555555556}], "name": "sx4"}, {"qubits": [0], "gate": "x", "parameters": [{"date": "2021-12-5", "name": "gate_error", "unit": "", "value": 0.0003875844177779215}, {"date": "2021-12-5", "name": "gate_length", "unit": "ns", "value": 35.55555555555556}], "name": "x0"}, {"qubits": [1], "gate": "x", "parameters": [{"date": "2021-12-5", "name": "gate_error", "unit": "", "value": 0.000948139868973828}, {"date": "2021-12-5", "name": "gate_length", "unit": "ns", "value": 35.55555555555556}], "name": "x1"}, {"qubits": [2], "gate": "x", "parameters": [{"date": "2021-12-5", "name": "gate_error", "unit": "", "value": 0.0004124015012273194}, {"date": "2021-12-5", "name": "gate_length", "unit": "ns", "value": 35.55555555555556}], "name": "x2"}, {"qubits": [3], "gate": "x", "parameters": [{"date": "2021-12-5", "name": "gate_error", "unit": "", "value": 0.00021970378746760254}, {"date": "2021-12-5", "name": "gate_length", "unit": "ns", "value": 35.55555555555556}], "name": "x3"}, {"qubits": [4], "gate": "x", "parameters": [{"date": "2021-12-5", "name": "gate_error", "unit": "", "value": 0.00039247030161467054}, {"date": "2021-12-5", "name": "gate_length", "unit": "ns", "value": 35.55555555555556}], "name": "x4"}, {"qubits": [4, 3], "gate": "cx", "parameters": [{"date": "2021-12-5", "name": "gate_error", "unit": "", "value": 0.009285402104029783}, {"date": "2021-12-2", "name": "gate_length", "unit": "ns", "value": 554.6666666666666}], "name": "cx4_3"}, {"qubits": [3, 4], "gate": "cx", "parameters": [{"date": "2021-12-5", "name": "gate_error", "unit": "", "value": 0.009285402104029783}, {"date": "2021-12-2", "name": "gate_length", "unit": "ns", "value": 590.2222222222222}], "name": "cx3_4"}, {"qubits": [3, 1], "gate": "cx", "parameters": [{"date": "2021-12-5", "name": "gate_error", "unit": "", "value": 0.013305443832403036}, {"date": "2021-12-2", "name": "gate_length", "unit": "ns", "value": 398.2222222222222}], "name": "cx3_1"}, {"qubits": [1, 3], "gate": "cx", "parameters": [{"date": "2021-12-5", "name": "gate_error", "unit": "", "value": 0.013305443832403036}, {"date": "2021-12-2", "name": "gate_length", "unit": "ns", "value": 433.77777777777777}], "name": "cx1_3"}, {"qubits": [2, 1], "gate": "cx", "parameters": [{"date": "2021-12-5", "name": "gate_error", "unit": "", "value": 0.010947140194410787}, {"date": "2021-12-2", "name": "gate_length", "unit": "ns", "value": 412.4444444444444}], "name": "cx2_1"}, {"qubits": [1, 2], "gate": "cx", "parameters": [{"date": "2021-12-5", "name": "gate_error", "unit": "", "value": 0.010947140194410787}, {"date": "2021-12-2", "name": "gate_length", "unit": "ns", "value": 448}], "name": "cx1_2"}, {"qubits": [1, 0], "gate": "cx", "parameters": [{"date": "2021-12-5", "name": "gate_error", "unit": "", "value": 0.023866037175084814}, {"date": "2021-12-2", "name": "gate_length", "unit": "ns", "value": 775.1111111111111}], "name": "cx1_0"}, {"qubits": [0, 1], "gate": "cx", "parameters": [{"date": "2021-12-5", "name": "gate_error", "unit": "", "value": 0.023866037175084814}, {"date": "2021-12-2", "name": "gate_length", "unit": "ns", "value": 810.6666666666666}], "name": "cx0_1"}, {"qubits": [0], "gate": "reset", "parameters": [{"date": "2021-12-5", "name": "gate_length", "unit": "ns", "value": 7342.222222222222}], "name": "reset0"}, {"qubits": [1], "gate": "reset", "parameters": [{"date": "2021-12-5", "name": "gate_length", "unit": "ns", "value": 7342.222222222222}], "name": "reset1"}, {"qubits": [2], "gate": "reset", "parameters": [{"date": "2021-12-5", "name": "gate_length", "unit": "ns", "value": 7342.222222222222}], "name": "reset2"}, {"qubits": [3], "gate": "reset", "parameters": [{"date": "2021-12-5", "name": "gate_length", "unit": "ns", "value": 7342.222222222222}], "name": "reset3"}, {"qubits": [4], "gate": "reset", "parameters": [{"date": "2021-12-5", "name": "gate_length", "unit": "ns", "value": 7342.222222222222}], "name": "reset4"}], "general": [{"date": "2021-12-5", "name": "jq_01", "unit": "GHz", "value": 0.0018736137364449847}, {"date": "2021-12-5", "name": "zz_01", "unit": "GHz", "value": -5.778719017046504e-05}, {"date": "2021-12-5", "name": "jq_12", "unit": "GHz", "value": 0.0020062596172337292}, {"date": "2021-12-5", "name": "zz_12", "unit": "GHz", "value": -5.607853601551941e-05}, {"date": "2021-12-5", "name": "jq_13", "unit": "GHz", "value": 0.0020039976609872224}, {"date": "2021-12-5", "name": "zz_13", "unit": "GHz", "value": -5.2854062688980254e-05}, {"date": "2021-12-5", "name": "jq_34", "unit": "GHz", "value": 0.0016737719182152912}, {"date": "2021-12-5", "name": "zz_34", "unit": "GHz", "value": -3.628419642815204e-05}]}