{"backend_name": "ibmq_belem", "backend_version": "1.0.30", "last_update_date": "2021-12-26", "qubits": [[{"date": "2021-12-25", "name": "T1", "unit": "us", "value": 133.7549381698494}, {"date": "2021-12-26", "name": "T2", "unit": "us", "value": 53.20250839273099}, {"date": "2021-12-26", "name": "frequency", "unit": "GHz", "value": 5.090179409787702}, {"date": "2021-12-26", "name": "anharmonicity", "unit": "GHz", "value": -0.33612300518216515}, {"date": "2021-12-26", "name": "readout_error", "unit": "", "value": 0.023500000000000076}, {"date": "2021-12-26", "name": "prob_meas0_prep1", "unit": "", "value": 0.041200000000000014}, {"date": "2021-12-26", "name": "prob_meas1_prep0", "unit": "", "value": 0.0058}, {"date": "2021-12-26", "name": "readout_length", "unit": "ns", "value": 5351.11111111111}], [{"date": "2021-12-26", "name": "T1", "unit": "us", "value": 84.4654044582177}, {"date": "2021-12-26", "name": "T2", "unit": "us", "value": 110.00901796764866}, {"date": "2021-12-26", "name": "frequency", "unit": "GHz", "value": 5.245566498016704}, {"date": "2021-12-26", "name": "anharmonicity", "unit": "GHz", "value": -0.316572131412737}, {"date": "2021-12-26", "name": "readout_error", "unit": "", "value": 0.03180000000000005}, {"date": "2021-12-26", "name": "prob_meas0_prep1", "unit": "", "value": 0.05120000000000002}, {"date": "2021-12-26", "name": "prob_meas1_prep0", "unit": "", "value": 0.0124}, {"date": "2021-12-26", "name": "readout_length", "unit": "ns", "value": 5351.11111111111}], [{"date": "2021-12-26", "name": "T1", "unit": "us", "value": 89.88395470199845}, {"date": "2021-12-26", "name": "T2", "unit": "us", "value": 74.14459626334217}, {"date": "2021-12-26", "name": "frequency", "unit": "GHz", "value": 5.361501150441171}, {"date": "2021-12-26", "name": "anharmonicity", "unit": "GHz", "value": -0.3306274884584928}, {"date": "2021-12-26", "name": "readout_error", "unit": "", "value": 0.03839999999999999}, {"date": "2021-12-26", "name": "prob_meas0_prep1", "unit": "", "value": 0.06659999999999999}, {"date": "2021-12-26", "name": "prob_meas1_prep0", "unit": "", "value": 0.0102}, {"date": "2021-12-26", "name": "readout_length", "unit": "ns", "value": 5351.11111111111}], [{"date": "2021-12-26", "name": "T1", "unit": "us", "value": 107.80096840271688}, {"date": "2021-12-26", "name": "T2", "unit": "us", "value": 130.45163384308492}, {"date": "2021-12-26", "name": "frequency", "unit": "GHz", "value": 5.1703738517678195}, {"date": "2021-12-26", "name": "anharmonicity", "unit": "GHz", "value": -0.33373922611368106}, {"date": "2021-12-26", "name": "readout_error", "unit": "", "value": 0.027000000000000024}, {"date": "2021-12-26", "name": "prob_meas0_prep1", "unit": "", "value": 0.042200000000000015}, {"date": "2021-12-26", "name": "prob_meas1_prep0", "unit": "", "value": 0.0118}, {"date": "2021-12-26", "name": "readout_length", "unit": "ns", "value": 5351.11111111111}], [{"date": "2021-12-26", "name": "T1", "unit": "us", "value": 90.90450379406207}, {"date": "2021-12-26", "name": "T2", "unit": "us", "value": 172.8900475956179}, {"date": "2021-12-26", "name": "frequency", "unit": "GHz", "value": 5.258457896602336}, {"date": "2021-12-26", "name": "anharmonicity", "unit": "GHz", "value": -0.3313451432371279}, {"date": "2021-12-26", "name": "readout_error", "unit": "", "value": 0.01990000000000003}, {"date": "2021-12-26", "name": "prob_meas0_prep1", "unit": "", "value": 0.034399999999999986}, {"date": "2021-12-26", "name": "prob_meas1_prep0", "unit": "", "value": 0.0054}, {"date": "2021-12-26", "name": "readout_length", "unit": "ns", "value": 5351.11111111111}]], "gates": [{"qubits": [0], "gate": "id", "parameters": [{"date": "2021-12-26", "name": "gate_error", "unit": "", "value": 0.00023087591301933571}, {"date": "2021-12-26", "name": "gate_length", "unit": "ns", "value": 35.55555555555556}], "name": "id0"}, {"qubits": [1], "gate": "id", "parameters": [{"date": "2021-12-26", "name": "gate_error", "unit": "", "value": 0.000331386130722615}, {"date": "2021-12-26", "name": "gate_length", "unit": "ns", "value": 35.55555555555556}], "name": "id1"}, {"qubits": [2], "gate": "id", "parameters": [{"date": "2021-12-26", "name": "gate_error", "unit": "", "value": 0.00036384055082116536}, {"date": "2021-12-26", "name": "gate_length", "unit": "ns", "value": 35.55555555555556}], "name": "id2"}, {"qubits": [3], "gate": "id", "parameters": [{"date": "2021-12-26", "name": "gate_error", "unit": "", "value": 0.00024201226318186844}, {"date": "2021-12-26", "name": "gate_length", "unit": "ns", "value": 35.55555555555556}], "name": "id3"}, {"qubits": [4], "gate": "id", "parameters": [{"date": "2021-12-26", "name": "gate_error", "unit": "", "value": 0.00028411916603545274}, {"date": "2021-12-26", "name": "gate_length", "unit": "ns", "value": 35.55555555555556}], "name": "id4"}, {"qubits": [0], "gate": "rz", "parameters": [{"date": "2021-12-26", "name": "gate_error", "unit": "", "value": 0}, {"date": "2021-12-26", "name": "gate_length", "unit": "ns", "value": 0}], "name": "rz0"}, {"qubits": [1], "gate": "rz", "parameters": [{"date": "2021-12-26", "name": "gate_error", "unit": "", "value": 0}, {"date": "2021-12-26", "name": "gate_length", "unit": "ns", "value": 0}], "name": "rz1"}, {"qubits": [2], "gate": "rz", "parameters": [{"date": "2021-12-26", "name": "gate_error", "unit": "", "value": 0}, {"date": "2021-12-26", "name": "gate_length", "unit": "ns", "value": 0}], "name": "rz2"}, {"qubits": [3], "gate": "rz", "parameters": [{"date": "2021-12-26", "name": "gate_error", "unit": "", "value": 0}, {"date": "2021-12-26", "name": "gate_length", "unit": "ns", "value": 0}], "name": "rz3"}, {"qubits": [4], "gate": "rz", "parameters": [{"date": "2021-12-26", "name": "gate_error", "unit": "", "value": 0}, {"date": "2021-12-26", "name": "gate_length", "unit": "ns", "value": 0}], "name": "rz4"}, {"qubits": [0], "gate": "sx", "parameters": [{"date": "2021-12-26", "name": "gate_error", "unit": "", "value": 0.00023087591301933571}, {"date": "2021-12-26", "name": "gate_length", "unit": "ns", "value": 35.55555555555556}], "name": "sx0"}, {"qubits": [1], "gate": "sx", "parameters": [{"date": "2021-12-26", "name": "gate_error", "unit": "", "value": 0.000331386130722615}, {"date": "2021-12-26", "name": "gate_length", "unit": "ns", "value": 35.55555555555556}], "name": "sx1"}, {"qubits": [2], "gate": "sx", "parameters": [{"date": "2021-12-26", "name": "gate_error", "unit": "", "value": 0.00036384055082116536}, {"date": "2021-12-26", "name": "gate_length", "unit": "ns", "value": 35.55555555555556}], "name": "sx2"}, {"qubits": [3], "gate": "sx", "parameters": [{"date": "2021-12-26", "name": "gate_error", "unit": "", "value": 0.00024201226318186844}, {"date": "2021-12-26", "name": "gate_length", "unit": "ns", "value": 35.55555555555556}], "name": "sx3"}, {"qubits": [4], "gate": "sx", "parameters": [{"date": "2021-12-26", "name": "gate_error", "unit": "", "value": 0.00028411916603545274}, {"date": "2021-12-26", "name": "gate_length", "unit": "ns", "value": 35.55555555555556}], "name": "sx4"}, {"qubits": [0], "gate": "x", "parameters": [{"date": "2021-12-26", "name": "gate_error", "unit": "", "value": 0.00023087591301933571}, {"date": "2021-12-26", "name": "gate_length", "unit": "ns", "value": 35.55555555555556}], "name": "x0"}, {"qubits": [1], "gate": "x", "parameters": [{"date": "2021-12-26", "name": "gate_error", "unit": "", "value": 0.000331386130722615}, {"date": "2021-12-26", "name": "gate_length", "unit": "ns", "value": 35.55555555555556}], "name": "x1"}, {"qubits": [2], "gate": "x", "parameters": [{"date": "2021-12-26", "name": "gate_error", "unit": "", "value": 0.00036384055082116536}, {"date": "2021-12-26", "name": "gate_length", "unit": "ns", "value": 35.55555555555556}], "name": "x2"}, {"qubits": [3], "gate": "x", "parameters": [{"date": "2021-12-26", "name": "gate_error", "unit": "", "value": 0.00024201226318186844}, {"date": "2021-12-26", "name": "gate_length", "unit": "ns", "value": 35.55555555555556}], "name": "x3"}, {"qubits": [4], "gate": "x", "parameters": [{"date": "2021-12-26", "name": "gate_error", "unit": "", "value": 0.00028411916603545274}, {"date": "2021-12-26", "name": "gate_length", "unit": "ns", "value": 35.55555555555556}], "name": "x4"}, {"qubits": [4, 3], "gate": "cx", "parameters": [{"date": "2021-12-26", "name": "gate_error", "unit": "", "value": 0.009253053556809498}, {"date": "2021-12-23", "name": "gate_length", "unit": "ns", "value": 554.6666666666666}], "name": "cx4_3"}, {"qubits": [3, 4], "gate": "cx", "parameters": [{"date": "2021-12-26", "name": "gate_error", "unit": "", "value": 0.009253053556809498}, {"date": "2021-12-23", "name": "gate_length", "unit": "ns", "value": 590.2222222222222}], "name": "cx3_4"}, {"qubits": [3, 1], "gate": "cx", "parameters": [{"date": "2021-12-26", "name": "gate_error", "unit": "", "value": 0.00893918527692028}, {"date": "2021-12-23", "name": "gate_length", "unit": "ns", "value": 398.2222222222222}], "name": "cx3_1"}, {"qubits": [1, 3], "gate": "cx", "parameters": [{"date": "2021-12-26", "name": "gate_error", "unit": "", "value": 0.00893918527692028}, {"date": "2021-12-23", "name": "gate_length", "unit": "ns", "value": 433.77777777777777}], "name": "cx1_3"}, {"qubits": [2, 1], "gate": "cx", "parameters": [{"date": "2021-12-26", "name": "gate_error", "unit": "", "value": 0.010236340072750677}, {"date": "2021-12-23", "name": "gate_length", "unit": "ns", "value": 412.4444444444444}], "name": "cx2_1"}, {"qubits": [1, 2], "gate": "cx", "parameters": [{"date": "2021-12-26", "name": "gate_error", "unit": "", "value": 0.010236340072750677}, {"date": "2021-12-23", "name": "gate_length", "unit": "ns", "value": 448}], "name": "cx1_2"}, {"qubits": [1, 0], "gate": "cx", "parameters": [{"date": "2021-12-26", "name": "gate_error", "unit": "", "value": 0.01610762592420001}, {"date": "2021-12-23", "name": "gate_length", "unit": "ns", "value": 775.1111111111111}], "name": "cx1_0"}, {"qubits": [0, 1], "gate": "cx", "parameters": [{"date": "2021-12-26", "name": "gate_error", "unit": "", "value": 0.01610762592420001}, {"date": "2021-12-23", "name": "gate_length", "unit": "ns", "value": 810.6666666666666}], "name": "cx0_1"}, {"qubits": [0], "gate": "reset", "parameters": [{"date": "2021-12-26", "name": "gate_length", "unit": "ns", "value": 7342.222222222222}], "name": "reset0"}, {"qubits": [1], "gate": "reset", "parameters": [{"date": "2021-12-26", "name": "gate_length", "unit": "ns", "value": 7342.222222222222}], "name": "reset1"}, {"qubits": [2], "gate": "reset", "parameters": [{"date": "2021-12-26", "name": "gate_length", "unit": "ns", "value": 7342.222222222222}], "name": "reset2"}, {"qubits": [3], "gate": "reset", "parameters": [{"date": "2021-12-26", "name": "gate_length", "unit": "ns", "value": 7342.222222222222}], "name": "reset3"}, {"qubits": [4], "gate": "reset", "parameters": [{"date": "2021-12-26", "name": "gate_length", "unit": "ns", "value": 7342.222222222222}], "name": "reset4"}], "general": [{"date": "2021-12-26", "name": "jq_01", "unit": "GHz", "value": 0.0018736137364449847}, {"date": "2021-12-26", "name": "zz_01", "unit": "GHz", "value": -5.778719017046504e-05}, {"date": "2021-12-26", "name": "jq_12", "unit": "GHz", "value": 0.0020062596172337292}, {"date": "2021-12-26", "name": "zz_12", "unit": "GHz", "value": -5.607853601551941e-05}, {"date": "2021-12-26", "name": "jq_13", "unit": "GHz", "value": 0.0020039976609872224}, {"date": "2021-12-26", "name": "zz_13", "unit": "GHz", "value": -5.2854062688980254e-05}, {"date": "2021-12-26", "name": "jq_34", "unit": "GHz", "value": 0.0016737719182152912}, {"date": "2021-12-26", "name": "zz_34", "unit": "GHz", "value": -3.628419642815204e-05}]}