{"backend_name": "ibmq_belem", "backend_version": "1.0.29", "last_update_date": "2021-12-11", "qubits": [[{"date": "2021-12-10", "name": "T1", "unit": "us", "value": 105.96063462437}, {"date": "2021-12-11", "name": "T2", "unit": "us", "value": 34.44186755219196}, {"date": "2021-12-11", "name": "frequency", "unit": "GHz", "value": 5.090182883666826}, {"date": "2021-12-11", "name": "anharmonicity", "unit": "GHz", "value": -0.33612300518216515}, {"date": "2021-12-11", "name": "readout_error", "unit": "", "value": 0.015000000000000013}, {"date": "2021-12-11", "name": "prob_meas0_prep1", "unit": "", "value": 0.02180000000000004}, {"date": "2021-12-11", "name": "prob_meas1_prep0", "unit": "", "value": 0.0082}, {"date": "2021-12-11", "name": "readout_length", "unit": "ns", "value": 5351.11111111111}], [{"date": "2021-12-11", "name": "T1", "unit": "us", "value": 84.90576543906808}, {"date": "2021-12-11", "name": "T2", "unit": "us", "value": 133.94400891504333}, {"date": "2021-12-11", "name": "frequency", "unit": "GHz", "value": 5.2455725405455835}, {"date": "2021-12-11", "name": "anharmonicity", "unit": "GHz", "value": -0.316572131412737}, {"date": "2021-12-11", "name": "readout_error", "unit": "", "value": 0.041200000000000014}, {"date": "2021-12-11", "name": "prob_meas0_prep1", "unit": "", "value": 0.06840000000000002}, {"date": "2021-12-11", "name": "prob_meas1_prep0", "unit": "", "value": 0.014}, {"date": "2021-12-11", "name": "readout_length", "unit": "ns", "value": 5351.11111111111}], [{"date": "2021-12-11", "name": "T1", "unit": "us", "value": 80.84265735117448}, {"date": "2021-12-10", "name": "T2", "unit": "us", "value": 59.78615837413619}, {"date": "2021-12-11", "name": "frequency", "unit": "GHz", "value": 5.361485470710474}, {"date": "2021-12-11", "name": "anharmonicity", "unit": "GHz", "value": -0.3306274884584928}, {"date": "2021-12-11", "name": "readout_error", "unit": "", "value": 0.0726}, {"date": "2021-12-11", "name": "prob_meas0_prep1", "unit": "", "value": 0.121}, {"date": "2021-12-11", "name": "prob_meas1_prep0", "unit": "", "value": 0.0242}, {"date": "2021-12-11", "name": "readout_length", "unit": "ns", "value": 5351.11111111111}], [{"date": "2021-12-11", "name": "T1", "unit": "us", "value": 124.94943578874698}, {"date": "2021-12-11", "name": "T2", "unit": "us", "value": 153.08423554251561}, {"date": "2021-12-11", "name": "frequency", "unit": "GHz", "value": 5.170375646480234}, {"date": "2021-12-11", "name": "anharmonicity", "unit": "GHz", "value": -0.33373922611368106}, {"date": "2021-12-11", "name": "readout_error", "unit": "", "value": 0.035499999999999976}, {"date": "2021-12-11", "name": "prob_meas0_prep1", "unit": "", "value": 0.06159999999999999}, {"date": "2021-12-11", "name": "prob_meas1_prep0", "unit": "", "value": 0.0094}, {"date": "2021-12-11", "name": "readout_length", "unit": "ns", "value": 5351.11111111111}], [{"date": "2021-12-11", "name": "T1", "unit": "us", "value": 72.41410510341709}, {"date": "2021-12-11", "name": "T2", "unit": "us", "value": 133.40452394498638}, {"date": "2021-12-11", "name": "frequency", "unit": "GHz", "value": 5.258444532956475}, {"date": "2021-12-11", "name": "anharmonicity", "unit": "GHz", "value": -0.3313451432371279}, {"date": "2021-12-11", "name": "readout_error", "unit": "", "value": 0.02279999999999993}, {"date": "2021-12-11", "name": "prob_meas0_prep1", "unit": "", "value": 0.03839999999999999}, {"date": "2021-12-11", "name": "prob_meas1_prep0", "unit": "", "value": 0.0072}, {"date": "2021-12-11", "name": "readout_length", "unit": "ns", "value": 5351.11111111111}]], "gates": [{"qubits": [0], "gate": "id", "parameters": [{"date": "2021-12-11", "name": "gate_error", "unit": "", "value": 0.00021683654224772996}, {"date": "2021-12-11", "name": "gate_length", "unit": "ns", "value": 35.55555555555556}], "name": "id0"}, {"qubits": [1], "gate": "id", "parameters": [{"date": "2021-12-11", "name": "gate_error", "unit": "", "value": 0.00028898065013635967}, {"date": "2021-12-11", "name": "gate_length", "unit": "ns", "value": 35.55555555555556}], "name": "id1"}, {"qubits": [2], "gate": "id", "parameters": [{"date": "2021-12-11", "name": "gate_error", "unit": "", "value": 0.0009285160955924728}, {"date": "2021-12-11", "name": "gate_length", "unit": "ns", "value": 35.55555555555556}], "name": "id2"}, {"qubits": [3], "gate": "id", "parameters": [{"date": "2021-12-11", "name": "gate_error", "unit": "", "value": 0.00027925217242504155}, {"date": "2021-12-11", "name": "gate_length", "unit": "ns", "value": 35.55555555555556}], "name": "id3"}, {"qubits": [4], "gate": "id", "parameters": [{"date": "2021-12-11", "name": "gate_error", "unit": "", "value": 0.0011127590918416363}, {"date": "2021-12-11", "name": "gate_length", "unit": "ns", "value": 35.55555555555556}], "name": "id4"}, {"qubits": [0], "gate": "rz", "parameters": [{"date": "2021-12-11", "name": "gate_error", "unit": "", "value": 0}, {"date": "2021-12-11", "name": "gate_length", "unit": "ns", "value": 0}], "name": "rz0"}, {"qubits": [1], "gate": "rz", "parameters": [{"date": "2021-12-11", "name": "gate_error", "unit": "", "value": 0}, {"date": "2021-12-11", "name": "gate_length", "unit": "ns", "value": 0}], "name": "rz1"}, {"qubits": [2], "gate": "rz", "parameters": [{"date": "2021-12-11", "name": "gate_error", "unit": "", "value": 0}, {"date": "2021-12-11", "name": "gate_length", "unit": "ns", "value": 0}], "name": "rz2"}, {"qubits": [3], "gate": "rz", "parameters": [{"date": "2021-12-11", "name": "gate_error", "unit": "", "value": 0}, {"date": "2021-12-11", "name": "gate_length", "unit": "ns", "value": 0}], "name": "rz3"}, {"qubits": [4], "gate": "rz", "parameters": [{"date": "2021-12-11", "name": "gate_error", "unit": "", "value": 0}, {"date": "2021-12-11", "name": "gate_length", "unit": "ns", "value": 0}], "name": "rz4"}, {"qubits": [0], "gate": "sx", "parameters": [{"date": "2021-12-11", "name": "gate_error", "unit": "", "value": 0.00021683654224772996}, {"date": "2021-12-11", "name": "gate_length", "unit": "ns", "value": 35.55555555555556}], "name": "sx0"}, {"qubits": [1], "gate": "sx", "parameters": [{"date": "2021-12-11", "name": "gate_error", "unit": "", "value": 0.00028898065013635967}, {"date": "2021-12-11", "name": "gate_length", "unit": "ns", "value": 35.55555555555556}], "name": "sx1"}, {"qubits": [2], "gate": "sx", "parameters": [{"date": "2021-12-11", "name": "gate_error", "unit": "", "value": 0.0009285160955924728}, {"date": "2021-12-11", "name": "gate_length", "unit": "ns", "value": 35.55555555555556}], "name": "sx2"}, {"qubits": [3], "gate": "sx", "parameters": [{"date": "2021-12-11", "name": "gate_error", "unit": "", "value": 0.00027925217242504155}, {"date": "2021-12-11", "name": "gate_length", "unit": "ns", "value": 35.55555555555556}], "name": "sx3"}, {"qubits": [4], "gate": "sx", "parameters": [{"date": "2021-12-11", "name": "gate_error", "unit": "", "value": 0.0011127590918416363}, {"date": "2021-12-11", "name": "gate_length", "unit": "ns", "value": 35.55555555555556}], "name": "sx4"}, {"qubits": [0], "gate": "x", "parameters": [{"date": "2021-12-11", "name": "gate_error", "unit": "", "value": 0.00021683654224772996}, {"date": "2021-12-11", "name": "gate_length", "unit": "ns", "value": 35.55555555555556}], "name": "x0"}, {"qubits": [1], "gate": "x", "parameters": [{"date": "2021-12-11", "name": "gate_error", "unit": "", "value": 0.00028898065013635967}, {"date": "2021-12-11", "name": "gate_length", "unit": "ns", "value": 35.55555555555556}], "name": "x1"}, {"qubits": [2], "gate": "x", "parameters": [{"date": "2021-12-11", "name": "gate_error", "unit": "", "value": 0.0009285160955924728}, {"date": "2021-12-11", "name": "gate_length", "unit": "ns", "value": 35.55555555555556}], "name": "x2"}, {"qubits": [3], "gate": "x", "parameters": [{"date": "2021-12-11", "name": "gate_error", "unit": "", "value": 0.00027925217242504155}, {"date": "2021-12-11", "name": "gate_length", "unit": "ns", "value": 35.55555555555556}], "name": "x3"}, {"qubits": [4], "gate": "x", "parameters": [{"date": "2021-12-11", "name": "gate_error", "unit": "", "value": 0.0011127590918416363}, {"date": "2021-12-11", "name": "gate_length", "unit": "ns", "value": 35.55555555555556}], "name": "x4"}, {"qubits": [4, 3], "gate": "cx", "parameters": [{"date": "2021-12-11", "name": "gate_error", "unit": "", "value": 0.049171766833432246}, {"date": "2021-12-8", "name": "gate_length", "unit": "ns", "value": 554.6666666666666}], "name": "cx4_3"}, {"qubits": [3, 4], "gate": "cx", "parameters": [{"date": "2021-12-11", "name": "gate_error", "unit": "", "value": 0.049171766833432246}, {"date": "2021-12-8", "name": "gate_length", "unit": "ns", "value": 590.2222222222222}], "name": "cx3_4"}, {"qubits": [3, 1], "gate": "cx", "parameters": [{"date": "2021-12-11", "name": "gate_error", "unit": "", "value": 0.008868533194694106}, {"date": "2021-12-8", "name": "gate_length", "unit": "ns", "value": 398.2222222222222}], "name": "cx3_1"}, {"qubits": [1, 3], "gate": "cx", "parameters": [{"date": "2021-12-11", "name": "gate_error", "unit": "", "value": 0.008868533194694106}, {"date": "2021-12-8", "name": "gate_length", "unit": "ns", "value": 433.77777777777777}], "name": "cx1_3"}, {"qubits": [2, 1], "gate": "cx", "parameters": [{"date": "2021-12-11", "name": "gate_error", "unit": "", "value": 0.01636732582818376}, {"date": "2021-12-8", "name": "gate_length", "unit": "ns", "value": 412.4444444444444}], "name": "cx2_1"}, {"qubits": [1, 2], "gate": "cx", "parameters": [{"date": "2021-12-11", "name": "gate_error", "unit": "", "value": 0.01636732582818376}, {"date": "2021-12-8", "name": "gate_length", "unit": "ns", "value": 448}], "name": "cx1_2"}, {"qubits": [1, 0], "gate": "cx", "parameters": [{"date": "2021-12-11", "name": "gate_error", "unit": "", "value": 0.015737130334862154}, {"date": "2021-12-8", "name": "gate_length", "unit": "ns", "value": 775.1111111111111}], "name": "cx1_0"}, {"qubits": [0, 1], "gate": "cx", "parameters": [{"date": "2021-12-11", "name": "gate_error", "unit": "", "value": 0.015737130334862154}, {"date": "2021-12-8", "name": "gate_length", "unit": "ns", "value": 810.6666666666666}], "name": "cx0_1"}, {"qubits": [0], "gate": "reset", "parameters": [{"date": "2021-12-11", "name": "gate_length", "unit": "ns", "value": 7342.222222222222}], "name": "reset0"}, {"qubits": [1], "gate": "reset", "parameters": [{"date": "2021-12-11", "name": "gate_length", "unit": "ns", "value": 7342.222222222222}], "name": "reset1"}, {"qubits": [2], "gate": "reset", "parameters": [{"date": "2021-12-11", "name": "gate_length", "unit": "ns", "value": 7342.222222222222}], "name": "reset2"}, {"qubits": [3], "gate": "reset", "parameters": [{"date": "2021-12-11", "name": "gate_length", "unit": "ns", "value": 7342.222222222222}], "name": "reset3"}, {"qubits": [4], "gate": "reset", "parameters": [{"date": "2021-12-11", "name": "gate_length", "unit": "ns", "value": 7342.222222222222}], "name": "reset4"}], "general": [{"date": "2021-12-11", "name": "jq_01", "unit": "GHz", "value": 0.0018736137364449847}, {"date": "2021-12-11", "name": "zz_01", "unit": "GHz", "value": -5.778719017046504e-05}, {"date": "2021-12-11", "name": "jq_12", "unit": "GHz", "value": 0.0020062596172337292}, {"date": "2021-12-11", "name": "zz_12", "unit": "GHz", "value": -5.607853601551941e-05}, {"date": "2021-12-11", "name": "jq_13", "unit": "GHz", "value": 0.0020039976609872224}, {"date": "2021-12-11", "name": "zz_13", "unit": "GHz", "value": -5.2854062688980254e-05}, {"date": "2021-12-11", "name": "jq_34", "unit": "GHz", "value": 0.0016737719182152912}, {"date": "2021-12-11", "name": "zz_34", "unit": "GHz", "value": -3.628419642815204e-05}]}