{"backend_name": "ibmq_belem", "backend_version": "1.0.28", "last_update_date": "2021-11-30", "qubits": [[{"date": "2021-11-30", "name": "T1", "unit": "us", "value": 66.77840669161307}, {"date": "2021-11-29", "name": "T2", "unit": "us", "value": 130.6192786238435}, {"date": "2021-11-30", "name": "frequency", "unit": "GHz", "value": 5.090166062417676}, {"date": "2021-11-30", "name": "anharmonicity", "unit": "GHz", "value": -0.33612300518216515}, {"date": "2021-11-30", "name": "readout_error", "unit": "", "value": 0.09420000000000006}, {"date": "2021-11-30", "name": "prob_meas0_prep1", "unit": "", "value": 0.16259999999999997}, {"date": "2021-11-30", "name": "prob_meas1_prep0", "unit": "", "value": 0.0258}, {"date": "2021-11-30", "name": "readout_length", "unit": "ns", "value": 5351.11111111111}], [{"date": "2021-11-30", "name": "T1", "unit": "us", "value": 113.1368513354178}, {"date": "2021-11-30", "name": "T2", "unit": "us", "value": 132.20399367254012}, {"date": "2021-11-30", "name": "frequency", "unit": "GHz", "value": 5.245570097288037}, {"date": "2021-11-30", "name": "anharmonicity", "unit": "GHz", "value": -0.316572131412737}, {"date": "2021-11-30", "name": "readout_error", "unit": "", "value": 0.024499999999999966}, {"date": "2021-11-30", "name": "prob_meas0_prep1", "unit": "", "value": 0.04179999999999995}, {"date": "2021-11-30", "name": "prob_meas1_prep0", "unit": "", "value": 0.0072}, {"date": "2021-11-30", "name": "readout_length", "unit": "ns", "value": 5351.11111111111}], [{"date": "2021-11-30", "name": "T1", "unit": "us", "value": 69.1750287853849}, {"date": "2021-11-30", "name": "T2", "unit": "us", "value": 45.03668215958317}, {"date": "2021-11-30", "name": "frequency", "unit": "GHz", "value": 5.361467524045879}, {"date": "2021-11-30", "name": "anharmonicity", "unit": "GHz", "value": -0.3306274884584928}, {"date": "2021-11-30", "name": "readout_error", "unit": "", "value": 0.02090000000000003}, {"date": "2021-11-30", "name": "prob_meas0_prep1", "unit": "", "value": 0.03180000000000005}, {"date": "2021-11-30", "name": "prob_meas1_prep0", "unit": "", "value": 0.01}, {"date": "2021-11-30", "name": "readout_length", "unit": "ns", "value": 5351.11111111111}], [{"date": "2021-11-30", "name": "T1", "unit": "us", "value": 125.33738969072529}, {"date": "2021-11-30", "name": "T2", "unit": "us", "value": 149.0946865755318}, {"date": "2021-11-30", "name": "frequency", "unit": "GHz", "value": 5.170379749305849}, {"date": "2021-11-30", "name": "anharmonicity", "unit": "GHz", "value": -0.33373922611368106}, {"date": "2021-11-30", "name": "readout_error", "unit": "", "value": 0.020499999999999963}, {"date": "2021-11-30", "name": "prob_meas0_prep1", "unit": "", "value": 0.03320000000000001}, {"date": "2021-11-30", "name": "prob_meas1_prep0", "unit": "", "value": 0.0078}, {"date": "2021-11-30", "name": "readout_length", "unit": "ns", "value": 5351.11111111111}], [{"date": "2021-11-30", "name": "T1", "unit": "us", "value": 93.29257454328574}, {"date": "2021-11-30", "name": "T2", "unit": "us", "value": 128.1954323105404}, {"date": "2021-11-30", "name": "frequency", "unit": "GHz", "value": 5.258458681384642}, {"date": "2021-11-30", "name": "anharmonicity", "unit": "GHz", "value": -0.3313451432371279}, {"date": "2021-11-30", "name": "readout_error", "unit": "", "value": 0.031500000000000083}, {"date": "2021-11-30", "name": "prob_meas0_prep1", "unit": "", "value": 0.050000000000000044}, {"date": "2021-11-30", "name": "prob_meas1_prep0", "unit": "", "value": 0.013}, {"date": "2021-11-30", "name": "readout_length", "unit": "ns", "value": 5351.11111111111}]], "gates": [{"qubits": [0], "gate": "id", "parameters": [{"date": "2021-11-30", "name": "gate_error", "unit": "", "value": 0.0007510948402245465}, {"date": "2021-11-30", "name": "gate_length", "unit": "ns", "value": 35.55555555555556}], "name": "id0"}, {"qubits": [1], "gate": "id", "parameters": [{"date": "2021-11-30", "name": "gate_error", "unit": "", "value": 0.0003002112270259884}, {"date": "2021-11-30", "name": "gate_length", "unit": "ns", "value": 35.55555555555556}], "name": "id1"}, {"qubits": [2], "gate": "id", "parameters": [{"date": "2021-11-30", "name": "gate_error", "unit": "", "value": 0.00021719344538412928}, {"date": "2021-11-30", "name": "gate_length", "unit": "ns", "value": 35.55555555555556}], "name": "id2"}, {"qubits": [3], "gate": "id", "parameters": [{"date": "2021-11-30", "name": "gate_error", "unit": "", "value": 0.0003646040339409996}, {"date": "2021-11-30", "name": "gate_length", "unit": "ns", "value": 35.55555555555556}], "name": "id3"}, {"qubits": [4], "gate": "id", "parameters": [{"date": "2021-11-30", "name": "gate_error", "unit": "", "value": 0.00027171608406615803}, {"date": "2021-11-30", "name": "gate_length", "unit": "ns", "value": 35.55555555555556}], "name": "id4"}, {"qubits": [0], "gate": "rz", "parameters": [{"date": "2021-11-30", "name": "gate_error", "unit": "", "value": 0}, {"date": "2021-11-30", "name": "gate_length", "unit": "ns", "value": 0}], "name": "rz0"}, {"qubits": [1], "gate": "rz", "parameters": [{"date": "2021-11-30", "name": "gate_error", "unit": "", "value": 0}, {"date": "2021-11-30", "name": "gate_length", "unit": "ns", "value": 0}], "name": "rz1"}, {"qubits": [2], "gate": "rz", "parameters": [{"date": "2021-11-30", "name": "gate_error", "unit": "", "value": 0}, {"date": "2021-11-30", "name": "gate_length", "unit": "ns", "value": 0}], "name": "rz2"}, {"qubits": [3], "gate": "rz", "parameters": [{"date": "2021-11-30", "name": "gate_error", "unit": "", "value": 0}, {"date": "2021-11-30", "name": "gate_length", "unit": "ns", "value": 0}], "name": "rz3"}, {"qubits": [4], "gate": "rz", "parameters": [{"date": "2021-11-30", "name": "gate_error", "unit": "", "value": 0}, {"date": "2021-11-30", "name": "gate_length", "unit": "ns", "value": 0}], "name": "rz4"}, {"qubits": [0], "gate": "sx", "parameters": [{"date": "2021-11-30", "name": "gate_error", "unit": "", "value": 0.0007510948402245465}, {"date": "2021-11-30", "name": "gate_length", "unit": "ns", "value": 35.55555555555556}], "name": "sx0"}, {"qubits": [1], "gate": "sx", "parameters": [{"date": "2021-11-30", "name": "gate_error", "unit": "", "value": 0.0003002112270259884}, {"date": "2021-11-30", "name": "gate_length", "unit": "ns", "value": 35.55555555555556}], "name": "sx1"}, {"qubits": [2], "gate": "sx", "parameters": [{"date": "2021-11-30", "name": "gate_error", "unit": "", "value": 0.00021719344538412928}, {"date": "2021-11-30", "name": "gate_length", "unit": "ns", "value": 35.55555555555556}], "name": "sx2"}, {"qubits": [3], "gate": "sx", "parameters": [{"date": "2021-11-30", "name": "gate_error", "unit": "", "value": 0.0003646040339409996}, {"date": "2021-11-30", "name": "gate_length", "unit": "ns", "value": 35.55555555555556}], "name": "sx3"}, {"qubits": [4], "gate": "sx", "parameters": [{"date": "2021-11-30", "name": "gate_error", "unit": "", "value": 0.00027171608406615803}, {"date": "2021-11-30", "name": "gate_length", "unit": "ns", "value": 35.55555555555556}], "name": "sx4"}, {"qubits": [0], "gate": "x", "parameters": [{"date": "2021-11-30", "name": "gate_error", "unit": "", "value": 0.0007510948402245465}, {"date": "2021-11-30", "name": "gate_length", "unit": "ns", "value": 35.55555555555556}], "name": "x0"}, {"qubits": [1], "gate": "x", "parameters": [{"date": "2021-11-30", "name": "gate_error", "unit": "", "value": 0.0003002112270259884}, {"date": "2021-11-30", "name": "gate_length", "unit": "ns", "value": 35.55555555555556}], "name": "x1"}, {"qubits": [2], "gate": "x", "parameters": [{"date": "2021-11-30", "name": "gate_error", "unit": "", "value": 0.00021719344538412928}, {"date": "2021-11-30", "name": "gate_length", "unit": "ns", "value": 35.55555555555556}], "name": "x2"}, {"qubits": [3], "gate": "x", "parameters": [{"date": "2021-11-30", "name": "gate_error", "unit": "", "value": 0.0003646040339409996}, {"date": "2021-11-30", "name": "gate_length", "unit": "ns", "value": 35.55555555555556}], "name": "x3"}, {"qubits": [4], "gate": "x", "parameters": [{"date": "2021-11-30", "name": "gate_error", "unit": "", "value": 0.00027171608406615803}, {"date": "2021-11-30", "name": "gate_length", "unit": "ns", "value": 35.55555555555556}], "name": "x4"}, {"qubits": [4, 3], "gate": "cx", "parameters": [{"date": "2021-11-30", "name": "gate_error", "unit": "", "value": 0.010170423662224704}, {"date": "2021-11-27", "name": "gate_length", "unit": "ns", "value": 554.6666666666666}], "name": "cx4_3"}, {"qubits": [3, 4], "gate": "cx", "parameters": [{"date": "2021-11-30", "name": "gate_error", "unit": "", "value": 0.010170423662224704}, {"date": "2021-11-27", "name": "gate_length", "unit": "ns", "value": 590.2222222222222}], "name": "cx3_4"}, {"qubits": [3, 1], "gate": "cx", "parameters": [{"date": "2021-11-30", "name": "gate_error", "unit": "", "value": 0.008854070800921293}, {"date": "2021-11-27", "name": "gate_length", "unit": "ns", "value": 398.2222222222222}], "name": "cx3_1"}, {"qubits": [1, 3], "gate": "cx", "parameters": [{"date": "2021-11-30", "name": "gate_error", "unit": "", "value": 0.008854070800921293}, {"date": "2021-11-27", "name": "gate_length", "unit": "ns", "value": 433.77777777777777}], "name": "cx1_3"}, {"qubits": [2, 1], "gate": "cx", "parameters": [{"date": "2021-11-30", "name": "gate_error", "unit": "", "value": 0.0066930753423864175}, {"date": "2021-11-27", "name": "gate_length", "unit": "ns", "value": 412.4444444444444}], "name": "cx2_1"}, {"qubits": [1, 2], "gate": "cx", "parameters": [{"date": "2021-11-30", "name": "gate_error", "unit": "", "value": 0.0066930753423864175}, {"date": "2021-11-27", "name": "gate_length", "unit": "ns", "value": 448}], "name": "cx1_2"}, {"qubits": [1, 0], "gate": "cx", "parameters": [{"date": "2021-11-30", "name": "gate_error", "unit": "", "value": 0.03024121315534245}, {"date": "2021-11-27", "name": "gate_length", "unit": "ns", "value": 775.1111111111111}], "name": "cx1_0"}, {"qubits": [0, 1], "gate": "cx", "parameters": [{"date": "2021-11-30", "name": "gate_error", "unit": "", "value": 0.03024121315534245}, {"date": "2021-11-27", "name": "gate_length", "unit": "ns", "value": 810.6666666666666}], "name": "cx0_1"}, {"qubits": [0], "gate": "reset", "parameters": [{"date": "2021-11-30", "name": "gate_length", "unit": "ns", "value": 7342.222222222222}], "name": "reset0"}, {"qubits": [1], "gate": "reset", "parameters": [{"date": "2021-11-30", "name": "gate_length", "unit": "ns", "value": 7342.222222222222}], "name": "reset1"}, {"qubits": [2], "gate": "reset", "parameters": [{"date": "2021-11-30", "name": "gate_length", "unit": "ns", "value": 7342.222222222222}], "name": "reset2"}, {"qubits": [3], "gate": "reset", "parameters": [{"date": "2021-11-30", "name": "gate_length", "unit": "ns", "value": 7342.222222222222}], "name": "reset3"}, {"qubits": [4], "gate": "reset", "parameters": [{"date": "2021-11-30", "name": "gate_length", "unit": "ns", "value": 7342.222222222222}], "name": "reset4"}], "general": [{"date": "2021-11-30", "name": "jq_01", "unit": "GHz", "value": 0.0018736137364449847}, {"date": "2021-11-30", "name": "zz_01", "unit": "GHz", "value": -5.778719017046504e-05}, {"date": "2021-11-30", "name": "jq_12", "unit": "GHz", "value": 0.0020062596172337292}, {"date": "2021-11-30", "name": "zz_12", "unit": "GHz", "value": -5.607853601551941e-05}, {"date": "2021-11-30", "name": "jq_13", "unit": "GHz", "value": 0.0020039976609872224}, {"date": "2021-11-30", "name": "zz_13", "unit": "GHz", "value": -5.2854062688980254e-05}, {"date": "2021-11-30", "name": "jq_34", "unit": "GHz", "value": 0.0016737719182152912}, {"date": "2021-11-30", "name": "zz_34", "unit": "GHz", "value": -3.628419642815204e-05}]}