{"backend_name": "ibmq_belem", "backend_version": "1.0.19", "last_update_date": "2021-9-18", "qubits": [[{"date": "2021-9-18", "name": "T1", "unit": "us", "value": 104.19022841582164}, {"date": "2021-9-18", "name": "T2", "unit": "us", "value": 115.43146817415361}, {"date": "2021-9-18", "name": "frequency", "unit": "GHz", "value": 5.090017955712773}, {"date": "2021-9-18", "name": "anharmonicity", "unit": "GHz", "value": -0.33612300518216515}, {"date": "2021-9-18", "name": "readout_error", "unit": "", "value": 0.07199999999999995}, {"date": "2021-9-18", "name": "prob_meas0_prep1", "unit": "", "value": 0.07999999999999996}, {"date": "2021-9-18", "name": "prob_meas1_prep0", "unit": "", "value": 0.064}, {"date": "2021-9-18", "name": "readout_length", "unit": "ns", "value": 5351.11111111111}], [{"date": "2021-9-18", "name": "T1", "unit": "us", "value": 103.58033228196842}, {"date": "2021-9-18", "name": "T2", "unit": "us", "value": 61.404167925449066}, {"date": "2021-9-18", "name": "frequency", "unit": "GHz", "value": 5.245494973060686}, {"date": "2021-9-18", "name": "anharmonicity", "unit": "GHz", "value": -0.316572131412737}, {"date": "2021-9-18", "name": "readout_error", "unit": "", "value": 0.09200000000000008}, {"date": "2021-9-18", "name": "prob_meas0_prep1", "unit": "", "value": 0.137}, {"date": "2021-9-18", "name": "prob_meas1_prep0", "unit": "", "value": 0.047}, {"date": "2021-9-18", "name": "readout_length", "unit": "ns", "value": 5351.11111111111}], [{"date": "2021-9-18", "name": "T1", "unit": "us", "value": 98.63296345425411}, {"date": "2021-9-18", "name": "T2", "unit": "us", "value": 33.3730457056366}, {"date": "2021-9-18", "name": "frequency", "unit": "GHz", "value": 5.361423936926782}, {"date": "2021-9-18", "name": "anharmonicity", "unit": "GHz", "value": -0.3306274884584928}, {"date": "2021-9-18", "name": "readout_error", "unit": "", "value": 0.01980000000000004}, {"date": "2021-9-18", "name": "prob_meas0_prep1", "unit": "", "value": 0.029200000000000004}, {"date": "2021-9-18", "name": "prob_meas1_prep0", "unit": "", "value": 0.0104}, {"date": "2021-9-18", "name": "readout_length", "unit": "ns", "value": 5351.11111111111}], [{"date": "2021-9-18", "name": "T1", "unit": "us", "value": 83.71819686582694}, {"date": "2021-9-18", "name": "T2", "unit": "us", "value": 36.441135617614826}, {"date": "2021-9-18", "name": "frequency", "unit": "GHz", "value": 5.170383721244132}, {"date": "2021-9-18", "name": "anharmonicity", "unit": "GHz", "value": -0.33373922611368106}, {"date": "2021-9-18", "name": "readout_error", "unit": "", "value": 0.04149999999999998}, {"date": "2021-9-18", "name": "prob_meas0_prep1", "unit": "", "value": 0.07099999999999995}, {"date": "2021-9-18", "name": "prob_meas1_prep0", "unit": "", "value": 0.012}, {"date": "2021-9-18", "name": "readout_length", "unit": "ns", "value": 5351.11111111111}], [{"date": "2021-9-18", "name": "T1", "unit": "us", "value": 90.25877216085853}, {"date": "2021-9-18", "name": "T2", "unit": "us", "value": 135.30563132216648}, {"date": "2021-9-18", "name": "frequency", "unit": "GHz", "value": 5.258375556128374}, {"date": "2021-9-18", "name": "anharmonicity", "unit": "GHz", "value": -0.3313451432371279}, {"date": "2021-9-18", "name": "readout_error", "unit": "", "value": 0.023399999999999976}, {"date": "2021-9-18", "name": "prob_meas0_prep1", "unit": "", "value": 0.03739999999999999}, {"date": "2021-9-18", "name": "prob_meas1_prep0", "unit": "", "value": 0.0094}, {"date": "2021-9-18", "name": "readout_length", "unit": "ns", "value": 5351.11111111111}]], "gates": [{"qubits": [0], "gate": "id", "parameters": [{"date": "2021-9-18", "name": "gate_error", "unit": "", "value": 0.00015883400674834166}, {"date": "2021-9-18", "name": "gate_length", "unit": "ns", "value": 35.55555555555556}], "name": "id0"}, {"qubits": [1], "gate": "id", "parameters": [{"date": "2021-9-18", "name": "gate_error", "unit": "", "value": 0.0007027741075918384}, {"date": "2021-9-18", "name": "gate_length", "unit": "ns", "value": 35.55555555555556}], "name": "id1"}, {"qubits": [2], "gate": "id", "parameters": [{"date": "2021-9-18", "name": "gate_error", "unit": "", "value": 0.0002541954217913761}, {"date": "2021-9-18", "name": "gate_length", "unit": "ns", "value": 35.55555555555556}], "name": "id2"}, {"qubits": [3], "gate": "id", "parameters": [{"date": "2021-9-18", "name": "gate_error", "unit": "", "value": 0.0005645592450401576}, {"date": "2021-9-18", "name": "gate_length", "unit": "ns", "value": 35.55555555555556}], "name": "id3"}, {"qubits": [4], "gate": "id", "parameters": [{"date": "2021-9-18", "name": "gate_error", "unit": "", "value": 0.000358220269087646}, {"date": "2021-9-18", "name": "gate_length", "unit": "ns", "value": 35.55555555555556}], "name": "id4"}, {"qubits": [0], "gate": "rz", "parameters": [{"date": "2021-9-18", "name": "gate_error", "unit": "", "value": 0}, {"date": "2021-9-18", "name": "gate_length", "unit": "ns", "value": 0}], "name": "rz0"}, {"qubits": [1], "gate": "rz", "parameters": [{"date": "2021-9-18", "name": "gate_error", "unit": "", "value": 0}, {"date": "2021-9-18", "name": "gate_length", "unit": "ns", "value": 0}], "name": "rz1"}, {"qubits": [2], "gate": "rz", "parameters": [{"date": "2021-9-18", "name": "gate_error", "unit": "", "value": 0}, {"date": "2021-9-18", "name": "gate_length", "unit": "ns", "value": 0}], "name": "rz2"}, {"qubits": [3], "gate": "rz", "parameters": [{"date": "2021-9-18", "name": "gate_error", "unit": "", "value": 0}, {"date": "2021-9-18", "name": "gate_length", "unit": "ns", "value": 0}], "name": "rz3"}, {"qubits": [4], "gate": "rz", "parameters": [{"date": "2021-9-18", "name": "gate_error", "unit": "", "value": 0}, {"date": "2021-9-18", "name": "gate_length", "unit": "ns", "value": 0}], "name": "rz4"}, {"qubits": [0], "gate": "sx", "parameters": [{"date": "2021-9-18", "name": "gate_error", "unit": "", "value": 0.00015883400674834166}, {"date": "2021-9-18", "name": "gate_length", "unit": "ns", "value": 35.55555555555556}], "name": "sx0"}, {"qubits": [1], "gate": "sx", "parameters": [{"date": "2021-9-18", "name": "gate_error", "unit": "", "value": 0.0007027741075918384}, {"date": "2021-9-18", "name": "gate_length", "unit": "ns", "value": 35.55555555555556}], "name": "sx1"}, {"qubits": [2], "gate": "sx", "parameters": [{"date": "2021-9-18", "name": "gate_error", "unit": "", "value": 0.0002541954217913761}, {"date": "2021-9-18", "name": "gate_length", "unit": "ns", "value": 35.55555555555556}], "name": "sx2"}, {"qubits": [3], "gate": "sx", "parameters": [{"date": "2021-9-18", "name": "gate_error", "unit": "", "value": 0.0005645592450401576}, {"date": "2021-9-18", "name": "gate_length", "unit": "ns", "value": 35.55555555555556}], "name": "sx3"}, {"qubits": [4], "gate": "sx", "parameters": [{"date": "2021-9-18", "name": "gate_error", "unit": "", "value": 0.000358220269087646}, {"date": "2021-9-18", "name": "gate_length", "unit": "ns", "value": 35.55555555555556}], "name": "sx4"}, {"qubits": [0], "gate": "x", "parameters": [{"date": "2021-9-18", "name": "gate_error", "unit": "", "value": 0.00015883400674834166}, {"date": "2021-9-18", "name": "gate_length", "unit": "ns", "value": 35.55555555555556}], "name": "x0"}, {"qubits": [1], "gate": "x", "parameters": [{"date": "2021-9-18", "name": "gate_error", "unit": "", "value": 0.0007027741075918384}, {"date": "2021-9-18", "name": "gate_length", "unit": "ns", "value": 35.55555555555556}], "name": "x1"}, {"qubits": [2], "gate": "x", "parameters": [{"date": "2021-9-18", "name": "gate_error", "unit": "", "value": 0.0002541954217913761}, {"date": "2021-9-18", "name": "gate_length", "unit": "ns", "value": 35.55555555555556}], "name": "x2"}, {"qubits": [3], "gate": "x", "parameters": [{"date": "2021-9-18", "name": "gate_error", "unit": "", "value": 0.0005645592450401576}, {"date": "2021-9-18", "name": "gate_length", "unit": "ns", "value": 35.55555555555556}], "name": "x3"}, {"qubits": [4], "gate": "x", "parameters": [{"date": "2021-9-18", "name": "gate_error", "unit": "", "value": 0.000358220269087646}, {"date": "2021-9-18", "name": "gate_length", "unit": "ns", "value": 35.55555555555556}], "name": "x4"}, {"qubits": [4, 3], "gate": "cx", "parameters": [{"date": "2021-9-18", "name": "gate_error", "unit": "", "value": 0.015516035933144767}, {"date": "2021-9-15", "name": "gate_length", "unit": "ns", "value": 554.6666666666666}], "name": "cx4_3"}, {"qubits": [3, 4], "gate": "cx", "parameters": [{"date": "2021-9-18", "name": "gate_error", "unit": "", "value": 0.015516035933144767}, {"date": "2021-9-15", "name": "gate_length", "unit": "ns", "value": 590.2222222222222}], "name": "cx3_4"}, {"qubits": [3, 1], "gate": "cx", "parameters": [{"date": "2021-9-18", "name": "gate_error", "unit": "", "value": 0.015254600175319655}, {"date": "2021-9-15", "name": "gate_length", "unit": "ns", "value": 398.2222222222222}], "name": "cx3_1"}, {"qubits": [1, 3], "gate": "cx", "parameters": [{"date": "2021-9-18", "name": "gate_error", "unit": "", "value": 0.015254600175319655}, {"date": "2021-9-15", "name": "gate_length", "unit": "ns", "value": 433.77777777777777}], "name": "cx1_3"}, {"qubits": [2, 1], "gate": "cx", "parameters": [{"date": "2021-9-18", "name": "gate_error", "unit": "", "value": 0.014981781041999903}, {"date": "2021-9-15", "name": "gate_length", "unit": "ns", "value": 412.4444444444444}], "name": "cx2_1"}, {"qubits": [1, 2], "gate": "cx", "parameters": [{"date": "2021-9-18", "name": "gate_error", "unit": "", "value": 0.014981781041999903}, {"date": "2021-9-15", "name": "gate_length", "unit": "ns", "value": 448}], "name": "cx1_2"}, {"qubits": [1, 0], "gate": "cx", "parameters": [{"date": "2021-9-18", "name": "gate_error", "unit": "", "value": 0.020502195738632684}, {"date": "2021-9-15", "name": "gate_length", "unit": "ns", "value": 775.1111111111111}], "name": "cx1_0"}, {"qubits": [0, 1], "gate": "cx", "parameters": [{"date": "2021-9-18", "name": "gate_error", "unit": "", "value": 0.020502195738632684}, {"date": "2021-9-15", "name": "gate_length", "unit": "ns", "value": 810.6666666666666}], "name": "cx0_1"}, {"qubits": [0], "gate": "reset", "parameters": [{"date": "2021-9-18", "name": "gate_length", "unit": "ns", "value": 7342.222222222222}], "name": "reset0"}, {"qubits": [1], "gate": "reset", "parameters": [{"date": "2021-9-18", "name": "gate_length", "unit": "ns", "value": 7342.222222222222}], "name": "reset1"}, {"qubits": [2], "gate": "reset", "parameters": [{"date": "2021-9-18", "name": "gate_length", "unit": "ns", "value": 7342.222222222222}], "name": "reset2"}, {"qubits": [3], "gate": "reset", "parameters": [{"date": "2021-9-18", "name": "gate_length", "unit": "ns", "value": 7342.222222222222}], "name": "reset3"}, {"qubits": [4], "gate": "reset", "parameters": [{"date": "2021-9-18", "name": "gate_length", "unit": "ns", "value": 7342.222222222222}], "name": "reset4"}], "general": [{"date": "2021-9-18", "name": "jq_01", "unit": "GHz", "value": 0.0018736137364449847}, {"date": "2021-9-18", "name": "zz_01", "unit": "GHz", "value": -5.778719017046504e-05}, {"date": "2021-9-18", "name": "jq_12", "unit": "GHz", "value": 0.0020062596172337292}, {"date": "2021-9-18", "name": "zz_12", "unit": "GHz", "value": -5.607853601551941e-05}, {"date": "2021-9-18", "name": "jq_13", "unit": "GHz", "value": 0.0020039976609872224}, {"date": "2021-9-18", "name": "zz_13", "unit": "GHz", "value": -5.2854062688980254e-05}, {"date": "2021-9-18", "name": "jq_34", "unit": "GHz", "value": 0.0016737719182152912}, {"date": "2021-9-18", "name": "zz_34", "unit": "GHz", "value": -3.628419642815204e-05}]}