{"backend_name": "ibmq_belem", "backend_version": "1.0.19", "last_update_date": "2021-9-11", "qubits": [[{"date": "2021-9-11", "name": "T1", "unit": "us", "value": 85.37359328658555}, {"date": "2021-9-11", "name": "T2", "unit": "us", "value": 112.01461229176796}, {"date": "2021-9-11", "name": "frequency", "unit": "GHz", "value": 5.090023790254091}, {"date": "2021-9-11", "name": "anharmonicity", "unit": "GHz", "value": -0.33612300518216515}, {"date": "2021-9-11", "name": "readout_error", "unit": "", "value": 0.020399999999999974}, {"date": "2021-9-11", "name": "prob_meas0_prep1", "unit": "", "value": 0.03320000000000001}, {"date": "2021-9-11", "name": "prob_meas1_prep0", "unit": "", "value": 0.0076}, {"date": "2021-9-11", "name": "readout_length", "unit": "ns", "value": 5351.11111111111}], [{"date": "2021-9-11", "name": "T1", "unit": "us", "value": 96.92751220942124}, {"date": "2021-9-11", "name": "T2", "unit": "us", "value": 99.39294288832643}, {"date": "2021-9-11", "name": "frequency", "unit": "GHz", "value": 5.245502353717721}, {"date": "2021-9-11", "name": "anharmonicity", "unit": "GHz", "value": -0.316572131412737}, {"date": "2021-9-11", "name": "readout_error", "unit": "", "value": 0.025599999999999956}, {"date": "2021-9-11", "name": "prob_meas0_prep1", "unit": "", "value": 0.04079999999999995}, {"date": "2021-9-11", "name": "prob_meas1_prep0", "unit": "", "value": 0.0104}, {"date": "2021-9-11", "name": "readout_length", "unit": "ns", "value": 5351.11111111111}], [{"date": "2021-9-11", "name": "T1", "unit": "us", "value": 87.66518219326122}, {"date": "2021-9-11", "name": "T2", "unit": "us", "value": 43.59909841877826}, {"date": "2021-9-11", "name": "frequency", "unit": "GHz", "value": 5.361428473878754}, {"date": "2021-9-11", "name": "anharmonicity", "unit": "GHz", "value": -0.3306274884584928}, {"date": "2021-9-11", "name": "readout_error", "unit": "", "value": 0.01970000000000005}, {"date": "2021-9-11", "name": "prob_meas0_prep1", "unit": "", "value": 0.028200000000000003}, {"date": "2021-9-11", "name": "prob_meas1_prep0", "unit": "", "value": 0.0112}, {"date": "2021-9-11", "name": "readout_length", "unit": "ns", "value": 5351.11111111111}], [{"date": "2021-9-11", "name": "T1", "unit": "us", "value": 108.11920135064479}, {"date": "2021-9-11", "name": "T2", "unit": "us", "value": 134.19715280939215}, {"date": "2021-9-11", "name": "frequency", "unit": "GHz", "value": 5.170386139203547}, {"date": "2021-9-11", "name": "anharmonicity", "unit": "GHz", "value": -0.33373922611368106}, {"date": "2021-9-11", "name": "readout_error", "unit": "", "value": 0.020199999999999996}, {"date": "2021-9-11", "name": "prob_meas0_prep1", "unit": "", "value": 0.038000000000000034}, {"date": "2021-9-11", "name": "prob_meas1_prep0", "unit": "", "value": 0.0024}, {"date": "2021-9-11", "name": "readout_length", "unit": "ns", "value": 5351.11111111111}], [{"date": "2021-9-11", "name": "T1", "unit": "us", "value": 95.87589451734371}, {"date": "2021-9-11", "name": "T2", "unit": "us", "value": 132.91800634779165}, {"date": "2021-9-11", "name": "frequency", "unit": "GHz", "value": 5.258375274305476}, {"date": "2021-9-11", "name": "anharmonicity", "unit": "GHz", "value": -0.3313451432371279}, {"date": "2021-9-11", "name": "readout_error", "unit": "", "value": 0.03200000000000003}, {"date": "2021-9-11", "name": "prob_meas0_prep1", "unit": "", "value": 0.048799999999999955}, {"date": "2021-9-11", "name": "prob_meas1_prep0", "unit": "", "value": 0.0152}, {"date": "2021-9-11", "name": "readout_length", "unit": "ns", "value": 5351.11111111111}]], "gates": [{"qubits": [0], "gate": "id", "parameters": [{"date": "2021-9-11", "name": "gate_error", "unit": "", "value": 0.00041898091560887567}, {"date": "2021-9-11", "name": "gate_length", "unit": "ns", "value": 35.55555555555556}], "name": "id0"}, {"qubits": [1], "gate": "id", "parameters": [{"date": "2021-9-11", "name": "gate_error", "unit": "", "value": 0.00047097235204299464}, {"date": "2021-9-11", "name": "gate_length", "unit": "ns", "value": 35.55555555555556}], "name": "id1"}, {"qubits": [2], "gate": "id", "parameters": [{"date": "2021-9-11", "name": "gate_error", "unit": "", "value": 0.000230665616633572}, {"date": "2021-9-11", "name": "gate_length", "unit": "ns", "value": 35.55555555555556}], "name": "id2"}, {"qubits": [3], "gate": "id", "parameters": [{"date": "2021-9-11", "name": "gate_error", "unit": "", "value": 0.00031250958713134673}, {"date": "2021-9-11", "name": "gate_length", "unit": "ns", "value": 35.55555555555556}], "name": "id3"}, {"qubits": [4], "gate": "id", "parameters": [{"date": "2021-9-11", "name": "gate_error", "unit": "", "value": 0.0003815653691412273}, {"date": "2021-9-11", "name": "gate_length", "unit": "ns", "value": 35.55555555555556}], "name": "id4"}, {"qubits": [0], "gate": "rz", "parameters": [{"date": "2021-9-11", "name": "gate_error", "unit": "", "value": 0}, {"date": "2021-9-11", "name": "gate_length", "unit": "ns", "value": 0}], "name": "rz0"}, {"qubits": [1], "gate": "rz", "parameters": [{"date": "2021-9-11", "name": "gate_error", "unit": "", "value": 0}, {"date": "2021-9-11", "name": "gate_length", "unit": "ns", "value": 0}], "name": "rz1"}, {"qubits": [2], "gate": "rz", "parameters": [{"date": "2021-9-11", "name": "gate_error", "unit": "", "value": 0}, {"date": "2021-9-11", "name": "gate_length", "unit": "ns", "value": 0}], "name": "rz2"}, {"qubits": [3], "gate": "rz", "parameters": [{"date": "2021-9-11", "name": "gate_error", "unit": "", "value": 0}, {"date": "2021-9-11", "name": "gate_length", "unit": "ns", "value": 0}], "name": "rz3"}, {"qubits": [4], "gate": "rz", "parameters": [{"date": "2021-9-11", "name": "gate_error", "unit": "", "value": 0}, {"date": "2021-9-11", "name": "gate_length", "unit": "ns", "value": 0}], "name": "rz4"}, {"qubits": [0], "gate": "sx", "parameters": [{"date": "2021-9-11", "name": "gate_error", "unit": "", "value": 0.00041898091560887567}, {"date": "2021-9-11", "name": "gate_length", "unit": "ns", "value": 35.55555555555556}], "name": "sx0"}, {"qubits": [1], "gate": "sx", "parameters": [{"date": "2021-9-11", "name": "gate_error", "unit": "", "value": 0.00047097235204299464}, {"date": "2021-9-11", "name": "gate_length", "unit": "ns", "value": 35.55555555555556}], "name": "sx1"}, {"qubits": [2], "gate": "sx", "parameters": [{"date": "2021-9-11", "name": "gate_error", "unit": "", "value": 0.000230665616633572}, {"date": "2021-9-11", "name": "gate_length", "unit": "ns", "value": 35.55555555555556}], "name": "sx2"}, {"qubits": [3], "gate": "sx", "parameters": [{"date": "2021-9-11", "name": "gate_error", "unit": "", "value": 0.00031250958713134673}, {"date": "2021-9-11", "name": "gate_length", "unit": "ns", "value": 35.55555555555556}], "name": "sx3"}, {"qubits": [4], "gate": "sx", "parameters": [{"date": "2021-9-11", "name": "gate_error", "unit": "", "value": 0.0003815653691412273}, {"date": "2021-9-11", "name": "gate_length", "unit": "ns", "value": 35.55555555555556}], "name": "sx4"}, {"qubits": [0], "gate": "x", "parameters": [{"date": "2021-9-11", "name": "gate_error", "unit": "", "value": 0.00041898091560887567}, {"date": "2021-9-11", "name": "gate_length", "unit": "ns", "value": 35.55555555555556}], "name": "x0"}, {"qubits": [1], "gate": "x", "parameters": [{"date": "2021-9-11", "name": "gate_error", "unit": "", "value": 0.00047097235204299464}, {"date": "2021-9-11", "name": "gate_length", "unit": "ns", "value": 35.55555555555556}], "name": "x1"}, {"qubits": [2], "gate": "x", "parameters": [{"date": "2021-9-11", "name": "gate_error", "unit": "", "value": 0.000230665616633572}, {"date": "2021-9-11", "name": "gate_length", "unit": "ns", "value": 35.55555555555556}], "name": "x2"}, {"qubits": [3], "gate": "x", "parameters": [{"date": "2021-9-11", "name": "gate_error", "unit": "", "value": 0.00031250958713134673}, {"date": "2021-9-11", "name": "gate_length", "unit": "ns", "value": 35.55555555555556}], "name": "x3"}, {"qubits": [4], "gate": "x", "parameters": [{"date": "2021-9-11", "name": "gate_error", "unit": "", "value": 0.0003815653691412273}, {"date": "2021-9-11", "name": "gate_length", "unit": "ns", "value": 35.55555555555556}], "name": "x4"}, {"qubits": [4, 3], "gate": "cx", "parameters": [{"date": "2021-9-11", "name": "gate_error", "unit": "", "value": 0.012577983842272739}, {"date": "2021-9-8", "name": "gate_length", "unit": "ns", "value": 554.6666666666666}], "name": "cx4_3"}, {"qubits": [3, 4], "gate": "cx", "parameters": [{"date": "2021-9-11", "name": "gate_error", "unit": "", "value": 0.012577983842272739}, {"date": "2021-9-8", "name": "gate_length", "unit": "ns", "value": 590.2222222222222}], "name": "cx3_4"}, {"qubits": [3, 1], "gate": "cx", "parameters": [{"date": "2021-9-11", "name": "gate_error", "unit": "", "value": 0.012184817033312312}, {"date": "2021-9-8", "name": "gate_length", "unit": "ns", "value": 398.2222222222222}], "name": "cx3_1"}, {"qubits": [1, 3], "gate": "cx", "parameters": [{"date": "2021-9-11", "name": "gate_error", "unit": "", "value": 0.012184817033312312}, {"date": "2021-9-8", "name": "gate_length", "unit": "ns", "value": 433.77777777777777}], "name": "cx1_3"}, {"qubits": [2, 1], "gate": "cx", "parameters": [{"date": "2021-9-11", "name": "gate_error", "unit": "", "value": 0.009560936900135902}, {"date": "2021-9-8", "name": "gate_length", "unit": "ns", "value": 412.4444444444444}], "name": "cx2_1"}, {"qubits": [1, 2], "gate": "cx", "parameters": [{"date": "2021-9-11", "name": "gate_error", "unit": "", "value": 0.009560936900135902}, {"date": "2021-9-8", "name": "gate_length", "unit": "ns", "value": 448}], "name": "cx1_2"}, {"qubits": [1, 0], "gate": "cx", "parameters": [{"date": "2021-9-11", "name": "gate_error", "unit": "", "value": 0.025403582613870823}, {"date": "2021-9-8", "name": "gate_length", "unit": "ns", "value": 775.1111111111111}], "name": "cx1_0"}, {"qubits": [0, 1], "gate": "cx", "parameters": [{"date": "2021-9-11", "name": "gate_error", "unit": "", "value": 0.025403582613870823}, {"date": "2021-9-8", "name": "gate_length", "unit": "ns", "value": 810.6666666666666}], "name": "cx0_1"}, {"qubits": [0], "gate": "reset", "parameters": [{"date": "2021-9-11", "name": "gate_length", "unit": "ns", "value": 7342.222222222222}], "name": "reset0"}, {"qubits": [1], "gate": "reset", "parameters": [{"date": "2021-9-11", "name": "gate_length", "unit": "ns", "value": 7342.222222222222}], "name": "reset1"}, {"qubits": [2], "gate": "reset", "parameters": [{"date": "2021-9-11", "name": "gate_length", "unit": "ns", "value": 7342.222222222222}], "name": "reset2"}, {"qubits": [3], "gate": "reset", "parameters": [{"date": "2021-9-11", "name": "gate_length", "unit": "ns", "value": 7342.222222222222}], "name": "reset3"}, {"qubits": [4], "gate": "reset", "parameters": [{"date": "2021-9-11", "name": "gate_length", "unit": "ns", "value": 7342.222222222222}], "name": "reset4"}], "general": [{"date": "2021-9-11", "name": "jq_01", "unit": "GHz", "value": 0.0018736137364449847}, {"date": "2021-9-11", "name": "zz_01", "unit": "GHz", "value": -5.778719017046504e-05}, {"date": "2021-9-11", "name": "jq_12", "unit": "GHz", "value": 0.0020062596172337292}, {"date": "2021-9-11", "name": "zz_12", "unit": "GHz", "value": -5.607853601551941e-05}, {"date": "2021-9-11", "name": "jq_13", "unit": "GHz", "value": 0.0020039976609872224}, {"date": "2021-9-11", "name": "zz_13", "unit": "GHz", "value": -5.2854062688980254e-05}, {"date": "2021-9-11", "name": "jq_34", "unit": "GHz", "value": 0.0016737719182152912}, {"date": "2021-9-11", "name": "zz_34", "unit": "GHz", "value": -3.628419642815204e-05}]}