{"backend_name": "ibmq_belem", "backend_version": "1.0.26", "last_update_date": "2021-11-14", "qubits": [[{"date": "2021-11-13", "name": "T1", "unit": "us", "value": 101.22874613384211}, {"date": "2021-11-14", "name": "T2", "unit": "us", "value": 98.75491468078211}, {"date": "2021-11-14", "name": "frequency", "unit": "GHz", "value": 5.090162273563846}, {"date": "2021-11-14", "name": "anharmonicity", "unit": "GHz", "value": -0.33612300518216515}, {"date": "2021-11-14", "name": "readout_error", "unit": "", "value": 0.019300000000000095}, {"date": "2021-11-14", "name": "prob_meas0_prep1", "unit": "", "value": 0.03300000000000003}, {"date": "2021-11-14", "name": "prob_meas1_prep0", "unit": "", "value": 0.0056}, {"date": "2021-11-14", "name": "readout_length", "unit": "ns", "value": 5351.11111111111}], [{"date": "2021-11-14", "name": "T1", "unit": "us", "value": 78.7267816351738}, {"date": "2021-11-14", "name": "T2", "unit": "us", "value": 101.10823314372091}, {"date": "2021-11-14", "name": "frequency", "unit": "GHz", "value": 5.245569224936882}, {"date": "2021-11-14", "name": "anharmonicity", "unit": "GHz", "value": -0.316572131412737}, {"date": "2021-11-14", "name": "readout_error", "unit": "", "value": 0.027800000000000047}, {"date": "2021-11-14", "name": "prob_meas0_prep1", "unit": "", "value": 0.047599999999999976}, {"date": "2021-11-14", "name": "prob_meas1_prep0", "unit": "", "value": 0.008}, {"date": "2021-11-14", "name": "readout_length", "unit": "ns", "value": 5351.11111111111}], [{"date": "2021-11-14", "name": "T1", "unit": "us", "value": 71.25144917365867}, {"date": "2021-11-14", "name": "T2", "unit": "us", "value": 45.04082406299526}, {"date": "2021-11-14", "name": "frequency", "unit": "GHz", "value": 5.361467925256833}, {"date": "2021-11-14", "name": "anharmonicity", "unit": "GHz", "value": -0.3306274884584928}, {"date": "2021-11-14", "name": "readout_error", "unit": "", "value": 0.07830000000000004}, {"date": "2021-11-14", "name": "prob_meas0_prep1", "unit": "", "value": 0.10940000000000005}, {"date": "2021-11-14", "name": "prob_meas1_prep0", "unit": "", "value": 0.0472}, {"date": "2021-11-14", "name": "readout_length", "unit": "ns", "value": 5351.11111111111}], [{"date": "2021-11-14", "name": "T1", "unit": "us", "value": 106.24824166149045}, {"date": "2021-11-14", "name": "T2", "unit": "us", "value": 129.53260149648983}, {"date": "2021-11-14", "name": "frequency", "unit": "GHz", "value": 5.170378019429743}, {"date": "2021-11-14", "name": "anharmonicity", "unit": "GHz", "value": -0.33373922611368106}, {"date": "2021-11-14", "name": "readout_error", "unit": "", "value": 0.02739999999999998}, {"date": "2021-11-14", "name": "prob_meas0_prep1", "unit": "", "value": 0.04579999999999995}, {"date": "2021-11-14", "name": "prob_meas1_prep0", "unit": "", "value": 0.009}, {"date": "2021-11-14", "name": "readout_length", "unit": "ns", "value": 5351.11111111111}], [{"date": "2021-11-14", "name": "T1", "unit": "us", "value": 101.9095778003269}, {"date": "2021-11-14", "name": "T2", "unit": "us", "value": 134.4815205285148}, {"date": "2021-11-14", "name": "frequency", "unit": "GHz", "value": 5.25846034931938}, {"date": "2021-11-14", "name": "anharmonicity", "unit": "GHz", "value": -0.3313451432371279}, {"date": "2021-11-14", "name": "readout_error", "unit": "", "value": 0.02190000000000003}, {"date": "2021-11-14", "name": "prob_meas0_prep1", "unit": "", "value": 0.03259999999999996}, {"date": "2021-11-14", "name": "prob_meas1_prep0", "unit": "", "value": 0.0112}, {"date": "2021-11-14", "name": "readout_length", "unit": "ns", "value": 5351.11111111111}]], "gates": [{"qubits": [0], "gate": "id", "parameters": [{"date": "2021-11-14", "name": "gate_error", "unit": "", "value": 0.00039888117780186743}, {"date": "2021-11-14", "name": "gate_length", "unit": "ns", "value": 35.55555555555556}], "name": "id0"}, {"qubits": [1], "gate": "id", "parameters": [{"date": "2021-11-14", "name": "gate_error", "unit": "", "value": 0.0002888368127434868}, {"date": "2021-11-14", "name": "gate_length", "unit": "ns", "value": 35.55555555555556}], "name": "id1"}, {"qubits": [2], "gate": "id", "parameters": [{"date": "2021-11-14", "name": "gate_error", "unit": "", "value": 0.0011016593846590432}, {"date": "2021-11-14", "name": "gate_length", "unit": "ns", "value": 35.55555555555556}], "name": "id2"}, {"qubits": [3], "gate": "id", "parameters": [{"date": "2021-11-14", "name": "gate_error", "unit": "", "value": 0.0003153065204319931}, {"date": "2021-11-14", "name": "gate_length", "unit": "ns", "value": 35.55555555555556}], "name": "id3"}, {"qubits": [4], "gate": "id", "parameters": [{"date": "2021-11-14", "name": "gate_error", "unit": "", "value": 0.0002917659419274464}, {"date": "2021-11-14", "name": "gate_length", "unit": "ns", "value": 35.55555555555556}], "name": "id4"}, {"qubits": [0], "gate": "rz", "parameters": [{"date": "2021-11-14", "name": "gate_error", "unit": "", "value": 0}, {"date": "2021-11-14", "name": "gate_length", "unit": "ns", "value": 0}], "name": "rz0"}, {"qubits": [1], "gate": "rz", "parameters": [{"date": "2021-11-14", "name": "gate_error", "unit": "", "value": 0}, {"date": "2021-11-14", "name": "gate_length", "unit": "ns", "value": 0}], "name": "rz1"}, {"qubits": [2], "gate": "rz", "parameters": [{"date": "2021-11-14", "name": "gate_error", "unit": "", "value": 0}, {"date": "2021-11-14", "name": "gate_length", "unit": "ns", "value": 0}], "name": "rz2"}, {"qubits": [3], "gate": "rz", "parameters": [{"date": "2021-11-14", "name": "gate_error", "unit": "", "value": 0}, {"date": "2021-11-14", "name": "gate_length", "unit": "ns", "value": 0}], "name": "rz3"}, {"qubits": [4], "gate": "rz", "parameters": [{"date": "2021-11-14", "name": "gate_error", "unit": "", "value": 0}, {"date": "2021-11-14", "name": "gate_length", "unit": "ns", "value": 0}], "name": "rz4"}, {"qubits": [0], "gate": "sx", "parameters": [{"date": "2021-11-14", "name": "gate_error", "unit": "", "value": 0.00039888117780186743}, {"date": "2021-11-14", "name": "gate_length", "unit": "ns", "value": 35.55555555555556}], "name": "sx0"}, {"qubits": [1], "gate": "sx", "parameters": [{"date": "2021-11-14", "name": "gate_error", "unit": "", "value": 0.0002888368127434868}, {"date": "2021-11-14", "name": "gate_length", "unit": "ns", "value": 35.55555555555556}], "name": "sx1"}, {"qubits": [2], "gate": "sx", "parameters": [{"date": "2021-11-14", "name": "gate_error", "unit": "", "value": 0.0011016593846590432}, {"date": "2021-11-14", "name": "gate_length", "unit": "ns", "value": 35.55555555555556}], "name": "sx2"}, {"qubits": [3], "gate": "sx", "parameters": [{"date": "2021-11-14", "name": "gate_error", "unit": "", "value": 0.0003153065204319931}, {"date": "2021-11-14", "name": "gate_length", "unit": "ns", "value": 35.55555555555556}], "name": "sx3"}, {"qubits": [4], "gate": "sx", "parameters": [{"date": "2021-11-14", "name": "gate_error", "unit": "", "value": 0.0002917659419274464}, {"date": "2021-11-14", "name": "gate_length", "unit": "ns", "value": 35.55555555555556}], "name": "sx4"}, {"qubits": [0], "gate": "x", "parameters": [{"date": "2021-11-14", "name": "gate_error", "unit": "", "value": 0.00039888117780186743}, {"date": "2021-11-14", "name": "gate_length", "unit": "ns", "value": 35.55555555555556}], "name": "x0"}, {"qubits": [1], "gate": "x", "parameters": [{"date": "2021-11-14", "name": "gate_error", "unit": "", "value": 0.0002888368127434868}, {"date": "2021-11-14", "name": "gate_length", "unit": "ns", "value": 35.55555555555556}], "name": "x1"}, {"qubits": [2], "gate": "x", "parameters": [{"date": "2021-11-14", "name": "gate_error", "unit": "", "value": 0.0011016593846590432}, {"date": "2021-11-14", "name": "gate_length", "unit": "ns", "value": 35.55555555555556}], "name": "x2"}, {"qubits": [3], "gate": "x", "parameters": [{"date": "2021-11-14", "name": "gate_error", "unit": "", "value": 0.0003153065204319931}, {"date": "2021-11-14", "name": "gate_length", "unit": "ns", "value": 35.55555555555556}], "name": "x3"}, {"qubits": [4], "gate": "x", "parameters": [{"date": "2021-11-14", "name": "gate_error", "unit": "", "value": 0.0002917659419274464}, {"date": "2021-11-14", "name": "gate_length", "unit": "ns", "value": 35.55555555555556}], "name": "x4"}, {"qubits": [4, 3], "gate": "cx", "parameters": [{"date": "2021-11-14", "name": "gate_error", "unit": "", "value": 0.009792302712210987}, {"date": "2021-11-11", "name": "gate_length", "unit": "ns", "value": 554.6666666666666}], "name": "cx4_3"}, {"qubits": [3, 4], "gate": "cx", "parameters": [{"date": "2021-11-14", "name": "gate_error", "unit": "", "value": 0.009792302712210987}, {"date": "2021-11-11", "name": "gate_length", "unit": "ns", "value": 590.2222222222222}], "name": "cx3_4"}, {"qubits": [3, 1], "gate": "cx", "parameters": [{"date": "2021-11-14", "name": "gate_error", "unit": "", "value": 0.009806292985241966}, {"date": "2021-11-11", "name": "gate_length", "unit": "ns", "value": 398.2222222222222}], "name": "cx3_1"}, {"qubits": [1, 3], "gate": "cx", "parameters": [{"date": "2021-11-14", "name": "gate_error", "unit": "", "value": 0.009806292985241966}, {"date": "2021-11-11", "name": "gate_length", "unit": "ns", "value": 433.77777777777777}], "name": "cx1_3"}, {"qubits": [2, 1], "gate": "cx", "parameters": [{"date": "2021-11-14", "name": "gate_error", "unit": "", "value": 0.01674165734443142}, {"date": "2021-11-11", "name": "gate_length", "unit": "ns", "value": 412.4444444444444}], "name": "cx2_1"}, {"qubits": [1, 2], "gate": "cx", "parameters": [{"date": "2021-11-14", "name": "gate_error", "unit": "", "value": 0.01674165734443142}, {"date": "2021-11-11", "name": "gate_length", "unit": "ns", "value": 448}], "name": "cx1_2"}, {"qubits": [1, 0], "gate": "cx", "parameters": [{"date": "2021-11-14", "name": "gate_error", "unit": "", "value": 0.01723941221332881}, {"date": "2021-11-11", "name": "gate_length", "unit": "ns", "value": 775.1111111111111}], "name": "cx1_0"}, {"qubits": [0, 1], "gate": "cx", "parameters": [{"date": "2021-11-14", "name": "gate_error", "unit": "", "value": 0.01723941221332881}, {"date": "2021-11-11", "name": "gate_length", "unit": "ns", "value": 810.6666666666666}], "name": "cx0_1"}, {"qubits": [0], "gate": "reset", "parameters": [{"date": "2021-11-14", "name": "gate_length", "unit": "ns", "value": 7342.222222222222}], "name": "reset0"}, {"qubits": [1], "gate": "reset", "parameters": [{"date": "2021-11-14", "name": "gate_length", "unit": "ns", "value": 7342.222222222222}], "name": "reset1"}, {"qubits": [2], "gate": "reset", "parameters": [{"date": "2021-11-14", "name": "gate_length", "unit": "ns", "value": 7342.222222222222}], "name": "reset2"}, {"qubits": [3], "gate": "reset", "parameters": [{"date": "2021-11-14", "name": "gate_length", "unit": "ns", "value": 7342.222222222222}], "name": "reset3"}, {"qubits": [4], "gate": "reset", "parameters": [{"date": "2021-11-14", "name": "gate_length", "unit": "ns", "value": 7342.222222222222}], "name": "reset4"}], "general": [{"date": "2021-11-14", "name": "jq_01", "unit": "GHz", "value": 0.0018736137364449847}, {"date": "2021-11-14", "name": "zz_01", "unit": "GHz", "value": -5.778719017046504e-05}, {"date": "2021-11-14", "name": "jq_12", "unit": "GHz", "value": 0.0020062596172337292}, {"date": "2021-11-14", "name": "zz_12", "unit": "GHz", "value": -5.607853601551941e-05}, {"date": "2021-11-14", "name": "jq_13", "unit": "GHz", "value": 0.0020039976609872224}, {"date": "2021-11-14", "name": "zz_13", "unit": "GHz", "value": -5.2854062688980254e-05}, {"date": "2021-11-14", "name": "jq_34", "unit": "GHz", "value": 0.0016737719182152912}, {"date": "2021-11-14", "name": "zz_34", "unit": "GHz", "value": -3.628419642815204e-05}]}