{"backend_name": "ibmq_belem", "backend_version": "1.0.24", "last_update_date": "2021-10-30", "qubits": [[{"date": "2021-10-30", "name": "T1", "unit": "us", "value": 90.80722659559753}, {"date": "2021-10-30", "name": "T2", "unit": "us", "value": 123.60033101666549}, {"date": "2021-10-30", "name": "frequency", "unit": "GHz", "value": 5.090151792108616}, {"date": "2021-10-30", "name": "anharmonicity", "unit": "GHz", "value": -0.33612300518216515}, {"date": "2021-10-30", "name": "readout_error", "unit": "", "value": 0.01639999999999997}, {"date": "2021-10-30", "name": "prob_meas0_prep1", "unit": "", "value": 0.025000000000000022}, {"date": "2021-10-30", "name": "prob_meas1_prep0", "unit": "", "value": 0.0078}, {"date": "2021-10-30", "name": "readout_length", "unit": "ns", "value": 5351.11111111111}], [{"date": "2021-10-30", "name": "T1", "unit": "us", "value": 82.67450853296228}, {"date": "2021-10-30", "name": "T2", "unit": "us", "value": 100.18049942438125}, {"date": "2021-10-30", "name": "frequency", "unit": "GHz", "value": 5.245570235907927}, {"date": "2021-10-30", "name": "anharmonicity", "unit": "GHz", "value": -0.316572131412737}, {"date": "2021-10-30", "name": "readout_error", "unit": "", "value": 0.024399999999999977}, {"date": "2021-10-30", "name": "prob_meas0_prep1", "unit": "", "value": 0.03959999999999997}, {"date": "2021-10-30", "name": "prob_meas1_prep0", "unit": "", "value": 0.0092}, {"date": "2021-10-30", "name": "readout_length", "unit": "ns", "value": 5351.11111111111}], [{"date": "2021-10-30", "name": "T1", "unit": "us", "value": 82.44321453522937}, {"date": "2021-10-30", "name": "T2", "unit": "us", "value": 40.52005888682322}, {"date": "2021-10-30", "name": "frequency", "unit": "GHz", "value": 5.361422986774305}, {"date": "2021-10-30", "name": "anharmonicity", "unit": "GHz", "value": -0.3306274884584928}, {"date": "2021-10-30", "name": "readout_error", "unit": "", "value": 0.0242}, {"date": "2021-10-30", "name": "prob_meas0_prep1", "unit": "", "value": 0.039000000000000035}, {"date": "2021-10-30", "name": "prob_meas1_prep0", "unit": "", "value": 0.0094}, {"date": "2021-10-30", "name": "readout_length", "unit": "ns", "value": 5351.11111111111}], [{"date": "2021-10-30", "name": "T1", "unit": "us", "value": 71.29178421706351}, {"date": "2021-10-30", "name": "T2", "unit": "us", "value": 121.84895691821741}, {"date": "2021-10-30", "name": "frequency", "unit": "GHz", "value": 5.170382951382719}, {"date": "2021-10-30", "name": "anharmonicity", "unit": "GHz", "value": -0.33373922611368106}, {"date": "2021-10-30", "name": "readout_error", "unit": "", "value": 0.03810000000000002}, {"date": "2021-10-30", "name": "prob_meas0_prep1", "unit": "", "value": 0.06320000000000003}, {"date": "2021-10-30", "name": "prob_meas1_prep0", "unit": "", "value": 0.013}, {"date": "2021-10-30", "name": "readout_length", "unit": "ns", "value": 5351.11111111111}], [{"date": "2021-10-30", "name": "T1", "unit": "us", "value": 72.86373250692007}, {"date": "2021-10-30", "name": "T2", "unit": "us", "value": 119.43360525128448}, {"date": "2021-10-30", "name": "frequency", "unit": "GHz", "value": 5.2584608371539145}, {"date": "2021-10-30", "name": "anharmonicity", "unit": "GHz", "value": -0.3313451432371279}, {"date": "2021-10-30", "name": "readout_error", "unit": "", "value": 0.017800000000000038}, {"date": "2021-10-30", "name": "prob_meas0_prep1", "unit": "", "value": 0.02859999999999996}, {"date": "2021-10-30", "name": "prob_meas1_prep0", "unit": "", "value": 0.007}, {"date": "2021-10-30", "name": "readout_length", "unit": "ns", "value": 5351.11111111111}]], "gates": [{"qubits": [0], "gate": "id", "parameters": [{"date": "2021-10-30", "name": "gate_error", "unit": "", "value": 0.00038840995536633583}, {"date": "2021-10-30", "name": "gate_length", "unit": "ns", "value": 35.55555555555556}], "name": "id0"}, {"qubits": [1], "gate": "id", "parameters": [{"date": "2021-10-30", "name": "gate_error", "unit": "", "value": 0.0002509264876010429}, {"date": "2021-10-30", "name": "gate_length", "unit": "ns", "value": 35.55555555555556}], "name": "id1"}, {"qubits": [2], "gate": "id", "parameters": [{"date": "2021-10-30", "name": "gate_error", "unit": "", "value": 0.00035564023161797263}, {"date": "2021-10-30", "name": "gate_length", "unit": "ns", "value": 35.55555555555556}], "name": "id2"}, {"qubits": [3], "gate": "id", "parameters": [{"date": "2021-10-30", "name": "gate_error", "unit": "", "value": 0.00033187503488728206}, {"date": "2021-10-30", "name": "gate_length", "unit": "ns", "value": 35.55555555555556}], "name": "id3"}, {"qubits": [4], "gate": "id", "parameters": [{"date": "2021-10-30", "name": "gate_error", "unit": "", "value": 0.00022879077903878306}, {"date": "2021-10-30", "name": "gate_length", "unit": "ns", "value": 35.55555555555556}], "name": "id4"}, {"qubits": [0], "gate": "rz", "parameters": [{"date": "2021-10-30", "name": "gate_error", "unit": "", "value": 0}, {"date": "2021-10-30", "name": "gate_length", "unit": "ns", "value": 0}], "name": "rz0"}, {"qubits": [1], "gate": "rz", "parameters": [{"date": "2021-10-30", "name": "gate_error", "unit": "", "value": 0}, {"date": "2021-10-30", "name": "gate_length", "unit": "ns", "value": 0}], "name": "rz1"}, {"qubits": [2], "gate": "rz", "parameters": [{"date": "2021-10-30", "name": "gate_error", "unit": "", "value": 0}, {"date": "2021-10-30", "name": "gate_length", "unit": "ns", "value": 0}], "name": "rz2"}, {"qubits": [3], "gate": "rz", "parameters": [{"date": "2021-10-30", "name": "gate_error", "unit": "", "value": 0}, {"date": "2021-10-30", "name": "gate_length", "unit": "ns", "value": 0}], "name": "rz3"}, {"qubits": [4], "gate": "rz", "parameters": [{"date": "2021-10-30", "name": "gate_error", "unit": "", "value": 0}, {"date": "2021-10-30", "name": "gate_length", "unit": "ns", "value": 0}], "name": "rz4"}, {"qubits": [0], "gate": "sx", "parameters": [{"date": "2021-10-30", "name": "gate_error", "unit": "", "value": 0.00038840995536633583}, {"date": "2021-10-30", "name": "gate_length", "unit": "ns", "value": 35.55555555555556}], "name": "sx0"}, {"qubits": [1], "gate": "sx", "parameters": [{"date": "2021-10-30", "name": "gate_error", "unit": "", "value": 0.0002509264876010429}, {"date": "2021-10-30", "name": "gate_length", "unit": "ns", "value": 35.55555555555556}], "name": "sx1"}, {"qubits": [2], "gate": "sx", "parameters": [{"date": "2021-10-30", "name": "gate_error", "unit": "", "value": 0.00035564023161797263}, {"date": "2021-10-30", "name": "gate_length", "unit": "ns", "value": 35.55555555555556}], "name": "sx2"}, {"qubits": [3], "gate": "sx", "parameters": [{"date": "2021-10-30", "name": "gate_error", "unit": "", "value": 0.00033187503488728206}, {"date": "2021-10-30", "name": "gate_length", "unit": "ns", "value": 35.55555555555556}], "name": "sx3"}, {"qubits": [4], "gate": "sx", "parameters": [{"date": "2021-10-30", "name": "gate_error", "unit": "", "value": 0.00022879077903878306}, {"date": "2021-10-30", "name": "gate_length", "unit": "ns", "value": 35.55555555555556}], "name": "sx4"}, {"qubits": [0], "gate": "x", "parameters": [{"date": "2021-10-30", "name": "gate_error", "unit": "", "value": 0.00038840995536633583}, {"date": "2021-10-30", "name": "gate_length", "unit": "ns", "value": 35.55555555555556}], "name": "x0"}, {"qubits": [1], "gate": "x", "parameters": [{"date": "2021-10-30", "name": "gate_error", "unit": "", "value": 0.0002509264876010429}, {"date": "2021-10-30", "name": "gate_length", "unit": "ns", "value": 35.55555555555556}], "name": "x1"}, {"qubits": [2], "gate": "x", "parameters": [{"date": "2021-10-30", "name": "gate_error", "unit": "", "value": 0.00035564023161797263}, {"date": "2021-10-30", "name": "gate_length", "unit": "ns", "value": 35.55555555555556}], "name": "x2"}, {"qubits": [3], "gate": "x", "parameters": [{"date": "2021-10-30", "name": "gate_error", "unit": "", "value": 0.00033187503488728206}, {"date": "2021-10-30", "name": "gate_length", "unit": "ns", "value": 35.55555555555556}], "name": "x3"}, {"qubits": [4], "gate": "x", "parameters": [{"date": "2021-10-30", "name": "gate_error", "unit": "", "value": 0.00022879077903878306}, {"date": "2021-10-30", "name": "gate_length", "unit": "ns", "value": 35.55555555555556}], "name": "x4"}, {"qubits": [4, 3], "gate": "cx", "parameters": [{"date": "2021-10-30", "name": "gate_error", "unit": "", "value": 0.008916742306660563}, {"date": "2021-10-27", "name": "gate_length", "unit": "ns", "value": 554.6666666666666}], "name": "cx4_3"}, {"qubits": [3, 4], "gate": "cx", "parameters": [{"date": "2021-10-30", "name": "gate_error", "unit": "", "value": 0.008916742306660563}, {"date": "2021-10-27", "name": "gate_length", "unit": "ns", "value": 590.2222222222222}], "name": "cx3_4"}, {"qubits": [3, 1], "gate": "cx", "parameters": [{"date": "2021-10-30", "name": "gate_error", "unit": "", "value": 0.013504555638413296}, {"date": "2021-10-27", "name": "gate_length", "unit": "ns", "value": 398.2222222222222}], "name": "cx3_1"}, {"qubits": [1, 3], "gate": "cx", "parameters": [{"date": "2021-10-30", "name": "gate_error", "unit": "", "value": 0.013504555638413296}, {"date": "2021-10-27", "name": "gate_length", "unit": "ns", "value": 433.77777777777777}], "name": "cx1_3"}, {"qubits": [2, 1], "gate": "cx", "parameters": [{"date": "2021-10-30", "name": "gate_error", "unit": "", "value": 0.008136863305672398}, {"date": "2021-10-27", "name": "gate_length", "unit": "ns", "value": 412.4444444444444}], "name": "cx2_1"}, {"qubits": [1, 2], "gate": "cx", "parameters": [{"date": "2021-10-30", "name": "gate_error", "unit": "", "value": 0.008136863305672398}, {"date": "2021-10-27", "name": "gate_length", "unit": "ns", "value": 448}], "name": "cx1_2"}, {"qubits": [1, 0], "gate": "cx", "parameters": [{"date": "2021-10-30", "name": "gate_error", "unit": "", "value": 0.019938376324341756}, {"date": "2021-10-27", "name": "gate_length", "unit": "ns", "value": 775.1111111111111}], "name": "cx1_0"}, {"qubits": [0, 1], "gate": "cx", "parameters": [{"date": "2021-10-30", "name": "gate_error", "unit": "", "value": 0.019938376324341756}, {"date": "2021-10-27", "name": "gate_length", "unit": "ns", "value": 810.6666666666666}], "name": "cx0_1"}, {"qubits": [0], "gate": "reset", "parameters": [{"date": "2021-10-30", "name": "gate_length", "unit": "ns", "value": 7342.222222222222}], "name": "reset0"}, {"qubits": [1], "gate": "reset", "parameters": [{"date": "2021-10-30", "name": "gate_length", "unit": "ns", "value": 7342.222222222222}], "name": "reset1"}, {"qubits": [2], "gate": "reset", "parameters": [{"date": "2021-10-30", "name": "gate_length", "unit": "ns", "value": 7342.222222222222}], "name": "reset2"}, {"qubits": [3], "gate": "reset", "parameters": [{"date": "2021-10-30", "name": "gate_length", "unit": "ns", "value": 7342.222222222222}], "name": "reset3"}, {"qubits": [4], "gate": "reset", "parameters": [{"date": "2021-10-30", "name": "gate_length", "unit": "ns", "value": 7342.222222222222}], "name": "reset4"}], "general": [{"date": "2021-10-30", "name": "jq_01", "unit": "GHz", "value": 0.0018736137364449847}, {"date": "2021-10-30", "name": "zz_01", "unit": "GHz", "value": -5.778719017046504e-05}, {"date": "2021-10-30", "name": "jq_12", "unit": "GHz", "value": 0.0020062596172337292}, {"date": "2021-10-30", "name": "zz_12", "unit": "GHz", "value": -5.607853601551941e-05}, {"date": "2021-10-30", "name": "jq_13", "unit": "GHz", "value": 0.0020039976609872224}, {"date": "2021-10-30", "name": "zz_13", "unit": "GHz", "value": -5.2854062688980254e-05}, {"date": "2021-10-30", "name": "jq_34", "unit": "GHz", "value": 0.0016737719182152912}, {"date": "2021-10-30", "name": "zz_34", "unit": "GHz", "value": -3.628419642815204e-05}]}