{"backend_name": "ibmq_belem", "backend_version": "1.0.14", "last_update_date": "2021-7-13", "qubits": [[{"date": "2021-7-13", "name": "T1", "unit": "us", "value": 74.90428617091332}, {"date": "2021-7-11", "name": "T2", "unit": "us", "value": 84.65474174557515}, {"date": "2021-7-13", "name": "frequency", "unit": "GHz", "value": 5.090022714155758}, {"date": "2021-7-13", "name": "anharmonicity", "unit": "GHz", "value": -0.33612300518216515}, {"date": "2021-7-13", "name": "readout_error", "unit": "", "value": 0.0393}, {"date": "2021-7-13", "name": "prob_meas0_prep1", "unit": "", "value": 0.06320000000000003}, {"date": "2021-7-13", "name": "prob_meas1_prep0", "unit": "", "value": 0.0154}, {"date": "2021-7-13", "name": "readout_length", "unit": "ns", "value": 5351.11111111111}], [{"date": "2021-7-13", "name": "T1", "unit": "us", "value": 96.85681376801494}, {"date": "2021-7-13", "name": "T2", "unit": "us", "value": 106.84383990317087}, {"date": "2021-7-13", "name": "frequency", "unit": "GHz", "value": 5.2453875944334145}, {"date": "2021-7-13", "name": "anharmonicity", "unit": "GHz", "value": -0.316572131412737}, {"date": "2021-7-13", "name": "readout_error", "unit": "", "value": 0.022599999999999953}, {"date": "2021-7-13", "name": "prob_meas0_prep1", "unit": "", "value": 0.03420000000000001}, {"date": "2021-7-13", "name": "prob_meas1_prep0", "unit": "", "value": 0.011}, {"date": "2021-7-13", "name": "readout_length", "unit": "ns", "value": 5351.11111111111}], [{"date": "2021-7-12", "name": "T1", "unit": "us", "value": 49.83672492752268}, {"date": "2021-7-13", "name": "T2", "unit": "us", "value": 21.4196550428671}, {"date": "2021-7-13", "name": "frequency", "unit": "GHz", "value": 5.361299858228982}, {"date": "2021-7-13", "name": "anharmonicity", "unit": "GHz", "value": -0.3306274884584928}, {"date": "2021-7-13", "name": "readout_error", "unit": "", "value": 0.06400000000000006}, {"date": "2021-7-13", "name": "prob_meas0_prep1", "unit": "", "value": 0.10880000000000001}, {"date": "2021-7-13", "name": "prob_meas1_prep0", "unit": "", "value": 0.0192}, {"date": "2021-7-13", "name": "readout_length", "unit": "ns", "value": 5351.11111111111}], [{"date": "2021-7-13", "name": "T1", "unit": "us", "value": 100.36917648021094}, {"date": "2021-7-13", "name": "T2", "unit": "us", "value": 130.78453377042246}, {"date": "2021-7-13", "name": "frequency", "unit": "GHz", "value": 5.170461850195663}, {"date": "2021-7-13", "name": "anharmonicity", "unit": "GHz", "value": -0.33373922611368106}, {"date": "2021-7-13", "name": "readout_error", "unit": "", "value": 0.018100000000000005}, {"date": "2021-7-13", "name": "prob_meas0_prep1", "unit": "", "value": 0.028800000000000048}, {"date": "2021-7-13", "name": "prob_meas1_prep0", "unit": "", "value": 0.0074}, {"date": "2021-7-13", "name": "readout_length", "unit": "ns", "value": 5351.11111111111}], [{"date": "2021-7-13", "name": "T1", "unit": "us", "value": 78.6411914861825}, {"date": "2021-7-13", "name": "T2", "unit": "us", "value": 104.46819253612362}, {"date": "2021-7-13", "name": "frequency", "unit": "GHz", "value": 5.258381599895173}, {"date": "2021-7-13", "name": "anharmonicity", "unit": "GHz", "value": -0.3313451432371279}, {"date": "2021-7-13", "name": "readout_error", "unit": "", "value": 0.032299999999999995}, {"date": "2021-7-13", "name": "prob_meas0_prep1", "unit": "", "value": 0.05520000000000003}, {"date": "2021-7-13", "name": "prob_meas1_prep0", "unit": "", "value": 0.0094}, {"date": "2021-7-13", "name": "readout_length", "unit": "ns", "value": 5351.11111111111}]], "gates": [{"qubits": [0], "gate": "id", "parameters": [{"date": "2021-7-13", "name": "gate_error", "unit": "", "value": 0.00026491377943720215}, {"date": "2021-7-13", "name": "gate_length", "unit": "ns", "value": 35.55555555555556}], "name": "id0"}, {"qubits": [1], "gate": "id", "parameters": [{"date": "2021-7-13", "name": "gate_error", "unit": "", "value": 0.0002961398236847486}, {"date": "2021-7-13", "name": "gate_length", "unit": "ns", "value": 35.55555555555556}], "name": "id1"}, {"qubits": [2], "gate": "id", "parameters": [{"date": "2021-7-13", "name": "gate_error", "unit": "", "value": 0.0003707250181300279}, {"date": "2021-7-13", "name": "gate_length", "unit": "ns", "value": 35.55555555555556}], "name": "id2"}, {"qubits": [3], "gate": "id", "parameters": [{"date": "2021-7-13", "name": "gate_error", "unit": "", "value": 0.00022544425958111652}, {"date": "2021-7-13", "name": "gate_length", "unit": "ns", "value": 35.55555555555556}], "name": "id3"}, {"qubits": [4], "gate": "id", "parameters": [{"date": "2021-7-13", "name": "gate_error", "unit": "", "value": 0.00033613975581461646}, {"date": "2021-7-13", "name": "gate_length", "unit": "ns", "value": 35.55555555555556}], "name": "id4"}, {"qubits": [0], "gate": "rz", "parameters": [{"date": "2021-7-13", "name": "gate_error", "unit": "", "value": 0}, {"date": "2021-7-13", "name": "gate_length", "unit": "ns", "value": 0}], "name": "rz0"}, {"qubits": [1], "gate": "rz", "parameters": [{"date": "2021-7-13", "name": "gate_error", "unit": "", "value": 0}, {"date": "2021-7-13", "name": "gate_length", "unit": "ns", "value": 0}], "name": "rz1"}, {"qubits": [2], "gate": "rz", "parameters": [{"date": "2021-7-13", "name": "gate_error", "unit": "", "value": 0}, {"date": "2021-7-13", "name": "gate_length", "unit": "ns", "value": 0}], "name": "rz2"}, {"qubits": [3], "gate": "rz", "parameters": [{"date": "2021-7-13", "name": "gate_error", "unit": "", "value": 0}, {"date": "2021-7-13", "name": "gate_length", "unit": "ns", "value": 0}], "name": "rz3"}, {"qubits": [4], "gate": "rz", "parameters": [{"date": "2021-7-13", "name": "gate_error", "unit": "", "value": 0}, {"date": "2021-7-13", "name": "gate_length", "unit": "ns", "value": 0}], "name": "rz4"}, {"qubits": [0], "gate": "sx", "parameters": [{"date": "2021-7-13", "name": "gate_error", "unit": "", "value": 0.00026491377943720215}, {"date": "2021-7-13", "name": "gate_length", "unit": "ns", "value": 35.55555555555556}], "name": "sx0"}, {"qubits": [1], "gate": "sx", "parameters": [{"date": "2021-7-13", "name": "gate_error", "unit": "", "value": 0.0002961398236847486}, {"date": "2021-7-13", "name": "gate_length", "unit": "ns", "value": 35.55555555555556}], "name": "sx1"}, {"qubits": [2], "gate": "sx", "parameters": [{"date": "2021-7-13", "name": "gate_error", "unit": "", "value": 0.0003707250181300279}, {"date": "2021-7-13", "name": "gate_length", "unit": "ns", "value": 35.55555555555556}], "name": "sx2"}, {"qubits": [3], "gate": "sx", "parameters": [{"date": "2021-7-13", "name": "gate_error", "unit": "", "value": 0.00022544425958111652}, {"date": "2021-7-13", "name": "gate_length", "unit": "ns", "value": 35.55555555555556}], "name": "sx3"}, {"qubits": [4], "gate": "sx", "parameters": [{"date": "2021-7-13", "name": "gate_error", "unit": "", "value": 0.00033613975581461646}, {"date": "2021-7-13", "name": "gate_length", "unit": "ns", "value": 35.55555555555556}], "name": "sx4"}, {"qubits": [0], "gate": "x", "parameters": [{"date": "2021-7-13", "name": "gate_error", "unit": "", "value": 0.00026491377943720215}, {"date": "2021-7-13", "name": "gate_length", "unit": "ns", "value": 35.55555555555556}], "name": "x0"}, {"qubits": [1], "gate": "x", "parameters": [{"date": "2021-7-13", "name": "gate_error", "unit": "", "value": 0.0002961398236847486}, {"date": "2021-7-13", "name": "gate_length", "unit": "ns", "value": 35.55555555555556}], "name": "x1"}, {"qubits": [2], "gate": "x", "parameters": [{"date": "2021-7-13", "name": "gate_error", "unit": "", "value": 0.0003707250181300279}, {"date": "2021-7-13", "name": "gate_length", "unit": "ns", "value": 35.55555555555556}], "name": "x2"}, {"qubits": [3], "gate": "x", "parameters": [{"date": "2021-7-13", "name": "gate_error", "unit": "", "value": 0.00022544425958111652}, {"date": "2021-7-13", "name": "gate_length", "unit": "ns", "value": 35.55555555555556}], "name": "x3"}, {"qubits": [4], "gate": "x", "parameters": [{"date": "2021-7-13", "name": "gate_error", "unit": "", "value": 0.00033613975581461646}, {"date": "2021-7-13", "name": "gate_length", "unit": "ns", "value": 35.55555555555556}], "name": "x4"}, {"qubits": [4, 3], "gate": "cx", "parameters": [{"date": "2021-7-13", "name": "gate_error", "unit": "", "value": 0.009695285864508962}, {"date": "2021-7-10", "name": "gate_length", "unit": "ns", "value": 554.6666666666666}], "name": "cx4_3"}, {"qubits": [3, 4], "gate": "cx", "parameters": [{"date": "2021-7-13", "name": "gate_error", "unit": "", "value": 0.009695285864508962}, {"date": "2021-7-10", "name": "gate_length", "unit": "ns", "value": 590.2222222222222}], "name": "cx3_4"}, {"qubits": [3, 1], "gate": "cx", "parameters": [{"date": "2021-7-13", "name": "gate_error", "unit": "", "value": 0.0074205914125642924}, {"date": "2021-7-10", "name": "gate_length", "unit": "ns", "value": 398.2222222222222}], "name": "cx3_1"}, {"qubits": [1, 3], "gate": "cx", "parameters": [{"date": "2021-7-13", "name": "gate_error", "unit": "", "value": 0.0074205914125642924}, {"date": "2021-7-10", "name": "gate_length", "unit": "ns", "value": 433.77777777777777}], "name": "cx1_3"}, {"qubits": [2, 1], "gate": "cx", "parameters": [{"date": "2021-7-13", "name": "gate_error", "unit": "", "value": 0.007833559894570935}, {"date": "2021-7-10", "name": "gate_length", "unit": "ns", "value": 412.4444444444444}], "name": "cx2_1"}, {"qubits": [1, 2], "gate": "cx", "parameters": [{"date": "2021-7-13", "name": "gate_error", "unit": "", "value": 0.007833559894570935}, {"date": "2021-7-10", "name": "gate_length", "unit": "ns", "value": 448}], "name": "cx1_2"}, {"qubits": [1, 0], "gate": "cx", "parameters": [{"date": "2021-7-13", "name": "gate_error", "unit": "", "value": 0.017963624537748274}, {"date": "2021-7-10", "name": "gate_length", "unit": "ns", "value": 775.1111111111111}], "name": "cx1_0"}, {"qubits": [0, 1], "gate": "cx", "parameters": [{"date": "2021-7-13", "name": "gate_error", "unit": "", "value": 0.017963624537748274}, {"date": "2021-7-10", "name": "gate_length", "unit": "ns", "value": 810.6666666666666}], "name": "cx0_1"}, {"qubits": [0], "gate": "reset", "parameters": [{"date": "2021-7-13", "name": "gate_length", "unit": "ns", "value": 7342.222222222222}], "name": "reset0"}, {"qubits": [1], "gate": "reset", "parameters": [{"date": "2021-7-13", "name": "gate_length", "unit": "ns", "value": 7342.222222222222}], "name": "reset1"}, {"qubits": [2], "gate": "reset", "parameters": [{"date": "2021-7-13", "name": "gate_length", "unit": "ns", "value": 7342.222222222222}], "name": "reset2"}, {"qubits": [3], "gate": "reset", "parameters": [{"date": "2021-7-13", "name": "gate_length", "unit": "ns", "value": 7342.222222222222}], "name": "reset3"}, {"qubits": [4], "gate": "reset", "parameters": [{"date": "2021-7-13", "name": "gate_length", "unit": "ns", "value": 7342.222222222222}], "name": "reset4"}], "general": [{"date": "2021-7-13", "name": "jq_01", "unit": "GHz", "value": 0.0018736137364449847}, {"date": "2021-7-13", "name": "zz_01", "unit": "GHz", "value": -5.778719017046504e-05}, {"date": "2021-7-13", "name": "jq_12", "unit": "GHz", "value": 0.0020062596172337292}, {"date": "2021-7-13", "name": "zz_12", "unit": "GHz", "value": -5.607853601551941e-05}, {"date": "2021-7-13", "name": "jq_13", "unit": "GHz", "value": 0.0020039976609872224}, {"date": "2021-7-13", "name": "zz_13", "unit": "GHz", "value": -5.2854062688980254e-05}, {"date": "2021-7-13", "name": "jq_34", "unit": "GHz", "value": 0.0016737719182152912}, {"date": "2021-7-13", "name": "zz_34", "unit": "GHz", "value": -3.628419642815204e-05}]}