{"backend_name": "ibmq_belem", "backend_version": "1.0.15", "last_update_date": "2021-7-15", "qubits": [[{"date": "2021-7-15", "name": "T1", "unit": "us", "value": 99.9059090243272}, {"date": "2021-7-15", "name": "T2", "unit": "us", "value": 104.07318685222646}, {"date": "2021-7-15", "name": "frequency", "unit": "GHz", "value": 5.09002660765126}, {"date": "2021-7-15", "name": "anharmonicity", "unit": "GHz", "value": -0.33612300518216515}, {"date": "2021-7-15", "name": "readout_error", "unit": "", "value": 0.019300000000000095}, {"date": "2021-7-15", "name": "prob_meas0_prep1", "unit": "", "value": 0.03200000000000003}, {"date": "2021-7-15", "name": "prob_meas1_prep0", "unit": "", "value": 0.0066}, {"date": "2021-7-15", "name": "readout_length", "unit": "ns", "value": 5351.11111111111}], [{"date": "2021-7-15", "name": "T1", "unit": "us", "value": 105.97522099006724}, {"date": "2021-7-15", "name": "T2", "unit": "us", "value": 104.56748728468187}, {"date": "2021-7-15", "name": "frequency", "unit": "GHz", "value": 5.24539007363485}, {"date": "2021-7-15", "name": "anharmonicity", "unit": "GHz", "value": -0.316572131412737}, {"date": "2021-7-15", "name": "readout_error", "unit": "", "value": 0.023700000000000054}, {"date": "2021-7-15", "name": "prob_meas0_prep1", "unit": "", "value": 0.03839999999999999}, {"date": "2021-7-15", "name": "prob_meas1_prep0", "unit": "", "value": 0.009}, {"date": "2021-7-15", "name": "readout_length", "unit": "ns", "value": 5351.11111111111}], [{"date": "2021-7-15", "name": "T1", "unit": "us", "value": 90.04462251656159}, {"date": "2021-7-15", "name": "T2", "unit": "us", "value": 56.09183058913245}, {"date": "2021-7-15", "name": "frequency", "unit": "GHz", "value": 5.361297688535118}, {"date": "2021-7-15", "name": "anharmonicity", "unit": "GHz", "value": -0.3306274884584928}, {"date": "2021-7-15", "name": "readout_error", "unit": "", "value": 0.03820000000000001}, {"date": "2021-7-15", "name": "prob_meas0_prep1", "unit": "", "value": 0.06220000000000003}, {"date": "2021-7-15", "name": "prob_meas1_prep0", "unit": "", "value": 0.0142}, {"date": "2021-7-15", "name": "readout_length", "unit": "ns", "value": 5351.11111111111}], [{"date": "2021-7-15", "name": "T1", "unit": "us", "value": 90.36933815870673}, {"date": "2021-7-15", "name": "T2", "unit": "us", "value": 139.46541721872808}, {"date": "2021-7-15", "name": "frequency", "unit": "GHz", "value": 5.1704616707249444}, {"date": "2021-7-15", "name": "anharmonicity", "unit": "GHz", "value": -0.33373922611368106}, {"date": "2021-7-15", "name": "readout_error", "unit": "", "value": 0.020199999999999996}, {"date": "2021-7-15", "name": "prob_meas0_prep1", "unit": "", "value": 0.03480000000000005}, {"date": "2021-7-15", "name": "prob_meas1_prep0", "unit": "", "value": 0.0056}, {"date": "2021-7-15", "name": "readout_length", "unit": "ns", "value": 5351.11111111111}], [{"date": "2021-7-15", "name": "T1", "unit": "us", "value": 83.75741328038352}, {"date": "2021-7-15", "name": "T2", "unit": "us", "value": 169.70234351893103}, {"date": "2021-7-15", "name": "frequency", "unit": "GHz", "value": 5.258387845491123}, {"date": "2021-7-15", "name": "anharmonicity", "unit": "GHz", "value": -0.3313451432371279}, {"date": "2021-7-15", "name": "readout_error", "unit": "", "value": 0.04299999999999993}, {"date": "2021-7-15", "name": "prob_meas0_prep1", "unit": "", "value": 0.06799999999999995}, {"date": "2021-7-15", "name": "prob_meas1_prep0", "unit": "", "value": 0.018}, {"date": "2021-7-15", "name": "readout_length", "unit": "ns", "value": 5351.11111111111}]], "gates": [{"qubits": [0], "gate": "id", "parameters": [{"date": "2021-7-15", "name": "gate_error", "unit": "", "value": 0.00021537923108381194}, {"date": "2021-7-15", "name": "gate_length", "unit": "ns", "value": 35.55555555555556}], "name": "id0"}, {"qubits": [1], "gate": "id", "parameters": [{"date": "2021-7-15", "name": "gate_error", "unit": "", "value": 0.00030028336857105647}, {"date": "2021-7-15", "name": "gate_length", "unit": "ns", "value": 35.55555555555556}], "name": "id1"}, {"qubits": [2], "gate": "id", "parameters": [{"date": "2021-7-15", "name": "gate_error", "unit": "", "value": 0.00029036146205483097}, {"date": "2021-7-15", "name": "gate_length", "unit": "ns", "value": 35.55555555555556}], "name": "id2"}, {"qubits": [3], "gate": "id", "parameters": [{"date": "2021-7-15", "name": "gate_error", "unit": "", "value": 0.00027563256002040645}, {"date": "2021-7-15", "name": "gate_length", "unit": "ns", "value": 35.55555555555556}], "name": "id3"}, {"qubits": [4], "gate": "id", "parameters": [{"date": "2021-7-15", "name": "gate_error", "unit": "", "value": 0.0006451277083133149}, {"date": "2021-7-15", "name": "gate_length", "unit": "ns", "value": 35.55555555555556}], "name": "id4"}, {"qubits": [0], "gate": "rz", "parameters": [{"date": "2021-7-15", "name": "gate_error", "unit": "", "value": 0}, {"date": "2021-7-15", "name": "gate_length", "unit": "ns", "value": 0}], "name": "rz0"}, {"qubits": [1], "gate": "rz", "parameters": [{"date": "2021-7-15", "name": "gate_error", "unit": "", "value": 0}, {"date": "2021-7-15", "name": "gate_length", "unit": "ns", "value": 0}], "name": "rz1"}, {"qubits": [2], "gate": "rz", "parameters": [{"date": "2021-7-15", "name": "gate_error", "unit": "", "value": 0}, {"date": "2021-7-15", "name": "gate_length", "unit": "ns", "value": 0}], "name": "rz2"}, {"qubits": [3], "gate": "rz", "parameters": [{"date": "2021-7-15", "name": "gate_error", "unit": "", "value": 0}, {"date": "2021-7-15", "name": "gate_length", "unit": "ns", "value": 0}], "name": "rz3"}, {"qubits": [4], "gate": "rz", "parameters": [{"date": "2021-7-15", "name": "gate_error", "unit": "", "value": 0}, {"date": "2021-7-15", "name": "gate_length", "unit": "ns", "value": 0}], "name": "rz4"}, {"qubits": [0], "gate": "sx", "parameters": [{"date": "2021-7-15", "name": "gate_error", "unit": "", "value": 0.00021537923108381194}, {"date": "2021-7-15", "name": "gate_length", "unit": "ns", "value": 35.55555555555556}], "name": "sx0"}, {"qubits": [1], "gate": "sx", "parameters": [{"date": "2021-7-15", "name": "gate_error", "unit": "", "value": 0.00030028336857105647}, {"date": "2021-7-15", "name": "gate_length", "unit": "ns", "value": 35.55555555555556}], "name": "sx1"}, {"qubits": [2], "gate": "sx", "parameters": [{"date": "2021-7-15", "name": "gate_error", "unit": "", "value": 0.00029036146205483097}, {"date": "2021-7-15", "name": "gate_length", "unit": "ns", "value": 35.55555555555556}], "name": "sx2"}, {"qubits": [3], "gate": "sx", "parameters": [{"date": "2021-7-15", "name": "gate_error", "unit": "", "value": 0.00027563256002040645}, {"date": "2021-7-15", "name": "gate_length", "unit": "ns", "value": 35.55555555555556}], "name": "sx3"}, {"qubits": [4], "gate": "sx", "parameters": [{"date": "2021-7-15", "name": "gate_error", "unit": "", "value": 0.0006451277083133149}, {"date": "2021-7-15", "name": "gate_length", "unit": "ns", "value": 35.55555555555556}], "name": "sx4"}, {"qubits": [0], "gate": "x", "parameters": [{"date": "2021-7-15", "name": "gate_error", "unit": "", "value": 0.00021537923108381194}, {"date": "2021-7-15", "name": "gate_length", "unit": "ns", "value": 35.55555555555556}], "name": "x0"}, {"qubits": [1], "gate": "x", "parameters": [{"date": "2021-7-15", "name": "gate_error", "unit": "", "value": 0.00030028336857105647}, {"date": "2021-7-15", "name": "gate_length", "unit": "ns", "value": 35.55555555555556}], "name": "x1"}, {"qubits": [2], "gate": "x", "parameters": [{"date": "2021-7-15", "name": "gate_error", "unit": "", "value": 0.00029036146205483097}, {"date": "2021-7-15", "name": "gate_length", "unit": "ns", "value": 35.55555555555556}], "name": "x2"}, {"qubits": [3], "gate": "x", "parameters": [{"date": "2021-7-15", "name": "gate_error", "unit": "", "value": 0.00027563256002040645}, {"date": "2021-7-15", "name": "gate_length", "unit": "ns", "value": 35.55555555555556}], "name": "x3"}, {"qubits": [4], "gate": "x", "parameters": [{"date": "2021-7-15", "name": "gate_error", "unit": "", "value": 0.0006451277083133149}, {"date": "2021-7-15", "name": "gate_length", "unit": "ns", "value": 35.55555555555556}], "name": "x4"}, {"qubits": [4, 3], "gate": "cx", "parameters": [{"date": "2021-7-15", "name": "gate_error", "unit": "", "value": 0.01314392143252266}, {"date": "2021-7-12", "name": "gate_length", "unit": "ns", "value": 554.6666666666666}], "name": "cx4_3"}, {"qubits": [3, 4], "gate": "cx", "parameters": [{"date": "2021-7-15", "name": "gate_error", "unit": "", "value": 0.01314392143252266}, {"date": "2021-7-12", "name": "gate_length", "unit": "ns", "value": 590.2222222222222}], "name": "cx3_4"}, {"qubits": [3, 1], "gate": "cx", "parameters": [{"date": "2021-7-15", "name": "gate_error", "unit": "", "value": 0.008965831086002768}, {"date": "2021-7-12", "name": "gate_length", "unit": "ns", "value": 398.2222222222222}], "name": "cx3_1"}, {"qubits": [1, 3], "gate": "cx", "parameters": [{"date": "2021-7-15", "name": "gate_error", "unit": "", "value": 0.008965831086002768}, {"date": "2021-7-12", "name": "gate_length", "unit": "ns", "value": 433.77777777777777}], "name": "cx1_3"}, {"qubits": [2, 1], "gate": "cx", "parameters": [{"date": "2021-7-15", "name": "gate_error", "unit": "", "value": 0.007845413991559913}, {"date": "2021-7-12", "name": "gate_length", "unit": "ns", "value": 412.4444444444444}], "name": "cx2_1"}, {"qubits": [1, 2], "gate": "cx", "parameters": [{"date": "2021-7-15", "name": "gate_error", "unit": "", "value": 0.007845413991559913}, {"date": "2021-7-12", "name": "gate_length", "unit": "ns", "value": 448}], "name": "cx1_2"}, {"qubits": [1, 0], "gate": "cx", "parameters": [{"date": "2021-7-15", "name": "gate_error", "unit": "", "value": 0.018754161034943595}, {"date": "2021-7-12", "name": "gate_length", "unit": "ns", "value": 775.1111111111111}], "name": "cx1_0"}, {"qubits": [0, 1], "gate": "cx", "parameters": [{"date": "2021-7-15", "name": "gate_error", "unit": "", "value": 0.018754161034943595}, {"date": "2021-7-12", "name": "gate_length", "unit": "ns", "value": 810.6666666666666}], "name": "cx0_1"}, {"qubits": [0], "gate": "reset", "parameters": [{"date": "2021-7-15", "name": "gate_length", "unit": "ns", "value": 7342.222222222222}], "name": "reset0"}, {"qubits": [1], "gate": "reset", "parameters": [{"date": "2021-7-15", "name": "gate_length", "unit": "ns", "value": 7342.222222222222}], "name": "reset1"}, {"qubits": [2], "gate": "reset", "parameters": [{"date": "2021-7-15", "name": "gate_length", "unit": "ns", "value": 7342.222222222222}], "name": "reset2"}, {"qubits": [3], "gate": "reset", "parameters": [{"date": "2021-7-15", "name": "gate_length", "unit": "ns", "value": 7342.222222222222}], "name": "reset3"}, {"qubits": [4], "gate": "reset", "parameters": [{"date": "2021-7-15", "name": "gate_length", "unit": "ns", "value": 7342.222222222222}], "name": "reset4"}], "general": [{"date": "2021-7-15", "name": "jq_01", "unit": "GHz", "value": 0.0018736137364449847}, {"date": "2021-7-15", "name": "zz_01", "unit": "GHz", "value": -5.778719017046504e-05}, {"date": "2021-7-15", "name": "jq_12", "unit": "GHz", "value": 0.0020062596172337292}, {"date": "2021-7-15", "name": "zz_12", "unit": "GHz", "value": -5.607853601551941e-05}, {"date": "2021-7-15", "name": "jq_13", "unit": "GHz", "value": 0.0020039976609872224}, {"date": "2021-7-15", "name": "zz_13", "unit": "GHz", "value": -5.2854062688980254e-05}, {"date": "2021-7-15", "name": "jq_34", "unit": "GHz", "value": 0.0016737719182152912}, {"date": "2021-7-15", "name": "zz_34", "unit": "GHz", "value": -3.628419642815204e-05}]}