{"backend_name": "ibmq_belem", "backend_version": "1.0.30", "last_update_date": "2021-12-28", "qubits": [[{"date": "2021-12-28", "name": "T1", "unit": "us", "value": 104.22333826736694}, {"date": "2021-12-28", "name": "T2", "unit": "us", "value": 78.23575104254992}, {"date": "2021-12-28", "name": "frequency", "unit": "GHz", "value": 5.090221451886682}, {"date": "2021-12-28", "name": "anharmonicity", "unit": "GHz", "value": -0.33612300518216515}, {"date": "2021-12-28", "name": "readout_error", "unit": "", "value": 0.020000000000000018}, {"date": "2021-12-28", "name": "prob_meas0_prep1", "unit": "", "value": 0.03400000000000003}, {"date": "2021-12-28", "name": "prob_meas1_prep0", "unit": "", "value": 0.006}, {"date": "2021-12-28", "name": "readout_length", "unit": "ns", "value": 5351.11111111111}], [{"date": "2021-12-28", "name": "T1", "unit": "us", "value": 98.88741597519338}, {"date": "2021-12-28", "name": "T2", "unit": "us", "value": 120.76525774942229}, {"date": "2021-12-28", "name": "frequency", "unit": "GHz", "value": 5.245575920605264}, {"date": "2021-12-28", "name": "anharmonicity", "unit": "GHz", "value": -0.316572131412737}, {"date": "2021-12-28", "name": "readout_error", "unit": "", "value": 0.02739999999999998}, {"date": "2021-12-28", "name": "prob_meas0_prep1", "unit": "", "value": 0.042200000000000015}, {"date": "2021-12-28", "name": "prob_meas1_prep0", "unit": "", "value": 0.0126}, {"date": "2021-12-28", "name": "readout_length", "unit": "ns", "value": 5351.11111111111}], [{"date": "2021-12-28", "name": "T1", "unit": "us", "value": 92.25094068977464}, {"date": "2021-12-28", "name": "T2", "unit": "us", "value": 63.990181717652845}, {"date": "2021-12-28", "name": "frequency", "unit": "GHz", "value": 5.36149714370479}, {"date": "2021-12-28", "name": "anharmonicity", "unit": "GHz", "value": -0.3306274884584928}, {"date": "2021-12-28", "name": "readout_error", "unit": "", "value": 0.030200000000000005}, {"date": "2021-12-28", "name": "prob_meas0_prep1", "unit": "", "value": 0.04579999999999995}, {"date": "2021-12-28", "name": "prob_meas1_prep0", "unit": "", "value": 0.0146}, {"date": "2021-12-28", "name": "readout_length", "unit": "ns", "value": 5351.11111111111}], [{"date": "2021-12-28", "name": "T1", "unit": "us", "value": 73.34058428706473}, {"date": "2021-12-28", "name": "T2", "unit": "us", "value": 143.84490035347233}, {"date": "2021-12-28", "name": "frequency", "unit": "GHz", "value": 5.170375750513264}, {"date": "2021-12-28", "name": "anharmonicity", "unit": "GHz", "value": -0.33373922611368106}, {"date": "2021-12-28", "name": "readout_error", "unit": "", "value": 0.031399999999999983}, {"date": "2021-12-28", "name": "prob_meas0_prep1", "unit": "", "value": 0.0534}, {"date": "2021-12-28", "name": "prob_meas1_prep0", "unit": "", "value": 0.0094}, {"date": "2021-12-28", "name": "readout_length", "unit": "ns", "value": 5351.11111111111}], [{"date": "2021-12-28", "name": "T1", "unit": "us", "value": 104.49601457667536}, {"date": "2021-12-28", "name": "T2", "unit": "us", "value": 156.01641100633285}, {"date": "2021-12-28", "name": "frequency", "unit": "GHz", "value": 5.258460728920571}, {"date": "2021-12-28", "name": "anharmonicity", "unit": "GHz", "value": -0.3313451432371279}, {"date": "2021-12-28", "name": "readout_error", "unit": "", "value": 0.01849999999999996}, {"date": "2021-12-28", "name": "prob_meas0_prep1", "unit": "", "value": 0.03200000000000003}, {"date": "2021-12-28", "name": "prob_meas1_prep0", "unit": "", "value": 0.005}, {"date": "2021-12-28", "name": "readout_length", "unit": "ns", "value": 5351.11111111111}]], "gates": [{"qubits": [0], "gate": "id", "parameters": [{"date": "2021-12-28", "name": "gate_error", "unit": "", "value": 0.0003141433976778029}, {"date": "2021-12-28", "name": "gate_length", "unit": "ns", "value": 35.55555555555556}], "name": "id0"}, {"qubits": [1], "gate": "id", "parameters": [{"date": "2021-12-28", "name": "gate_error", "unit": "", "value": 0.00032431136240692015}, {"date": "2021-12-28", "name": "gate_length", "unit": "ns", "value": 35.55555555555556}], "name": "id1"}, {"qubits": [2], "gate": "id", "parameters": [{"date": "2021-12-28", "name": "gate_error", "unit": "", "value": 0.0003158103046903187}, {"date": "2021-12-28", "name": "gate_length", "unit": "ns", "value": 35.55555555555556}], "name": "id2"}, {"qubits": [3], "gate": "id", "parameters": [{"date": "2021-12-28", "name": "gate_error", "unit": "", "value": 0.00030174849261259585}, {"date": "2021-12-28", "name": "gate_length", "unit": "ns", "value": 35.55555555555556}], "name": "id3"}, {"qubits": [4], "gate": "id", "parameters": [{"date": "2021-12-28", "name": "gate_error", "unit": "", "value": 0.0003258307825979277}, {"date": "2021-12-28", "name": "gate_length", "unit": "ns", "value": 35.55555555555556}], "name": "id4"}, {"qubits": [0], "gate": "rz", "parameters": [{"date": "2021-12-28", "name": "gate_error", "unit": "", "value": 0}, {"date": "2021-12-28", "name": "gate_length", "unit": "ns", "value": 0}], "name": "rz0"}, {"qubits": [1], "gate": "rz", "parameters": [{"date": "2021-12-28", "name": "gate_error", "unit": "", "value": 0}, {"date": "2021-12-28", "name": "gate_length", "unit": "ns", "value": 0}], "name": "rz1"}, {"qubits": [2], "gate": "rz", "parameters": [{"date": "2021-12-28", "name": "gate_error", "unit": "", "value": 0}, {"date": "2021-12-28", "name": "gate_length", "unit": "ns", "value": 0}], "name": "rz2"}, {"qubits": [3], "gate": "rz", "parameters": [{"date": "2021-12-28", "name": "gate_error", "unit": "", "value": 0}, {"date": "2021-12-28", "name": "gate_length", "unit": "ns", "value": 0}], "name": "rz3"}, {"qubits": [4], "gate": "rz", "parameters": [{"date": "2021-12-28", "name": "gate_error", "unit": "", "value": 0}, {"date": "2021-12-28", "name": "gate_length", "unit": "ns", "value": 0}], "name": "rz4"}, {"qubits": [0], "gate": "sx", "parameters": [{"date": "2021-12-28", "name": "gate_error", "unit": "", "value": 0.0003141433976778029}, {"date": "2021-12-28", "name": "gate_length", "unit": "ns", "value": 35.55555555555556}], "name": "sx0"}, {"qubits": [1], "gate": "sx", "parameters": [{"date": "2021-12-28", "name": "gate_error", "unit": "", "value": 0.00032431136240692015}, {"date": "2021-12-28", "name": "gate_length", "unit": "ns", "value": 35.55555555555556}], "name": "sx1"}, {"qubits": [2], "gate": "sx", "parameters": [{"date": "2021-12-28", "name": "gate_error", "unit": "", "value": 0.0003158103046903187}, {"date": "2021-12-28", "name": "gate_length", "unit": "ns", "value": 35.55555555555556}], "name": "sx2"}, {"qubits": [3], "gate": "sx", "parameters": [{"date": "2021-12-28", "name": "gate_error", "unit": "", "value": 0.00030174849261259585}, {"date": "2021-12-28", "name": "gate_length", "unit": "ns", "value": 35.55555555555556}], "name": "sx3"}, {"qubits": [4], "gate": "sx", "parameters": [{"date": "2021-12-28", "name": "gate_error", "unit": "", "value": 0.0003258307825979277}, {"date": "2021-12-28", "name": "gate_length", "unit": "ns", "value": 35.55555555555556}], "name": "sx4"}, {"qubits": [0], "gate": "x", "parameters": [{"date": "2021-12-28", "name": "gate_error", "unit": "", "value": 0.0003141433976778029}, {"date": "2021-12-28", "name": "gate_length", "unit": "ns", "value": 35.55555555555556}], "name": "x0"}, {"qubits": [1], "gate": "x", "parameters": [{"date": "2021-12-28", "name": "gate_error", "unit": "", "value": 0.00032431136240692015}, {"date": "2021-12-28", "name": "gate_length", "unit": "ns", "value": 35.55555555555556}], "name": "x1"}, {"qubits": [2], "gate": "x", "parameters": [{"date": "2021-12-28", "name": "gate_error", "unit": "", "value": 0.0003158103046903187}, {"date": "2021-12-28", "name": "gate_length", "unit": "ns", "value": 35.55555555555556}], "name": "x2"}, {"qubits": [3], "gate": "x", "parameters": [{"date": "2021-12-28", "name": "gate_error", "unit": "", "value": 0.00030174849261259585}, {"date": "2021-12-28", "name": "gate_length", "unit": "ns", "value": 35.55555555555556}], "name": "x3"}, {"qubits": [4], "gate": "x", "parameters": [{"date": "2021-12-28", "name": "gate_error", "unit": "", "value": 0.0003258307825979277}, {"date": "2021-12-28", "name": "gate_length", "unit": "ns", "value": 35.55555555555556}], "name": "x4"}, {"qubits": [4, 3], "gate": "cx", "parameters": [{"date": "2021-12-28", "name": "gate_error", "unit": "", "value": 0.011239502925058958}, {"date": "2021-12-25", "name": "gate_length", "unit": "ns", "value": 554.6666666666666}], "name": "cx4_3"}, {"qubits": [3, 4], "gate": "cx", "parameters": [{"date": "2021-12-28", "name": "gate_error", "unit": "", "value": 0.011239502925058958}, {"date": "2021-12-25", "name": "gate_length", "unit": "ns", "value": 590.2222222222222}], "name": "cx3_4"}, {"qubits": [3, 1], "gate": "cx", "parameters": [{"date": "2021-12-28", "name": "gate_error", "unit": "", "value": 0.011112280705289412}, {"date": "2021-12-25", "name": "gate_length", "unit": "ns", "value": 398.2222222222222}], "name": "cx3_1"}, {"qubits": [1, 3], "gate": "cx", "parameters": [{"date": "2021-12-28", "name": "gate_error", "unit": "", "value": 0.011112280705289412}, {"date": "2021-12-25", "name": "gate_length", "unit": "ns", "value": 433.77777777777777}], "name": "cx1_3"}, {"qubits": [2, 1], "gate": "cx", "parameters": [{"date": "2021-12-28", "name": "gate_error", "unit": "", "value": 0.007221644351203538}, {"date": "2021-12-25", "name": "gate_length", "unit": "ns", "value": 412.4444444444444}], "name": "cx2_1"}, {"qubits": [1, 2], "gate": "cx", "parameters": [{"date": "2021-12-28", "name": "gate_error", "unit": "", "value": 0.007221644351203538}, {"date": "2021-12-25", "name": "gate_length", "unit": "ns", "value": 448}], "name": "cx1_2"}, {"qubits": [1, 0], "gate": "cx", "parameters": [{"date": "2021-12-28", "name": "gate_error", "unit": "", "value": 0.017055140737180285}, {"date": "2021-12-25", "name": "gate_length", "unit": "ns", "value": 775.1111111111111}], "name": "cx1_0"}, {"qubits": [0, 1], "gate": "cx", "parameters": [{"date": "2021-12-28", "name": "gate_error", "unit": "", "value": 0.017055140737180285}, {"date": "2021-12-25", "name": "gate_length", "unit": "ns", "value": 810.6666666666666}], "name": "cx0_1"}, {"qubits": [0], "gate": "reset", "parameters": [{"date": "2021-12-28", "name": "gate_length", "unit": "ns", "value": 7342.222222222222}], "name": "reset0"}, {"qubits": [1], "gate": "reset", "parameters": [{"date": "2021-12-28", "name": "gate_length", "unit": "ns", "value": 7342.222222222222}], "name": "reset1"}, {"qubits": [2], "gate": "reset", "parameters": [{"date": "2021-12-28", "name": "gate_length", "unit": "ns", "value": 7342.222222222222}], "name": "reset2"}, {"qubits": [3], "gate": "reset", "parameters": [{"date": "2021-12-28", "name": "gate_length", "unit": "ns", "value": 7342.222222222222}], "name": "reset3"}, {"qubits": [4], "gate": "reset", "parameters": [{"date": "2021-12-28", "name": "gate_length", "unit": "ns", "value": 7342.222222222222}], "name": "reset4"}], "general": [{"date": "2021-12-28", "name": "jq_01", "unit": "GHz", "value": 0.0018736137364449847}, {"date": "2021-12-28", "name": "zz_01", "unit": "GHz", "value": -5.778719017046504e-05}, {"date": "2021-12-28", "name": "jq_12", "unit": "GHz", "value": 0.0020062596172337292}, {"date": "2021-12-28", "name": "zz_12", "unit": "GHz", "value": -5.607853601551941e-05}, {"date": "2021-12-28", "name": "jq_13", "unit": "GHz", "value": 0.0020039976609872224}, {"date": "2021-12-28", "name": "zz_13", "unit": "GHz", "value": -5.2854062688980254e-05}, {"date": "2021-12-28", "name": "jq_34", "unit": "GHz", "value": 0.0016737719182152912}, {"date": "2021-12-28", "name": "zz_34", "unit": "GHz", "value": -3.628419642815204e-05}]}