{"backend_name": "ibmq_belem", "backend_version": "1.0.25", "last_update_date": "2021-11-11", "qubits": [[{"date": "2021-11-11", "name": "T1", "unit": "us", "value": 55.42889842756396}, {"date": "2021-11-11", "name": "T2", "unit": "us", "value": 76.32405267395951}, {"date": "2021-11-11", "name": "frequency", "unit": "GHz", "value": 5.090158131662874}, {"date": "2021-11-11", "name": "anharmonicity", "unit": "GHz", "value": -0.33612300518216515}, {"date": "2021-11-11", "name": "readout_error", "unit": "", "value": 0.01869999999999994}, {"date": "2021-11-11", "name": "prob_meas0_prep1", "unit": "", "value": 0.02939999999999998}, {"date": "2021-11-11", "name": "prob_meas1_prep0", "unit": "", "value": 0.008}, {"date": "2021-11-11", "name": "readout_length", "unit": "ns", "value": 5351.11111111111}], [{"date": "2021-11-11", "name": "T1", "unit": "us", "value": 73.92683038027029}, {"date": "2021-11-11", "name": "T2", "unit": "us", "value": 107.33806062077865}, {"date": "2021-11-11", "name": "frequency", "unit": "GHz", "value": 5.245571908298689}, {"date": "2021-11-11", "name": "anharmonicity", "unit": "GHz", "value": -0.316572131412737}, {"date": "2021-11-11", "name": "readout_error", "unit": "", "value": 0.029299999999999993}, {"date": "2021-11-11", "name": "prob_meas0_prep1", "unit": "", "value": 0.04679999999999995}, {"date": "2021-11-11", "name": "prob_meas1_prep0", "unit": "", "value": 0.0118}, {"date": "2021-11-11", "name": "readout_length", "unit": "ns", "value": 5351.11111111111}], [{"date": "2021-11-11", "name": "T1", "unit": "us", "value": 102.88353974847661}, {"date": "2021-11-11", "name": "T2", "unit": "us", "value": 41.481376811139576}, {"date": "2021-11-11", "name": "frequency", "unit": "GHz", "value": 5.361466494008831}, {"date": "2021-11-11", "name": "anharmonicity", "unit": "GHz", "value": -0.3306274884584928}, {"date": "2021-11-11", "name": "readout_error", "unit": "", "value": 0.025600000000000067}, {"date": "2021-11-11", "name": "prob_meas0_prep1", "unit": "", "value": 0.040200000000000014}, {"date": "2021-11-11", "name": "prob_meas1_prep0", "unit": "", "value": 0.011}, {"date": "2021-11-11", "name": "readout_length", "unit": "ns", "value": 5351.11111111111}], [{"date": "2021-11-11", "name": "T1", "unit": "us", "value": 66.67949715606122}, {"date": "2021-11-11", "name": "T2", "unit": "us", "value": 91.84897963401784}, {"date": "2021-11-11", "name": "frequency", "unit": "GHz", "value": 5.170385486175869}, {"date": "2021-11-11", "name": "anharmonicity", "unit": "GHz", "value": -0.33373922611368106}, {"date": "2021-11-11", "name": "readout_error", "unit": "", "value": 0.04289999999999994}, {"date": "2021-11-11", "name": "prob_meas0_prep1", "unit": "", "value": 0.06520000000000004}, {"date": "2021-11-11", "name": "prob_meas1_prep0", "unit": "", "value": 0.0206}, {"date": "2021-11-11", "name": "readout_length", "unit": "ns", "value": 5351.11111111111}], [{"date": "2021-11-11", "name": "T1", "unit": "us", "value": 58.15593825648208}, {"date": "2021-11-11", "name": "T2", "unit": "us", "value": 79.03870519125002}, {"date": "2021-11-11", "name": "frequency", "unit": "GHz", "value": 5.258459064548098}, {"date": "2021-11-11", "name": "anharmonicity", "unit": "GHz", "value": -0.3313451432371279}, {"date": "2021-11-11", "name": "readout_error", "unit": "", "value": 0.021199999999999997}, {"date": "2021-11-11", "name": "prob_meas0_prep1", "unit": "", "value": 0.035599999999999965}, {"date": "2021-11-11", "name": "prob_meas1_prep0", "unit": "", "value": 0.0068}, {"date": "2021-11-11", "name": "readout_length", "unit": "ns", "value": 5351.11111111111}]], "gates": [{"qubits": [0], "gate": "id", "parameters": [{"date": "2021-11-11", "name": "gate_error", "unit": "", "value": 0.00021690837961849463}, {"date": "2021-11-11", "name": "gate_length", "unit": "ns", "value": 35.55555555555556}], "name": "id0"}, {"qubits": [1], "gate": "id", "parameters": [{"date": "2021-11-11", "name": "gate_error", "unit": "", "value": 0.0002622228512248226}, {"date": "2021-11-11", "name": "gate_length", "unit": "ns", "value": 35.55555555555556}], "name": "id1"}, {"qubits": [2], "gate": "id", "parameters": [{"date": "2021-11-11", "name": "gate_error", "unit": "", "value": 0.0003628364647318015}, {"date": "2021-11-11", "name": "gate_length", "unit": "ns", "value": 35.55555555555556}], "name": "id2"}, {"qubits": [3], "gate": "id", "parameters": [{"date": "2021-11-11", "name": "gate_error", "unit": "", "value": 0.0007381765986731722}, {"date": "2021-11-11", "name": "gate_length", "unit": "ns", "value": 35.55555555555556}], "name": "id3"}, {"qubits": [4], "gate": "id", "parameters": [{"date": "2021-11-11", "name": "gate_error", "unit": "", "value": 0.0002725004989754881}, {"date": "2021-11-11", "name": "gate_length", "unit": "ns", "value": 35.55555555555556}], "name": "id4"}, {"qubits": [0], "gate": "rz", "parameters": [{"date": "2021-11-11", "name": "gate_error", "unit": "", "value": 0}, {"date": "2021-11-11", "name": "gate_length", "unit": "ns", "value": 0}], "name": "rz0"}, {"qubits": [1], "gate": "rz", "parameters": [{"date": "2021-11-11", "name": "gate_error", "unit": "", "value": 0}, {"date": "2021-11-11", "name": "gate_length", "unit": "ns", "value": 0}], "name": "rz1"}, {"qubits": [2], "gate": "rz", "parameters": [{"date": "2021-11-11", "name": "gate_error", "unit": "", "value": 0}, {"date": "2021-11-11", "name": "gate_length", "unit": "ns", "value": 0}], "name": "rz2"}, {"qubits": [3], "gate": "rz", "parameters": [{"date": "2021-11-11", "name": "gate_error", "unit": "", "value": 0}, {"date": "2021-11-11", "name": "gate_length", "unit": "ns", "value": 0}], "name": "rz3"}, {"qubits": [4], "gate": "rz", "parameters": [{"date": "2021-11-11", "name": "gate_error", "unit": "", "value": 0}, {"date": "2021-11-11", "name": "gate_length", "unit": "ns", "value": 0}], "name": "rz4"}, {"qubits": [0], "gate": "sx", "parameters": [{"date": "2021-11-11", "name": "gate_error", "unit": "", "value": 0.00021690837961849463}, {"date": "2021-11-11", "name": "gate_length", "unit": "ns", "value": 35.55555555555556}], "name": "sx0"}, {"qubits": [1], "gate": "sx", "parameters": [{"date": "2021-11-11", "name": "gate_error", "unit": "", "value": 0.0002622228512248226}, {"date": "2021-11-11", "name": "gate_length", "unit": "ns", "value": 35.55555555555556}], "name": "sx1"}, {"qubits": [2], "gate": "sx", "parameters": [{"date": "2021-11-11", "name": "gate_error", "unit": "", "value": 0.0003628364647318015}, {"date": "2021-11-11", "name": "gate_length", "unit": "ns", "value": 35.55555555555556}], "name": "sx2"}, {"qubits": [3], "gate": "sx", "parameters": [{"date": "2021-11-11", "name": "gate_error", "unit": "", "value": 0.0007381765986731722}, {"date": "2021-11-11", "name": "gate_length", "unit": "ns", "value": 35.55555555555556}], "name": "sx3"}, {"qubits": [4], "gate": "sx", "parameters": [{"date": "2021-11-11", "name": "gate_error", "unit": "", "value": 0.0002725004989754881}, {"date": "2021-11-11", "name": "gate_length", "unit": "ns", "value": 35.55555555555556}], "name": "sx4"}, {"qubits": [0], "gate": "x", "parameters": [{"date": "2021-11-11", "name": "gate_error", "unit": "", "value": 0.00021690837961849463}, {"date": "2021-11-11", "name": "gate_length", "unit": "ns", "value": 35.55555555555556}], "name": "x0"}, {"qubits": [1], "gate": "x", "parameters": [{"date": "2021-11-11", "name": "gate_error", "unit": "", "value": 0.0002622228512248226}, {"date": "2021-11-11", "name": "gate_length", "unit": "ns", "value": 35.55555555555556}], "name": "x1"}, {"qubits": [2], "gate": "x", "parameters": [{"date": "2021-11-11", "name": "gate_error", "unit": "", "value": 0.0003628364647318015}, {"date": "2021-11-11", "name": "gate_length", "unit": "ns", "value": 35.55555555555556}], "name": "x2"}, {"qubits": [3], "gate": "x", "parameters": [{"date": "2021-11-11", "name": "gate_error", "unit": "", "value": 0.0007381765986731722}, {"date": "2021-11-11", "name": "gate_length", "unit": "ns", "value": 35.55555555555556}], "name": "x3"}, {"qubits": [4], "gate": "x", "parameters": [{"date": "2021-11-11", "name": "gate_error", "unit": "", "value": 0.0002725004989754881}, {"date": "2021-11-11", "name": "gate_length", "unit": "ns", "value": 35.55555555555556}], "name": "x4"}, {"qubits": [4, 3], "gate": "cx", "parameters": [{"date": "2021-11-11", "name": "gate_error", "unit": "", "value": 0.020976430810817487}, {"date": "2021-11-8", "name": "gate_length", "unit": "ns", "value": 554.6666666666666}], "name": "cx4_3"}, {"qubits": [3, 4], "gate": "cx", "parameters": [{"date": "2021-11-11", "name": "gate_error", "unit": "", "value": 0.020976430810817487}, {"date": "2021-11-8", "name": "gate_length", "unit": "ns", "value": 590.2222222222222}], "name": "cx3_4"}, {"qubits": [3, 1], "gate": "cx", "parameters": [{"date": "2021-11-11", "name": "gate_error", "unit": "", "value": 0.013557016450623072}, {"date": "2021-11-8", "name": "gate_length", "unit": "ns", "value": 398.2222222222222}], "name": "cx3_1"}, {"qubits": [1, 3], "gate": "cx", "parameters": [{"date": "2021-11-11", "name": "gate_error", "unit": "", "value": 0.013557016450623072}, {"date": "2021-11-8", "name": "gate_length", "unit": "ns", "value": 433.77777777777777}], "name": "cx1_3"}, {"qubits": [2, 1], "gate": "cx", "parameters": [{"date": "2021-11-11", "name": "gate_error", "unit": "", "value": 0.012416073792539672}, {"date": "2021-11-8", "name": "gate_length", "unit": "ns", "value": 412.4444444444444}], "name": "cx2_1"}, {"qubits": [1, 2], "gate": "cx", "parameters": [{"date": "2021-11-11", "name": "gate_error", "unit": "", "value": 0.012416073792539672}, {"date": "2021-11-8", "name": "gate_length", "unit": "ns", "value": 448}], "name": "cx1_2"}, {"qubits": [1, 0], "gate": "cx", "parameters": [{"date": "2021-11-11", "name": "gate_error", "unit": "", "value": 0.015100791336308594}, {"date": "2021-11-8", "name": "gate_length", "unit": "ns", "value": 775.1111111111111}], "name": "cx1_0"}, {"qubits": [0, 1], "gate": "cx", "parameters": [{"date": "2021-11-11", "name": "gate_error", "unit": "", "value": 0.015100791336308594}, {"date": "2021-11-8", "name": "gate_length", "unit": "ns", "value": 810.6666666666666}], "name": "cx0_1"}, {"qubits": [0], "gate": "reset", "parameters": [{"date": "2021-11-11", "name": "gate_length", "unit": "ns", "value": 7342.222222222222}], "name": "reset0"}, {"qubits": [1], "gate": "reset", "parameters": [{"date": "2021-11-11", "name": "gate_length", "unit": "ns", "value": 7342.222222222222}], "name": "reset1"}, {"qubits": [2], "gate": "reset", "parameters": [{"date": "2021-11-11", "name": "gate_length", "unit": "ns", "value": 7342.222222222222}], "name": "reset2"}, {"qubits": [3], "gate": "reset", "parameters": [{"date": "2021-11-11", "name": "gate_length", "unit": "ns", "value": 7342.222222222222}], "name": "reset3"}, {"qubits": [4], "gate": "reset", "parameters": [{"date": "2021-11-11", "name": "gate_length", "unit": "ns", "value": 7342.222222222222}], "name": "reset4"}], "general": [{"date": "2021-11-11", "name": "jq_01", "unit": "GHz", "value": 0.0018736137364449847}, {"date": "2021-11-11", "name": "zz_01", "unit": "GHz", "value": -5.778719017046504e-05}, {"date": "2021-11-11", "name": "jq_12", "unit": "GHz", "value": 0.0020062596172337292}, {"date": "2021-11-11", "name": "zz_12", "unit": "GHz", "value": -5.607853601551941e-05}, {"date": "2021-11-11", "name": "jq_13", "unit": "GHz", "value": 0.0020039976609872224}, {"date": "2021-11-11", "name": "zz_13", "unit": "GHz", "value": -5.2854062688980254e-05}, {"date": "2021-11-11", "name": "jq_34", "unit": "GHz", "value": 0.0016737719182152912}, {"date": "2021-11-11", "name": "zz_34", "unit": "GHz", "value": -3.628419642815204e-05}]}