{"backend_name": "ibmq_belem", "backend_version": "1.0.29", "last_update_date": "2021-12-2", "qubits": [[{"date": "2021-12-2", "name": "T1", "unit": "us", "value": 96.64908008430648}, {"date": "2021-12-2", "name": "T2", "unit": "us", "value": 94.5828960393521}, {"date": "2021-12-2", "name": "frequency", "unit": "GHz", "value": 5.090161261763294}, {"date": "2021-12-2", "name": "anharmonicity", "unit": "GHz", "value": -0.33612300518216515}, {"date": "2021-12-2", "name": "readout_error", "unit": "", "value": 0.017199999999999993}, {"date": "2021-12-2", "name": "prob_meas0_prep1", "unit": "", "value": 0.029200000000000004}, {"date": "2021-12-2", "name": "prob_meas1_prep0", "unit": "", "value": 0.0052}, {"date": "2021-12-2", "name": "readout_length", "unit": "ns", "value": 5351.11111111111}], [{"date": "2021-12-2", "name": "T1", "unit": "us", "value": 78.34200830527288}, {"date": "2021-12-2", "name": "T2", "unit": "us", "value": 128.0378100276363}, {"date": "2021-12-2", "name": "frequency", "unit": "GHz", "value": 5.245571222440988}, {"date": "2021-12-2", "name": "anharmonicity", "unit": "GHz", "value": -0.316572131412737}, {"date": "2021-12-2", "name": "readout_error", "unit": "", "value": 0.024899999999999922}, {"date": "2021-12-2", "name": "prob_meas0_prep1", "unit": "", "value": 0.03739999999999999}, {"date": "2021-12-2", "name": "prob_meas1_prep0", "unit": "", "value": 0.0124}, {"date": "2021-12-2", "name": "readout_length", "unit": "ns", "value": 5351.11111111111}], [{"date": "2021-12-2", "name": "T1", "unit": "us", "value": 79.0237273005781}, {"date": "2021-12-2", "name": "T2", "unit": "us", "value": 69.17808409704186}, {"date": "2021-12-2", "name": "frequency", "unit": "GHz", "value": 5.361471505800494}, {"date": "2021-12-2", "name": "anharmonicity", "unit": "GHz", "value": -0.3306274884584928}, {"date": "2021-12-2", "name": "readout_error", "unit": "", "value": 0.020199999999999996}, {"date": "2021-12-2", "name": "prob_meas0_prep1", "unit": "", "value": 0.031399999999999983}, {"date": "2021-12-2", "name": "prob_meas1_prep0", "unit": "", "value": 0.009}, {"date": "2021-12-2", "name": "readout_length", "unit": "ns", "value": 5351.11111111111}], [{"date": "2021-12-2", "name": "T1", "unit": "us", "value": 89.64572962588801}, {"date": "2021-12-2", "name": "T2", "unit": "us", "value": 122.29129840111315}, {"date": "2021-12-2", "name": "frequency", "unit": "GHz", "value": 5.170377705426044}, {"date": "2021-12-2", "name": "anharmonicity", "unit": "GHz", "value": -0.33373922611368106}, {"date": "2021-12-2", "name": "readout_error", "unit": "", "value": 0.021599999999999953}, {"date": "2021-12-2", "name": "prob_meas0_prep1", "unit": "", "value": 0.038799999999999946}, {"date": "2021-12-2", "name": "prob_meas1_prep0", "unit": "", "value": 0.0044}, {"date": "2021-12-2", "name": "readout_length", "unit": "ns", "value": 5351.11111111111}], [{"date": "2021-12-2", "name": "T1", "unit": "us", "value": 101.99006831397827}, {"date": "2021-12-2", "name": "T2", "unit": "us", "value": 158.59115838314798}, {"date": "2021-12-2", "name": "frequency", "unit": "GHz", "value": 5.258458834787974}, {"date": "2021-12-2", "name": "anharmonicity", "unit": "GHz", "value": -0.3313451432371279}, {"date": "2021-12-2", "name": "readout_error", "unit": "", "value": 0.027900000000000036}, {"date": "2021-12-2", "name": "prob_meas0_prep1", "unit": "", "value": 0.04620000000000002}, {"date": "2021-12-2", "name": "prob_meas1_prep0", "unit": "", "value": 0.0096}, {"date": "2021-12-2", "name": "readout_length", "unit": "ns", "value": 5351.11111111111}]], "gates": [{"qubits": [0], "gate": "id", "parameters": [{"date": "2021-12-2", "name": "gate_error", "unit": "", "value": 0.00028496151757300965}, {"date": "2021-12-2", "name": "gate_length", "unit": "ns", "value": 35.55555555555556}], "name": "id0"}, {"qubits": [1], "gate": "id", "parameters": [{"date": "2021-12-2", "name": "gate_error", "unit": "", "value": 0.0003206590257373188}, {"date": "2021-12-2", "name": "gate_length", "unit": "ns", "value": 35.55555555555556}], "name": "id1"}, {"qubits": [2], "gate": "id", "parameters": [{"date": "2021-12-2", "name": "gate_error", "unit": "", "value": 0.00022576315093369317}, {"date": "2021-12-2", "name": "gate_length", "unit": "ns", "value": 35.55555555555556}], "name": "id2"}, {"qubits": [3], "gate": "id", "parameters": [{"date": "2021-12-2", "name": "gate_error", "unit": "", "value": 0.00028380200488391824}, {"date": "2021-12-2", "name": "gate_length", "unit": "ns", "value": 35.55555555555556}], "name": "id3"}, {"qubits": [4], "gate": "id", "parameters": [{"date": "2021-12-2", "name": "gate_error", "unit": "", "value": 0.00027962436257835684}, {"date": "2021-12-2", "name": "gate_length", "unit": "ns", "value": 35.55555555555556}], "name": "id4"}, {"qubits": [0], "gate": "rz", "parameters": [{"date": "2021-12-2", "name": "gate_error", "unit": "", "value": 0}, {"date": "2021-12-2", "name": "gate_length", "unit": "ns", "value": 0}], "name": "rz0"}, {"qubits": [1], "gate": "rz", "parameters": [{"date": "2021-12-2", "name": "gate_error", "unit": "", "value": 0}, {"date": "2021-12-2", "name": "gate_length", "unit": "ns", "value": 0}], "name": "rz1"}, {"qubits": [2], "gate": "rz", "parameters": [{"date": "2021-12-2", "name": "gate_error", "unit": "", "value": 0}, {"date": "2021-12-2", "name": "gate_length", "unit": "ns", "value": 0}], "name": "rz2"}, {"qubits": [3], "gate": "rz", "parameters": [{"date": "2021-12-2", "name": "gate_error", "unit": "", "value": 0}, {"date": "2021-12-2", "name": "gate_length", "unit": "ns", "value": 0}], "name": "rz3"}, {"qubits": [4], "gate": "rz", "parameters": [{"date": "2021-12-2", "name": "gate_error", "unit": "", "value": 0}, {"date": "2021-12-2", "name": "gate_length", "unit": "ns", "value": 0}], "name": "rz4"}, {"qubits": [0], "gate": "sx", "parameters": [{"date": "2021-12-2", "name": "gate_error", "unit": "", "value": 0.00028496151757300965}, {"date": "2021-12-2", "name": "gate_length", "unit": "ns", "value": 35.55555555555556}], "name": "sx0"}, {"qubits": [1], "gate": "sx", "parameters": [{"date": "2021-12-2", "name": "gate_error", "unit": "", "value": 0.0003206590257373188}, {"date": "2021-12-2", "name": "gate_length", "unit": "ns", "value": 35.55555555555556}], "name": "sx1"}, {"qubits": [2], "gate": "sx", "parameters": [{"date": "2021-12-2", "name": "gate_error", "unit": "", "value": 0.00022576315093369317}, {"date": "2021-12-2", "name": "gate_length", "unit": "ns", "value": 35.55555555555556}], "name": "sx2"}, {"qubits": [3], "gate": "sx", "parameters": [{"date": "2021-12-2", "name": "gate_error", "unit": "", "value": 0.00028380200488391824}, {"date": "2021-12-2", "name": "gate_length", "unit": "ns", "value": 35.55555555555556}], "name": "sx3"}, {"qubits": [4], "gate": "sx", "parameters": [{"date": "2021-12-2", "name": "gate_error", "unit": "", "value": 0.00027962436257835684}, {"date": "2021-12-2", "name": "gate_length", "unit": "ns", "value": 35.55555555555556}], "name": "sx4"}, {"qubits": [0], "gate": "x", "parameters": [{"date": "2021-12-2", "name": "gate_error", "unit": "", "value": 0.00028496151757300965}, {"date": "2021-12-2", "name": "gate_length", "unit": "ns", "value": 35.55555555555556}], "name": "x0"}, {"qubits": [1], "gate": "x", "parameters": [{"date": "2021-12-2", "name": "gate_error", "unit": "", "value": 0.0003206590257373188}, {"date": "2021-12-2", "name": "gate_length", "unit": "ns", "value": 35.55555555555556}], "name": "x1"}, {"qubits": [2], "gate": "x", "parameters": [{"date": "2021-12-2", "name": "gate_error", "unit": "", "value": 0.00022576315093369317}, {"date": "2021-12-2", "name": "gate_length", "unit": "ns", "value": 35.55555555555556}], "name": "x2"}, {"qubits": [3], "gate": "x", "parameters": [{"date": "2021-12-2", "name": "gate_error", "unit": "", "value": 0.00028380200488391824}, {"date": "2021-12-2", "name": "gate_length", "unit": "ns", "value": 35.55555555555556}], "name": "x3"}, {"qubits": [4], "gate": "x", "parameters": [{"date": "2021-12-2", "name": "gate_error", "unit": "", "value": 0.00027962436257835684}, {"date": "2021-12-2", "name": "gate_length", "unit": "ns", "value": 35.55555555555556}], "name": "x4"}, {"qubits": [4, 3], "gate": "cx", "parameters": [{"date": "2021-12-2", "name": "gate_error", "unit": "", "value": 0.009611909964264309}, {"date": "2021-11-29", "name": "gate_length", "unit": "ns", "value": 554.6666666666666}], "name": "cx4_3"}, {"qubits": [3, 4], "gate": "cx", "parameters": [{"date": "2021-12-2", "name": "gate_error", "unit": "", "value": 0.009611909964264309}, {"date": "2021-11-29", "name": "gate_length", "unit": "ns", "value": 590.2222222222222}], "name": "cx3_4"}, {"qubits": [3, 1], "gate": "cx", "parameters": [{"date": "2021-12-2", "name": "gate_error", "unit": "", "value": 0.009019824065222337}, {"date": "2021-11-29", "name": "gate_length", "unit": "ns", "value": 398.2222222222222}], "name": "cx3_1"}, {"qubits": [1, 3], "gate": "cx", "parameters": [{"date": "2021-12-2", "name": "gate_error", "unit": "", "value": 0.009019824065222337}, {"date": "2021-11-29", "name": "gate_length", "unit": "ns", "value": 433.77777777777777}], "name": "cx1_3"}, {"qubits": [2, 1], "gate": "cx", "parameters": [{"date": "2021-12-2", "name": "gate_error", "unit": "", "value": 0.006233527818661738}, {"date": "2021-11-29", "name": "gate_length", "unit": "ns", "value": 412.4444444444444}], "name": "cx2_1"}, {"qubits": [1, 2], "gate": "cx", "parameters": [{"date": "2021-12-2", "name": "gate_error", "unit": "", "value": 0.006233527818661738}, {"date": "2021-11-29", "name": "gate_length", "unit": "ns", "value": 448}], "name": "cx1_2"}, {"qubits": [1, 0], "gate": "cx", "parameters": [{"date": "2021-12-2", "name": "gate_error", "unit": "", "value": 0.01898826107293758}, {"date": "2021-11-29", "name": "gate_length", "unit": "ns", "value": 775.1111111111111}], "name": "cx1_0"}, {"qubits": [0, 1], "gate": "cx", "parameters": [{"date": "2021-12-2", "name": "gate_error", "unit": "", "value": 0.01898826107293758}, {"date": "2021-11-29", "name": "gate_length", "unit": "ns", "value": 810.6666666666666}], "name": "cx0_1"}, {"qubits": [0], "gate": "reset", "parameters": [{"date": "2021-12-2", "name": "gate_length", "unit": "ns", "value": 7342.222222222222}], "name": "reset0"}, {"qubits": [1], "gate": "reset", "parameters": [{"date": "2021-12-2", "name": "gate_length", "unit": "ns", "value": 7342.222222222222}], "name": "reset1"}, {"qubits": [2], "gate": "reset", "parameters": [{"date": "2021-12-2", "name": "gate_length", "unit": "ns", "value": 7342.222222222222}], "name": "reset2"}, {"qubits": [3], "gate": "reset", "parameters": [{"date": "2021-12-2", "name": "gate_length", "unit": "ns", "value": 7342.222222222222}], "name": "reset3"}, {"qubits": [4], "gate": "reset", "parameters": [{"date": "2021-12-2", "name": "gate_length", "unit": "ns", "value": 7342.222222222222}], "name": "reset4"}], "general": [{"date": "2021-12-2", "name": "jq_01", "unit": "GHz", "value": 0.0018736137364449847}, {"date": "2021-12-2", "name": "zz_01", "unit": "GHz", "value": -5.778719017046504e-05}, {"date": "2021-12-2", "name": "jq_12", "unit": "GHz", "value": 0.0020062596172337292}, {"date": "2021-12-2", "name": "zz_12", "unit": "GHz", "value": -5.607853601551941e-05}, {"date": "2021-12-2", "name": "jq_13", "unit": "GHz", "value": 0.0020039976609872224}, {"date": "2021-12-2", "name": "zz_13", "unit": "GHz", "value": -5.2854062688980254e-05}, {"date": "2021-12-2", "name": "jq_34", "unit": "GHz", "value": 0.0016737719182152912}, {"date": "2021-12-2", "name": "zz_34", "unit": "GHz", "value": -3.628419642815204e-05}]}