{"backend_name": "ibmq_belem", "backend_version": "1.0.15", "last_update_date": "2021-8-4", "qubits": [[{"date": "2021-8-4", "name": "T1", "unit": "us", "value": 66.59149547008552}, {"date": "2021-8-4", "name": "T2", "unit": "us", "value": 105.26268791302799}, {"date": "2021-8-4", "name": "frequency", "unit": "GHz", "value": 5.090017135928582}, {"date": "2021-8-4", "name": "anharmonicity", "unit": "GHz", "value": -0.33612300518216515}, {"date": "2021-8-4", "name": "readout_error", "unit": "", "value": 0.01849999999999996}, {"date": "2021-8-4", "name": "prob_meas0_prep1", "unit": "", "value": 0.030000000000000027}, {"date": "2021-8-4", "name": "prob_meas1_prep0", "unit": "", "value": 0.007}, {"date": "2021-8-4", "name": "readout_length", "unit": "ns", "value": 5351.11111111111}], [{"date": "2021-8-4", "name": "T1", "unit": "us", "value": 66.1653381942028}, {"date": "2021-8-4", "name": "T2", "unit": "us", "value": 82.03953672821577}, {"date": "2021-8-4", "name": "frequency", "unit": "GHz", "value": 5.245433079521204}, {"date": "2021-8-4", "name": "anharmonicity", "unit": "GHz", "value": -0.316572131412737}, {"date": "2021-8-4", "name": "readout_error", "unit": "", "value": 0.03190000000000004}, {"date": "2021-8-4", "name": "prob_meas0_prep1", "unit": "", "value": 0.05500000000000005}, {"date": "2021-8-4", "name": "prob_meas1_prep0", "unit": "", "value": 0.0088}, {"date": "2021-8-4", "name": "readout_length", "unit": "ns", "value": 5351.11111111111}], [{"date": "2021-8-3", "name": "T1", "unit": "us", "value": 25.57048904124263}, {"date": "2021-8-4", "name": "T2", "unit": "us", "value": 32.7198865534409}, {"date": "2021-8-4", "name": "frequency", "unit": "GHz", "value": 5.361412006847131}, {"date": "2021-8-4", "name": "anharmonicity", "unit": "GHz", "value": -0.3306274884584928}, {"date": "2021-8-4", "name": "readout_error", "unit": "", "value": 0.033399999999999985}, {"date": "2021-8-4", "name": "prob_meas0_prep1", "unit": "", "value": 0.054400000000000004}, {"date": "2021-8-4", "name": "prob_meas1_prep0", "unit": "", "value": 0.0124}, {"date": "2021-8-4", "name": "readout_length", "unit": "ns", "value": 5351.11111111111}], [{"date": "2021-8-3", "name": "T1", "unit": "us", "value": 110.03708412753481}, {"date": "2021-8-4", "name": "T2", "unit": "us", "value": 132.25447103876124}, {"date": "2021-8-4", "name": "frequency", "unit": "GHz", "value": 5.170387252982428}, {"date": "2021-8-4", "name": "anharmonicity", "unit": "GHz", "value": -0.33373922611368106}, {"date": "2021-8-4", "name": "readout_error", "unit": "", "value": 0.02079999999999993}, {"date": "2021-8-4", "name": "prob_meas0_prep1", "unit": "", "value": 0.02739999999999998}, {"date": "2021-8-4", "name": "prob_meas1_prep0", "unit": "", "value": 0.0142}, {"date": "2021-8-4", "name": "readout_length", "unit": "ns", "value": 5351.11111111111}], [{"date": "2021-8-3", "name": "T1", "unit": "us", "value": 112.00970634661283}, {"date": "2021-8-4", "name": "T2", "unit": "us", "value": 90.94642120102097}, {"date": "2021-8-4", "name": "frequency", "unit": "GHz", "value": 5.258388824218333}, {"date": "2021-8-4", "name": "anharmonicity", "unit": "GHz", "value": -0.3313451432371279}, {"date": "2021-8-4", "name": "readout_error", "unit": "", "value": 0.019000000000000017}, {"date": "2021-8-4", "name": "prob_meas0_prep1", "unit": "", "value": 0.028800000000000048}, {"date": "2021-8-4", "name": "prob_meas1_prep0", "unit": "", "value": 0.0092}, {"date": "2021-8-4", "name": "readout_length", "unit": "ns", "value": 5351.11111111111}]], "gates": [{"qubits": [0], "gate": "id", "parameters": [{"date": "2021-8-4", "name": "gate_error", "unit": "", "value": 0.0002013023304165753}, {"date": "2021-8-4", "name": "gate_length", "unit": "ns", "value": 35.55555555555556}], "name": "id0"}, {"qubits": [1], "gate": "id", "parameters": [{"date": "2021-8-4", "name": "gate_error", "unit": "", "value": 0.00040527648889833787}, {"date": "2021-8-4", "name": "gate_length", "unit": "ns", "value": 35.55555555555556}], "name": "id1"}, {"qubits": [2], "gate": "id", "parameters": [{"date": "2021-8-4", "name": "gate_error", "unit": "", "value": 0.00033169427190946565}, {"date": "2021-8-4", "name": "gate_length", "unit": "ns", "value": 35.55555555555556}], "name": "id2"}, {"qubits": [3], "gate": "id", "parameters": [{"date": "2021-8-4", "name": "gate_error", "unit": "", "value": 0.00025542831507149497}, {"date": "2021-8-4", "name": "gate_length", "unit": "ns", "value": 35.55555555555556}], "name": "id3"}, {"qubits": [4], "gate": "id", "parameters": [{"date": "2021-8-4", "name": "gate_error", "unit": "", "value": 0.00021928739415007087}, {"date": "2021-8-4", "name": "gate_length", "unit": "ns", "value": 35.55555555555556}], "name": "id4"}, {"qubits": [0], "gate": "rz", "parameters": [{"date": "2021-8-4", "name": "gate_error", "unit": "", "value": 0}, {"date": "2021-8-4", "name": "gate_length", "unit": "ns", "value": 0}], "name": "rz0"}, {"qubits": [1], "gate": "rz", "parameters": [{"date": "2021-8-4", "name": "gate_error", "unit": "", "value": 0}, {"date": "2021-8-4", "name": "gate_length", "unit": "ns", "value": 0}], "name": "rz1"}, {"qubits": [2], "gate": "rz", "parameters": [{"date": "2021-8-4", "name": "gate_error", "unit": "", "value": 0}, {"date": "2021-8-4", "name": "gate_length", "unit": "ns", "value": 0}], "name": "rz2"}, {"qubits": [3], "gate": "rz", "parameters": [{"date": "2021-8-4", "name": "gate_error", "unit": "", "value": 0}, {"date": "2021-8-4", "name": "gate_length", "unit": "ns", "value": 0}], "name": "rz3"}, {"qubits": [4], "gate": "rz", "parameters": [{"date": "2021-8-4", "name": "gate_error", "unit": "", "value": 0}, {"date": "2021-8-4", "name": "gate_length", "unit": "ns", "value": 0}], "name": "rz4"}, {"qubits": [0], "gate": "sx", "parameters": [{"date": "2021-8-4", "name": "gate_error", "unit": "", "value": 0.0002013023304165753}, {"date": "2021-8-4", "name": "gate_length", "unit": "ns", "value": 35.55555555555556}], "name": "sx0"}, {"qubits": [1], "gate": "sx", "parameters": [{"date": "2021-8-4", "name": "gate_error", "unit": "", "value": 0.00040527648889833787}, {"date": "2021-8-4", "name": "gate_length", "unit": "ns", "value": 35.55555555555556}], "name": "sx1"}, {"qubits": [2], "gate": "sx", "parameters": [{"date": "2021-8-4", "name": "gate_error", "unit": "", "value": 0.00033169427190946565}, {"date": "2021-8-4", "name": "gate_length", "unit": "ns", "value": 35.55555555555556}], "name": "sx2"}, {"qubits": [3], "gate": "sx", "parameters": [{"date": "2021-8-4", "name": "gate_error", "unit": "", "value": 0.00025542831507149497}, {"date": "2021-8-4", "name": "gate_length", "unit": "ns", "value": 35.55555555555556}], "name": "sx3"}, {"qubits": [4], "gate": "sx", "parameters": [{"date": "2021-8-4", "name": "gate_error", "unit": "", "value": 0.00021928739415007087}, {"date": "2021-8-4", "name": "gate_length", "unit": "ns", "value": 35.55555555555556}], "name": "sx4"}, {"qubits": [0], "gate": "x", "parameters": [{"date": "2021-8-4", "name": "gate_error", "unit": "", "value": 0.0002013023304165753}, {"date": "2021-8-4", "name": "gate_length", "unit": "ns", "value": 35.55555555555556}], "name": "x0"}, {"qubits": [1], "gate": "x", "parameters": [{"date": "2021-8-4", "name": "gate_error", "unit": "", "value": 0.00040527648889833787}, {"date": "2021-8-4", "name": "gate_length", "unit": "ns", "value": 35.55555555555556}], "name": "x1"}, {"qubits": [2], "gate": "x", "parameters": [{"date": "2021-8-4", "name": "gate_error", "unit": "", "value": 0.00033169427190946565}, {"date": "2021-8-4", "name": "gate_length", "unit": "ns", "value": 35.55555555555556}], "name": "x2"}, {"qubits": [3], "gate": "x", "parameters": [{"date": "2021-8-4", "name": "gate_error", "unit": "", "value": 0.00025542831507149497}, {"date": "2021-8-4", "name": "gate_length", "unit": "ns", "value": 35.55555555555556}], "name": "x3"}, {"qubits": [4], "gate": "x", "parameters": [{"date": "2021-8-4", "name": "gate_error", "unit": "", "value": 0.00021928739415007087}, {"date": "2021-8-4", "name": "gate_length", "unit": "ns", "value": 35.55555555555556}], "name": "x4"}, {"qubits": [4, 3], "gate": "cx", "parameters": [{"date": "2021-8-4", "name": "gate_error", "unit": "", "value": 0.008817706681683551}, {"date": "2021-8-1", "name": "gate_length", "unit": "ns", "value": 554.6666666666666}], "name": "cx4_3"}, {"qubits": [3, 4], "gate": "cx", "parameters": [{"date": "2021-8-4", "name": "gate_error", "unit": "", "value": 0.008817706681683551}, {"date": "2021-8-1", "name": "gate_length", "unit": "ns", "value": 590.2222222222222}], "name": "cx3_4"}, {"qubits": [3, 1], "gate": "cx", "parameters": [{"date": "2021-8-4", "name": "gate_error", "unit": "", "value": 0.009158607992327705}, {"date": "2021-8-1", "name": "gate_length", "unit": "ns", "value": 398.2222222222222}], "name": "cx3_1"}, {"qubits": [1, 3], "gate": "cx", "parameters": [{"date": "2021-8-4", "name": "gate_error", "unit": "", "value": 0.009158607992327705}, {"date": "2021-8-1", "name": "gate_length", "unit": "ns", "value": 433.77777777777777}], "name": "cx1_3"}, {"qubits": [2, 1], "gate": "cx", "parameters": [{"date": "2021-8-4", "name": "gate_error", "unit": "", "value": 0.009169198838070963}, {"date": "2021-8-1", "name": "gate_length", "unit": "ns", "value": 412.4444444444444}], "name": "cx2_1"}, {"qubits": [1, 2], "gate": "cx", "parameters": [{"date": "2021-8-4", "name": "gate_error", "unit": "", "value": 0.009169198838070963}, {"date": "2021-8-1", "name": "gate_length", "unit": "ns", "value": 448}], "name": "cx1_2"}, {"qubits": [1, 0], "gate": "cx", "parameters": [{"date": "2021-8-4", "name": "gate_error", "unit": "", "value": 0.022148691797319847}, {"date": "2021-8-1", "name": "gate_length", "unit": "ns", "value": 775.1111111111111}], "name": "cx1_0"}, {"qubits": [0, 1], "gate": "cx", "parameters": [{"date": "2021-8-4", "name": "gate_error", "unit": "", "value": 0.022148691797319847}, {"date": "2021-8-1", "name": "gate_length", "unit": "ns", "value": 810.6666666666666}], "name": "cx0_1"}, {"qubits": [0], "gate": "reset", "parameters": [{"date": "2021-8-4", "name": "gate_length", "unit": "ns", "value": 7342.222222222222}], "name": "reset0"}, {"qubits": [1], "gate": "reset", "parameters": [{"date": "2021-8-4", "name": "gate_length", "unit": "ns", "value": 7342.222222222222}], "name": "reset1"}, {"qubits": [2], "gate": "reset", "parameters": [{"date": "2021-8-4", "name": "gate_length", "unit": "ns", "value": 7342.222222222222}], "name": "reset2"}, {"qubits": [3], "gate": "reset", "parameters": [{"date": "2021-8-4", "name": "gate_length", "unit": "ns", "value": 7342.222222222222}], "name": "reset3"}, {"qubits": [4], "gate": "reset", "parameters": [{"date": "2021-8-4", "name": "gate_length", "unit": "ns", "value": 7342.222222222222}], "name": "reset4"}], "general": [{"date": "2021-8-4", "name": "jq_01", "unit": "GHz", "value": 0.0018736137364449847}, {"date": "2021-8-4", "name": "zz_01", "unit": "GHz", "value": -5.778719017046504e-05}, {"date": "2021-8-4", "name": "jq_12", "unit": "GHz", "value": 0.0020062596172337292}, {"date": "2021-8-4", "name": "zz_12", "unit": "GHz", "value": -5.607853601551941e-05}, {"date": "2021-8-4", "name": "jq_13", "unit": "GHz", "value": 0.0020039976609872224}, {"date": "2021-8-4", "name": "zz_13", "unit": "GHz", "value": -5.2854062688980254e-05}, {"date": "2021-8-4", "name": "jq_34", "unit": "GHz", "value": 0.0016737719182152912}, {"date": "2021-8-4", "name": "zz_34", "unit": "GHz", "value": -3.628419642815204e-05}]}