{"backend_name": "ibmq_belem", "backend_version": "1.0.15", "last_update_date": "2021-7-28", "qubits": [[{"date": "2021-7-28", "name": "T1", "unit": "us", "value": 139.43225735285324}, {"date": "2021-7-28", "name": "T2", "unit": "us", "value": 118.09135672752545}, {"date": "2021-7-28", "name": "frequency", "unit": "GHz", "value": 5.090022693117357}, {"date": "2021-7-28", "name": "anharmonicity", "unit": "GHz", "value": -0.33612300518216515}, {"date": "2021-7-28", "name": "readout_error", "unit": "", "value": 0.013800000000000034}, {"date": "2021-7-28", "name": "prob_meas0_prep1", "unit": "", "value": 0.022399999999999975}, {"date": "2021-7-28", "name": "prob_meas1_prep0", "unit": "", "value": 0.0052}, {"date": "2021-7-28", "name": "readout_length", "unit": "ns", "value": 5351.11111111111}], [{"date": "2021-7-28", "name": "T1", "unit": "us", "value": 105.9765978325044}, {"date": "2021-7-28", "name": "T2", "unit": "us", "value": 143.726389412363}, {"date": "2021-7-28", "name": "frequency", "unit": "GHz", "value": 5.245428099158195}, {"date": "2021-7-28", "name": "anharmonicity", "unit": "GHz", "value": -0.316572131412737}, {"date": "2021-7-28", "name": "readout_error", "unit": "", "value": 0.02210000000000001}, {"date": "2021-7-28", "name": "prob_meas0_prep1", "unit": "", "value": 0.03180000000000005}, {"date": "2021-7-28", "name": "prob_meas1_prep0", "unit": "", "value": 0.0124}, {"date": "2021-7-28", "name": "readout_length", "unit": "ns", "value": 5351.11111111111}], [{"date": "2021-7-28", "name": "T1", "unit": "us", "value": 29.44750491339939}, {"date": "2021-7-28", "name": "T2", "unit": "us", "value": 36.917618727700045}, {"date": "2021-7-28", "name": "frequency", "unit": "GHz", "value": 5.361395139036042}, {"date": "2021-7-28", "name": "anharmonicity", "unit": "GHz", "value": -0.3306274884584928}, {"date": "2021-7-28", "name": "readout_error", "unit": "", "value": 0.0232}, {"date": "2021-7-28", "name": "prob_meas0_prep1", "unit": "", "value": 0.032200000000000006}, {"date": "2021-7-28", "name": "prob_meas1_prep0", "unit": "", "value": 0.0142}, {"date": "2021-7-28", "name": "readout_length", "unit": "ns", "value": 5351.11111111111}], [{"date": "2021-7-28", "name": "T1", "unit": "us", "value": 77.88187603849111}, {"date": "2021-7-28", "name": "T2", "unit": "us", "value": 103.95836790091997}, {"date": "2021-7-28", "name": "frequency", "unit": "GHz", "value": 5.170385130874631}, {"date": "2021-7-28", "name": "anharmonicity", "unit": "GHz", "value": -0.33373922611368106}, {"date": "2021-7-28", "name": "readout_error", "unit": "", "value": 0.016599999999999948}, {"date": "2021-7-28", "name": "prob_meas0_prep1", "unit": "", "value": 0.028200000000000003}, {"date": "2021-7-28", "name": "prob_meas1_prep0", "unit": "", "value": 0.005}, {"date": "2021-7-28", "name": "readout_length", "unit": "ns", "value": 5351.11111111111}], [{"date": "2021-7-28", "name": "T1", "unit": "us", "value": 110.20600488757161}, {"date": "2021-7-28", "name": "T2", "unit": "us", "value": 167.38683225289986}, {"date": "2021-7-28", "name": "frequency", "unit": "GHz", "value": 5.258381666471944}, {"date": "2021-7-28", "name": "anharmonicity", "unit": "GHz", "value": -0.3313451432371279}, {"date": "2021-7-28", "name": "readout_error", "unit": "", "value": 0.026599999999999957}, {"date": "2021-7-28", "name": "prob_meas0_prep1", "unit": "", "value": 0.04500000000000004}, {"date": "2021-7-28", "name": "prob_meas1_prep0", "unit": "", "value": 0.0082}, {"date": "2021-7-28", "name": "readout_length", "unit": "ns", "value": 5351.11111111111}]], "gates": [{"qubits": [0], "gate": "id", "parameters": [{"date": "2021-7-28", "name": "gate_error", "unit": "", "value": 0.00019889645938266507}, {"date": "2021-7-28", "name": "gate_length", "unit": "ns", "value": 35.55555555555556}], "name": "id0"}, {"qubits": [1], "gate": "id", "parameters": [{"date": "2021-7-28", "name": "gate_error", "unit": "", "value": 0.000254271020325778}, {"date": "2021-7-28", "name": "gate_length", "unit": "ns", "value": 35.55555555555556}], "name": "id1"}, {"qubits": [2], "gate": "id", "parameters": [{"date": "2021-7-28", "name": "gate_error", "unit": "", "value": 0.00037869743090273797}, {"date": "2021-7-28", "name": "gate_length", "unit": "ns", "value": 35.55555555555556}], "name": "id2"}, {"qubits": [3], "gate": "id", "parameters": [{"date": "2021-7-28", "name": "gate_error", "unit": "", "value": 0.0002442370323005939}, {"date": "2021-7-28", "name": "gate_length", "unit": "ns", "value": 35.55555555555556}], "name": "id3"}, {"qubits": [4], "gate": "id", "parameters": [{"date": "2021-7-28", "name": "gate_error", "unit": "", "value": 0.00026066770678644346}, {"date": "2021-7-28", "name": "gate_length", "unit": "ns", "value": 35.55555555555556}], "name": "id4"}, {"qubits": [0], "gate": "rz", "parameters": [{"date": "2021-7-28", "name": "gate_error", "unit": "", "value": 0}, {"date": "2021-7-28", "name": "gate_length", "unit": "ns", "value": 0}], "name": "rz0"}, {"qubits": [1], "gate": "rz", "parameters": [{"date": "2021-7-28", "name": "gate_error", "unit": "", "value": 0}, {"date": "2021-7-28", "name": "gate_length", "unit": "ns", "value": 0}], "name": "rz1"}, {"qubits": [2], "gate": "rz", "parameters": [{"date": "2021-7-28", "name": "gate_error", "unit": "", "value": 0}, {"date": "2021-7-28", "name": "gate_length", "unit": "ns", "value": 0}], "name": "rz2"}, {"qubits": [3], "gate": "rz", "parameters": [{"date": "2021-7-28", "name": "gate_error", "unit": "", "value": 0}, {"date": "2021-7-28", "name": "gate_length", "unit": "ns", "value": 0}], "name": "rz3"}, {"qubits": [4], "gate": "rz", "parameters": [{"date": "2021-7-28", "name": "gate_error", "unit": "", "value": 0}, {"date": "2021-7-28", "name": "gate_length", "unit": "ns", "value": 0}], "name": "rz4"}, {"qubits": [0], "gate": "sx", "parameters": [{"date": "2021-7-28", "name": "gate_error", "unit": "", "value": 0.00019889645938266507}, {"date": "2021-7-28", "name": "gate_length", "unit": "ns", "value": 35.55555555555556}], "name": "sx0"}, {"qubits": [1], "gate": "sx", "parameters": [{"date": "2021-7-28", "name": "gate_error", "unit": "", "value": 0.000254271020325778}, {"date": "2021-7-28", "name": "gate_length", "unit": "ns", "value": 35.55555555555556}], "name": "sx1"}, {"qubits": [2], "gate": "sx", "parameters": [{"date": "2021-7-28", "name": "gate_error", "unit": "", "value": 0.00037869743090273797}, {"date": "2021-7-28", "name": "gate_length", "unit": "ns", "value": 35.55555555555556}], "name": "sx2"}, {"qubits": [3], "gate": "sx", "parameters": [{"date": "2021-7-28", "name": "gate_error", "unit": "", "value": 0.0002442370323005939}, {"date": "2021-7-28", "name": "gate_length", "unit": "ns", "value": 35.55555555555556}], "name": "sx3"}, {"qubits": [4], "gate": "sx", "parameters": [{"date": "2021-7-28", "name": "gate_error", "unit": "", "value": 0.00026066770678644346}, {"date": "2021-7-28", "name": "gate_length", "unit": "ns", "value": 35.55555555555556}], "name": "sx4"}, {"qubits": [0], "gate": "x", "parameters": [{"date": "2021-7-28", "name": "gate_error", "unit": "", "value": 0.00019889645938266507}, {"date": "2021-7-28", "name": "gate_length", "unit": "ns", "value": 35.55555555555556}], "name": "x0"}, {"qubits": [1], "gate": "x", "parameters": [{"date": "2021-7-28", "name": "gate_error", "unit": "", "value": 0.000254271020325778}, {"date": "2021-7-28", "name": "gate_length", "unit": "ns", "value": 35.55555555555556}], "name": "x1"}, {"qubits": [2], "gate": "x", "parameters": [{"date": "2021-7-28", "name": "gate_error", "unit": "", "value": 0.00037869743090273797}, {"date": "2021-7-28", "name": "gate_length", "unit": "ns", "value": 35.55555555555556}], "name": "x2"}, {"qubits": [3], "gate": "x", "parameters": [{"date": "2021-7-28", "name": "gate_error", "unit": "", "value": 0.0002442370323005939}, {"date": "2021-7-28", "name": "gate_length", "unit": "ns", "value": 35.55555555555556}], "name": "x3"}, {"qubits": [4], "gate": "x", "parameters": [{"date": "2021-7-28", "name": "gate_error", "unit": "", "value": 0.00026066770678644346}, {"date": "2021-7-28", "name": "gate_length", "unit": "ns", "value": 35.55555555555556}], "name": "x4"}, {"qubits": [4, 3], "gate": "cx", "parameters": [{"date": "2021-7-28", "name": "gate_error", "unit": "", "value": 0.009081046546761617}, {"date": "2021-7-25", "name": "gate_length", "unit": "ns", "value": 554.6666666666666}], "name": "cx4_3"}, {"qubits": [3, 4], "gate": "cx", "parameters": [{"date": "2021-7-28", "name": "gate_error", "unit": "", "value": 0.009081046546761617}, {"date": "2021-7-25", "name": "gate_length", "unit": "ns", "value": 590.2222222222222}], "name": "cx3_4"}, {"qubits": [3, 1], "gate": "cx", "parameters": [{"date": "2021-7-28", "name": "gate_error", "unit": "", "value": 0.006430901470128703}, {"date": "2021-7-25", "name": "gate_length", "unit": "ns", "value": 398.2222222222222}], "name": "cx3_1"}, {"qubits": [1, 3], "gate": "cx", "parameters": [{"date": "2021-7-28", "name": "gate_error", "unit": "", "value": 0.006430901470128703}, {"date": "2021-7-25", "name": "gate_length", "unit": "ns", "value": 433.77777777777777}], "name": "cx1_3"}, {"qubits": [2, 1], "gate": "cx", "parameters": [{"date": "2021-7-28", "name": "gate_error", "unit": "", "value": 0.007694025767134655}, {"date": "2021-7-25", "name": "gate_length", "unit": "ns", "value": 412.4444444444444}], "name": "cx2_1"}, {"qubits": [1, 2], "gate": "cx", "parameters": [{"date": "2021-7-28", "name": "gate_error", "unit": "", "value": 0.007694025767134655}, {"date": "2021-7-25", "name": "gate_length", "unit": "ns", "value": 448}], "name": "cx1_2"}, {"qubits": [1, 0], "gate": "cx", "parameters": [{"date": "2021-7-28", "name": "gate_error", "unit": "", "value": 0.0167526974670148}, {"date": "2021-7-25", "name": "gate_length", "unit": "ns", "value": 775.1111111111111}], "name": "cx1_0"}, {"qubits": [0, 1], "gate": "cx", "parameters": [{"date": "2021-7-28", "name": "gate_error", "unit": "", "value": 0.0167526974670148}, {"date": "2021-7-25", "name": "gate_length", "unit": "ns", "value": 810.6666666666666}], "name": "cx0_1"}, {"qubits": [0], "gate": "reset", "parameters": [{"date": "2021-7-28", "name": "gate_length", "unit": "ns", "value": 7342.222222222222}], "name": "reset0"}, {"qubits": [1], "gate": "reset", "parameters": [{"date": "2021-7-28", "name": "gate_length", "unit": "ns", "value": 7342.222222222222}], "name": "reset1"}, {"qubits": [2], "gate": "reset", "parameters": [{"date": "2021-7-28", "name": "gate_length", "unit": "ns", "value": 7342.222222222222}], "name": "reset2"}, {"qubits": [3], "gate": "reset", "parameters": [{"date": "2021-7-28", "name": "gate_length", "unit": "ns", "value": 7342.222222222222}], "name": "reset3"}, {"qubits": [4], "gate": "reset", "parameters": [{"date": "2021-7-28", "name": "gate_length", "unit": "ns", "value": 7342.222222222222}], "name": "reset4"}], "general": [{"date": "2021-7-28", "name": "jq_01", "unit": "GHz", "value": 0.0018736137364449847}, {"date": "2021-7-28", "name": "zz_01", "unit": "GHz", "value": -5.778719017046504e-05}, {"date": "2021-7-28", "name": "jq_12", "unit": "GHz", "value": 0.0020062596172337292}, {"date": "2021-7-28", "name": "zz_12", "unit": "GHz", "value": -5.607853601551941e-05}, {"date": "2021-7-28", "name": "jq_13", "unit": "GHz", "value": 0.0020039976609872224}, {"date": "2021-7-28", "name": "zz_13", "unit": "GHz", "value": -5.2854062688980254e-05}, {"date": "2021-7-28", "name": "jq_34", "unit": "GHz", "value": 0.0016737719182152912}, {"date": "2021-7-28", "name": "zz_34", "unit": "GHz", "value": -3.628419642815204e-05}]}