{"backend_name": "ibmq_belem", "backend_version": "1.0.19", "last_update_date": "2021-9-19", "qubits": [[{"date": "2021-9-19", "name": "T1", "unit": "us", "value": 111.43502409229131}, {"date": "2021-9-19", "name": "T2", "unit": "us", "value": 109.67064727572628}, {"date": "2021-9-19", "name": "frequency", "unit": "GHz", "value": 5.089976727851152}, {"date": "2021-9-19", "name": "anharmonicity", "unit": "GHz", "value": -0.33612300518216515}, {"date": "2021-9-19", "name": "readout_error", "unit": "", "value": 0.029200000000000004}, {"date": "2021-9-19", "name": "prob_meas0_prep1", "unit": "", "value": 0.05020000000000002}, {"date": "2021-9-19", "name": "prob_meas1_prep0", "unit": "", "value": 0.0082}, {"date": "2021-9-19", "name": "readout_length", "unit": "ns", "value": 5351.11111111111}], [{"date": "2021-9-19", "name": "T1", "unit": "us", "value": 69.13003017947449}, {"date": "2021-9-19", "name": "T2", "unit": "us", "value": 73.33077659826289}, {"date": "2021-9-19", "name": "frequency", "unit": "GHz", "value": 5.245505847958789}, {"date": "2021-9-19", "name": "anharmonicity", "unit": "GHz", "value": -0.316572131412737}, {"date": "2021-9-19", "name": "readout_error", "unit": "", "value": 0.08240000000000003}, {"date": "2021-9-19", "name": "prob_meas0_prep1", "unit": "", "value": 0.12819999999999998}, {"date": "2021-9-19", "name": "prob_meas1_prep0", "unit": "", "value": 0.0366}, {"date": "2021-9-19", "name": "readout_length", "unit": "ns", "value": 5351.11111111111}], [{"date": "2021-9-19", "name": "T1", "unit": "us", "value": 55.2574833314754}, {"date": "2021-9-19", "name": "T2", "unit": "us", "value": 37.13406739528015}, {"date": "2021-9-19", "name": "frequency", "unit": "GHz", "value": 5.361421725843897}, {"date": "2021-9-19", "name": "anharmonicity", "unit": "GHz", "value": -0.3306274884584928}, {"date": "2021-9-19", "name": "readout_error", "unit": "", "value": 0.023900000000000032}, {"date": "2021-9-19", "name": "prob_meas0_prep1", "unit": "", "value": 0.03820000000000001}, {"date": "2021-9-19", "name": "prob_meas1_prep0", "unit": "", "value": 0.0096}, {"date": "2021-9-19", "name": "readout_length", "unit": "ns", "value": 5351.11111111111}], [{"date": "2021-9-19", "name": "T1", "unit": "us", "value": 85.27921255669396}, {"date": "2021-9-19", "name": "T2", "unit": "us", "value": 133.73053118241384}, {"date": "2021-9-19", "name": "frequency", "unit": "GHz", "value": 5.170383803065201}, {"date": "2021-9-19", "name": "anharmonicity", "unit": "GHz", "value": -0.33373922611368106}, {"date": "2021-9-19", "name": "readout_error", "unit": "", "value": 0.02059999999999995}, {"date": "2021-9-19", "name": "prob_meas0_prep1", "unit": "", "value": 0.032200000000000006}, {"date": "2021-9-19", "name": "prob_meas1_prep0", "unit": "", "value": 0.009}, {"date": "2021-9-19", "name": "readout_length", "unit": "ns", "value": 5351.11111111111}], [{"date": "2021-9-18", "name": "T1", "unit": "us", "value": 74.74614037109622}, {"date": "2021-9-18", "name": "T2", "unit": "us", "value": 135.30563132216648}, {"date": "2021-9-19", "name": "frequency", "unit": "GHz", "value": 5.258357896646304}, {"date": "2021-9-19", "name": "anharmonicity", "unit": "GHz", "value": -0.3313451432371279}, {"date": "2021-9-19", "name": "readout_error", "unit": "", "value": 0.14390000000000003}, {"date": "2021-9-19", "name": "prob_meas0_prep1", "unit": "", "value": 0.24360000000000004}, {"date": "2021-9-19", "name": "prob_meas1_prep0", "unit": "", "value": 0.0442}, {"date": "2021-9-19", "name": "readout_length", "unit": "ns", "value": 5351.11111111111}]], "gates": [{"qubits": [0], "gate": "id", "parameters": [{"date": "2021-9-19", "name": "gate_error", "unit": "", "value": 0.002936252973942043}, {"date": "2021-9-19", "name": "gate_length", "unit": "ns", "value": 35.55555555555556}], "name": "id0"}, {"qubits": [1], "gate": "id", "parameters": [{"date": "2021-9-19", "name": "gate_error", "unit": "", "value": 0.0013025713137477652}, {"date": "2021-9-19", "name": "gate_length", "unit": "ns", "value": 35.55555555555556}], "name": "id1"}, {"qubits": [2], "gate": "id", "parameters": [{"date": "2021-9-19", "name": "gate_error", "unit": "", "value": 0.00024634336560357584}, {"date": "2021-9-19", "name": "gate_length", "unit": "ns", "value": 35.55555555555556}], "name": "id2"}, {"qubits": [3], "gate": "id", "parameters": [{"date": "2021-9-19", "name": "gate_error", "unit": "", "value": 0.0002720209666092755}, {"date": "2021-9-19", "name": "gate_length", "unit": "ns", "value": 35.55555555555556}], "name": "id3"}, {"qubits": [4], "gate": "id", "parameters": [{"date": "2021-9-19", "name": "gate_error", "unit": "", "value": 0.0012488511006505845}, {"date": "2021-9-19", "name": "gate_length", "unit": "ns", "value": 35.55555555555556}], "name": "id4"}, {"qubits": [0], "gate": "rz", "parameters": [{"date": "2021-9-19", "name": "gate_error", "unit": "", "value": 0}, {"date": "2021-9-19", "name": "gate_length", "unit": "ns", "value": 0}], "name": "rz0"}, {"qubits": [1], "gate": "rz", "parameters": [{"date": "2021-9-19", "name": "gate_error", "unit": "", "value": 0}, {"date": "2021-9-19", "name": "gate_length", "unit": "ns", "value": 0}], "name": "rz1"}, {"qubits": [2], "gate": "rz", "parameters": [{"date": "2021-9-19", "name": "gate_error", "unit": "", "value": 0}, {"date": "2021-9-19", "name": "gate_length", "unit": "ns", "value": 0}], "name": "rz2"}, {"qubits": [3], "gate": "rz", "parameters": [{"date": "2021-9-19", "name": "gate_error", "unit": "", "value": 0}, {"date": "2021-9-19", "name": "gate_length", "unit": "ns", "value": 0}], "name": "rz3"}, {"qubits": [4], "gate": "rz", "parameters": [{"date": "2021-9-19", "name": "gate_error", "unit": "", "value": 0}, {"date": "2021-9-19", "name": "gate_length", "unit": "ns", "value": 0}], "name": "rz4"}, {"qubits": [0], "gate": "sx", "parameters": [{"date": "2021-9-19", "name": "gate_error", "unit": "", "value": 0.002936252973942043}, {"date": "2021-9-19", "name": "gate_length", "unit": "ns", "value": 35.55555555555556}], "name": "sx0"}, {"qubits": [1], "gate": "sx", "parameters": [{"date": "2021-9-19", "name": "gate_error", "unit": "", "value": 0.0013025713137477652}, {"date": "2021-9-19", "name": "gate_length", "unit": "ns", "value": 35.55555555555556}], "name": "sx1"}, {"qubits": [2], "gate": "sx", "parameters": [{"date": "2021-9-19", "name": "gate_error", "unit": "", "value": 0.00024634336560357584}, {"date": "2021-9-19", "name": "gate_length", "unit": "ns", "value": 35.55555555555556}], "name": "sx2"}, {"qubits": [3], "gate": "sx", "parameters": [{"date": "2021-9-19", "name": "gate_error", "unit": "", "value": 0.0002720209666092755}, {"date": "2021-9-19", "name": "gate_length", "unit": "ns", "value": 35.55555555555556}], "name": "sx3"}, {"qubits": [4], "gate": "sx", "parameters": [{"date": "2021-9-19", "name": "gate_error", "unit": "", "value": 0.0012488511006505845}, {"date": "2021-9-19", "name": "gate_length", "unit": "ns", "value": 35.55555555555556}], "name": "sx4"}, {"qubits": [0], "gate": "x", "parameters": [{"date": "2021-9-19", "name": "gate_error", "unit": "", "value": 0.002936252973942043}, {"date": "2021-9-19", "name": "gate_length", "unit": "ns", "value": 35.55555555555556}], "name": "x0"}, {"qubits": [1], "gate": "x", "parameters": [{"date": "2021-9-19", "name": "gate_error", "unit": "", "value": 0.0013025713137477652}, {"date": "2021-9-19", "name": "gate_length", "unit": "ns", "value": 35.55555555555556}], "name": "x1"}, {"qubits": [2], "gate": "x", "parameters": [{"date": "2021-9-19", "name": "gate_error", "unit": "", "value": 0.00024634336560357584}, {"date": "2021-9-19", "name": "gate_length", "unit": "ns", "value": 35.55555555555556}], "name": "x2"}, {"qubits": [3], "gate": "x", "parameters": [{"date": "2021-9-19", "name": "gate_error", "unit": "", "value": 0.0002720209666092755}, {"date": "2021-9-19", "name": "gate_length", "unit": "ns", "value": 35.55555555555556}], "name": "x3"}, {"qubits": [4], "gate": "x", "parameters": [{"date": "2021-9-19", "name": "gate_error", "unit": "", "value": 0.0012488511006505845}, {"date": "2021-9-19", "name": "gate_length", "unit": "ns", "value": 35.55555555555556}], "name": "x4"}, {"qubits": [4, 3], "gate": "cx", "parameters": [{"date": "2021-9-19", "name": "gate_error", "unit": "", "value": 0.015489917412126547}, {"date": "2021-9-16", "name": "gate_length", "unit": "ns", "value": 554.6666666666666}], "name": "cx4_3"}, {"qubits": [3, 4], "gate": "cx", "parameters": [{"date": "2021-9-19", "name": "gate_error", "unit": "", "value": 0.015489917412126547}, {"date": "2021-9-16", "name": "gate_length", "unit": "ns", "value": 590.2222222222222}], "name": "cx3_4"}, {"qubits": [3, 1], "gate": "cx", "parameters": [{"date": "2021-9-19", "name": "gate_error", "unit": "", "value": 0.016692702896037498}, {"date": "2021-9-16", "name": "gate_length", "unit": "ns", "value": 398.2222222222222}], "name": "cx3_1"}, {"qubits": [1, 3], "gate": "cx", "parameters": [{"date": "2021-9-19", "name": "gate_error", "unit": "", "value": 0.016692702896037498}, {"date": "2021-9-16", "name": "gate_length", "unit": "ns", "value": 433.77777777777777}], "name": "cx1_3"}, {"qubits": [2, 1], "gate": "cx", "parameters": [{"date": "2021-9-19", "name": "gate_error", "unit": "", "value": 0.017902194437682373}, {"date": "2021-9-16", "name": "gate_length", "unit": "ns", "value": 412.4444444444444}], "name": "cx2_1"}, {"qubits": [1, 2], "gate": "cx", "parameters": [{"date": "2021-9-19", "name": "gate_error", "unit": "", "value": 0.017902194437682373}, {"date": "2021-9-16", "name": "gate_length", "unit": "ns", "value": 448}], "name": "cx1_2"}, {"qubits": [1, 0], "gate": "cx", "parameters": [{"date": "2021-9-19", "name": "gate_error", "unit": "", "value": 0.035259297616706375}, {"date": "2021-9-16", "name": "gate_length", "unit": "ns", "value": 775.1111111111111}], "name": "cx1_0"}, {"qubits": [0, 1], "gate": "cx", "parameters": [{"date": "2021-9-19", "name": "gate_error", "unit": "", "value": 0.035259297616706375}, {"date": "2021-9-16", "name": "gate_length", "unit": "ns", "value": 810.6666666666666}], "name": "cx0_1"}, {"qubits": [0], "gate": "reset", "parameters": [{"date": "2021-9-19", "name": "gate_length", "unit": "ns", "value": 7342.222222222222}], "name": "reset0"}, {"qubits": [1], "gate": "reset", "parameters": [{"date": "2021-9-19", "name": "gate_length", "unit": "ns", "value": 7342.222222222222}], "name": "reset1"}, {"qubits": [2], "gate": "reset", "parameters": [{"date": "2021-9-19", "name": "gate_length", "unit": "ns", "value": 7342.222222222222}], "name": "reset2"}, {"qubits": [3], "gate": "reset", "parameters": [{"date": "2021-9-19", "name": "gate_length", "unit": "ns", "value": 7342.222222222222}], "name": "reset3"}, {"qubits": [4], "gate": "reset", "parameters": [{"date": "2021-9-19", "name": "gate_length", "unit": "ns", "value": 7342.222222222222}], "name": "reset4"}], "general": [{"date": "2021-9-19", "name": "jq_01", "unit": "GHz", "value": 0.0018736137364449847}, {"date": "2021-9-19", "name": "zz_01", "unit": "GHz", "value": -5.778719017046504e-05}, {"date": "2021-9-19", "name": "jq_12", "unit": "GHz", "value": 0.0020062596172337292}, {"date": "2021-9-19", "name": "zz_12", "unit": "GHz", "value": -5.607853601551941e-05}, {"date": "2021-9-19", "name": "jq_13", "unit": "GHz", "value": 0.0020039976609872224}, {"date": "2021-9-19", "name": "zz_13", "unit": "GHz", "value": -5.2854062688980254e-05}, {"date": "2021-9-19", "name": "jq_34", "unit": "GHz", "value": 0.0016737719182152912}, {"date": "2021-9-19", "name": "zz_34", "unit": "GHz", "value": -3.628419642815204e-05}]}