{"backend_name": "ibmq_belem", "backend_version": "1.0.20", "last_update_date": "2021-10-3", "qubits": [[{"date": "2021-10-3", "name": "T1", "unit": "us", "value": 88.35113481630938}, {"date": "2021-10-3", "name": "T2", "unit": "us", "value": 118.57752578498207}, {"date": "2021-10-3", "name": "frequency", "unit": "GHz", "value": 5.090016602602123}, {"date": "2021-10-3", "name": "anharmonicity", "unit": "GHz", "value": -0.33612300518216515}, {"date": "2021-10-3", "name": "readout_error", "unit": "", "value": 0.025499999999999967}, {"date": "2021-10-3", "name": "prob_meas0_prep1", "unit": "", "value": 0.04079999999999995}, {"date": "2021-10-3", "name": "prob_meas1_prep0", "unit": "", "value": 0.0102}, {"date": "2021-10-3", "name": "readout_length", "unit": "ns", "value": 5351.11111111111}], [{"date": "2021-10-3", "name": "T1", "unit": "us", "value": 55.126057193793585}, {"date": "2021-10-2", "name": "T2", "unit": "us", "value": 83.62304612954246}, {"date": "2021-10-3", "name": "frequency", "unit": "GHz", "value": 5.245512920472266}, {"date": "2021-10-3", "name": "anharmonicity", "unit": "GHz", "value": -0.316572131412737}, {"date": "2021-10-3", "name": "readout_error", "unit": "", "value": 0.0998}, {"date": "2021-10-3", "name": "prob_meas0_prep1", "unit": "", "value": 0.15580000000000005}, {"date": "2021-10-3", "name": "prob_meas1_prep0", "unit": "", "value": 0.0438}, {"date": "2021-10-3", "name": "readout_length", "unit": "ns", "value": 5351.11111111111}], [{"date": "2021-10-3", "name": "T1", "unit": "us", "value": 89.92682322117399}, {"date": "2021-10-3", "name": "T2", "unit": "us", "value": 29.742078816754}, {"date": "2021-10-3", "name": "frequency", "unit": "GHz", "value": 5.361399177997983}, {"date": "2021-10-3", "name": "anharmonicity", "unit": "GHz", "value": -0.3306274884584928}, {"date": "2021-10-3", "name": "readout_error", "unit": "", "value": 0.01859999999999995}, {"date": "2021-10-3", "name": "prob_meas0_prep1", "unit": "", "value": 0.028200000000000003}, {"date": "2021-10-3", "name": "prob_meas1_prep0", "unit": "", "value": 0.009}, {"date": "2021-10-3", "name": "readout_length", "unit": "ns", "value": 5351.11111111111}], [{"date": "2021-10-3", "name": "T1", "unit": "us", "value": 56.48846399950737}, {"date": "2021-10-3", "name": "T2", "unit": "us", "value": 81.25170064008498}, {"date": "2021-10-3", "name": "frequency", "unit": "GHz", "value": 5.170384565793779}, {"date": "2021-10-3", "name": "anharmonicity", "unit": "GHz", "value": -0.33373922611368106}, {"date": "2021-10-3", "name": "readout_error", "unit": "", "value": 0.02980000000000005}, {"date": "2021-10-3", "name": "prob_meas0_prep1", "unit": "", "value": 0.0534}, {"date": "2021-10-3", "name": "prob_meas1_prep0", "unit": "", "value": 0.0062}, {"date": "2021-10-3", "name": "readout_length", "unit": "ns", "value": 5351.11111111111}], [{"date": "2021-10-3", "name": "T1", "unit": "us", "value": 98.69963088078697}, {"date": "2021-10-3", "name": "T2", "unit": "us", "value": 91.77280865875348}, {"date": "2021-10-3", "name": "frequency", "unit": "GHz", "value": 5.2583723514570995}, {"date": "2021-10-3", "name": "anharmonicity", "unit": "GHz", "value": -0.3313451432371279}, {"date": "2021-10-3", "name": "readout_error", "unit": "", "value": 0.021700000000000053}, {"date": "2021-10-3", "name": "prob_meas0_prep1", "unit": "", "value": 0.03720000000000001}, {"date": "2021-10-3", "name": "prob_meas1_prep0", "unit": "", "value": 0.0062}, {"date": "2021-10-3", "name": "readout_length", "unit": "ns", "value": 5351.11111111111}]], "gates": [{"qubits": [0], "gate": "id", "parameters": [{"date": "2021-10-3", "name": "gate_error", "unit": "", "value": 0.00021956913820363598}, {"date": "2021-10-3", "name": "gate_length", "unit": "ns", "value": 35.55555555555556}], "name": "id0"}, {"qubits": [1], "gate": "id", "parameters": [{"date": "2021-10-3", "name": "gate_error", "unit": "", "value": 0.0015945343095510078}, {"date": "2021-10-3", "name": "gate_length", "unit": "ns", "value": 35.55555555555556}], "name": "id1"}, {"qubits": [2], "gate": "id", "parameters": [{"date": "2021-10-3", "name": "gate_error", "unit": "", "value": 0.0001986906380513429}, {"date": "2021-10-3", "name": "gate_length", "unit": "ns", "value": 35.55555555555556}], "name": "id2"}, {"qubits": [3], "gate": "id", "parameters": [{"date": "2021-10-3", "name": "gate_error", "unit": "", "value": 0.00043761097297637867}, {"date": "2021-10-3", "name": "gate_length", "unit": "ns", "value": 35.55555555555556}], "name": "id3"}, {"qubits": [4], "gate": "id", "parameters": [{"date": "2021-10-3", "name": "gate_error", "unit": "", "value": 0.0002903705472653848}, {"date": "2021-10-3", "name": "gate_length", "unit": "ns", "value": 35.55555555555556}], "name": "id4"}, {"qubits": [0], "gate": "rz", "parameters": [{"date": "2021-10-3", "name": "gate_error", "unit": "", "value": 0}, {"date": "2021-10-3", "name": "gate_length", "unit": "ns", "value": 0}], "name": "rz0"}, {"qubits": [1], "gate": "rz", "parameters": [{"date": "2021-10-3", "name": "gate_error", "unit": "", "value": 0}, {"date": "2021-10-3", "name": "gate_length", "unit": "ns", "value": 0}], "name": "rz1"}, {"qubits": [2], "gate": "rz", "parameters": [{"date": "2021-10-3", "name": "gate_error", "unit": "", "value": 0}, {"date": "2021-10-3", "name": "gate_length", "unit": "ns", "value": 0}], "name": "rz2"}, {"qubits": [3], "gate": "rz", "parameters": [{"date": "2021-10-3", "name": "gate_error", "unit": "", "value": 0}, {"date": "2021-10-3", "name": "gate_length", "unit": "ns", "value": 0}], "name": "rz3"}, {"qubits": [4], "gate": "rz", "parameters": [{"date": "2021-10-3", "name": "gate_error", "unit": "", "value": 0}, {"date": "2021-10-3", "name": "gate_length", "unit": "ns", "value": 0}], "name": "rz4"}, {"qubits": [0], "gate": "sx", "parameters": [{"date": "2021-10-3", "name": "gate_error", "unit": "", "value": 0.00021956913820363598}, {"date": "2021-10-3", "name": "gate_length", "unit": "ns", "value": 35.55555555555556}], "name": "sx0"}, {"qubits": [1], "gate": "sx", "parameters": [{"date": "2021-10-3", "name": "gate_error", "unit": "", "value": 0.0015945343095510078}, {"date": "2021-10-3", "name": "gate_length", "unit": "ns", "value": 35.55555555555556}], "name": "sx1"}, {"qubits": [2], "gate": "sx", "parameters": [{"date": "2021-10-3", "name": "gate_error", "unit": "", "value": 0.0001986906380513429}, {"date": "2021-10-3", "name": "gate_length", "unit": "ns", "value": 35.55555555555556}], "name": "sx2"}, {"qubits": [3], "gate": "sx", "parameters": [{"date": "2021-10-3", "name": "gate_error", "unit": "", "value": 0.00043761097297637867}, {"date": "2021-10-3", "name": "gate_length", "unit": "ns", "value": 35.55555555555556}], "name": "sx3"}, {"qubits": [4], "gate": "sx", "parameters": [{"date": "2021-10-3", "name": "gate_error", "unit": "", "value": 0.0002903705472653848}, {"date": "2021-10-3", "name": "gate_length", "unit": "ns", "value": 35.55555555555556}], "name": "sx4"}, {"qubits": [0], "gate": "x", "parameters": [{"date": "2021-10-3", "name": "gate_error", "unit": "", "value": 0.00021956913820363598}, {"date": "2021-10-3", "name": "gate_length", "unit": "ns", "value": 35.55555555555556}], "name": "x0"}, {"qubits": [1], "gate": "x", "parameters": [{"date": "2021-10-3", "name": "gate_error", "unit": "", "value": 0.0015945343095510078}, {"date": "2021-10-3", "name": "gate_length", "unit": "ns", "value": 35.55555555555556}], "name": "x1"}, {"qubits": [2], "gate": "x", "parameters": [{"date": "2021-10-3", "name": "gate_error", "unit": "", "value": 0.0001986906380513429}, {"date": "2021-10-3", "name": "gate_length", "unit": "ns", "value": 35.55555555555556}], "name": "x2"}, {"qubits": [3], "gate": "x", "parameters": [{"date": "2021-10-3", "name": "gate_error", "unit": "", "value": 0.00043761097297637867}, {"date": "2021-10-3", "name": "gate_length", "unit": "ns", "value": 35.55555555555556}], "name": "x3"}, {"qubits": [4], "gate": "x", "parameters": [{"date": "2021-10-3", "name": "gate_error", "unit": "", "value": 0.0002903705472653848}, {"date": "2021-10-3", "name": "gate_length", "unit": "ns", "value": 35.55555555555556}], "name": "x4"}, {"qubits": [4, 3], "gate": "cx", "parameters": [{"date": "2021-10-3", "name": "gate_error", "unit": "", "value": 0.013772683456273443}, {"date": "2021-9-30", "name": "gate_length", "unit": "ns", "value": 554.6666666666666}], "name": "cx4_3"}, {"qubits": [3, 4], "gate": "cx", "parameters": [{"date": "2021-10-3", "name": "gate_error", "unit": "", "value": 0.013772683456273443}, {"date": "2021-9-30", "name": "gate_length", "unit": "ns", "value": 590.2222222222222}], "name": "cx3_4"}, {"qubits": [3, 1], "gate": "cx", "parameters": [{"date": "2021-10-3", "name": "gate_error", "unit": "", "value": 0.02245407745374972}, {"date": "2021-9-30", "name": "gate_length", "unit": "ns", "value": 398.2222222222222}], "name": "cx3_1"}, {"qubits": [1, 3], "gate": "cx", "parameters": [{"date": "2021-10-3", "name": "gate_error", "unit": "", "value": 0.02245407745374972}, {"date": "2021-9-30", "name": "gate_length", "unit": "ns", "value": 433.77777777777777}], "name": "cx1_3"}, {"qubits": [2, 1], "gate": "cx", "parameters": [{"date": "2021-10-3", "name": "gate_error", "unit": "", "value": 0.02358731250511245}, {"date": "2021-9-30", "name": "gate_length", "unit": "ns", "value": 412.4444444444444}], "name": "cx2_1"}, {"qubits": [1, 2], "gate": "cx", "parameters": [{"date": "2021-10-3", "name": "gate_error", "unit": "", "value": 0.02358731250511245}, {"date": "2021-9-30", "name": "gate_length", "unit": "ns", "value": 448}], "name": "cx1_2"}, {"qubits": [1, 0], "gate": "cx", "parameters": [{"date": "2021-10-2", "name": "gate_error", "unit": "", "value": 0.02448417781237658}, {"date": "2021-9-30", "name": "gate_length", "unit": "ns", "value": 775.1111111111111}], "name": "cx1_0"}, {"qubits": [0, 1], "gate": "cx", "parameters": [{"date": "2021-10-2", "name": "gate_error", "unit": "", "value": 0.02448417781237658}, {"date": "2021-9-30", "name": "gate_length", "unit": "ns", "value": 810.6666666666666}], "name": "cx0_1"}, {"qubits": [0], "gate": "reset", "parameters": [{"date": "2021-10-3", "name": "gate_length", "unit": "ns", "value": 7342.222222222222}], "name": "reset0"}, {"qubits": [1], "gate": "reset", "parameters": [{"date": "2021-10-3", "name": "gate_length", "unit": "ns", "value": 7342.222222222222}], "name": "reset1"}, {"qubits": [2], "gate": "reset", "parameters": [{"date": "2021-10-3", "name": "gate_length", "unit": "ns", "value": 7342.222222222222}], "name": "reset2"}, {"qubits": [3], "gate": "reset", "parameters": [{"date": "2021-10-3", "name": "gate_length", "unit": "ns", "value": 7342.222222222222}], "name": "reset3"}, {"qubits": [4], "gate": "reset", "parameters": [{"date": "2021-10-3", "name": "gate_length", "unit": "ns", "value": 7342.222222222222}], "name": "reset4"}], "general": [{"date": "2021-10-3", "name": "jq_01", "unit": "GHz", "value": 0.0018736137364449847}, {"date": "2021-10-3", "name": "zz_01", "unit": "GHz", "value": -5.778719017046504e-05}, {"date": "2021-10-3", "name": "jq_12", "unit": "GHz", "value": 0.0020062596172337292}, {"date": "2021-10-3", "name": "zz_12", "unit": "GHz", "value": -5.607853601551941e-05}, {"date": "2021-10-3", "name": "jq_13", "unit": "GHz", "value": 0.0020039976609872224}, {"date": "2021-10-3", "name": "zz_13", "unit": "GHz", "value": -5.2854062688980254e-05}, {"date": "2021-10-3", "name": "jq_34", "unit": "GHz", "value": 0.0016737719182152912}, {"date": "2021-10-3", "name": "zz_34", "unit": "GHz", "value": -3.628419642815204e-05}]}