{"backend_name": "ibmq_belem", "backend_version": "1.0.16", "last_update_date": "2021-8-13", "qubits": [[{"date": "2021-8-13", "name": "T1", "unit": "us", "value": 112.32885527927499}, {"date": "2021-8-13", "name": "T2", "unit": "us", "value": 157.75809311915404}, {"date": "2021-8-13", "name": "frequency", "unit": "GHz", "value": 5.090072850548838}, {"date": "2021-8-13", "name": "anharmonicity", "unit": "GHz", "value": -0.33612300518216515}, {"date": "2021-8-13", "name": "readout_error", "unit": "", "value": 0.016100000000000003}, {"date": "2021-8-13", "name": "prob_meas0_prep1", "unit": "", "value": 0.023399999999999976}, {"date": "2021-8-13", "name": "prob_meas1_prep0", "unit": "", "value": 0.0088}, {"date": "2021-8-13", "name": "readout_length", "unit": "ns", "value": 5351.11111111111}], [{"date": "2021-8-13", "name": "T1", "unit": "us", "value": 90.41767114923462}, {"date": "2021-8-13", "name": "T2", "unit": "us", "value": 122.98809838877305}, {"date": "2021-8-13", "name": "frequency", "unit": "GHz", "value": 5.245406879218919}, {"date": "2021-8-13", "name": "anharmonicity", "unit": "GHz", "value": -0.316572131412737}, {"date": "2021-8-13", "name": "readout_error", "unit": "", "value": 0.023299999999999987}, {"date": "2021-8-13", "name": "prob_meas0_prep1", "unit": "", "value": 0.04079999999999995}, {"date": "2021-8-13", "name": "prob_meas1_prep0", "unit": "", "value": 0.0058}, {"date": "2021-8-13", "name": "readout_length", "unit": "ns", "value": 5351.11111111111}], [{"date": "2021-8-13", "name": "T1", "unit": "us", "value": 88.08935195879187}, {"date": "2021-8-13", "name": "T2", "unit": "us", "value": 68.46988644760897}, {"date": "2021-8-13", "name": "frequency", "unit": "GHz", "value": 5.36137177878678}, {"date": "2021-8-13", "name": "anharmonicity", "unit": "GHz", "value": -0.3306274884584928}, {"date": "2021-8-13", "name": "readout_error", "unit": "", "value": 0.020499999999999963}, {"date": "2021-8-13", "name": "prob_meas0_prep1", "unit": "", "value": 0.02980000000000005}, {"date": "2021-8-13", "name": "prob_meas1_prep0", "unit": "", "value": 0.0112}, {"date": "2021-8-13", "name": "readout_length", "unit": "ns", "value": 5351.11111111111}], [{"date": "2021-8-13", "name": "T1", "unit": "us", "value": 106.53853784506698}, {"date": "2021-8-13", "name": "T2", "unit": "us", "value": 167.5632596796338}, {"date": "2021-8-13", "name": "frequency", "unit": "GHz", "value": 5.1703880851980575}, {"date": "2021-8-13", "name": "anharmonicity", "unit": "GHz", "value": -0.33373922611368106}, {"date": "2021-8-13", "name": "readout_error", "unit": "", "value": 0.015100000000000002}, {"date": "2021-8-13", "name": "prob_meas0_prep1", "unit": "", "value": 0.0232}, {"date": "2021-8-13", "name": "prob_meas1_prep0", "unit": "", "value": 0.007}, {"date": "2021-8-13", "name": "readout_length", "unit": "ns", "value": 5351.11111111111}], [{"date": "2021-8-13", "name": "T1", "unit": "us", "value": 112.71019274456877}, {"date": "2021-8-13", "name": "T2", "unit": "us", "value": 128.52239388120054}, {"date": "2021-8-13", "name": "frequency", "unit": "GHz", "value": 5.258385729360121}, {"date": "2021-8-13", "name": "anharmonicity", "unit": "GHz", "value": -0.3313451432371279}, {"date": "2021-8-13", "name": "readout_error", "unit": "", "value": 0.019500000000000073}, {"date": "2021-8-13", "name": "prob_meas0_prep1", "unit": "", "value": 0.03080000000000005}, {"date": "2021-8-13", "name": "prob_meas1_prep0", "unit": "", "value": 0.0082}, {"date": "2021-8-13", "name": "readout_length", "unit": "ns", "value": 5351.11111111111}]], "gates": [{"qubits": [0], "gate": "id", "parameters": [{"date": "2021-8-13", "name": "gate_error", "unit": "", "value": 0.0001936567865045649}, {"date": "2021-8-13", "name": "gate_length", "unit": "ns", "value": 35.55555555555556}], "name": "id0"}, {"qubits": [1], "gate": "id", "parameters": [{"date": "2021-8-13", "name": "gate_error", "unit": "", "value": 0.0007210753107765874}, {"date": "2021-8-13", "name": "gate_length", "unit": "ns", "value": 35.55555555555556}], "name": "id1"}, {"qubits": [2], "gate": "id", "parameters": [{"date": "2021-8-13", "name": "gate_error", "unit": "", "value": 0.00022043778236805657}, {"date": "2021-8-13", "name": "gate_length", "unit": "ns", "value": 35.55555555555556}], "name": "id2"}, {"qubits": [3], "gate": "id", "parameters": [{"date": "2021-8-13", "name": "gate_error", "unit": "", "value": 0.00018489165677124355}, {"date": "2021-8-13", "name": "gate_length", "unit": "ns", "value": 35.55555555555556}], "name": "id3"}, {"qubits": [4], "gate": "id", "parameters": [{"date": "2021-8-13", "name": "gate_error", "unit": "", "value": 0.000246500797748462}, {"date": "2021-8-13", "name": "gate_length", "unit": "ns", "value": 35.55555555555556}], "name": "id4"}, {"qubits": [0], "gate": "rz", "parameters": [{"date": "2021-8-13", "name": "gate_error", "unit": "", "value": 0}, {"date": "2021-8-13", "name": "gate_length", "unit": "ns", "value": 0}], "name": "rz0"}, {"qubits": [1], "gate": "rz", "parameters": [{"date": "2021-8-13", "name": "gate_error", "unit": "", "value": 0}, {"date": "2021-8-13", "name": "gate_length", "unit": "ns", "value": 0}], "name": "rz1"}, {"qubits": [2], "gate": "rz", "parameters": [{"date": "2021-8-13", "name": "gate_error", "unit": "", "value": 0}, {"date": "2021-8-13", "name": "gate_length", "unit": "ns", "value": 0}], "name": "rz2"}, {"qubits": [3], "gate": "rz", "parameters": [{"date": "2021-8-13", "name": "gate_error", "unit": "", "value": 0}, {"date": "2021-8-13", "name": "gate_length", "unit": "ns", "value": 0}], "name": "rz3"}, {"qubits": [4], "gate": "rz", "parameters": [{"date": "2021-8-13", "name": "gate_error", "unit": "", "value": 0}, {"date": "2021-8-13", "name": "gate_length", "unit": "ns", "value": 0}], "name": "rz4"}, {"qubits": [0], "gate": "sx", "parameters": [{"date": "2021-8-13", "name": "gate_error", "unit": "", "value": 0.0001936567865045649}, {"date": "2021-8-13", "name": "gate_length", "unit": "ns", "value": 35.55555555555556}], "name": "sx0"}, {"qubits": [1], "gate": "sx", "parameters": [{"date": "2021-8-13", "name": "gate_error", "unit": "", "value": 0.0007210753107765874}, {"date": "2021-8-13", "name": "gate_length", "unit": "ns", "value": 35.55555555555556}], "name": "sx1"}, {"qubits": [2], "gate": "sx", "parameters": [{"date": "2021-8-13", "name": "gate_error", "unit": "", "value": 0.00022043778236805657}, {"date": "2021-8-13", "name": "gate_length", "unit": "ns", "value": 35.55555555555556}], "name": "sx2"}, {"qubits": [3], "gate": "sx", "parameters": [{"date": "2021-8-13", "name": "gate_error", "unit": "", "value": 0.00018489165677124355}, {"date": "2021-8-13", "name": "gate_length", "unit": "ns", "value": 35.55555555555556}], "name": "sx3"}, {"qubits": [4], "gate": "sx", "parameters": [{"date": "2021-8-13", "name": "gate_error", "unit": "", "value": 0.000246500797748462}, {"date": "2021-8-13", "name": "gate_length", "unit": "ns", "value": 35.55555555555556}], "name": "sx4"}, {"qubits": [0], "gate": "x", "parameters": [{"date": "2021-8-13", "name": "gate_error", "unit": "", "value": 0.0001936567865045649}, {"date": "2021-8-13", "name": "gate_length", "unit": "ns", "value": 35.55555555555556}], "name": "x0"}, {"qubits": [1], "gate": "x", "parameters": [{"date": "2021-8-13", "name": "gate_error", "unit": "", "value": 0.0007210753107765874}, {"date": "2021-8-13", "name": "gate_length", "unit": "ns", "value": 35.55555555555556}], "name": "x1"}, {"qubits": [2], "gate": "x", "parameters": [{"date": "2021-8-13", "name": "gate_error", "unit": "", "value": 0.00022043778236805657}, {"date": "2021-8-13", "name": "gate_length", "unit": "ns", "value": 35.55555555555556}], "name": "x2"}, {"qubits": [3], "gate": "x", "parameters": [{"date": "2021-8-13", "name": "gate_error", "unit": "", "value": 0.00018489165677124355}, {"date": "2021-8-13", "name": "gate_length", "unit": "ns", "value": 35.55555555555556}], "name": "x3"}, {"qubits": [4], "gate": "x", "parameters": [{"date": "2021-8-13", "name": "gate_error", "unit": "", "value": 0.000246500797748462}, {"date": "2021-8-13", "name": "gate_length", "unit": "ns", "value": 35.55555555555556}], "name": "x4"}, {"qubits": [4, 3], "gate": "cx", "parameters": [{"date": "2021-8-13", "name": "gate_error", "unit": "", "value": 0.00854463927460658}, {"date": "2021-8-10", "name": "gate_length", "unit": "ns", "value": 554.6666666666666}], "name": "cx4_3"}, {"qubits": [3, 4], "gate": "cx", "parameters": [{"date": "2021-8-13", "name": "gate_error", "unit": "", "value": 0.00854463927460658}, {"date": "2021-8-10", "name": "gate_length", "unit": "ns", "value": 590.2222222222222}], "name": "cx3_4"}, {"qubits": [3, 1], "gate": "cx", "parameters": [{"date": "2021-8-13", "name": "gate_error", "unit": "", "value": 0.007640028770627444}, {"date": "2021-8-10", "name": "gate_length", "unit": "ns", "value": 398.2222222222222}], "name": "cx3_1"}, {"qubits": [1, 3], "gate": "cx", "parameters": [{"date": "2021-8-13", "name": "gate_error", "unit": "", "value": 0.007640028770627444}, {"date": "2021-8-10", "name": "gate_length", "unit": "ns", "value": 433.77777777777777}], "name": "cx1_3"}, {"qubits": [2, 1], "gate": "cx", "parameters": [{"date": "2021-8-13", "name": "gate_error", "unit": "", "value": 0.00756610134738922}, {"date": "2021-8-10", "name": "gate_length", "unit": "ns", "value": 412.4444444444444}], "name": "cx2_1"}, {"qubits": [1, 2], "gate": "cx", "parameters": [{"date": "2021-8-13", "name": "gate_error", "unit": "", "value": 0.00756610134738922}, {"date": "2021-8-10", "name": "gate_length", "unit": "ns", "value": 448}], "name": "cx1_2"}, {"qubits": [1, 0], "gate": "cx", "parameters": [{"date": "2021-8-13", "name": "gate_error", "unit": "", "value": 0.016632798290965672}, {"date": "2021-8-10", "name": "gate_length", "unit": "ns", "value": 775.1111111111111}], "name": "cx1_0"}, {"qubits": [0, 1], "gate": "cx", "parameters": [{"date": "2021-8-13", "name": "gate_error", "unit": "", "value": 0.016632798290965672}, {"date": "2021-8-10", "name": "gate_length", "unit": "ns", "value": 810.6666666666666}], "name": "cx0_1"}, {"qubits": [0], "gate": "reset", "parameters": [{"date": "2021-8-13", "name": "gate_length", "unit": "ns", "value": 7342.222222222222}], "name": "reset0"}, {"qubits": [1], "gate": "reset", "parameters": [{"date": "2021-8-13", "name": "gate_length", "unit": "ns", "value": 7342.222222222222}], "name": "reset1"}, {"qubits": [2], "gate": "reset", "parameters": [{"date": "2021-8-13", "name": "gate_length", "unit": "ns", "value": 7342.222222222222}], "name": "reset2"}, {"qubits": [3], "gate": "reset", "parameters": [{"date": "2021-8-13", "name": "gate_length", "unit": "ns", "value": 7342.222222222222}], "name": "reset3"}, {"qubits": [4], "gate": "reset", "parameters": [{"date": "2021-8-13", "name": "gate_length", "unit": "ns", "value": 7342.222222222222}], "name": "reset4"}], "general": [{"date": "2021-8-13", "name": "jq_01", "unit": "GHz", "value": 0.0018736137364449847}, {"date": "2021-8-13", "name": "zz_01", "unit": "GHz", "value": -5.778719017046504e-05}, {"date": "2021-8-13", "name": "jq_12", "unit": "GHz", "value": 0.0020062596172337292}, {"date": "2021-8-13", "name": "zz_12", "unit": "GHz", "value": -5.607853601551941e-05}, {"date": "2021-8-13", "name": "jq_13", "unit": "GHz", "value": 0.0020039976609872224}, {"date": "2021-8-13", "name": "zz_13", "unit": "GHz", "value": -5.2854062688980254e-05}, {"date": "2021-8-13", "name": "jq_34", "unit": "GHz", "value": 0.0016737719182152912}, {"date": "2021-8-13", "name": "zz_34", "unit": "GHz", "value": -3.628419642815204e-05}]}