{"backend_name": "ibmq_belem", "backend_version": "1.0.25", "last_update_date": "2021-11-3", "qubits": [[{"date": "2021-11-3", "name": "T1", "unit": "us", "value": 121.3496519454232}, {"date": "2021-11-3", "name": "T2", "unit": "us", "value": 112.71838076508229}, {"date": "2021-11-3", "name": "frequency", "unit": "GHz", "value": 5.090159895360543}, {"date": "2021-11-3", "name": "anharmonicity", "unit": "GHz", "value": -0.33612300518216515}, {"date": "2021-11-3", "name": "readout_error", "unit": "", "value": 0.01970000000000005}, {"date": "2021-11-3", "name": "prob_meas0_prep1", "unit": "", "value": 0.03159999999999996}, {"date": "2021-11-3", "name": "prob_meas1_prep0", "unit": "", "value": 0.0078}, {"date": "2021-11-3", "name": "readout_length", "unit": "ns", "value": 5351.11111111111}], [{"date": "2021-11-3", "name": "T1", "unit": "us", "value": 125.33783223407548}, {"date": "2021-11-3", "name": "T2", "unit": "us", "value": 96.21975541453358}, {"date": "2021-11-3", "name": "frequency", "unit": "GHz", "value": 5.2455710581890775}, {"date": "2021-11-3", "name": "anharmonicity", "unit": "GHz", "value": -0.316572131412737}, {"date": "2021-11-3", "name": "readout_error", "unit": "", "value": 0.025900000000000034}, {"date": "2021-11-3", "name": "prob_meas0_prep1", "unit": "", "value": 0.04059999999999997}, {"date": "2021-11-3", "name": "prob_meas1_prep0", "unit": "", "value": 0.0112}, {"date": "2021-11-3", "name": "readout_length", "unit": "ns", "value": 5351.11111111111}], [{"date": "2021-11-3", "name": "T1", "unit": "us", "value": 109.80353782815914}, {"date": "2021-11-3", "name": "T2", "unit": "us", "value": 38.414658668496166}, {"date": "2021-11-3", "name": "frequency", "unit": "GHz", "value": 5.361424602722246}, {"date": "2021-11-3", "name": "anharmonicity", "unit": "GHz", "value": -0.3306274884584928}, {"date": "2021-11-3", "name": "readout_error", "unit": "", "value": 0.021600000000000064}, {"date": "2021-11-3", "name": "prob_meas0_prep1", "unit": "", "value": 0.03639999999999999}, {"date": "2021-11-3", "name": "prob_meas1_prep0", "unit": "", "value": 0.0068}, {"date": "2021-11-3", "name": "readout_length", "unit": "ns", "value": 5351.11111111111}], [{"date": "2021-11-3", "name": "T1", "unit": "us", "value": 76.34754263474638}, {"date": "2021-11-3", "name": "T2", "unit": "us", "value": 121.75835100593805}, {"date": "2021-11-3", "name": "frequency", "unit": "GHz", "value": 5.1703879638549815}, {"date": "2021-11-3", "name": "anharmonicity", "unit": "GHz", "value": -0.33373922611368106}, {"date": "2021-11-3", "name": "readout_error", "unit": "", "value": 0.055499999999999994}, {"date": "2021-11-3", "name": "prob_meas0_prep1", "unit": "", "value": 0.08999999999999997}, {"date": "2021-11-3", "name": "prob_meas1_prep0", "unit": "", "value": 0.021}, {"date": "2021-11-3", "name": "readout_length", "unit": "ns", "value": 5351.11111111111}], [{"date": "2021-11-3", "name": "T1", "unit": "us", "value": 78.74171831128137}, {"date": "2021-11-3", "name": "T2", "unit": "us", "value": 90.6659535096142}, {"date": "2021-11-3", "name": "frequency", "unit": "GHz", "value": 5.258452783119856}, {"date": "2021-11-3", "name": "anharmonicity", "unit": "GHz", "value": -0.3313451432371279}, {"date": "2021-11-3", "name": "readout_error", "unit": "", "value": 0.02100000000000002}, {"date": "2021-11-3", "name": "prob_meas0_prep1", "unit": "", "value": 0.03700000000000003}, {"date": "2021-11-3", "name": "prob_meas1_prep0", "unit": "", "value": 0.005}, {"date": "2021-11-3", "name": "readout_length", "unit": "ns", "value": 5351.11111111111}]], "gates": [{"qubits": [0], "gate": "id", "parameters": [{"date": "2021-11-3", "name": "gate_error", "unit": "", "value": 0.00017324382966829854}, {"date": "2021-11-3", "name": "gate_length", "unit": "ns", "value": 35.55555555555556}], "name": "id0"}, {"qubits": [1], "gate": "id", "parameters": [{"date": "2021-11-3", "name": "gate_error", "unit": "", "value": 0.00029675174468945793}, {"date": "2021-11-3", "name": "gate_length", "unit": "ns", "value": 35.55555555555556}], "name": "id1"}, {"qubits": [2], "gate": "id", "parameters": [{"date": "2021-11-3", "name": "gate_error", "unit": "", "value": 0.0003563388404554893}, {"date": "2021-11-3", "name": "gate_length", "unit": "ns", "value": 35.55555555555556}], "name": "id2"}, {"qubits": [3], "gate": "id", "parameters": [{"date": "2021-11-3", "name": "gate_error", "unit": "", "value": 0.0005627550364682743}, {"date": "2021-11-3", "name": "gate_length", "unit": "ns", "value": 35.55555555555556}], "name": "id3"}, {"qubits": [4], "gate": "id", "parameters": [{"date": "2021-11-3", "name": "gate_error", "unit": "", "value": 0.00021987574647748688}, {"date": "2021-11-3", "name": "gate_length", "unit": "ns", "value": 35.55555555555556}], "name": "id4"}, {"qubits": [0], "gate": "rz", "parameters": [{"date": "2021-11-3", "name": "gate_error", "unit": "", "value": 0}, {"date": "2021-11-3", "name": "gate_length", "unit": "ns", "value": 0}], "name": "rz0"}, {"qubits": [1], "gate": "rz", "parameters": [{"date": "2021-11-3", "name": "gate_error", "unit": "", "value": 0}, {"date": "2021-11-3", "name": "gate_length", "unit": "ns", "value": 0}], "name": "rz1"}, {"qubits": [2], "gate": "rz", "parameters": [{"date": "2021-11-3", "name": "gate_error", "unit": "", "value": 0}, {"date": "2021-11-3", "name": "gate_length", "unit": "ns", "value": 0}], "name": "rz2"}, {"qubits": [3], "gate": "rz", "parameters": [{"date": "2021-11-3", "name": "gate_error", "unit": "", "value": 0}, {"date": "2021-11-3", "name": "gate_length", "unit": "ns", "value": 0}], "name": "rz3"}, {"qubits": [4], "gate": "rz", "parameters": [{"date": "2021-11-3", "name": "gate_error", "unit": "", "value": 0}, {"date": "2021-11-3", "name": "gate_length", "unit": "ns", "value": 0}], "name": "rz4"}, {"qubits": [0], "gate": "sx", "parameters": [{"date": "2021-11-3", "name": "gate_error", "unit": "", "value": 0.00017324382966829854}, {"date": "2021-11-3", "name": "gate_length", "unit": "ns", "value": 35.55555555555556}], "name": "sx0"}, {"qubits": [1], "gate": "sx", "parameters": [{"date": "2021-11-3", "name": "gate_error", "unit": "", "value": 0.00029675174468945793}, {"date": "2021-11-3", "name": "gate_length", "unit": "ns", "value": 35.55555555555556}], "name": "sx1"}, {"qubits": [2], "gate": "sx", "parameters": [{"date": "2021-11-3", "name": "gate_error", "unit": "", "value": 0.0003563388404554893}, {"date": "2021-11-3", "name": "gate_length", "unit": "ns", "value": 35.55555555555556}], "name": "sx2"}, {"qubits": [3], "gate": "sx", "parameters": [{"date": "2021-11-3", "name": "gate_error", "unit": "", "value": 0.0005627550364682743}, {"date": "2021-11-3", "name": "gate_length", "unit": "ns", "value": 35.55555555555556}], "name": "sx3"}, {"qubits": [4], "gate": "sx", "parameters": [{"date": "2021-11-3", "name": "gate_error", "unit": "", "value": 0.00021987574647748688}, {"date": "2021-11-3", "name": "gate_length", "unit": "ns", "value": 35.55555555555556}], "name": "sx4"}, {"qubits": [0], "gate": "x", "parameters": [{"date": "2021-11-3", "name": "gate_error", "unit": "", "value": 0.00017324382966829854}, {"date": "2021-11-3", "name": "gate_length", "unit": "ns", "value": 35.55555555555556}], "name": "x0"}, {"qubits": [1], "gate": "x", "parameters": [{"date": "2021-11-3", "name": "gate_error", "unit": "", "value": 0.00029675174468945793}, {"date": "2021-11-3", "name": "gate_length", "unit": "ns", "value": 35.55555555555556}], "name": "x1"}, {"qubits": [2], "gate": "x", "parameters": [{"date": "2021-11-3", "name": "gate_error", "unit": "", "value": 0.0003563388404554893}, {"date": "2021-11-3", "name": "gate_length", "unit": "ns", "value": 35.55555555555556}], "name": "x2"}, {"qubits": [3], "gate": "x", "parameters": [{"date": "2021-11-3", "name": "gate_error", "unit": "", "value": 0.0005627550364682743}, {"date": "2021-11-3", "name": "gate_length", "unit": "ns", "value": 35.55555555555556}], "name": "x3"}, {"qubits": [4], "gate": "x", "parameters": [{"date": "2021-11-3", "name": "gate_error", "unit": "", "value": 0.00021987574647748688}, {"date": "2021-11-3", "name": "gate_length", "unit": "ns", "value": 35.55555555555556}], "name": "x4"}, {"qubits": [4, 3], "gate": "cx", "parameters": [{"date": "2021-11-3", "name": "gate_error", "unit": "", "value": 0.013904490686664023}, {"date": "2021-10-31", "name": "gate_length", "unit": "ns", "value": 554.6666666666666}], "name": "cx4_3"}, {"qubits": [3, 4], "gate": "cx", "parameters": [{"date": "2021-11-3", "name": "gate_error", "unit": "", "value": 0.013904490686664023}, {"date": "2021-10-31", "name": "gate_length", "unit": "ns", "value": 590.2222222222222}], "name": "cx3_4"}, {"qubits": [3, 1], "gate": "cx", "parameters": [{"date": "2021-11-3", "name": "gate_error", "unit": "", "value": 0.01385744534575814}, {"date": "2021-10-31", "name": "gate_length", "unit": "ns", "value": 398.2222222222222}], "name": "cx3_1"}, {"qubits": [1, 3], "gate": "cx", "parameters": [{"date": "2021-11-3", "name": "gate_error", "unit": "", "value": 0.01385744534575814}, {"date": "2021-10-31", "name": "gate_length", "unit": "ns", "value": 433.77777777777777}], "name": "cx1_3"}, {"qubits": [2, 1], "gate": "cx", "parameters": [{"date": "2021-11-3", "name": "gate_error", "unit": "", "value": 0.00867224457317875}, {"date": "2021-10-31", "name": "gate_length", "unit": "ns", "value": 412.4444444444444}], "name": "cx2_1"}, {"qubits": [1, 2], "gate": "cx", "parameters": [{"date": "2021-11-3", "name": "gate_error", "unit": "", "value": 0.00867224457317875}, {"date": "2021-10-31", "name": "gate_length", "unit": "ns", "value": 448}], "name": "cx1_2"}, {"qubits": [1, 0], "gate": "cx", "parameters": [{"date": "2021-11-3", "name": "gate_error", "unit": "", "value": 0.015598197025551042}, {"date": "2021-10-31", "name": "gate_length", "unit": "ns", "value": 775.1111111111111}], "name": "cx1_0"}, {"qubits": [0, 1], "gate": "cx", "parameters": [{"date": "2021-11-3", "name": "gate_error", "unit": "", "value": 0.015598197025551042}, {"date": "2021-10-31", "name": "gate_length", "unit": "ns", "value": 810.6666666666666}], "name": "cx0_1"}, {"qubits": [0], "gate": "reset", "parameters": [{"date": "2021-11-3", "name": "gate_length", "unit": "ns", "value": 7342.222222222222}], "name": "reset0"}, {"qubits": [1], "gate": "reset", "parameters": [{"date": "2021-11-3", "name": "gate_length", "unit": "ns", "value": 7342.222222222222}], "name": "reset1"}, {"qubits": [2], "gate": "reset", "parameters": [{"date": "2021-11-3", "name": "gate_length", "unit": "ns", "value": 7342.222222222222}], "name": "reset2"}, {"qubits": [3], "gate": "reset", "parameters": [{"date": "2021-11-3", "name": "gate_length", "unit": "ns", "value": 7342.222222222222}], "name": "reset3"}, {"qubits": [4], "gate": "reset", "parameters": [{"date": "2021-11-3", "name": "gate_length", "unit": "ns", "value": 7342.222222222222}], "name": "reset4"}], "general": [{"date": "2021-11-3", "name": "jq_01", "unit": "GHz", "value": 0.0018736137364449847}, {"date": "2021-11-3", "name": "zz_01", "unit": "GHz", "value": -5.778719017046504e-05}, {"date": "2021-11-3", "name": "jq_12", "unit": "GHz", "value": 0.0020062596172337292}, {"date": "2021-11-3", "name": "zz_12", "unit": "GHz", "value": -5.607853601551941e-05}, {"date": "2021-11-3", "name": "jq_13", "unit": "GHz", "value": 0.0020039976609872224}, {"date": "2021-11-3", "name": "zz_13", "unit": "GHz", "value": -5.2854062688980254e-05}, {"date": "2021-11-3", "name": "jq_34", "unit": "GHz", "value": 0.0016737719182152912}, {"date": "2021-11-3", "name": "zz_34", "unit": "GHz", "value": -3.628419642815204e-05}]}