{"backend_name": "ibmq_belem", "backend_version": "1.0.17", "last_update_date": "2021-9-3", "qubits": [[{"date": "2021-9-3", "name": "T1", "unit": "us", "value": 94.41330078741983}, {"date": "2021-9-3", "name": "T2", "unit": "us", "value": 124.48259868831865}, {"date": "2021-9-3", "name": "frequency", "unit": "GHz", "value": 5.09002693601635}, {"date": "2021-9-3", "name": "anharmonicity", "unit": "GHz", "value": -0.33612300518216515}, {"date": "2021-9-3", "name": "readout_error", "unit": "", "value": 0.02090000000000003}, {"date": "2021-9-3", "name": "prob_meas0_prep1", "unit": "", "value": 0.03080000000000005}, {"date": "2021-9-3", "name": "prob_meas1_prep0", "unit": "", "value": 0.011}, {"date": "2021-9-3", "name": "readout_length", "unit": "ns", "value": 5351.11111111111}], [{"date": "2021-9-3", "name": "T1", "unit": "us", "value": 87.3246064045245}, {"date": "2021-9-3", "name": "T2", "unit": "us", "value": 128.30470031799257}, {"date": "2021-9-3", "name": "frequency", "unit": "GHz", "value": 5.245497690789064}, {"date": "2021-9-3", "name": "anharmonicity", "unit": "GHz", "value": -0.316572131412737}, {"date": "2021-9-3", "name": "readout_error", "unit": "", "value": 0.019299999999999984}, {"date": "2021-9-3", "name": "prob_meas0_prep1", "unit": "", "value": 0.032200000000000006}, {"date": "2021-9-3", "name": "prob_meas1_prep0", "unit": "", "value": 0.0064}, {"date": "2021-9-3", "name": "readout_length", "unit": "ns", "value": 5351.11111111111}], [{"date": "2021-9-3", "name": "T1", "unit": "us", "value": 82.94984814555056}, {"date": "2021-9-3", "name": "T2", "unit": "us", "value": 61.09640675196593}, {"date": "2021-9-3", "name": "frequency", "unit": "GHz", "value": 5.3614127775649765}, {"date": "2021-9-3", "name": "anharmonicity", "unit": "GHz", "value": -0.3306274884584928}, {"date": "2021-9-3", "name": "readout_error", "unit": "", "value": 0.018799999999999928}, {"date": "2021-9-3", "name": "prob_meas0_prep1", "unit": "", "value": 0.027599999999999958}, {"date": "2021-9-3", "name": "prob_meas1_prep0", "unit": "", "value": 0.01}, {"date": "2021-9-3", "name": "readout_length", "unit": "ns", "value": 5351.11111111111}], [{"date": "2021-9-3", "name": "T1", "unit": "us", "value": 61.229338549094116}, {"date": "2021-9-3", "name": "T2", "unit": "us", "value": 89.51366744581313}, {"date": "2021-9-3", "name": "frequency", "unit": "GHz", "value": 5.170380607066691}, {"date": "2021-9-3", "name": "anharmonicity", "unit": "GHz", "value": -0.33373922611368106}, {"date": "2021-9-3", "name": "readout_error", "unit": "", "value": 0.026000000000000023}, {"date": "2021-9-3", "name": "prob_meas0_prep1", "unit": "", "value": 0.045599999999999974}, {"date": "2021-9-3", "name": "prob_meas1_prep0", "unit": "", "value": 0.0064}, {"date": "2021-9-3", "name": "readout_length", "unit": "ns", "value": 5351.11111111111}], [{"date": "2021-9-3", "name": "T1", "unit": "us", "value": 128.130801105739}, {"date": "2021-9-3", "name": "T2", "unit": "us", "value": 187.435862657058}, {"date": "2021-9-3", "name": "frequency", "unit": "GHz", "value": 5.258372996339064}, {"date": "2021-9-3", "name": "anharmonicity", "unit": "GHz", "value": -0.3313451432371279}, {"date": "2021-9-3", "name": "readout_error", "unit": "", "value": 0.019500000000000073}, {"date": "2021-9-3", "name": "prob_meas0_prep1", "unit": "", "value": 0.03200000000000003}, {"date": "2021-9-3", "name": "prob_meas1_prep0", "unit": "", "value": 0.007}, {"date": "2021-9-3", "name": "readout_length", "unit": "ns", "value": 5351.11111111111}]], "gates": [{"qubits": [0], "gate": "id", "parameters": [{"date": "2021-9-3", "name": "gate_error", "unit": "", "value": 0.00018570424593429083}, {"date": "2021-9-3", "name": "gate_length", "unit": "ns", "value": 35.55555555555556}], "name": "id0"}, {"qubits": [1], "gate": "id", "parameters": [{"date": "2021-9-3", "name": "gate_error", "unit": "", "value": 0.00024017672334317885}, {"date": "2021-9-3", "name": "gate_length", "unit": "ns", "value": 35.55555555555556}], "name": "id1"}, {"qubits": [2], "gate": "id", "parameters": [{"date": "2021-9-3", "name": "gate_error", "unit": "", "value": 0.00020468047370452612}, {"date": "2021-9-3", "name": "gate_length", "unit": "ns", "value": 35.55555555555556}], "name": "id2"}, {"qubits": [3], "gate": "id", "parameters": [{"date": "2021-9-3", "name": "gate_error", "unit": "", "value": 0.00034736006356819423}, {"date": "2021-9-3", "name": "gate_length", "unit": "ns", "value": 35.55555555555556}], "name": "id3"}, {"qubits": [4], "gate": "id", "parameters": [{"date": "2021-9-3", "name": "gate_error", "unit": "", "value": 0.00023294589992892077}, {"date": "2021-9-3", "name": "gate_length", "unit": "ns", "value": 35.55555555555556}], "name": "id4"}, {"qubits": [0], "gate": "rz", "parameters": [{"date": "2021-9-3", "name": "gate_error", "unit": "", "value": 0}, {"date": "2021-9-3", "name": "gate_length", "unit": "ns", "value": 0}], "name": "rz0"}, {"qubits": [1], "gate": "rz", "parameters": [{"date": "2021-9-3", "name": "gate_error", "unit": "", "value": 0}, {"date": "2021-9-3", "name": "gate_length", "unit": "ns", "value": 0}], "name": "rz1"}, {"qubits": [2], "gate": "rz", "parameters": [{"date": "2021-9-3", "name": "gate_error", "unit": "", "value": 0}, {"date": "2021-9-3", "name": "gate_length", "unit": "ns", "value": 0}], "name": "rz2"}, {"qubits": [3], "gate": "rz", "parameters": [{"date": "2021-9-3", "name": "gate_error", "unit": "", "value": 0}, {"date": "2021-9-3", "name": "gate_length", "unit": "ns", "value": 0}], "name": "rz3"}, {"qubits": [4], "gate": "rz", "parameters": [{"date": "2021-9-3", "name": "gate_error", "unit": "", "value": 0}, {"date": "2021-9-3", "name": "gate_length", "unit": "ns", "value": 0}], "name": "rz4"}, {"qubits": [0], "gate": "sx", "parameters": [{"date": "2021-9-3", "name": "gate_error", "unit": "", "value": 0.00018570424593429083}, {"date": "2021-9-3", "name": "gate_length", "unit": "ns", "value": 35.55555555555556}], "name": "sx0"}, {"qubits": [1], "gate": "sx", "parameters": [{"date": "2021-9-3", "name": "gate_error", "unit": "", "value": 0.00024017672334317885}, {"date": "2021-9-3", "name": "gate_length", "unit": "ns", "value": 35.55555555555556}], "name": "sx1"}, {"qubits": [2], "gate": "sx", "parameters": [{"date": "2021-9-3", "name": "gate_error", "unit": "", "value": 0.00020468047370452612}, {"date": "2021-9-3", "name": "gate_length", "unit": "ns", "value": 35.55555555555556}], "name": "sx2"}, {"qubits": [3], "gate": "sx", "parameters": [{"date": "2021-9-3", "name": "gate_error", "unit": "", "value": 0.00034736006356819423}, {"date": "2021-9-3", "name": "gate_length", "unit": "ns", "value": 35.55555555555556}], "name": "sx3"}, {"qubits": [4], "gate": "sx", "parameters": [{"date": "2021-9-3", "name": "gate_error", "unit": "", "value": 0.00023294589992892077}, {"date": "2021-9-3", "name": "gate_length", "unit": "ns", "value": 35.55555555555556}], "name": "sx4"}, {"qubits": [0], "gate": "x", "parameters": [{"date": "2021-9-3", "name": "gate_error", "unit": "", "value": 0.00018570424593429083}, {"date": "2021-9-3", "name": "gate_length", "unit": "ns", "value": 35.55555555555556}], "name": "x0"}, {"qubits": [1], "gate": "x", "parameters": [{"date": "2021-9-3", "name": "gate_error", "unit": "", "value": 0.00024017672334317885}, {"date": "2021-9-3", "name": "gate_length", "unit": "ns", "value": 35.55555555555556}], "name": "x1"}, {"qubits": [2], "gate": "x", "parameters": [{"date": "2021-9-3", "name": "gate_error", "unit": "", "value": 0.00020468047370452612}, {"date": "2021-9-3", "name": "gate_length", "unit": "ns", "value": 35.55555555555556}], "name": "x2"}, {"qubits": [3], "gate": "x", "parameters": [{"date": "2021-9-3", "name": "gate_error", "unit": "", "value": 0.00034736006356819423}, {"date": "2021-9-3", "name": "gate_length", "unit": "ns", "value": 35.55555555555556}], "name": "x3"}, {"qubits": [4], "gate": "x", "parameters": [{"date": "2021-9-3", "name": "gate_error", "unit": "", "value": 0.00023294589992892077}, {"date": "2021-9-3", "name": "gate_length", "unit": "ns", "value": 35.55555555555556}], "name": "x4"}, {"qubits": [4, 3], "gate": "cx", "parameters": [{"date": "2021-9-3", "name": "gate_error", "unit": "", "value": 0.009940849468676433}, {"date": "2021-8-31", "name": "gate_length", "unit": "ns", "value": 554.6666666666666}], "name": "cx4_3"}, {"qubits": [3, 4], "gate": "cx", "parameters": [{"date": "2021-9-3", "name": "gate_error", "unit": "", "value": 0.009940849468676433}, {"date": "2021-8-31", "name": "gate_length", "unit": "ns", "value": 590.2222222222222}], "name": "cx3_4"}, {"qubits": [3, 1], "gate": "cx", "parameters": [{"date": "2021-9-3", "name": "gate_error", "unit": "", "value": 0.007818744999494365}, {"date": "2021-8-31", "name": "gate_length", "unit": "ns", "value": 398.2222222222222}], "name": "cx3_1"}, {"qubits": [1, 3], "gate": "cx", "parameters": [{"date": "2021-9-3", "name": "gate_error", "unit": "", "value": 0.007818744999494365}, {"date": "2021-8-31", "name": "gate_length", "unit": "ns", "value": 433.77777777777777}], "name": "cx1_3"}, {"qubits": [2, 1], "gate": "cx", "parameters": [{"date": "2021-9-3", "name": "gate_error", "unit": "", "value": 0.005782845120964664}, {"date": "2021-8-31", "name": "gate_length", "unit": "ns", "value": 412.4444444444444}], "name": "cx2_1"}, {"qubits": [1, 2], "gate": "cx", "parameters": [{"date": "2021-9-3", "name": "gate_error", "unit": "", "value": 0.005782845120964664}, {"date": "2021-8-31", "name": "gate_length", "unit": "ns", "value": 448}], "name": "cx1_2"}, {"qubits": [1, 0], "gate": "cx", "parameters": [{"date": "2021-9-3", "name": "gate_error", "unit": "", "value": 0.016091785754437316}, {"date": "2021-8-31", "name": "gate_length", "unit": "ns", "value": 775.1111111111111}], "name": "cx1_0"}, {"qubits": [0, 1], "gate": "cx", "parameters": [{"date": "2021-9-3", "name": "gate_error", "unit": "", "value": 0.016091785754437316}, {"date": "2021-8-31", "name": "gate_length", "unit": "ns", "value": 810.6666666666666}], "name": "cx0_1"}, {"qubits": [0], "gate": "reset", "parameters": [{"date": "2021-9-3", "name": "gate_length", "unit": "ns", "value": 7342.222222222222}], "name": "reset0"}, {"qubits": [1], "gate": "reset", "parameters": [{"date": "2021-9-3", "name": "gate_length", "unit": "ns", "value": 7342.222222222222}], "name": "reset1"}, {"qubits": [2], "gate": "reset", "parameters": [{"date": "2021-9-3", "name": "gate_length", "unit": "ns", "value": 7342.222222222222}], "name": "reset2"}, {"qubits": [3], "gate": "reset", "parameters": [{"date": "2021-9-3", "name": "gate_length", "unit": "ns", "value": 7342.222222222222}], "name": "reset3"}, {"qubits": [4], "gate": "reset", "parameters": [{"date": "2021-9-3", "name": "gate_length", "unit": "ns", "value": 7342.222222222222}], "name": "reset4"}], "general": [{"date": "2021-9-3", "name": "jq_01", "unit": "GHz", "value": 0.0018736137364449847}, {"date": "2021-9-3", "name": "zz_01", "unit": "GHz", "value": -5.778719017046504e-05}, {"date": "2021-9-3", "name": "jq_12", "unit": "GHz", "value": 0.0020062596172337292}, {"date": "2021-9-3", "name": "zz_12", "unit": "GHz", "value": -5.607853601551941e-05}, {"date": "2021-9-3", "name": "jq_13", "unit": "GHz", "value": 0.0020039976609872224}, {"date": "2021-9-3", "name": "zz_13", "unit": "GHz", "value": -5.2854062688980254e-05}, {"date": "2021-9-3", "name": "jq_34", "unit": "GHz", "value": 0.0016737719182152912}, {"date": "2021-9-3", "name": "zz_34", "unit": "GHz", "value": -3.628419642815204e-05}]}