{"backend_name": "ibmq_belem", "backend_version": "1.0.19", "last_update_date": "2021-9-22", "qubits": [[{"date": "2021-9-22", "name": "T1", "unit": "us", "value": 84.71191691905345}, {"date": "2021-9-22", "name": "T2", "unit": "us", "value": 106.20042622861175}, {"date": "2021-9-22", "name": "frequency", "unit": "GHz", "value": 5.0900173466467695}, {"date": "2021-9-22", "name": "anharmonicity", "unit": "GHz", "value": -0.33612300518216515}, {"date": "2021-9-22", "name": "readout_error", "unit": "", "value": 0.016799999999999926}, {"date": "2021-9-22", "name": "prob_meas0_prep1", "unit": "", "value": 0.02639999999999998}, {"date": "2021-9-22", "name": "prob_meas1_prep0", "unit": "", "value": 0.0072}, {"date": "2021-9-22", "name": "readout_length", "unit": "ns", "value": 5351.11111111111}], [{"date": "2021-9-22", "name": "T1", "unit": "us", "value": 51.595080007726686}, {"date": "2021-9-22", "name": "T2", "unit": "us", "value": 106.00130541787543}, {"date": "2021-9-22", "name": "frequency", "unit": "GHz", "value": 5.245491513187243}, {"date": "2021-9-22", "name": "anharmonicity", "unit": "GHz", "value": -0.316572131412737}, {"date": "2021-9-22", "name": "readout_error", "unit": "", "value": 0.06659999999999999}, {"date": "2021-9-22", "name": "prob_meas0_prep1", "unit": "", "value": 0.10919999999999996}, {"date": "2021-9-22", "name": "prob_meas1_prep0", "unit": "", "value": 0.024}, {"date": "2021-9-22", "name": "readout_length", "unit": "ns", "value": 5351.11111111111}], [{"date": "2021-9-22", "name": "T1", "unit": "us", "value": 84.40223265737468}, {"date": "2021-9-22", "name": "T2", "unit": "us", "value": 32.38463922750977}, {"date": "2021-9-22", "name": "frequency", "unit": "GHz", "value": 5.361416236823416}, {"date": "2021-9-22", "name": "anharmonicity", "unit": "GHz", "value": -0.3306274884584928}, {"date": "2021-9-22", "name": "readout_error", "unit": "", "value": 0.020100000000000007}, {"date": "2021-9-22", "name": "prob_meas0_prep1", "unit": "", "value": 0.02859999999999996}, {"date": "2021-9-22", "name": "prob_meas1_prep0", "unit": "", "value": 0.0116}, {"date": "2021-9-22", "name": "readout_length", "unit": "ns", "value": 5351.11111111111}], [{"date": "2021-9-22", "name": "T1", "unit": "us", "value": 92.64781961409831}, {"date": "2021-9-22", "name": "T2", "unit": "us", "value": 110.65591037492852}, {"date": "2021-9-22", "name": "frequency", "unit": "GHz", "value": 5.170382221743024}, {"date": "2021-9-22", "name": "anharmonicity", "unit": "GHz", "value": -0.33373922611368106}, {"date": "2021-9-22", "name": "readout_error", "unit": "", "value": 0.01849999999999996}, {"date": "2021-9-22", "name": "prob_meas0_prep1", "unit": "", "value": 0.02939999999999998}, {"date": "2021-9-22", "name": "prob_meas1_prep0", "unit": "", "value": 0.0076}, {"date": "2021-9-22", "name": "readout_length", "unit": "ns", "value": 5351.11111111111}], [{"date": "2021-9-21", "name": "T1", "unit": "us", "value": 87.18940466148163}, {"date": "2021-9-20", "name": "T2", "unit": "us", "value": 142.9431960800192}, {"date": "2021-9-22", "name": "frequency", "unit": "GHz", "value": 5.258371031530182}, {"date": "2021-9-22", "name": "anharmonicity", "unit": "GHz", "value": -0.3313451432371279}, {"date": "2021-9-22", "name": "readout_error", "unit": "", "value": 0.08360000000000001}, {"date": "2021-9-22", "name": "prob_meas0_prep1", "unit": "", "value": 0.12919999999999998}, {"date": "2021-9-22", "name": "prob_meas1_prep0", "unit": "", "value": 0.038}, {"date": "2021-9-22", "name": "readout_length", "unit": "ns", "value": 5351.11111111111}]], "gates": [{"qubits": [0], "gate": "id", "parameters": [{"date": "2021-9-22", "name": "gate_error", "unit": "", "value": 0.00018228580794605586}, {"date": "2021-9-22", "name": "gate_length", "unit": "ns", "value": 35.55555555555556}], "name": "id0"}, {"qubits": [1], "gate": "id", "parameters": [{"date": "2021-9-22", "name": "gate_error", "unit": "", "value": 0.0004459551295596545}, {"date": "2021-9-22", "name": "gate_length", "unit": "ns", "value": 35.55555555555556}], "name": "id1"}, {"qubits": [2], "gate": "id", "parameters": [{"date": "2021-9-22", "name": "gate_error", "unit": "", "value": 0.00023256859014079447}, {"date": "2021-9-22", "name": "gate_length", "unit": "ns", "value": 35.55555555555556}], "name": "id2"}, {"qubits": [3], "gate": "id", "parameters": [{"date": "2021-9-22", "name": "gate_error", "unit": "", "value": 0.00023466323489265781}, {"date": "2021-9-22", "name": "gate_length", "unit": "ns", "value": 35.55555555555556}], "name": "id3"}, {"qubits": [4], "gate": "id", "parameters": [{"date": "2021-9-22", "name": "gate_error", "unit": "", "value": 0.0013140583335255773}, {"date": "2021-9-22", "name": "gate_length", "unit": "ns", "value": 35.55555555555556}], "name": "id4"}, {"qubits": [0], "gate": "rz", "parameters": [{"date": "2021-9-22", "name": "gate_error", "unit": "", "value": 0}, {"date": "2021-9-22", "name": "gate_length", "unit": "ns", "value": 0}], "name": "rz0"}, {"qubits": [1], "gate": "rz", "parameters": [{"date": "2021-9-22", "name": "gate_error", "unit": "", "value": 0}, {"date": "2021-9-22", "name": "gate_length", "unit": "ns", "value": 0}], "name": "rz1"}, {"qubits": [2], "gate": "rz", "parameters": [{"date": "2021-9-22", "name": "gate_error", "unit": "", "value": 0}, {"date": "2021-9-22", "name": "gate_length", "unit": "ns", "value": 0}], "name": "rz2"}, {"qubits": [3], "gate": "rz", "parameters": [{"date": "2021-9-22", "name": "gate_error", "unit": "", "value": 0}, {"date": "2021-9-22", "name": "gate_length", "unit": "ns", "value": 0}], "name": "rz3"}, {"qubits": [4], "gate": "rz", "parameters": [{"date": "2021-9-22", "name": "gate_error", "unit": "", "value": 0}, {"date": "2021-9-22", "name": "gate_length", "unit": "ns", "value": 0}], "name": "rz4"}, {"qubits": [0], "gate": "sx", "parameters": [{"date": "2021-9-22", "name": "gate_error", "unit": "", "value": 0.00018228580794605586}, {"date": "2021-9-22", "name": "gate_length", "unit": "ns", "value": 35.55555555555556}], "name": "sx0"}, {"qubits": [1], "gate": "sx", "parameters": [{"date": "2021-9-22", "name": "gate_error", "unit": "", "value": 0.0004459551295596545}, {"date": "2021-9-22", "name": "gate_length", "unit": "ns", "value": 35.55555555555556}], "name": "sx1"}, {"qubits": [2], "gate": "sx", "parameters": [{"date": "2021-9-22", "name": "gate_error", "unit": "", "value": 0.00023256859014079447}, {"date": "2021-9-22", "name": "gate_length", "unit": "ns", "value": 35.55555555555556}], "name": "sx2"}, {"qubits": [3], "gate": "sx", "parameters": [{"date": "2021-9-22", "name": "gate_error", "unit": "", "value": 0.00023466323489265781}, {"date": "2021-9-22", "name": "gate_length", "unit": "ns", "value": 35.55555555555556}], "name": "sx3"}, {"qubits": [4], "gate": "sx", "parameters": [{"date": "2021-9-22", "name": "gate_error", "unit": "", "value": 0.0013140583335255773}, {"date": "2021-9-22", "name": "gate_length", "unit": "ns", "value": 35.55555555555556}], "name": "sx4"}, {"qubits": [0], "gate": "x", "parameters": [{"date": "2021-9-22", "name": "gate_error", "unit": "", "value": 0.00018228580794605586}, {"date": "2021-9-22", "name": "gate_length", "unit": "ns", "value": 35.55555555555556}], "name": "x0"}, {"qubits": [1], "gate": "x", "parameters": [{"date": "2021-9-22", "name": "gate_error", "unit": "", "value": 0.0004459551295596545}, {"date": "2021-9-22", "name": "gate_length", "unit": "ns", "value": 35.55555555555556}], "name": "x1"}, {"qubits": [2], "gate": "x", "parameters": [{"date": "2021-9-22", "name": "gate_error", "unit": "", "value": 0.00023256859014079447}, {"date": "2021-9-22", "name": "gate_length", "unit": "ns", "value": 35.55555555555556}], "name": "x2"}, {"qubits": [3], "gate": "x", "parameters": [{"date": "2021-9-22", "name": "gate_error", "unit": "", "value": 0.00023466323489265781}, {"date": "2021-9-22", "name": "gate_length", "unit": "ns", "value": 35.55555555555556}], "name": "x3"}, {"qubits": [4], "gate": "x", "parameters": [{"date": "2021-9-22", "name": "gate_error", "unit": "", "value": 0.0013140583335255773}, {"date": "2021-9-22", "name": "gate_length", "unit": "ns", "value": 35.55555555555556}], "name": "x4"}, {"qubits": [4, 3], "gate": "cx", "parameters": [{"date": "2021-9-22", "name": "gate_error", "unit": "", "value": 0.010152942195005454}, {"date": "2021-9-19", "name": "gate_length", "unit": "ns", "value": 554.6666666666666}], "name": "cx4_3"}, {"qubits": [3, 4], "gate": "cx", "parameters": [{"date": "2021-9-22", "name": "gate_error", "unit": "", "value": 0.010152942195005454}, {"date": "2021-9-19", "name": "gate_length", "unit": "ns", "value": 590.2222222222222}], "name": "cx3_4"}, {"qubits": [3, 1], "gate": "cx", "parameters": [{"date": "2021-9-22", "name": "gate_error", "unit": "", "value": 0.009826991442538263}, {"date": "2021-9-19", "name": "gate_length", "unit": "ns", "value": 398.2222222222222}], "name": "cx3_1"}, {"qubits": [1, 3], "gate": "cx", "parameters": [{"date": "2021-9-22", "name": "gate_error", "unit": "", "value": 0.009826991442538263}, {"date": "2021-9-19", "name": "gate_length", "unit": "ns", "value": 433.77777777777777}], "name": "cx1_3"}, {"qubits": [2, 1], "gate": "cx", "parameters": [{"date": "2021-9-22", "name": "gate_error", "unit": "", "value": 0.0077719589108112}, {"date": "2021-9-19", "name": "gate_length", "unit": "ns", "value": 412.4444444444444}], "name": "cx2_1"}, {"qubits": [1, 2], "gate": "cx", "parameters": [{"date": "2021-9-22", "name": "gate_error", "unit": "", "value": 0.0077719589108112}, {"date": "2021-9-19", "name": "gate_length", "unit": "ns", "value": 448}], "name": "cx1_2"}, {"qubits": [1, 0], "gate": "cx", "parameters": [{"date": "2021-9-22", "name": "gate_error", "unit": "", "value": 0.0179987438158849}, {"date": "2021-9-19", "name": "gate_length", "unit": "ns", "value": 775.1111111111111}], "name": "cx1_0"}, {"qubits": [0, 1], "gate": "cx", "parameters": [{"date": "2021-9-22", "name": "gate_error", "unit": "", "value": 0.0179987438158849}, {"date": "2021-9-19", "name": "gate_length", "unit": "ns", "value": 810.6666666666666}], "name": "cx0_1"}, {"qubits": [0], "gate": "reset", "parameters": [{"date": "2021-9-22", "name": "gate_length", "unit": "ns", "value": 7342.222222222222}], "name": "reset0"}, {"qubits": [1], "gate": "reset", "parameters": [{"date": "2021-9-22", "name": "gate_length", "unit": "ns", "value": 7342.222222222222}], "name": "reset1"}, {"qubits": [2], "gate": "reset", "parameters": [{"date": "2021-9-22", "name": "gate_length", "unit": "ns", "value": 7342.222222222222}], "name": "reset2"}, {"qubits": [3], "gate": "reset", "parameters": [{"date": "2021-9-22", "name": "gate_length", "unit": "ns", "value": 7342.222222222222}], "name": "reset3"}, {"qubits": [4], "gate": "reset", "parameters": [{"date": "2021-9-22", "name": "gate_length", "unit": "ns", "value": 7342.222222222222}], "name": "reset4"}], "general": [{"date": "2021-9-22", "name": "jq_01", "unit": "GHz", "value": 0.0018736137364449847}, {"date": "2021-9-22", "name": "zz_01", "unit": "GHz", "value": -5.778719017046504e-05}, {"date": "2021-9-22", "name": "jq_12", "unit": "GHz", "value": 0.0020062596172337292}, {"date": "2021-9-22", "name": "zz_12", "unit": "GHz", "value": -5.607853601551941e-05}, {"date": "2021-9-22", "name": "jq_13", "unit": "GHz", "value": 0.0020039976609872224}, {"date": "2021-9-22", "name": "zz_13", "unit": "GHz", "value": -5.2854062688980254e-05}, {"date": "2021-9-22", "name": "jq_34", "unit": "GHz", "value": 0.0016737719182152912}, {"date": "2021-9-22", "name": "zz_34", "unit": "GHz", "value": -3.628419642815204e-05}]}