{"backend_name": "ibmq_belem", "backend_version": "1.0.17", "last_update_date": "2021-9-2", "qubits": [[{"date": "2021-9-1", "name": "T1", "unit": "us", "value": 80.14569481125032}, {"date": "2021-9-2", "name": "T2", "unit": "us", "value": 79.55945196645882}, {"date": "2021-9-2", "name": "frequency", "unit": "GHz", "value": 5.0900308637087495}, {"date": "2021-9-2", "name": "anharmonicity", "unit": "GHz", "value": -0.33612300518216515}, {"date": "2021-9-2", "name": "readout_error", "unit": "", "value": 0.01750000000000007}, {"date": "2021-9-2", "name": "prob_meas0_prep1", "unit": "", "value": 0.027200000000000002}, {"date": "2021-9-2", "name": "prob_meas1_prep0", "unit": "", "value": 0.0078}, {"date": "2021-9-2", "name": "readout_length", "unit": "ns", "value": 5351.11111111111}], [{"date": "2021-9-2", "name": "T1", "unit": "us", "value": 49.74370988661498}, {"date": "2021-9-2", "name": "T2", "unit": "us", "value": 67.83365417943891}, {"date": "2021-9-2", "name": "frequency", "unit": "GHz", "value": 5.245472630922791}, {"date": "2021-9-2", "name": "anharmonicity", "unit": "GHz", "value": -0.316572131412737}, {"date": "2021-9-2", "name": "readout_error", "unit": "", "value": 0.035600000000000076}, {"date": "2021-9-2", "name": "prob_meas0_prep1", "unit": "", "value": 0.06240000000000001}, {"date": "2021-9-2", "name": "prob_meas1_prep0", "unit": "", "value": 0.0088}, {"date": "2021-9-2", "name": "readout_length", "unit": "ns", "value": 5351.11111111111}], [{"date": "2021-9-2", "name": "T1", "unit": "us", "value": 109.42904476082346}, {"date": "2021-9-2", "name": "T2", "unit": "us", "value": 70.25583857515473}, {"date": "2021-9-2", "name": "frequency", "unit": "GHz", "value": 5.361407240250138}, {"date": "2021-9-2", "name": "anharmonicity", "unit": "GHz", "value": -0.3306274884584928}, {"date": "2021-9-2", "name": "readout_error", "unit": "", "value": 0.01990000000000003}, {"date": "2021-9-2", "name": "prob_meas0_prep1", "unit": "", "value": 0.02959999999999996}, {"date": "2021-9-2", "name": "prob_meas1_prep0", "unit": "", "value": 0.0102}, {"date": "2021-9-2", "name": "readout_length", "unit": "ns", "value": 5351.11111111111}], [{"date": "2021-9-2", "name": "T1", "unit": "us", "value": 135.78376741967674}, {"date": "2021-9-2", "name": "T2", "unit": "us", "value": 175.7274461562389}, {"date": "2021-9-2", "name": "frequency", "unit": "GHz", "value": 5.1703873368182345}, {"date": "2021-9-2", "name": "anharmonicity", "unit": "GHz", "value": -0.33373922611368106}, {"date": "2021-9-2", "name": "readout_error", "unit": "", "value": 0.03980000000000006}, {"date": "2021-9-2", "name": "prob_meas0_prep1", "unit": "", "value": 0.06840000000000002}, {"date": "2021-9-2", "name": "prob_meas1_prep0", "unit": "", "value": 0.0112}, {"date": "2021-9-2", "name": "readout_length", "unit": "ns", "value": 5351.11111111111}], [{"date": "2021-9-2", "name": "T1", "unit": "us", "value": 87.59584874636408}, {"date": "2021-9-2", "name": "T2", "unit": "us", "value": 170.88335148950904}, {"date": "2021-9-2", "name": "frequency", "unit": "GHz", "value": 5.258367366832555}, {"date": "2021-9-2", "name": "anharmonicity", "unit": "GHz", "value": -0.3313451432371279}, {"date": "2021-9-2", "name": "readout_error", "unit": "", "value": 0.02279999999999993}, {"date": "2021-9-2", "name": "prob_meas0_prep1", "unit": "", "value": 0.03959999999999997}, {"date": "2021-9-2", "name": "prob_meas1_prep0", "unit": "", "value": 0.006}, {"date": "2021-9-2", "name": "readout_length", "unit": "ns", "value": 5351.11111111111}]], "gates": [{"qubits": [0], "gate": "id", "parameters": [{"date": "2021-9-2", "name": "gate_error", "unit": "", "value": 0.0001929927213363917}, {"date": "2021-9-2", "name": "gate_length", "unit": "ns", "value": 35.55555555555556}], "name": "id0"}, {"qubits": [1], "gate": "id", "parameters": [{"date": "2021-9-2", "name": "gate_error", "unit": "", "value": 0.0013943495500501682}, {"date": "2021-9-2", "name": "gate_length", "unit": "ns", "value": 35.55555555555556}], "name": "id1"}, {"qubits": [2], "gate": "id", "parameters": [{"date": "2021-9-2", "name": "gate_error", "unit": "", "value": 0.00023696948784432704}, {"date": "2021-9-2", "name": "gate_length", "unit": "ns", "value": 35.55555555555556}], "name": "id2"}, {"qubits": [3], "gate": "id", "parameters": [{"date": "2021-9-2", "name": "gate_error", "unit": "", "value": 0.00033040139004543353}, {"date": "2021-9-2", "name": "gate_length", "unit": "ns", "value": 35.55555555555556}], "name": "id3"}, {"qubits": [4], "gate": "id", "parameters": [{"date": "2021-9-2", "name": "gate_error", "unit": "", "value": 0.00022681953920295348}, {"date": "2021-9-2", "name": "gate_length", "unit": "ns", "value": 35.55555555555556}], "name": "id4"}, {"qubits": [0], "gate": "rz", "parameters": [{"date": "2021-9-2", "name": "gate_error", "unit": "", "value": 0}, {"date": "2021-9-2", "name": "gate_length", "unit": "ns", "value": 0}], "name": "rz0"}, {"qubits": [1], "gate": "rz", "parameters": [{"date": "2021-9-2", "name": "gate_error", "unit": "", "value": 0}, {"date": "2021-9-2", "name": "gate_length", "unit": "ns", "value": 0}], "name": "rz1"}, {"qubits": [2], "gate": "rz", "parameters": [{"date": "2021-9-2", "name": "gate_error", "unit": "", "value": 0}, {"date": "2021-9-2", "name": "gate_length", "unit": "ns", "value": 0}], "name": "rz2"}, {"qubits": [3], "gate": "rz", "parameters": [{"date": "2021-9-2", "name": "gate_error", "unit": "", "value": 0}, {"date": "2021-9-2", "name": "gate_length", "unit": "ns", "value": 0}], "name": "rz3"}, {"qubits": [4], "gate": "rz", "parameters": [{"date": "2021-9-2", "name": "gate_error", "unit": "", "value": 0}, {"date": "2021-9-2", "name": "gate_length", "unit": "ns", "value": 0}], "name": "rz4"}, {"qubits": [0], "gate": "sx", "parameters": [{"date": "2021-9-2", "name": "gate_error", "unit": "", "value": 0.0001929927213363917}, {"date": "2021-9-2", "name": "gate_length", "unit": "ns", "value": 35.55555555555556}], "name": "sx0"}, {"qubits": [1], "gate": "sx", "parameters": [{"date": "2021-9-2", "name": "gate_error", "unit": "", "value": 0.0013943495500501682}, {"date": "2021-9-2", "name": "gate_length", "unit": "ns", "value": 35.55555555555556}], "name": "sx1"}, {"qubits": [2], "gate": "sx", "parameters": [{"date": "2021-9-2", "name": "gate_error", "unit": "", "value": 0.00023696948784432704}, {"date": "2021-9-2", "name": "gate_length", "unit": "ns", "value": 35.55555555555556}], "name": "sx2"}, {"qubits": [3], "gate": "sx", "parameters": [{"date": "2021-9-2", "name": "gate_error", "unit": "", "value": 0.00033040139004543353}, {"date": "2021-9-2", "name": "gate_length", "unit": "ns", "value": 35.55555555555556}], "name": "sx3"}, {"qubits": [4], "gate": "sx", "parameters": [{"date": "2021-9-2", "name": "gate_error", "unit": "", "value": 0.00022681953920295348}, {"date": "2021-9-2", "name": "gate_length", "unit": "ns", "value": 35.55555555555556}], "name": "sx4"}, {"qubits": [0], "gate": "x", "parameters": [{"date": "2021-9-2", "name": "gate_error", "unit": "", "value": 0.0001929927213363917}, {"date": "2021-9-2", "name": "gate_length", "unit": "ns", "value": 35.55555555555556}], "name": "x0"}, {"qubits": [1], "gate": "x", "parameters": [{"date": "2021-9-2", "name": "gate_error", "unit": "", "value": 0.0013943495500501682}, {"date": "2021-9-2", "name": "gate_length", "unit": "ns", "value": 35.55555555555556}], "name": "x1"}, {"qubits": [2], "gate": "x", "parameters": [{"date": "2021-9-2", "name": "gate_error", "unit": "", "value": 0.00023696948784432704}, {"date": "2021-9-2", "name": "gate_length", "unit": "ns", "value": 35.55555555555556}], "name": "x2"}, {"qubits": [3], "gate": "x", "parameters": [{"date": "2021-9-2", "name": "gate_error", "unit": "", "value": 0.00033040139004543353}, {"date": "2021-9-2", "name": "gate_length", "unit": "ns", "value": 35.55555555555556}], "name": "x3"}, {"qubits": [4], "gate": "x", "parameters": [{"date": "2021-9-2", "name": "gate_error", "unit": "", "value": 0.00022681953920295348}, {"date": "2021-9-2", "name": "gate_length", "unit": "ns", "value": 35.55555555555556}], "name": "x4"}, {"qubits": [4, 3], "gate": "cx", "parameters": [{"date": "2021-9-2", "name": "gate_error", "unit": "", "value": 0.008744414936546874}, {"date": "2021-8-30", "name": "gate_length", "unit": "ns", "value": 554.6666666666666}], "name": "cx4_3"}, {"qubits": [3, 4], "gate": "cx", "parameters": [{"date": "2021-9-2", "name": "gate_error", "unit": "", "value": 0.008744414936546874}, {"date": "2021-8-30", "name": "gate_length", "unit": "ns", "value": 590.2222222222222}], "name": "cx3_4"}, {"qubits": [3, 1], "gate": "cx", "parameters": [{"date": "2021-9-2", "name": "gate_error", "unit": "", "value": 0.020945486643224487}, {"date": "2021-8-30", "name": "gate_length", "unit": "ns", "value": 398.2222222222222}], "name": "cx3_1"}, {"qubits": [1, 3], "gate": "cx", "parameters": [{"date": "2021-9-2", "name": "gate_error", "unit": "", "value": 0.020945486643224487}, {"date": "2021-8-30", "name": "gate_length", "unit": "ns", "value": 433.77777777777777}], "name": "cx1_3"}, {"qubits": [2, 1], "gate": "cx", "parameters": [{"date": "2021-9-2", "name": "gate_error", "unit": "", "value": 0.0188817919289416}, {"date": "2021-8-30", "name": "gate_length", "unit": "ns", "value": 412.4444444444444}], "name": "cx2_1"}, {"qubits": [1, 2], "gate": "cx", "parameters": [{"date": "2021-9-2", "name": "gate_error", "unit": "", "value": 0.0188817919289416}, {"date": "2021-8-30", "name": "gate_length", "unit": "ns", "value": 448}], "name": "cx1_2"}, {"qubits": [1, 0], "gate": "cx", "parameters": [{"date": "2021-9-2", "name": "gate_error", "unit": "", "value": 0.023734918151717965}, {"date": "2021-8-30", "name": "gate_length", "unit": "ns", "value": 775.1111111111111}], "name": "cx1_0"}, {"qubits": [0, 1], "gate": "cx", "parameters": [{"date": "2021-9-2", "name": "gate_error", "unit": "", "value": 0.023734918151717965}, {"date": "2021-8-30", "name": "gate_length", "unit": "ns", "value": 810.6666666666666}], "name": "cx0_1"}, {"qubits": [0], "gate": "reset", "parameters": [{"date": "2021-9-2", "name": "gate_length", "unit": "ns", "value": 7342.222222222222}], "name": "reset0"}, {"qubits": [1], "gate": "reset", "parameters": [{"date": "2021-9-2", "name": "gate_length", "unit": "ns", "value": 7342.222222222222}], "name": "reset1"}, {"qubits": [2], "gate": "reset", "parameters": [{"date": "2021-9-2", "name": "gate_length", "unit": "ns", "value": 7342.222222222222}], "name": "reset2"}, {"qubits": [3], "gate": "reset", "parameters": [{"date": "2021-9-2", "name": "gate_length", "unit": "ns", "value": 7342.222222222222}], "name": "reset3"}, {"qubits": [4], "gate": "reset", "parameters": [{"date": "2021-9-2", "name": "gate_length", "unit": "ns", "value": 7342.222222222222}], "name": "reset4"}], "general": [{"date": "2021-9-2", "name": "jq_01", "unit": "GHz", "value": 0.0018736137364449847}, {"date": "2021-9-2", "name": "zz_01", "unit": "GHz", "value": -5.778719017046504e-05}, {"date": "2021-9-2", "name": "jq_12", "unit": "GHz", "value": 0.0020062596172337292}, {"date": "2021-9-2", "name": "zz_12", "unit": "GHz", "value": -5.607853601551941e-05}, {"date": "2021-9-2", "name": "jq_13", "unit": "GHz", "value": 0.0020039976609872224}, {"date": "2021-9-2", "name": "zz_13", "unit": "GHz", "value": -5.2854062688980254e-05}, {"date": "2021-9-2", "name": "jq_34", "unit": "GHz", "value": 0.0016737719182152912}, {"date": "2021-9-2", "name": "zz_34", "unit": "GHz", "value": -3.628419642815204e-05}]}