{"backend_name": "ibmq_belem", "backend_version": "1.0.28", "last_update_date": "2021-12-1", "qubits": [[{"date": "2021-12-1", "name": "T1", "unit": "us", "value": 81.6195895919915}, {"date": "2021-12-1", "name": "T2", "unit": "us", "value": 104.73319881931201}, {"date": "2021-12-1", "name": "frequency", "unit": "GHz", "value": 5.090155831842082}, {"date": "2021-12-1", "name": "anharmonicity", "unit": "GHz", "value": -0.33612300518216515}, {"date": "2021-12-1", "name": "readout_error", "unit": "", "value": 0.019000000000000017}, {"date": "2021-12-1", "name": "prob_meas0_prep1", "unit": "", "value": 0.03080000000000005}, {"date": "2021-12-1", "name": "prob_meas1_prep0", "unit": "", "value": 0.0072}, {"date": "2021-12-1", "name": "readout_length", "unit": "ns", "value": 5351.11111111111}], [{"date": "2021-12-1", "name": "T1", "unit": "us", "value": 101.79826450064137}, {"date": "2021-12-1", "name": "T2", "unit": "us", "value": 88.49193781962776}, {"date": "2021-12-1", "name": "frequency", "unit": "GHz", "value": 5.245569558392883}, {"date": "2021-12-1", "name": "anharmonicity", "unit": "GHz", "value": -0.316572131412737}, {"date": "2021-12-1", "name": "readout_error", "unit": "", "value": 0.02410000000000001}, {"date": "2021-12-1", "name": "prob_meas0_prep1", "unit": "", "value": 0.04079999999999995}, {"date": "2021-12-1", "name": "prob_meas1_prep0", "unit": "", "value": 0.0074}, {"date": "2021-12-1", "name": "readout_length", "unit": "ns", "value": 5351.11111111111}], [{"date": "2021-12-1", "name": "T1", "unit": "us", "value": 81.67206646443353}, {"date": "2021-12-1", "name": "T2", "unit": "us", "value": 54.56557450090615}, {"date": "2021-12-1", "name": "frequency", "unit": "GHz", "value": 5.361466509908065}, {"date": "2021-12-1", "name": "anharmonicity", "unit": "GHz", "value": -0.3306274884584928}, {"date": "2021-12-1", "name": "readout_error", "unit": "", "value": 0.02079999999999993}, {"date": "2021-12-1", "name": "prob_meas0_prep1", "unit": "", "value": 0.03520000000000001}, {"date": "2021-12-1", "name": "prob_meas1_prep0", "unit": "", "value": 0.0064}, {"date": "2021-12-1", "name": "readout_length", "unit": "ns", "value": 5351.11111111111}], [{"date": "2021-12-1", "name": "T1", "unit": "us", "value": 117.0202138924027}, {"date": "2021-12-1", "name": "T2", "unit": "us", "value": 170.47068242884666}, {"date": "2021-12-1", "name": "frequency", "unit": "GHz", "value": 5.170373962003228}, {"date": "2021-12-1", "name": "anharmonicity", "unit": "GHz", "value": -0.33373922611368106}, {"date": "2021-12-1", "name": "readout_error", "unit": "", "value": 0.02100000000000002}, {"date": "2021-12-1", "name": "prob_meas0_prep1", "unit": "", "value": 0.03620000000000001}, {"date": "2021-12-1", "name": "prob_meas1_prep0", "unit": "", "value": 0.0058}, {"date": "2021-12-1", "name": "readout_length", "unit": "ns", "value": 5351.11111111111}], [{"date": "2021-12-1", "name": "T1", "unit": "us", "value": 93.2054819399983}, {"date": "2021-12-1", "name": "T2", "unit": "us", "value": 142.83175552391054}, {"date": "2021-12-1", "name": "frequency", "unit": "GHz", "value": 5.2584601540044265}, {"date": "2021-12-1", "name": "anharmonicity", "unit": "GHz", "value": -0.3313451432371279}, {"date": "2021-12-1", "name": "readout_error", "unit": "", "value": 0.035700000000000065}, {"date": "2021-12-1", "name": "prob_meas0_prep1", "unit": "", "value": 0.05920000000000003}, {"date": "2021-12-1", "name": "prob_meas1_prep0", "unit": "", "value": 0.0122}, {"date": "2021-12-1", "name": "readout_length", "unit": "ns", "value": 5351.11111111111}]], "gates": [{"qubits": [0], "gate": "id", "parameters": [{"date": "2021-12-1", "name": "gate_error", "unit": "", "value": 0.0003135773794506973}, {"date": "2021-12-1", "name": "gate_length", "unit": "ns", "value": 35.55555555555556}], "name": "id0"}, {"qubits": [1], "gate": "id", "parameters": [{"date": "2021-12-1", "name": "gate_error", "unit": "", "value": 0.00026626314077629636}, {"date": "2021-12-1", "name": "gate_length", "unit": "ns", "value": 35.55555555555556}], "name": "id1"}, {"qubits": [2], "gate": "id", "parameters": [{"date": "2021-12-1", "name": "gate_error", "unit": "", "value": 0.00022714599821372508}, {"date": "2021-12-1", "name": "gate_length", "unit": "ns", "value": 35.55555555555556}], "name": "id2"}, {"qubits": [3], "gate": "id", "parameters": [{"date": "2021-12-1", "name": "gate_error", "unit": "", "value": 0.0002524127178757693}, {"date": "2021-12-1", "name": "gate_length", "unit": "ns", "value": 35.55555555555556}], "name": "id3"}, {"qubits": [4], "gate": "id", "parameters": [{"date": "2021-12-1", "name": "gate_error", "unit": "", "value": 0.00026695030822111097}, {"date": "2021-12-1", "name": "gate_length", "unit": "ns", "value": 35.55555555555556}], "name": "id4"}, {"qubits": [0], "gate": "rz", "parameters": [{"date": "2021-12-1", "name": "gate_error", "unit": "", "value": 0}, {"date": "2021-12-1", "name": "gate_length", "unit": "ns", "value": 0}], "name": "rz0"}, {"qubits": [1], "gate": "rz", "parameters": [{"date": "2021-12-1", "name": "gate_error", "unit": "", "value": 0}, {"date": "2021-12-1", "name": "gate_length", "unit": "ns", "value": 0}], "name": "rz1"}, {"qubits": [2], "gate": "rz", "parameters": [{"date": "2021-12-1", "name": "gate_error", "unit": "", "value": 0}, {"date": "2021-12-1", "name": "gate_length", "unit": "ns", "value": 0}], "name": "rz2"}, {"qubits": [3], "gate": "rz", "parameters": [{"date": "2021-12-1", "name": "gate_error", "unit": "", "value": 0}, {"date": "2021-12-1", "name": "gate_length", "unit": "ns", "value": 0}], "name": "rz3"}, {"qubits": [4], "gate": "rz", "parameters": [{"date": "2021-12-1", "name": "gate_error", "unit": "", "value": 0}, {"date": "2021-12-1", "name": "gate_length", "unit": "ns", "value": 0}], "name": "rz4"}, {"qubits": [0], "gate": "sx", "parameters": [{"date": "2021-12-1", "name": "gate_error", "unit": "", "value": 0.0003135773794506973}, {"date": "2021-12-1", "name": "gate_length", "unit": "ns", "value": 35.55555555555556}], "name": "sx0"}, {"qubits": [1], "gate": "sx", "parameters": [{"date": "2021-12-1", "name": "gate_error", "unit": "", "value": 0.00026626314077629636}, {"date": "2021-12-1", "name": "gate_length", "unit": "ns", "value": 35.55555555555556}], "name": "sx1"}, {"qubits": [2], "gate": "sx", "parameters": [{"date": "2021-12-1", "name": "gate_error", "unit": "", "value": 0.00022714599821372508}, {"date": "2021-12-1", "name": "gate_length", "unit": "ns", "value": 35.55555555555556}], "name": "sx2"}, {"qubits": [3], "gate": "sx", "parameters": [{"date": "2021-12-1", "name": "gate_error", "unit": "", "value": 0.0002524127178757693}, {"date": "2021-12-1", "name": "gate_length", "unit": "ns", "value": 35.55555555555556}], "name": "sx3"}, {"qubits": [4], "gate": "sx", "parameters": [{"date": "2021-12-1", "name": "gate_error", "unit": "", "value": 0.00026695030822111097}, {"date": "2021-12-1", "name": "gate_length", "unit": "ns", "value": 35.55555555555556}], "name": "sx4"}, {"qubits": [0], "gate": "x", "parameters": [{"date": "2021-12-1", "name": "gate_error", "unit": "", "value": 0.0003135773794506973}, {"date": "2021-12-1", "name": "gate_length", "unit": "ns", "value": 35.55555555555556}], "name": "x0"}, {"qubits": [1], "gate": "x", "parameters": [{"date": "2021-12-1", "name": "gate_error", "unit": "", "value": 0.00026626314077629636}, {"date": "2021-12-1", "name": "gate_length", "unit": "ns", "value": 35.55555555555556}], "name": "x1"}, {"qubits": [2], "gate": "x", "parameters": [{"date": "2021-12-1", "name": "gate_error", "unit": "", "value": 0.00022714599821372508}, {"date": "2021-12-1", "name": "gate_length", "unit": "ns", "value": 35.55555555555556}], "name": "x2"}, {"qubits": [3], "gate": "x", "parameters": [{"date": "2021-12-1", "name": "gate_error", "unit": "", "value": 0.0002524127178757693}, {"date": "2021-12-1", "name": "gate_length", "unit": "ns", "value": 35.55555555555556}], "name": "x3"}, {"qubits": [4], "gate": "x", "parameters": [{"date": "2021-12-1", "name": "gate_error", "unit": "", "value": 0.00026695030822111097}, {"date": "2021-12-1", "name": "gate_length", "unit": "ns", "value": 35.55555555555556}], "name": "x4"}, {"qubits": [4, 3], "gate": "cx", "parameters": [{"date": "2021-12-1", "name": "gate_error", "unit": "", "value": 0.007791375098210707}, {"date": "2021-11-28", "name": "gate_length", "unit": "ns", "value": 554.6666666666666}], "name": "cx4_3"}, {"qubits": [3, 4], "gate": "cx", "parameters": [{"date": "2021-12-1", "name": "gate_error", "unit": "", "value": 0.007791375098210707}, {"date": "2021-11-28", "name": "gate_length", "unit": "ns", "value": 590.2222222222222}], "name": "cx3_4"}, {"qubits": [3, 1], "gate": "cx", "parameters": [{"date": "2021-12-1", "name": "gate_error", "unit": "", "value": 0.0082789221500158}, {"date": "2021-11-28", "name": "gate_length", "unit": "ns", "value": 398.2222222222222}], "name": "cx3_1"}, {"qubits": [1, 3], "gate": "cx", "parameters": [{"date": "2021-12-1", "name": "gate_error", "unit": "", "value": 0.0082789221500158}, {"date": "2021-11-28", "name": "gate_length", "unit": "ns", "value": 433.77777777777777}], "name": "cx1_3"}, {"qubits": [2, 1], "gate": "cx", "parameters": [{"date": "2021-12-1", "name": "gate_error", "unit": "", "value": 0.007087999603500483}, {"date": "2021-11-28", "name": "gate_length", "unit": "ns", "value": 412.4444444444444}], "name": "cx2_1"}, {"qubits": [1, 2], "gate": "cx", "parameters": [{"date": "2021-12-1", "name": "gate_error", "unit": "", "value": 0.007087999603500483}, {"date": "2021-11-28", "name": "gate_length", "unit": "ns", "value": 448}], "name": "cx1_2"}, {"qubits": [1, 0], "gate": "cx", "parameters": [{"date": "2021-12-1", "name": "gate_error", "unit": "", "value": 0.018161632666362282}, {"date": "2021-11-28", "name": "gate_length", "unit": "ns", "value": 775.1111111111111}], "name": "cx1_0"}, {"qubits": [0, 1], "gate": "cx", "parameters": [{"date": "2021-12-1", "name": "gate_error", "unit": "", "value": 0.018161632666362282}, {"date": "2021-11-28", "name": "gate_length", "unit": "ns", "value": 810.6666666666666}], "name": "cx0_1"}, {"qubits": [0], "gate": "reset", "parameters": [{"date": "2021-12-1", "name": "gate_length", "unit": "ns", "value": 7342.222222222222}], "name": "reset0"}, {"qubits": [1], "gate": "reset", "parameters": [{"date": "2021-12-1", "name": "gate_length", "unit": "ns", "value": 7342.222222222222}], "name": "reset1"}, {"qubits": [2], "gate": "reset", "parameters": [{"date": "2021-12-1", "name": "gate_length", "unit": "ns", "value": 7342.222222222222}], "name": "reset2"}, {"qubits": [3], "gate": "reset", "parameters": [{"date": "2021-12-1", "name": "gate_length", "unit": "ns", "value": 7342.222222222222}], "name": "reset3"}, {"qubits": [4], "gate": "reset", "parameters": [{"date": "2021-12-1", "name": "gate_length", "unit": "ns", "value": 7342.222222222222}], "name": "reset4"}], "general": [{"date": "2021-12-1", "name": "jq_01", "unit": "GHz", "value": 0.0018736137364449847}, {"date": "2021-12-1", "name": "zz_01", "unit": "GHz", "value": -5.778719017046504e-05}, {"date": "2021-12-1", "name": "jq_12", "unit": "GHz", "value": 0.0020062596172337292}, {"date": "2021-12-1", "name": "zz_12", "unit": "GHz", "value": -5.607853601551941e-05}, {"date": "2021-12-1", "name": "jq_13", "unit": "GHz", "value": 0.0020039976609872224}, {"date": "2021-12-1", "name": "zz_13", "unit": "GHz", "value": -5.2854062688980254e-05}, {"date": "2021-12-1", "name": "jq_34", "unit": "GHz", "value": 0.0016737719182152912}, {"date": "2021-12-1", "name": "zz_34", "unit": "GHz", "value": -3.628419642815204e-05}]}