{"backend_name": "ibmq_belem", "backend_version": "1.0.25", "last_update_date": "2021-11-6", "qubits": [[{"date": "2021-11-6", "name": "T1", "unit": "us", "value": 98.08209894804024}, {"date": "2021-11-6", "name": "T2", "unit": "us", "value": 95.04889583615834}, {"date": "2021-11-6", "name": "frequency", "unit": "GHz", "value": 5.0901480843678195}, {"date": "2021-11-6", "name": "anharmonicity", "unit": "GHz", "value": -0.33612300518216515}, {"date": "2021-11-6", "name": "readout_error", "unit": "", "value": 0.014699999999999935}, {"date": "2021-11-6", "name": "prob_meas0_prep1", "unit": "", "value": 0.024599999999999955}, {"date": "2021-11-6", "name": "prob_meas1_prep0", "unit": "", "value": 0.0048}, {"date": "2021-11-6", "name": "readout_length", "unit": "ns", "value": 5351.11111111111}], [{"date": "2021-11-6", "name": "T1", "unit": "us", "value": 97.67353527094353}, {"date": "2021-11-6", "name": "T2", "unit": "us", "value": 95.9371294880917}, {"date": "2021-11-6", "name": "frequency", "unit": "GHz", "value": 5.245568807008609}, {"date": "2021-11-6", "name": "anharmonicity", "unit": "GHz", "value": -0.316572131412737}, {"date": "2021-11-6", "name": "readout_error", "unit": "", "value": 0.02279999999999993}, {"date": "2021-11-6", "name": "prob_meas0_prep1", "unit": "", "value": 0.03720000000000001}, {"date": "2021-11-6", "name": "prob_meas1_prep0", "unit": "", "value": 0.0084}, {"date": "2021-11-6", "name": "readout_length", "unit": "ns", "value": 5351.11111111111}], [{"date": "2021-11-6", "name": "T1", "unit": "us", "value": 79.19442694885889}, {"date": "2021-11-6", "name": "T2", "unit": "us", "value": 38.02388161975858}, {"date": "2021-11-6", "name": "frequency", "unit": "GHz", "value": 5.361421177432508}, {"date": "2021-11-6", "name": "anharmonicity", "unit": "GHz", "value": -0.3306274884584928}, {"date": "2021-11-6", "name": "readout_error", "unit": "", "value": 0.018000000000000016}, {"date": "2021-11-6", "name": "prob_meas0_prep1", "unit": "", "value": 0.030399999999999983}, {"date": "2021-11-6", "name": "prob_meas1_prep0", "unit": "", "value": 0.0056}, {"date": "2021-11-6", "name": "readout_length", "unit": "ns", "value": 5351.11111111111}], [{"date": "2021-11-4", "name": "T1", "unit": "us", "value": 76.23647977661744}, {"date": "2021-11-3", "name": "T2", "unit": "us", "value": 121.75835100593805}, {"date": "2021-11-6", "name": "frequency", "unit": "GHz", "value": 5.170387506965257}, {"date": "2021-11-6", "name": "anharmonicity", "unit": "GHz", "value": -0.33373922611368106}, {"date": "2021-11-6", "name": "readout_error", "unit": "", "value": 0.04909999999999992}, {"date": "2021-11-6", "name": "prob_meas0_prep1", "unit": "", "value": 0.08499999999999996}, {"date": "2021-11-6", "name": "prob_meas1_prep0", "unit": "", "value": 0.0132}, {"date": "2021-11-6", "name": "readout_length", "unit": "ns", "value": 5351.11111111111}], [{"date": "2021-11-6", "name": "T1", "unit": "us", "value": 78.38246269290663}, {"date": "2021-11-6", "name": "T2", "unit": "us", "value": 99.07415213323529}, {"date": "2021-11-6", "name": "frequency", "unit": "GHz", "value": 5.258460976937535}, {"date": "2021-11-6", "name": "anharmonicity", "unit": "GHz", "value": -0.3313451432371279}, {"date": "2021-11-6", "name": "readout_error", "unit": "", "value": 0.05180000000000007}, {"date": "2021-11-6", "name": "prob_meas0_prep1", "unit": "", "value": 0.0726}, {"date": "2021-11-6", "name": "prob_meas1_prep0", "unit": "", "value": 0.031}, {"date": "2021-11-6", "name": "readout_length", "unit": "ns", "value": 5351.11111111111}]], "gates": [{"qubits": [0], "gate": "id", "parameters": [{"date": "2021-11-6", "name": "gate_error", "unit": "", "value": 0.0007819680888255517}, {"date": "2021-11-6", "name": "gate_length", "unit": "ns", "value": 35.55555555555556}], "name": "id0"}, {"qubits": [1], "gate": "id", "parameters": [{"date": "2021-11-6", "name": "gate_error", "unit": "", "value": 0.00026387555220658374}, {"date": "2021-11-6", "name": "gate_length", "unit": "ns", "value": 35.55555555555556}], "name": "id1"}, {"qubits": [2], "gate": "id", "parameters": [{"date": "2021-11-6", "name": "gate_error", "unit": "", "value": 0.00026251929367572763}, {"date": "2021-11-6", "name": "gate_length", "unit": "ns", "value": 35.55555555555556}], "name": "id2"}, {"qubits": [3], "gate": "id", "parameters": [{"date": "2021-11-6", "name": "gate_error", "unit": "", "value": 0.0007059042348217071}, {"date": "2021-11-6", "name": "gate_length", "unit": "ns", "value": 35.55555555555556}], "name": "id3"}, {"qubits": [4], "gate": "id", "parameters": [{"date": "2021-11-6", "name": "gate_error", "unit": "", "value": 0.0003975410415960939}, {"date": "2021-11-6", "name": "gate_length", "unit": "ns", "value": 35.55555555555556}], "name": "id4"}, {"qubits": [0], "gate": "rz", "parameters": [{"date": "2021-11-6", "name": "gate_error", "unit": "", "value": 0}, {"date": "2021-11-6", "name": "gate_length", "unit": "ns", "value": 0}], "name": "rz0"}, {"qubits": [1], "gate": "rz", "parameters": [{"date": "2021-11-6", "name": "gate_error", "unit": "", "value": 0}, {"date": "2021-11-6", "name": "gate_length", "unit": "ns", "value": 0}], "name": "rz1"}, {"qubits": [2], "gate": "rz", "parameters": [{"date": "2021-11-6", "name": "gate_error", "unit": "", "value": 0}, {"date": "2021-11-6", "name": "gate_length", "unit": "ns", "value": 0}], "name": "rz2"}, {"qubits": [3], "gate": "rz", "parameters": [{"date": "2021-11-6", "name": "gate_error", "unit": "", "value": 0}, {"date": "2021-11-6", "name": "gate_length", "unit": "ns", "value": 0}], "name": "rz3"}, {"qubits": [4], "gate": "rz", "parameters": [{"date": "2021-11-6", "name": "gate_error", "unit": "", "value": 0}, {"date": "2021-11-6", "name": "gate_length", "unit": "ns", "value": 0}], "name": "rz4"}, {"qubits": [0], "gate": "sx", "parameters": [{"date": "2021-11-6", "name": "gate_error", "unit": "", "value": 0.0007819680888255517}, {"date": "2021-11-6", "name": "gate_length", "unit": "ns", "value": 35.55555555555556}], "name": "sx0"}, {"qubits": [1], "gate": "sx", "parameters": [{"date": "2021-11-6", "name": "gate_error", "unit": "", "value": 0.00026387555220658374}, {"date": "2021-11-6", "name": "gate_length", "unit": "ns", "value": 35.55555555555556}], "name": "sx1"}, {"qubits": [2], "gate": "sx", "parameters": [{"date": "2021-11-6", "name": "gate_error", "unit": "", "value": 0.00026251929367572763}, {"date": "2021-11-6", "name": "gate_length", "unit": "ns", "value": 35.55555555555556}], "name": "sx2"}, {"qubits": [3], "gate": "sx", "parameters": [{"date": "2021-11-6", "name": "gate_error", "unit": "", "value": 0.0007059042348217071}, {"date": "2021-11-6", "name": "gate_length", "unit": "ns", "value": 35.55555555555556}], "name": "sx3"}, {"qubits": [4], "gate": "sx", "parameters": [{"date": "2021-11-6", "name": "gate_error", "unit": "", "value": 0.0003975410415960939}, {"date": "2021-11-6", "name": "gate_length", "unit": "ns", "value": 35.55555555555556}], "name": "sx4"}, {"qubits": [0], "gate": "x", "parameters": [{"date": "2021-11-6", "name": "gate_error", "unit": "", "value": 0.0007819680888255517}, {"date": "2021-11-6", "name": "gate_length", "unit": "ns", "value": 35.55555555555556}], "name": "x0"}, {"qubits": [1], "gate": "x", "parameters": [{"date": "2021-11-6", "name": "gate_error", "unit": "", "value": 0.00026387555220658374}, {"date": "2021-11-6", "name": "gate_length", "unit": "ns", "value": 35.55555555555556}], "name": "x1"}, {"qubits": [2], "gate": "x", "parameters": [{"date": "2021-11-6", "name": "gate_error", "unit": "", "value": 0.00026251929367572763}, {"date": "2021-11-6", "name": "gate_length", "unit": "ns", "value": 35.55555555555556}], "name": "x2"}, {"qubits": [3], "gate": "x", "parameters": [{"date": "2021-11-6", "name": "gate_error", "unit": "", "value": 0.0007059042348217071}, {"date": "2021-11-6", "name": "gate_length", "unit": "ns", "value": 35.55555555555556}], "name": "x3"}, {"qubits": [4], "gate": "x", "parameters": [{"date": "2021-11-6", "name": "gate_error", "unit": "", "value": 0.0003975410415960939}, {"date": "2021-11-6", "name": "gate_length", "unit": "ns", "value": 35.55555555555556}], "name": "x4"}, {"qubits": [4, 3], "gate": "cx", "parameters": [{"date": "2021-11-6", "name": "gate_error", "unit": "", "value": 0.01831884135379583}, {"date": "2021-11-3", "name": "gate_length", "unit": "ns", "value": 554.6666666666666}], "name": "cx4_3"}, {"qubits": [3, 4], "gate": "cx", "parameters": [{"date": "2021-11-6", "name": "gate_error", "unit": "", "value": 0.01831884135379583}, {"date": "2021-11-3", "name": "gate_length", "unit": "ns", "value": 590.2222222222222}], "name": "cx3_4"}, {"qubits": [3, 1], "gate": "cx", "parameters": [{"date": "2021-11-6", "name": "gate_error", "unit": "", "value": 0.014896184108967203}, {"date": "2021-11-3", "name": "gate_length", "unit": "ns", "value": 398.2222222222222}], "name": "cx3_1"}, {"qubits": [1, 3], "gate": "cx", "parameters": [{"date": "2021-11-6", "name": "gate_error", "unit": "", "value": 0.014896184108967203}, {"date": "2021-11-3", "name": "gate_length", "unit": "ns", "value": 433.77777777777777}], "name": "cx1_3"}, {"qubits": [2, 1], "gate": "cx", "parameters": [{"date": "2021-11-6", "name": "gate_error", "unit": "", "value": 0.006687145659828725}, {"date": "2021-11-3", "name": "gate_length", "unit": "ns", "value": 412.4444444444444}], "name": "cx2_1"}, {"qubits": [1, 2], "gate": "cx", "parameters": [{"date": "2021-11-6", "name": "gate_error", "unit": "", "value": 0.006687145659828725}, {"date": "2021-11-3", "name": "gate_length", "unit": "ns", "value": 448}], "name": "cx1_2"}, {"qubits": [1, 0], "gate": "cx", "parameters": [{"date": "2021-11-6", "name": "gate_error", "unit": "", "value": 0.028151668982853706}, {"date": "2021-11-3", "name": "gate_length", "unit": "ns", "value": 775.1111111111111}], "name": "cx1_0"}, {"qubits": [0, 1], "gate": "cx", "parameters": [{"date": "2021-11-6", "name": "gate_error", "unit": "", "value": 0.028151668982853706}, {"date": "2021-11-3", "name": "gate_length", "unit": "ns", "value": 810.6666666666666}], "name": "cx0_1"}, {"qubits": [0], "gate": "reset", "parameters": [{"date": "2021-11-6", "name": "gate_length", "unit": "ns", "value": 7342.222222222222}], "name": "reset0"}, {"qubits": [1], "gate": "reset", "parameters": [{"date": "2021-11-6", "name": "gate_length", "unit": "ns", "value": 7342.222222222222}], "name": "reset1"}, {"qubits": [2], "gate": "reset", "parameters": [{"date": "2021-11-6", "name": "gate_length", "unit": "ns", "value": 7342.222222222222}], "name": "reset2"}, {"qubits": [3], "gate": "reset", "parameters": [{"date": "2021-11-6", "name": "gate_length", "unit": "ns", "value": 7342.222222222222}], "name": "reset3"}, {"qubits": [4], "gate": "reset", "parameters": [{"date": "2021-11-6", "name": "gate_length", "unit": "ns", "value": 7342.222222222222}], "name": "reset4"}], "general": [{"date": "2021-11-6", "name": "jq_01", "unit": "GHz", "value": 0.0018736137364449847}, {"date": "2021-11-6", "name": "zz_01", "unit": "GHz", "value": -5.778719017046504e-05}, {"date": "2021-11-6", "name": "jq_12", "unit": "GHz", "value": 0.0020062596172337292}, {"date": "2021-11-6", "name": "zz_12", "unit": "GHz", "value": -5.607853601551941e-05}, {"date": "2021-11-6", "name": "jq_13", "unit": "GHz", "value": 0.0020039976609872224}, {"date": "2021-11-6", "name": "zz_13", "unit": "GHz", "value": -5.2854062688980254e-05}, {"date": "2021-11-6", "name": "jq_34", "unit": "GHz", "value": 0.0016737719182152912}, {"date": "2021-11-6", "name": "zz_34", "unit": "GHz", "value": -3.628419642815204e-05}]}