{"backend_name": "ibmq_belem", "backend_version": "1.0.30", "last_update_date": "2022-1-6", "qubits": [[{"date": "2022-1-6", "name": "T1", "unit": "us", "value": 93.20628824298205}, {"date": "2022-1-6", "name": "T2", "unit": "us", "value": 90.16171660826569}, {"date": "2022-1-6", "name": "frequency", "unit": "GHz", "value": 5.090220514630879}, {"date": "2022-1-6", "name": "anharmonicity", "unit": "GHz", "value": -0.33612300518216515}, {"date": "2022-1-6", "name": "readout_error", "unit": "", "value": 0.020000000000000018}, {"date": "2022-1-6", "name": "prob_meas0_prep1", "unit": "", "value": 0.03180000000000005}, {"date": "2022-1-6", "name": "prob_meas1_prep0", "unit": "", "value": 0.0082}, {"date": "2022-1-6", "name": "readout_length", "unit": "ns", "value": 5351.11111111111}], [{"date": "2022-1-6", "name": "T1", "unit": "us", "value": 101.1887995879939}, {"date": "2022-1-6", "name": "T2", "unit": "us", "value": 105.5890482978167}, {"date": "2022-1-6", "name": "frequency", "unit": "GHz", "value": 5.2455716003409645}, {"date": "2022-1-6", "name": "anharmonicity", "unit": "GHz", "value": -0.316572131412737}, {"date": "2022-1-6", "name": "readout_error", "unit": "", "value": 0.01859999999999995}, {"date": "2022-1-6", "name": "prob_meas0_prep1", "unit": "", "value": 0.027000000000000024}, {"date": "2022-1-6", "name": "prob_meas1_prep0", "unit": "", "value": 0.0102}, {"date": "2022-1-6", "name": "readout_length", "unit": "ns", "value": 5351.11111111111}], [{"date": "2022-1-6", "name": "T1", "unit": "us", "value": 75.79035105301865}, {"date": "2022-1-6", "name": "T2", "unit": "us", "value": 67.16256059699201}, {"date": "2022-1-6", "name": "frequency", "unit": "GHz", "value": 5.361498014626439}, {"date": "2022-1-6", "name": "anharmonicity", "unit": "GHz", "value": -0.3306274884584928}, {"date": "2022-1-6", "name": "readout_error", "unit": "", "value": 0.023900000000000032}, {"date": "2022-1-6", "name": "prob_meas0_prep1", "unit": "", "value": 0.04200000000000004}, {"date": "2022-1-6", "name": "prob_meas1_prep0", "unit": "", "value": 0.0058}, {"date": "2022-1-6", "name": "readout_length", "unit": "ns", "value": 5351.11111111111}], [{"date": "2022-1-6", "name": "T1", "unit": "us", "value": 70.63522686463904}, {"date": "2022-1-6", "name": "T2", "unit": "us", "value": 100.39116991765725}, {"date": "2022-1-6", "name": "frequency", "unit": "GHz", "value": 5.170378489355008}, {"date": "2022-1-6", "name": "anharmonicity", "unit": "GHz", "value": -0.33373922611368106}, {"date": "2022-1-6", "name": "readout_error", "unit": "", "value": 0.023299999999999987}, {"date": "2022-1-6", "name": "prob_meas0_prep1", "unit": "", "value": 0.037799999999999945}, {"date": "2022-1-6", "name": "prob_meas1_prep0", "unit": "", "value": 0.0088}, {"date": "2022-1-6", "name": "readout_length", "unit": "ns", "value": 5351.11111111111}], [{"date": "2022-1-6", "name": "T1", "unit": "us", "value": 107.39674939651454}, {"date": "2022-1-6", "name": "T2", "unit": "us", "value": 161.27614126381692}, {"date": "2022-1-6", "name": "frequency", "unit": "GHz", "value": 5.258459389971474}, {"date": "2022-1-6", "name": "anharmonicity", "unit": "GHz", "value": -0.3313451432371279}, {"date": "2022-1-6", "name": "readout_error", "unit": "", "value": 0.0353}, {"date": "2022-1-6", "name": "prob_meas0_prep1", "unit": "", "value": 0.06040000000000001}, {"date": "2022-1-6", "name": "prob_meas1_prep0", "unit": "", "value": 0.0102}, {"date": "2022-1-6", "name": "readout_length", "unit": "ns", "value": 5351.11111111111}]], "gates": [{"qubits": [0], "gate": "id", "parameters": [{"date": "2022-1-6", "name": "gate_error", "unit": "", "value": 0.00018174891557554002}, {"date": "2022-1-6", "name": "gate_length", "unit": "ns", "value": 35.55555555555556}], "name": "id0"}, {"qubits": [1], "gate": "id", "parameters": [{"date": "2022-1-6", "name": "gate_error", "unit": "", "value": 0.0002721352496789145}, {"date": "2022-1-6", "name": "gate_length", "unit": "ns", "value": 35.55555555555556}], "name": "id1"}, {"qubits": [2], "gate": "id", "parameters": [{"date": "2022-1-6", "name": "gate_error", "unit": "", "value": 0.0002714594321733244}, {"date": "2022-1-6", "name": "gate_length", "unit": "ns", "value": 35.55555555555556}], "name": "id2"}, {"qubits": [3], "gate": "id", "parameters": [{"date": "2022-1-6", "name": "gate_error", "unit": "", "value": 0.00028449802762261383}, {"date": "2022-1-6", "name": "gate_length", "unit": "ns", "value": 35.55555555555556}], "name": "id3"}, {"qubits": [4], "gate": "id", "parameters": [{"date": "2022-1-6", "name": "gate_error", "unit": "", "value": 0.0003374632944102602}, {"date": "2022-1-6", "name": "gate_length", "unit": "ns", "value": 35.55555555555556}], "name": "id4"}, {"qubits": [0], "gate": "rz", "parameters": [{"date": "2022-1-6", "name": "gate_error", "unit": "", "value": 0}, {"date": "2022-1-6", "name": "gate_length", "unit": "ns", "value": 0}], "name": "rz0"}, {"qubits": [1], "gate": "rz", "parameters": [{"date": "2022-1-6", "name": "gate_error", "unit": "", "value": 0}, {"date": "2022-1-6", "name": "gate_length", "unit": "ns", "value": 0}], "name": "rz1"}, {"qubits": [2], "gate": "rz", "parameters": [{"date": "2022-1-6", "name": "gate_error", "unit": "", "value": 0}, {"date": "2022-1-6", "name": "gate_length", "unit": "ns", "value": 0}], "name": "rz2"}, {"qubits": [3], "gate": "rz", "parameters": [{"date": "2022-1-6", "name": "gate_error", "unit": "", "value": 0}, {"date": "2022-1-6", "name": "gate_length", "unit": "ns", "value": 0}], "name": "rz3"}, {"qubits": [4], "gate": "rz", "parameters": [{"date": "2022-1-6", "name": "gate_error", "unit": "", "value": 0}, {"date": "2022-1-6", "name": "gate_length", "unit": "ns", "value": 0}], "name": "rz4"}, {"qubits": [0], "gate": "sx", "parameters": [{"date": "2022-1-6", "name": "gate_error", "unit": "", "value": 0.00018174891557554002}, {"date": "2022-1-6", "name": "gate_length", "unit": "ns", "value": 35.55555555555556}], "name": "sx0"}, {"qubits": [1], "gate": "sx", "parameters": [{"date": "2022-1-6", "name": "gate_error", "unit": "", "value": 0.0002721352496789145}, {"date": "2022-1-6", "name": "gate_length", "unit": "ns", "value": 35.55555555555556}], "name": "sx1"}, {"qubits": [2], "gate": "sx", "parameters": [{"date": "2022-1-6", "name": "gate_error", "unit": "", "value": 0.0002714594321733244}, {"date": "2022-1-6", "name": "gate_length", "unit": "ns", "value": 35.55555555555556}], "name": "sx2"}, {"qubits": [3], "gate": "sx", "parameters": [{"date": "2022-1-6", "name": "gate_error", "unit": "", "value": 0.00028449802762261383}, {"date": "2022-1-6", "name": "gate_length", "unit": "ns", "value": 35.55555555555556}], "name": "sx3"}, {"qubits": [4], "gate": "sx", "parameters": [{"date": "2022-1-6", "name": "gate_error", "unit": "", "value": 0.0003374632944102602}, {"date": "2022-1-6", "name": "gate_length", "unit": "ns", "value": 35.55555555555556}], "name": "sx4"}, {"qubits": [0], "gate": "x", "parameters": [{"date": "2022-1-6", "name": "gate_error", "unit": "", "value": 0.00018174891557554002}, {"date": "2022-1-6", "name": "gate_length", "unit": "ns", "value": 35.55555555555556}], "name": "x0"}, {"qubits": [1], "gate": "x", "parameters": [{"date": "2022-1-6", "name": "gate_error", "unit": "", "value": 0.0002721352496789145}, {"date": "2022-1-6", "name": "gate_length", "unit": "ns", "value": 35.55555555555556}], "name": "x1"}, {"qubits": [2], "gate": "x", "parameters": [{"date": "2022-1-6", "name": "gate_error", "unit": "", "value": 0.0002714594321733244}, {"date": "2022-1-6", "name": "gate_length", "unit": "ns", "value": 35.55555555555556}], "name": "x2"}, {"qubits": [3], "gate": "x", "parameters": [{"date": "2022-1-6", "name": "gate_error", "unit": "", "value": 0.00028449802762261383}, {"date": "2022-1-6", "name": "gate_length", "unit": "ns", "value": 35.55555555555556}], "name": "x3"}, {"qubits": [4], "gate": "x", "parameters": [{"date": "2022-1-6", "name": "gate_error", "unit": "", "value": 0.0003374632944102602}, {"date": "2022-1-6", "name": "gate_length", "unit": "ns", "value": 35.55555555555556}], "name": "x4"}, {"qubits": [4, 3], "gate": "cx", "parameters": [{"date": "2022-1-6", "name": "gate_error", "unit": "", "value": 0.009514512951315918}, {"date": "2022-1-3", "name": "gate_length", "unit": "ns", "value": 554.6666666666666}], "name": "cx4_3"}, {"qubits": [3, 4], "gate": "cx", "parameters": [{"date": "2022-1-6", "name": "gate_error", "unit": "", "value": 0.009514512951315918}, {"date": "2022-1-3", "name": "gate_length", "unit": "ns", "value": 590.2222222222222}], "name": "cx3_4"}, {"qubits": [3, 1], "gate": "cx", "parameters": [{"date": "2022-1-6", "name": "gate_error", "unit": "", "value": 0.009117390372468975}, {"date": "2022-1-3", "name": "gate_length", "unit": "ns", "value": 398.2222222222222}], "name": "cx3_1"}, {"qubits": [1, 3], "gate": "cx", "parameters": [{"date": "2022-1-6", "name": "gate_error", "unit": "", "value": 0.009117390372468975}, {"date": "2022-1-3", "name": "gate_length", "unit": "ns", "value": 433.77777777777777}], "name": "cx1_3"}, {"qubits": [2, 1], "gate": "cx", "parameters": [{"date": "2022-1-6", "name": "gate_error", "unit": "", "value": 0.006344623861220977}, {"date": "2022-1-3", "name": "gate_length", "unit": "ns", "value": 412.4444444444444}], "name": "cx2_1"}, {"qubits": [1, 2], "gate": "cx", "parameters": [{"date": "2022-1-6", "name": "gate_error", "unit": "", "value": 0.006344623861220977}, {"date": "2022-1-3", "name": "gate_length", "unit": "ns", "value": 448}], "name": "cx1_2"}, {"qubits": [1, 0], "gate": "cx", "parameters": [{"date": "2022-1-6", "name": "gate_error", "unit": "", "value": 0.01455606116082711}, {"date": "2022-1-3", "name": "gate_length", "unit": "ns", "value": 775.1111111111111}], "name": "cx1_0"}, {"qubits": [0, 1], "gate": "cx", "parameters": [{"date": "2022-1-6", "name": "gate_error", "unit": "", "value": 0.01455606116082711}, {"date": "2022-1-3", "name": "gate_length", "unit": "ns", "value": 810.6666666666666}], "name": "cx0_1"}, {"qubits": [0], "gate": "reset", "parameters": [{"date": "2022-1-6", "name": "gate_length", "unit": "ns", "value": 7342.222222222222}], "name": "reset0"}, {"qubits": [1], "gate": "reset", "parameters": [{"date": "2022-1-6", "name": "gate_length", "unit": "ns", "value": 7342.222222222222}], "name": "reset1"}, {"qubits": [2], "gate": "reset", "parameters": [{"date": "2022-1-6", "name": "gate_length", "unit": "ns", "value": 7342.222222222222}], "name": "reset2"}, {"qubits": [3], "gate": "reset", "parameters": [{"date": "2022-1-6", "name": "gate_length", "unit": "ns", "value": 7342.222222222222}], "name": "reset3"}, {"qubits": [4], "gate": "reset", "parameters": [{"date": "2022-1-6", "name": "gate_length", "unit": "ns", "value": 7342.222222222222}], "name": "reset4"}], "general": [{"date": "2022-1-6", "name": "jq_01", "unit": "GHz", "value": 0.0018736137364449847}, {"date": "2022-1-6", "name": "zz_01", "unit": "GHz", "value": -5.778719017046504e-05}, {"date": "2022-1-6", "name": "jq_12", "unit": "GHz", "value": 0.0020062596172337292}, {"date": "2022-1-6", "name": "zz_12", "unit": "GHz", "value": -5.607853601551941e-05}, {"date": "2022-1-6", "name": "jq_13", "unit": "GHz", "value": 0.0020039976609872224}, {"date": "2022-1-6", "name": "zz_13", "unit": "GHz", "value": -5.2854062688980254e-05}, {"date": "2022-1-6", "name": "jq_34", "unit": "GHz", "value": 0.0016737719182152912}, {"date": "2022-1-6", "name": "zz_34", "unit": "GHz", "value": -3.628419642815204e-05}]}