{"backend_name": "ibmq_belem", "backend_version": "1.0.30", "last_update_date": "2022-1-7", "qubits": [[{"date": "2022-1-7", "name": "T1", "unit": "us", "value": 114.64387116835367}, {"date": "2022-1-7", "name": "T2", "unit": "us", "value": 92.65246006881605}, {"date": "2022-1-7", "name": "frequency", "unit": "GHz", "value": 5.090221736974377}, {"date": "2022-1-7", "name": "anharmonicity", "unit": "GHz", "value": -0.33612300518216515}, {"date": "2022-1-7", "name": "readout_error", "unit": "", "value": 0.019299999999999984}, {"date": "2022-1-7", "name": "prob_meas0_prep1", "unit": "", "value": 0.031200000000000006}, {"date": "2022-1-7", "name": "prob_meas1_prep0", "unit": "", "value": 0.0074}, {"date": "2022-1-7", "name": "readout_length", "unit": "ns", "value": 5351.11111111111}], [{"date": "2022-1-7", "name": "T1", "unit": "us", "value": 78.27465579026018}, {"date": "2022-1-7", "name": "T2", "unit": "us", "value": 104.97597477671695}, {"date": "2022-1-7", "name": "frequency", "unit": "GHz", "value": 5.245542815373935}, {"date": "2022-1-7", "name": "anharmonicity", "unit": "GHz", "value": -0.316572131412737}, {"date": "2022-1-7", "name": "readout_error", "unit": "", "value": 0.02299999999999991}, {"date": "2022-1-7", "name": "prob_meas0_prep1", "unit": "", "value": 0.03859999999999997}, {"date": "2022-1-7", "name": "prob_meas1_prep0", "unit": "", "value": 0.0074}, {"date": "2022-1-7", "name": "readout_length", "unit": "ns", "value": 5351.11111111111}], [{"date": "2022-1-7", "name": "T1", "unit": "us", "value": 88.38384983847311}, {"date": "2022-1-7", "name": "T2", "unit": "us", "value": 70.0632466166531}, {"date": "2022-1-7", "name": "frequency", "unit": "GHz", "value": 5.361496066065196}, {"date": "2022-1-7", "name": "anharmonicity", "unit": "GHz", "value": -0.3306274884584928}, {"date": "2022-1-7", "name": "readout_error", "unit": "", "value": 0.028299999999999992}, {"date": "2022-1-7", "name": "prob_meas0_prep1", "unit": "", "value": 0.04079999999999995}, {"date": "2022-1-7", "name": "prob_meas1_prep0", "unit": "", "value": 0.0158}, {"date": "2022-1-7", "name": "readout_length", "unit": "ns", "value": 5351.11111111111}], [{"date": "2022-1-7", "name": "T1", "unit": "us", "value": 92.04649902804941}, {"date": "2022-1-7", "name": "T2", "unit": "us", "value": 131.94711866979267}, {"date": "2022-1-7", "name": "frequency", "unit": "GHz", "value": 5.170374024228013}, {"date": "2022-1-7", "name": "anharmonicity", "unit": "GHz", "value": -0.33373922611368106}, {"date": "2022-1-7", "name": "readout_error", "unit": "", "value": 0.025500000000000078}, {"date": "2022-1-7", "name": "prob_meas0_prep1", "unit": "", "value": 0.040000000000000036}, {"date": "2022-1-7", "name": "prob_meas1_prep0", "unit": "", "value": 0.011}, {"date": "2022-1-7", "name": "readout_length", "unit": "ns", "value": 5351.11111111111}], [{"date": "2022-1-7", "name": "T1", "unit": "us", "value": 125.8865540411269}, {"date": "2022-1-7", "name": "T2", "unit": "us", "value": 198.6070400161832}, {"date": "2022-1-7", "name": "frequency", "unit": "GHz", "value": 5.258457433832341}, {"date": "2022-1-7", "name": "anharmonicity", "unit": "GHz", "value": -0.3313451432371279}, {"date": "2022-1-7", "name": "readout_error", "unit": "", "value": 0.015900000000000025}, {"date": "2022-1-7", "name": "prob_meas0_prep1", "unit": "", "value": 0.028800000000000048}, {"date": "2022-1-7", "name": "prob_meas1_prep0", "unit": "", "value": 0.003}, {"date": "2022-1-7", "name": "readout_length", "unit": "ns", "value": 5351.11111111111}]], "gates": [{"qubits": [0], "gate": "id", "parameters": [{"date": "2022-1-7", "name": "gate_error", "unit": "", "value": 0.00021477945653057198}, {"date": "2022-1-7", "name": "gate_length", "unit": "ns", "value": 35.55555555555556}], "name": "id0"}, {"qubits": [1], "gate": "id", "parameters": [{"date": "2022-1-7", "name": "gate_error", "unit": "", "value": 0.00024220047793004987}, {"date": "2022-1-7", "name": "gate_length", "unit": "ns", "value": 35.55555555555556}], "name": "id1"}, {"qubits": [2], "gate": "id", "parameters": [{"date": "2022-1-7", "name": "gate_error", "unit": "", "value": 0.00028790948189568545}, {"date": "2022-1-7", "name": "gate_length", "unit": "ns", "value": 35.55555555555556}], "name": "id2"}, {"qubits": [3], "gate": "id", "parameters": [{"date": "2022-1-7", "name": "gate_error", "unit": "", "value": 0.00031548460719644513}, {"date": "2022-1-7", "name": "gate_length", "unit": "ns", "value": 35.55555555555556}], "name": "id3"}, {"qubits": [4], "gate": "id", "parameters": [{"date": "2022-1-7", "name": "gate_error", "unit": "", "value": 0.00020547021122091874}, {"date": "2022-1-7", "name": "gate_length", "unit": "ns", "value": 35.55555555555556}], "name": "id4"}, {"qubits": [0], "gate": "rz", "parameters": [{"date": "2022-1-7", "name": "gate_error", "unit": "", "value": 0}, {"date": "2022-1-7", "name": "gate_length", "unit": "ns", "value": 0}], "name": "rz0"}, {"qubits": [1], "gate": "rz", "parameters": [{"date": "2022-1-7", "name": "gate_error", "unit": "", "value": 0}, {"date": "2022-1-7", "name": "gate_length", "unit": "ns", "value": 0}], "name": "rz1"}, {"qubits": [2], "gate": "rz", "parameters": [{"date": "2022-1-7", "name": "gate_error", "unit": "", "value": 0}, {"date": "2022-1-7", "name": "gate_length", "unit": "ns", "value": 0}], "name": "rz2"}, {"qubits": [3], "gate": "rz", "parameters": [{"date": "2022-1-7", "name": "gate_error", "unit": "", "value": 0}, {"date": "2022-1-7", "name": "gate_length", "unit": "ns", "value": 0}], "name": "rz3"}, {"qubits": [4], "gate": "rz", "parameters": [{"date": "2022-1-7", "name": "gate_error", "unit": "", "value": 0}, {"date": "2022-1-7", "name": "gate_length", "unit": "ns", "value": 0}], "name": "rz4"}, {"qubits": [0], "gate": "sx", "parameters": [{"date": "2022-1-7", "name": "gate_error", "unit": "", "value": 0.00021477945653057198}, {"date": "2022-1-7", "name": "gate_length", "unit": "ns", "value": 35.55555555555556}], "name": "sx0"}, {"qubits": [1], "gate": "sx", "parameters": [{"date": "2022-1-7", "name": "gate_error", "unit": "", "value": 0.00024220047793004987}, {"date": "2022-1-7", "name": "gate_length", "unit": "ns", "value": 35.55555555555556}], "name": "sx1"}, {"qubits": [2], "gate": "sx", "parameters": [{"date": "2022-1-7", "name": "gate_error", "unit": "", "value": 0.00028790948189568545}, {"date": "2022-1-7", "name": "gate_length", "unit": "ns", "value": 35.55555555555556}], "name": "sx2"}, {"qubits": [3], "gate": "sx", "parameters": [{"date": "2022-1-7", "name": "gate_error", "unit": "", "value": 0.00031548460719644513}, {"date": "2022-1-7", "name": "gate_length", "unit": "ns", "value": 35.55555555555556}], "name": "sx3"}, {"qubits": [4], "gate": "sx", "parameters": [{"date": "2022-1-7", "name": "gate_error", "unit": "", "value": 0.00020547021122091874}, {"date": "2022-1-7", "name": "gate_length", "unit": "ns", "value": 35.55555555555556}], "name": "sx4"}, {"qubits": [0], "gate": "x", "parameters": [{"date": "2022-1-7", "name": "gate_error", "unit": "", "value": 0.00021477945653057198}, {"date": "2022-1-7", "name": "gate_length", "unit": "ns", "value": 35.55555555555556}], "name": "x0"}, {"qubits": [1], "gate": "x", "parameters": [{"date": "2022-1-7", "name": "gate_error", "unit": "", "value": 0.00024220047793004987}, {"date": "2022-1-7", "name": "gate_length", "unit": "ns", "value": 35.55555555555556}], "name": "x1"}, {"qubits": [2], "gate": "x", "parameters": [{"date": "2022-1-7", "name": "gate_error", "unit": "", "value": 0.00028790948189568545}, {"date": "2022-1-7", "name": "gate_length", "unit": "ns", "value": 35.55555555555556}], "name": "x2"}, {"qubits": [3], "gate": "x", "parameters": [{"date": "2022-1-7", "name": "gate_error", "unit": "", "value": 0.00031548460719644513}, {"date": "2022-1-7", "name": "gate_length", "unit": "ns", "value": 35.55555555555556}], "name": "x3"}, {"qubits": [4], "gate": "x", "parameters": [{"date": "2022-1-7", "name": "gate_error", "unit": "", "value": 0.00020547021122091874}, {"date": "2022-1-7", "name": "gate_length", "unit": "ns", "value": 35.55555555555556}], "name": "x4"}, {"qubits": [4, 3], "gate": "cx", "parameters": [{"date": "2022-1-7", "name": "gate_error", "unit": "", "value": 0.009258503524847056}, {"date": "2022-1-4", "name": "gate_length", "unit": "ns", "value": 554.6666666666666}], "name": "cx4_3"}, {"qubits": [3, 4], "gate": "cx", "parameters": [{"date": "2022-1-7", "name": "gate_error", "unit": "", "value": 0.009258503524847056}, {"date": "2022-1-4", "name": "gate_length", "unit": "ns", "value": 590.2222222222222}], "name": "cx3_4"}, {"qubits": [3, 1], "gate": "cx", "parameters": [{"date": "2022-1-7", "name": "gate_error", "unit": "", "value": 0.00802366686306133}, {"date": "2022-1-4", "name": "gate_length", "unit": "ns", "value": 398.2222222222222}], "name": "cx3_1"}, {"qubits": [1, 3], "gate": "cx", "parameters": [{"date": "2022-1-7", "name": "gate_error", "unit": "", "value": 0.00802366686306133}, {"date": "2022-1-4", "name": "gate_length", "unit": "ns", "value": 433.77777777777777}], "name": "cx1_3"}, {"qubits": [2, 1], "gate": "cx", "parameters": [{"date": "2022-1-7", "name": "gate_error", "unit": "", "value": 0.006289010519067578}, {"date": "2022-1-4", "name": "gate_length", "unit": "ns", "value": 412.4444444444444}], "name": "cx2_1"}, {"qubits": [1, 2], "gate": "cx", "parameters": [{"date": "2022-1-7", "name": "gate_error", "unit": "", "value": 0.006289010519067578}, {"date": "2022-1-4", "name": "gate_length", "unit": "ns", "value": 448}], "name": "cx1_2"}, {"qubits": [1, 0], "gate": "cx", "parameters": [{"date": "2022-1-7", "name": "gate_error", "unit": "", "value": 0.012871836626910993}, {"date": "2022-1-4", "name": "gate_length", "unit": "ns", "value": 775.1111111111111}], "name": "cx1_0"}, {"qubits": [0, 1], "gate": "cx", "parameters": [{"date": "2022-1-7", "name": "gate_error", "unit": "", "value": 0.012871836626910993}, {"date": "2022-1-4", "name": "gate_length", "unit": "ns", "value": 810.6666666666666}], "name": "cx0_1"}, {"qubits": [0], "gate": "reset", "parameters": [{"date": "2022-1-7", "name": "gate_length", "unit": "ns", "value": 7342.222222222222}], "name": "reset0"}, {"qubits": [1], "gate": "reset", "parameters": [{"date": "2022-1-7", "name": "gate_length", "unit": "ns", "value": 7342.222222222222}], "name": "reset1"}, {"qubits": [2], "gate": "reset", "parameters": [{"date": "2022-1-7", "name": "gate_length", "unit": "ns", "value": 7342.222222222222}], "name": "reset2"}, {"qubits": [3], "gate": "reset", "parameters": [{"date": "2022-1-7", "name": "gate_length", "unit": "ns", "value": 7342.222222222222}], "name": "reset3"}, {"qubits": [4], "gate": "reset", "parameters": [{"date": "2022-1-7", "name": "gate_length", "unit": "ns", "value": 7342.222222222222}], "name": "reset4"}], "general": [{"date": "2022-1-7", "name": "jq_01", "unit": "GHz", "value": 0.0018736137364449847}, {"date": "2022-1-7", "name": "zz_01", "unit": "GHz", "value": -5.778719017046504e-05}, {"date": "2022-1-7", "name": "jq_12", "unit": "GHz", "value": 0.0020062596172337292}, {"date": "2022-1-7", "name": "zz_12", "unit": "GHz", "value": -5.607853601551941e-05}, {"date": "2022-1-7", "name": "jq_13", "unit": "GHz", "value": 0.0020039976609872224}, {"date": "2022-1-7", "name": "zz_13", "unit": "GHz", "value": -5.2854062688980254e-05}, {"date": "2022-1-7", "name": "jq_34", "unit": "GHz", "value": 0.0016737719182152912}, {"date": "2022-1-7", "name": "zz_34", "unit": "GHz", "value": -3.628419642815204e-05}]}