{"backend_name": "ibmq_belem", "backend_version": "1.0.30", "last_update_date": "2022-1-10", "qubits": [[{"date": "2022-1-9", "name": "T1", "unit": "us", "value": 82.29904783238727}, {"date": "2022-1-10", "name": "T2", "unit": "us", "value": 70.08400359085572}, {"date": "2022-1-10", "name": "frequency", "unit": "GHz", "value": 5.09022197841313}, {"date": "2022-1-10", "name": "anharmonicity", "unit": "GHz", "value": -0.33612300518216515}, {"date": "2022-1-10", "name": "readout_error", "unit": "", "value": 0.017100000000000004}, {"date": "2022-1-10", "name": "prob_meas0_prep1", "unit": "", "value": 0.028000000000000025}, {"date": "2022-1-10", "name": "prob_meas1_prep0", "unit": "", "value": 0.0062}, {"date": "2022-1-10", "name": "readout_length", "unit": "ns", "value": 5351.11111111111}], [{"date": "2022-1-10", "name": "T1", "unit": "us", "value": 78.55539802791077}, {"date": "2022-1-10", "name": "T2", "unit": "us", "value": 113.08920633381076}, {"date": "2022-1-10", "name": "frequency", "unit": "GHz", "value": 5.2455360001512386}, {"date": "2022-1-10", "name": "anharmonicity", "unit": "GHz", "value": -0.316572131412737}, {"date": "2022-1-10", "name": "readout_error", "unit": "", "value": 0.020199999999999996}, {"date": "2022-1-10", "name": "prob_meas0_prep1", "unit": "", "value": 0.034399999999999986}, {"date": "2022-1-10", "name": "prob_meas1_prep0", "unit": "", "value": 0.006}, {"date": "2022-1-10", "name": "readout_length", "unit": "ns", "value": 5351.11111111111}], [{"date": "2022-1-10", "name": "T1", "unit": "us", "value": 92.19041170209657}, {"date": "2022-1-10", "name": "T2", "unit": "us", "value": 65.66213984033341}, {"date": "2022-1-10", "name": "frequency", "unit": "GHz", "value": 5.361497320086454}, {"date": "2022-1-10", "name": "anharmonicity", "unit": "GHz", "value": -0.3306274884584928}, {"date": "2022-1-10", "name": "readout_error", "unit": "", "value": 0.02100000000000002}, {"date": "2022-1-10", "name": "prob_meas0_prep1", "unit": "", "value": 0.032399999999999984}, {"date": "2022-1-10", "name": "prob_meas1_prep0", "unit": "", "value": 0.0096}, {"date": "2022-1-10", "name": "readout_length", "unit": "ns", "value": 5351.11111111111}], [{"date": "2022-1-10", "name": "T1", "unit": "us", "value": 83.10976546187682}, {"date": "2022-1-10", "name": "T2", "unit": "us", "value": 89.40946765932215}, {"date": "2022-1-10", "name": "frequency", "unit": "GHz", "value": 5.170377963849007}, {"date": "2022-1-10", "name": "anharmonicity", "unit": "GHz", "value": -0.33373922611368106}, {"date": "2022-1-10", "name": "readout_error", "unit": "", "value": 0.021199999999999997}, {"date": "2022-1-10", "name": "prob_meas0_prep1", "unit": "", "value": 0.03600000000000003}, {"date": "2022-1-10", "name": "prob_meas1_prep0", "unit": "", "value": 0.0064}, {"date": "2022-1-10", "name": "readout_length", "unit": "ns", "value": 5351.11111111111}], [{"date": "2022-1-10", "name": "T1", "unit": "us", "value": 130.77780428099385}, {"date": "2022-1-10", "name": "T2", "unit": "us", "value": 222.3153822199019}, {"date": "2022-1-10", "name": "frequency", "unit": "GHz", "value": 5.258458337077163}, {"date": "2022-1-10", "name": "anharmonicity", "unit": "GHz", "value": -0.3313451432371279}, {"date": "2022-1-10", "name": "readout_error", "unit": "", "value": 0.015600000000000058}, {"date": "2022-1-10", "name": "prob_meas0_prep1", "unit": "", "value": 0.023399999999999976}, {"date": "2022-1-10", "name": "prob_meas1_prep0", "unit": "", "value": 0.0078}, {"date": "2022-1-10", "name": "readout_length", "unit": "ns", "value": 5351.11111111111}]], "gates": [{"qubits": [0], "gate": "id", "parameters": [{"date": "2022-1-10", "name": "gate_error", "unit": "", "value": 0.0002609367841772494}, {"date": "2022-1-10", "name": "gate_length", "unit": "ns", "value": 35.55555555555556}], "name": "id0"}, {"qubits": [1], "gate": "id", "parameters": [{"date": "2022-1-10", "name": "gate_error", "unit": "", "value": 0.00021251809004540256}, {"date": "2022-1-10", "name": "gate_length", "unit": "ns", "value": 35.55555555555556}], "name": "id1"}, {"qubits": [2], "gate": "id", "parameters": [{"date": "2022-1-10", "name": "gate_error", "unit": "", "value": 0.0002618704258089429}, {"date": "2022-1-10", "name": "gate_length", "unit": "ns", "value": 35.55555555555556}], "name": "id2"}, {"qubits": [3], "gate": "id", "parameters": [{"date": "2022-1-10", "name": "gate_error", "unit": "", "value": 0.0003127822164493907}, {"date": "2022-1-10", "name": "gate_length", "unit": "ns", "value": 35.55555555555556}], "name": "id3"}, {"qubits": [4], "gate": "id", "parameters": [{"date": "2022-1-10", "name": "gate_error", "unit": "", "value": 0.00021103239399614533}, {"date": "2022-1-10", "name": "gate_length", "unit": "ns", "value": 35.55555555555556}], "name": "id4"}, {"qubits": [0], "gate": "rz", "parameters": [{"date": "2022-1-10", "name": "gate_error", "unit": "", "value": 0}, {"date": "2022-1-10", "name": "gate_length", "unit": "ns", "value": 0}], "name": "rz0"}, {"qubits": [1], "gate": "rz", "parameters": [{"date": "2022-1-10", "name": "gate_error", "unit": "", "value": 0}, {"date": "2022-1-10", "name": "gate_length", "unit": "ns", "value": 0}], "name": "rz1"}, {"qubits": [2], "gate": "rz", "parameters": [{"date": "2022-1-10", "name": "gate_error", "unit": "", "value": 0}, {"date": "2022-1-10", "name": "gate_length", "unit": "ns", "value": 0}], "name": "rz2"}, {"qubits": [3], "gate": "rz", "parameters": [{"date": "2022-1-10", "name": "gate_error", "unit": "", "value": 0}, {"date": "2022-1-10", "name": "gate_length", "unit": "ns", "value": 0}], "name": "rz3"}, {"qubits": [4], "gate": "rz", "parameters": [{"date": "2022-1-10", "name": "gate_error", "unit": "", "value": 0}, {"date": "2022-1-10", "name": "gate_length", "unit": "ns", "value": 0}], "name": "rz4"}, {"qubits": [0], "gate": "sx", "parameters": [{"date": "2022-1-10", "name": "gate_error", "unit": "", "value": 0.0002609367841772494}, {"date": "2022-1-10", "name": "gate_length", "unit": "ns", "value": 35.55555555555556}], "name": "sx0"}, {"qubits": [1], "gate": "sx", "parameters": [{"date": "2022-1-10", "name": "gate_error", "unit": "", "value": 0.00021251809004540256}, {"date": "2022-1-10", "name": "gate_length", "unit": "ns", "value": 35.55555555555556}], "name": "sx1"}, {"qubits": [2], "gate": "sx", "parameters": [{"date": "2022-1-10", "name": "gate_error", "unit": "", "value": 0.0002618704258089429}, {"date": "2022-1-10", "name": "gate_length", "unit": "ns", "value": 35.55555555555556}], "name": "sx2"}, {"qubits": [3], "gate": "sx", "parameters": [{"date": "2022-1-10", "name": "gate_error", "unit": "", "value": 0.0003127822164493907}, {"date": "2022-1-10", "name": "gate_length", "unit": "ns", "value": 35.55555555555556}], "name": "sx3"}, {"qubits": [4], "gate": "sx", "parameters": [{"date": "2022-1-10", "name": "gate_error", "unit": "", "value": 0.00021103239399614533}, {"date": "2022-1-10", "name": "gate_length", "unit": "ns", "value": 35.55555555555556}], "name": "sx4"}, {"qubits": [0], "gate": "x", "parameters": [{"date": "2022-1-10", "name": "gate_error", "unit": "", "value": 0.0002609367841772494}, {"date": "2022-1-10", "name": "gate_length", "unit": "ns", "value": 35.55555555555556}], "name": "x0"}, {"qubits": [1], "gate": "x", "parameters": [{"date": "2022-1-10", "name": "gate_error", "unit": "", "value": 0.00021251809004540256}, {"date": "2022-1-10", "name": "gate_length", "unit": "ns", "value": 35.55555555555556}], "name": "x1"}, {"qubits": [2], "gate": "x", "parameters": [{"date": "2022-1-10", "name": "gate_error", "unit": "", "value": 0.0002618704258089429}, {"date": "2022-1-10", "name": "gate_length", "unit": "ns", "value": 35.55555555555556}], "name": "x2"}, {"qubits": [3], "gate": "x", "parameters": [{"date": "2022-1-10", "name": "gate_error", "unit": "", "value": 0.0003127822164493907}, {"date": "2022-1-10", "name": "gate_length", "unit": "ns", "value": 35.55555555555556}], "name": "x3"}, {"qubits": [4], "gate": "x", "parameters": [{"date": "2022-1-10", "name": "gate_error", "unit": "", "value": 0.00021103239399614533}, {"date": "2022-1-10", "name": "gate_length", "unit": "ns", "value": 35.55555555555556}], "name": "x4"}, {"qubits": [4, 3], "gate": "cx", "parameters": [{"date": "2022-1-10", "name": "gate_error", "unit": "", "value": 0.009268277367455363}, {"date": "2022-1-7", "name": "gate_length", "unit": "ns", "value": 554.6666666666666}], "name": "cx4_3"}, {"qubits": [3, 4], "gate": "cx", "parameters": [{"date": "2022-1-10", "name": "gate_error", "unit": "", "value": 0.009268277367455363}, {"date": "2022-1-7", "name": "gate_length", "unit": "ns", "value": 590.2222222222222}], "name": "cx3_4"}, {"qubits": [3, 1], "gate": "cx", "parameters": [{"date": "2022-1-10", "name": "gate_error", "unit": "", "value": 0.007954758909889947}, {"date": "2022-1-7", "name": "gate_length", "unit": "ns", "value": 398.2222222222222}], "name": "cx3_1"}, {"qubits": [1, 3], "gate": "cx", "parameters": [{"date": "2022-1-10", "name": "gate_error", "unit": "", "value": 0.007954758909889947}, {"date": "2022-1-7", "name": "gate_length", "unit": "ns", "value": 433.77777777777777}], "name": "cx1_3"}, {"qubits": [2, 1], "gate": "cx", "parameters": [{"date": "2022-1-10", "name": "gate_error", "unit": "", "value": 0.006096254268638385}, {"date": "2022-1-7", "name": "gate_length", "unit": "ns", "value": 412.4444444444444}], "name": "cx2_1"}, {"qubits": [1, 2], "gate": "cx", "parameters": [{"date": "2022-1-10", "name": "gate_error", "unit": "", "value": 0.006096254268638385}, {"date": "2022-1-7", "name": "gate_length", "unit": "ns", "value": 448}], "name": "cx1_2"}, {"qubits": [1, 0], "gate": "cx", "parameters": [{"date": "2022-1-10", "name": "gate_error", "unit": "", "value": 0.016647017095758054}, {"date": "2022-1-7", "name": "gate_length", "unit": "ns", "value": 775.1111111111111}], "name": "cx1_0"}, {"qubits": [0, 1], "gate": "cx", "parameters": [{"date": "2022-1-10", "name": "gate_error", "unit": "", "value": 0.016647017095758054}, {"date": "2022-1-7", "name": "gate_length", "unit": "ns", "value": 810.6666666666666}], "name": "cx0_1"}, {"qubits": [0], "gate": "reset", "parameters": [{"date": "2022-1-10", "name": "gate_length", "unit": "ns", "value": 7342.222222222222}], "name": "reset0"}, {"qubits": [1], "gate": "reset", "parameters": [{"date": "2022-1-10", "name": "gate_length", "unit": "ns", "value": 7342.222222222222}], "name": "reset1"}, {"qubits": [2], "gate": "reset", "parameters": [{"date": "2022-1-10", "name": "gate_length", "unit": "ns", "value": 7342.222222222222}], "name": "reset2"}, {"qubits": [3], "gate": "reset", "parameters": [{"date": "2022-1-10", "name": "gate_length", "unit": "ns", "value": 7342.222222222222}], "name": "reset3"}, {"qubits": [4], "gate": "reset", "parameters": [{"date": "2022-1-10", "name": "gate_length", "unit": "ns", "value": 7342.222222222222}], "name": "reset4"}], "general": [{"date": "2022-1-10", "name": "jq_01", "unit": "GHz", "value": 0.0018736137364449847}, {"date": "2022-1-10", "name": "zz_01", "unit": "GHz", "value": -5.778719017046504e-05}, {"date": "2022-1-10", "name": "jq_12", "unit": "GHz", "value": 0.0020062596172337292}, {"date": "2022-1-10", "name": "zz_12", "unit": "GHz", "value": -5.607853601551941e-05}, {"date": "2022-1-10", "name": "jq_13", "unit": "GHz", "value": 0.0020039976609872224}, {"date": "2022-1-10", "name": "zz_13", "unit": "GHz", "value": -5.2854062688980254e-05}, {"date": "2022-1-10", "name": "jq_34", "unit": "GHz", "value": 0.0016737719182152912}, {"date": "2022-1-10", "name": "zz_34", "unit": "GHz", "value": -3.628419642815204e-05}]}