{"backend_name": "ibmq_belem", "backend_version": "1.0.30", "last_update_date": "2022-1-9", "qubits": [[{"date": "2022-1-9", "name": "T1", "unit": "us", "value": 96.86960954576925}, {"date": "2022-1-9", "name": "T2", "unit": "us", "value": 77.03442925208238}, {"date": "2022-1-9", "name": "frequency", "unit": "GHz", "value": 5.090219753172845}, {"date": "2022-1-9", "name": "anharmonicity", "unit": "GHz", "value": -0.33612300518216515}, {"date": "2022-1-9", "name": "readout_error", "unit": "", "value": 0.021600000000000064}, {"date": "2022-1-9", "name": "prob_meas0_prep1", "unit": "", "value": 0.032399999999999984}, {"date": "2022-1-9", "name": "prob_meas1_prep0", "unit": "", "value": 0.0108}, {"date": "2022-1-9", "name": "readout_length", "unit": "ns", "value": 5351.11111111111}], [{"date": "2022-1-8", "name": "T1", "unit": "us", "value": 104.12055762139678}, {"date": "2022-1-9", "name": "T2", "unit": "us", "value": 111.48548092971852}, {"date": "2022-1-9", "name": "frequency", "unit": "GHz", "value": 5.2455387411968575}, {"date": "2022-1-9", "name": "anharmonicity", "unit": "GHz", "value": -0.316572131412737}, {"date": "2022-1-9", "name": "readout_error", "unit": "", "value": 0.02070000000000005}, {"date": "2022-1-9", "name": "prob_meas0_prep1", "unit": "", "value": 0.03380000000000005}, {"date": "2022-1-9", "name": "prob_meas1_prep0", "unit": "", "value": 0.0076}, {"date": "2022-1-9", "name": "readout_length", "unit": "ns", "value": 5351.11111111111}], [{"date": "2022-1-9", "name": "T1", "unit": "us", "value": 104.98089833663428}, {"date": "2022-1-9", "name": "T2", "unit": "us", "value": 48.2386590629949}, {"date": "2022-1-9", "name": "frequency", "unit": "GHz", "value": 5.3614982708432235}, {"date": "2022-1-9", "name": "anharmonicity", "unit": "GHz", "value": -0.3306274884584928}, {"date": "2022-1-9", "name": "readout_error", "unit": "", "value": 0.025900000000000034}, {"date": "2022-1-9", "name": "prob_meas0_prep1", "unit": "", "value": 0.04159999999999997}, {"date": "2022-1-9", "name": "prob_meas1_prep0", "unit": "", "value": 0.0102}, {"date": "2022-1-9", "name": "readout_length", "unit": "ns", "value": 5351.11111111111}], [{"date": "2022-1-9", "name": "T1", "unit": "us", "value": 82.54636735404767}, {"date": "2022-1-9", "name": "T2", "unit": "us", "value": 117.2831968362964}, {"date": "2022-1-9", "name": "frequency", "unit": "GHz", "value": 5.170377181639459}, {"date": "2022-1-9", "name": "anharmonicity", "unit": "GHz", "value": -0.33373922611368106}, {"date": "2022-1-9", "name": "readout_error", "unit": "", "value": 0.02400000000000002}, {"date": "2022-1-9", "name": "prob_meas0_prep1", "unit": "", "value": 0.03859999999999997}, {"date": "2022-1-9", "name": "prob_meas1_prep0", "unit": "", "value": 0.0094}, {"date": "2022-1-9", "name": "readout_length", "unit": "ns", "value": 5351.11111111111}], [{"date": "2022-1-9", "name": "T1", "unit": "us", "value": 99.61347001691726}, {"date": "2022-1-9", "name": "T2", "unit": "us", "value": 139.74484430234972}, {"date": "2022-1-9", "name": "frequency", "unit": "GHz", "value": 5.258460269017798}, {"date": "2022-1-9", "name": "anharmonicity", "unit": "GHz", "value": -0.3313451432371279}, {"date": "2022-1-9", "name": "readout_error", "unit": "", "value": 0.019100000000000006}, {"date": "2022-1-9", "name": "prob_meas0_prep1", "unit": "", "value": 0.028800000000000048}, {"date": "2022-1-9", "name": "prob_meas1_prep0", "unit": "", "value": 0.0094}, {"date": "2022-1-9", "name": "readout_length", "unit": "ns", "value": 5351.11111111111}]], "gates": [{"qubits": [0], "gate": "id", "parameters": [{"date": "2022-1-9", "name": "gate_error", "unit": "", "value": 0.0002326630029202754}, {"date": "2022-1-9", "name": "gate_length", "unit": "ns", "value": 35.55555555555556}], "name": "id0"}, {"qubits": [1], "gate": "id", "parameters": [{"date": "2022-1-9", "name": "gate_error", "unit": "", "value": 0.0002456187760760539}, {"date": "2022-1-9", "name": "gate_length", "unit": "ns", "value": 35.55555555555556}], "name": "id1"}, {"qubits": [2], "gate": "id", "parameters": [{"date": "2022-1-9", "name": "gate_error", "unit": "", "value": 0.00030945069690495}, {"date": "2022-1-9", "name": "gate_length", "unit": "ns", "value": 35.55555555555556}], "name": "id2"}, {"qubits": [3], "gate": "id", "parameters": [{"date": "2022-1-9", "name": "gate_error", "unit": "", "value": 0.0002632027430993007}, {"date": "2022-1-9", "name": "gate_length", "unit": "ns", "value": 35.55555555555556}], "name": "id3"}, {"qubits": [4], "gate": "id", "parameters": [{"date": "2022-1-9", "name": "gate_error", "unit": "", "value": 0.00024169853716486225}, {"date": "2022-1-9", "name": "gate_length", "unit": "ns", "value": 35.55555555555556}], "name": "id4"}, {"qubits": [0], "gate": "rz", "parameters": [{"date": "2022-1-9", "name": "gate_error", "unit": "", "value": 0}, {"date": "2022-1-9", "name": "gate_length", "unit": "ns", "value": 0}], "name": "rz0"}, {"qubits": [1], "gate": "rz", "parameters": [{"date": "2022-1-9", "name": "gate_error", "unit": "", "value": 0}, {"date": "2022-1-9", "name": "gate_length", "unit": "ns", "value": 0}], "name": "rz1"}, {"qubits": [2], "gate": "rz", "parameters": [{"date": "2022-1-9", "name": "gate_error", "unit": "", "value": 0}, {"date": "2022-1-9", "name": "gate_length", "unit": "ns", "value": 0}], "name": "rz2"}, {"qubits": [3], "gate": "rz", "parameters": [{"date": "2022-1-9", "name": "gate_error", "unit": "", "value": 0}, {"date": "2022-1-9", "name": "gate_length", "unit": "ns", "value": 0}], "name": "rz3"}, {"qubits": [4], "gate": "rz", "parameters": [{"date": "2022-1-9", "name": "gate_error", "unit": "", "value": 0}, {"date": "2022-1-9", "name": "gate_length", "unit": "ns", "value": 0}], "name": "rz4"}, {"qubits": [0], "gate": "sx", "parameters": [{"date": "2022-1-9", "name": "gate_error", "unit": "", "value": 0.0002326630029202754}, {"date": "2022-1-9", "name": "gate_length", "unit": "ns", "value": 35.55555555555556}], "name": "sx0"}, {"qubits": [1], "gate": "sx", "parameters": [{"date": "2022-1-9", "name": "gate_error", "unit": "", "value": 0.0002456187760760539}, {"date": "2022-1-9", "name": "gate_length", "unit": "ns", "value": 35.55555555555556}], "name": "sx1"}, {"qubits": [2], "gate": "sx", "parameters": [{"date": "2022-1-9", "name": "gate_error", "unit": "", "value": 0.00030945069690495}, {"date": "2022-1-9", "name": "gate_length", "unit": "ns", "value": 35.55555555555556}], "name": "sx2"}, {"qubits": [3], "gate": "sx", "parameters": [{"date": "2022-1-9", "name": "gate_error", "unit": "", "value": 0.0002632027430993007}, {"date": "2022-1-9", "name": "gate_length", "unit": "ns", "value": 35.55555555555556}], "name": "sx3"}, {"qubits": [4], "gate": "sx", "parameters": [{"date": "2022-1-9", "name": "gate_error", "unit": "", "value": 0.00024169853716486225}, {"date": "2022-1-9", "name": "gate_length", "unit": "ns", "value": 35.55555555555556}], "name": "sx4"}, {"qubits": [0], "gate": "x", "parameters": [{"date": "2022-1-9", "name": "gate_error", "unit": "", "value": 0.0002326630029202754}, {"date": "2022-1-9", "name": "gate_length", "unit": "ns", "value": 35.55555555555556}], "name": "x0"}, {"qubits": [1], "gate": "x", "parameters": [{"date": "2022-1-9", "name": "gate_error", "unit": "", "value": 0.0002456187760760539}, {"date": "2022-1-9", "name": "gate_length", "unit": "ns", "value": 35.55555555555556}], "name": "x1"}, {"qubits": [2], "gate": "x", "parameters": [{"date": "2022-1-9", "name": "gate_error", "unit": "", "value": 0.00030945069690495}, {"date": "2022-1-9", "name": "gate_length", "unit": "ns", "value": 35.55555555555556}], "name": "x2"}, {"qubits": [3], "gate": "x", "parameters": [{"date": "2022-1-9", "name": "gate_error", "unit": "", "value": 0.0002632027430993007}, {"date": "2022-1-9", "name": "gate_length", "unit": "ns", "value": 35.55555555555556}], "name": "x3"}, {"qubits": [4], "gate": "x", "parameters": [{"date": "2022-1-9", "name": "gate_error", "unit": "", "value": 0.00024169853716486225}, {"date": "2022-1-9", "name": "gate_length", "unit": "ns", "value": 35.55555555555556}], "name": "x4"}, {"qubits": [4, 3], "gate": "cx", "parameters": [{"date": "2022-1-9", "name": "gate_error", "unit": "", "value": 0.009993580574470418}, {"date": "2022-1-6", "name": "gate_length", "unit": "ns", "value": 554.6666666666666}], "name": "cx4_3"}, {"qubits": [3, 4], "gate": "cx", "parameters": [{"date": "2022-1-9", "name": "gate_error", "unit": "", "value": 0.009993580574470418}, {"date": "2022-1-6", "name": "gate_length", "unit": "ns", "value": 590.2222222222222}], "name": "cx3_4"}, {"qubits": [3, 1], "gate": "cx", "parameters": [{"date": "2022-1-9", "name": "gate_error", "unit": "", "value": 0.008527159232569914}, {"date": "2022-1-6", "name": "gate_length", "unit": "ns", "value": 398.2222222222222}], "name": "cx3_1"}, {"qubits": [1, 3], "gate": "cx", "parameters": [{"date": "2022-1-9", "name": "gate_error", "unit": "", "value": 0.008527159232569914}, {"date": "2022-1-6", "name": "gate_length", "unit": "ns", "value": 433.77777777777777}], "name": "cx1_3"}, {"qubits": [2, 1], "gate": "cx", "parameters": [{"date": "2022-1-9", "name": "gate_error", "unit": "", "value": 0.007332456429385209}, {"date": "2022-1-6", "name": "gate_length", "unit": "ns", "value": 412.4444444444444}], "name": "cx2_1"}, {"qubits": [1, 2], "gate": "cx", "parameters": [{"date": "2022-1-9", "name": "gate_error", "unit": "", "value": 0.007332456429385209}, {"date": "2022-1-6", "name": "gate_length", "unit": "ns", "value": 448}], "name": "cx1_2"}, {"qubits": [1, 0], "gate": "cx", "parameters": [{"date": "2022-1-9", "name": "gate_error", "unit": "", "value": 0.01283712334951484}, {"date": "2022-1-6", "name": "gate_length", "unit": "ns", "value": 775.1111111111111}], "name": "cx1_0"}, {"qubits": [0, 1], "gate": "cx", "parameters": [{"date": "2022-1-9", "name": "gate_error", "unit": "", "value": 0.01283712334951484}, {"date": "2022-1-6", "name": "gate_length", "unit": "ns", "value": 810.6666666666666}], "name": "cx0_1"}, {"qubits": [0], "gate": "reset", "parameters": [{"date": "2022-1-9", "name": "gate_length", "unit": "ns", "value": 7342.222222222222}], "name": "reset0"}, {"qubits": [1], "gate": "reset", "parameters": [{"date": "2022-1-9", "name": "gate_length", "unit": "ns", "value": 7342.222222222222}], "name": "reset1"}, {"qubits": [2], "gate": "reset", "parameters": [{"date": "2022-1-9", "name": "gate_length", "unit": "ns", "value": 7342.222222222222}], "name": "reset2"}, {"qubits": [3], "gate": "reset", "parameters": [{"date": "2022-1-9", "name": "gate_length", "unit": "ns", "value": 7342.222222222222}], "name": "reset3"}, {"qubits": [4], "gate": "reset", "parameters": [{"date": "2022-1-9", "name": "gate_length", "unit": "ns", "value": 7342.222222222222}], "name": "reset4"}], "general": [{"date": "2022-1-9", "name": "jq_01", "unit": "GHz", "value": 0.0018736137364449847}, {"date": "2022-1-9", "name": "zz_01", "unit": "GHz", "value": -5.778719017046504e-05}, {"date": "2022-1-9", "name": "jq_12", "unit": "GHz", "value": 0.0020062596172337292}, {"date": "2022-1-9", "name": "zz_12", "unit": "GHz", "value": -5.607853601551941e-05}, {"date": "2022-1-9", "name": "jq_13", "unit": "GHz", "value": 0.0020039976609872224}, {"date": "2022-1-9", "name": "zz_13", "unit": "GHz", "value": -5.2854062688980254e-05}, {"date": "2022-1-9", "name": "jq_34", "unit": "GHz", "value": 0.0016737719182152912}, {"date": "2022-1-9", "name": "zz_34", "unit": "GHz", "value": -3.628419642815204e-05}]}