{"backend_name": "ibmq_belem", "backend_version": "1.0.30", "last_update_date": "2022-1-2", "qubits": [[{"date": "2022-1-2", "name": "T1", "unit": "us", "value": 101.1634503870834}, {"date": "2022-1-2", "name": "T2", "unit": "us", "value": 93.58059793808502}, {"date": "2022-1-2", "name": "frequency", "unit": "GHz", "value": 5.090227456273623}, {"date": "2022-1-2", "name": "anharmonicity", "unit": "GHz", "value": -0.33612300518216515}, {"date": "2022-1-2", "name": "readout_error", "unit": "", "value": 0.02279999999999993}, {"date": "2022-1-2", "name": "prob_meas0_prep1", "unit": "", "value": 0.035599999999999965}, {"date": "2022-1-2", "name": "prob_meas1_prep0", "unit": "", "value": 0.01}, {"date": "2022-1-2", "name": "readout_length", "unit": "ns", "value": 5351.11111111111}], [{"date": "2022-1-2", "name": "T1", "unit": "us", "value": 103.86640843407747}, {"date": "2022-1-2", "name": "T2", "unit": "us", "value": 126.81105185487492}, {"date": "2022-1-2", "name": "frequency", "unit": "GHz", "value": 5.2455668621503815}, {"date": "2022-1-2", "name": "anharmonicity", "unit": "GHz", "value": -0.316572131412737}, {"date": "2022-1-2", "name": "readout_error", "unit": "", "value": 0.025700000000000056}, {"date": "2022-1-2", "name": "prob_meas0_prep1", "unit": "", "value": 0.04159999999999997}, {"date": "2022-1-2", "name": "prob_meas1_prep0", "unit": "", "value": 0.0098}, {"date": "2022-1-2", "name": "readout_length", "unit": "ns", "value": 5351.11111111111}], [{"date": "2022-1-2", "name": "T1", "unit": "us", "value": 99.86172734167276}, {"date": "2022-1-2", "name": "T2", "unit": "us", "value": 73.16036046612477}, {"date": "2022-1-2", "name": "frequency", "unit": "GHz", "value": 5.361496748800172}, {"date": "2022-1-2", "name": "anharmonicity", "unit": "GHz", "value": -0.3306274884584928}, {"date": "2022-1-2", "name": "readout_error", "unit": "", "value": 0.021299999999999986}, {"date": "2022-1-2", "name": "prob_meas0_prep1", "unit": "", "value": 0.03059999999999996}, {"date": "2022-1-2", "name": "prob_meas1_prep0", "unit": "", "value": 0.012}, {"date": "2022-1-2", "name": "readout_length", "unit": "ns", "value": 5351.11111111111}], [{"date": "2022-1-2", "name": "T1", "unit": "us", "value": 76.18266644554905}, {"date": "2022-1-2", "name": "T2", "unit": "us", "value": 122.53074189114561}, {"date": "2022-1-2", "name": "frequency", "unit": "GHz", "value": 5.170378200414714}, {"date": "2022-1-2", "name": "anharmonicity", "unit": "GHz", "value": -0.33373922611368106}, {"date": "2022-1-2", "name": "readout_error", "unit": "", "value": 0.025599999999999956}, {"date": "2022-1-2", "name": "prob_meas0_prep1", "unit": "", "value": 0.04379999999999995}, {"date": "2022-1-2", "name": "prob_meas1_prep0", "unit": "", "value": 0.0074}, {"date": "2022-1-2", "name": "readout_length", "unit": "ns", "value": 5351.11111111111}], [{"date": "2022-1-2", "name": "T1", "unit": "us", "value": 77.74337226551228}, {"date": "2022-1-2", "name": "T2", "unit": "us", "value": 135.18076470666114}, {"date": "2022-1-2", "name": "frequency", "unit": "GHz", "value": 5.2584594606640565}, {"date": "2022-1-2", "name": "anharmonicity", "unit": "GHz", "value": -0.3313451432371279}, {"date": "2022-1-2", "name": "readout_error", "unit": "", "value": 0.01869999999999994}, {"date": "2022-1-2", "name": "prob_meas0_prep1", "unit": "", "value": 0.030000000000000027}, {"date": "2022-1-2", "name": "prob_meas1_prep0", "unit": "", "value": 0.0074}, {"date": "2022-1-2", "name": "readout_length", "unit": "ns", "value": 5351.11111111111}]], "gates": [{"qubits": [0], "gate": "id", "parameters": [{"date": "2022-1-2", "name": "gate_error", "unit": "", "value": 0.00021139276786094337}, {"date": "2022-1-2", "name": "gate_length", "unit": "ns", "value": 35.55555555555556}], "name": "id0"}, {"qubits": [1], "gate": "id", "parameters": [{"date": "2022-1-2", "name": "gate_error", "unit": "", "value": 0.0002626269546165449}, {"date": "2022-1-2", "name": "gate_length", "unit": "ns", "value": 35.55555555555556}], "name": "id1"}, {"qubits": [2], "gate": "id", "parameters": [{"date": "2022-1-2", "name": "gate_error", "unit": "", "value": 0.00027821698079021664}, {"date": "2022-1-2", "name": "gate_length", "unit": "ns", "value": 35.55555555555556}], "name": "id2"}, {"qubits": [3], "gate": "id", "parameters": [{"date": "2022-1-2", "name": "gate_error", "unit": "", "value": 0.0002948529306110212}, {"date": "2022-1-2", "name": "gate_length", "unit": "ns", "value": 35.55555555555556}], "name": "id3"}, {"qubits": [4], "gate": "id", "parameters": [{"date": "2022-1-2", "name": "gate_error", "unit": "", "value": 0.00020996593382272116}, {"date": "2022-1-2", "name": "gate_length", "unit": "ns", "value": 35.55555555555556}], "name": "id4"}, {"qubits": [0], "gate": "rz", "parameters": [{"date": "2022-1-2", "name": "gate_error", "unit": "", "value": 0}, {"date": "2022-1-2", "name": "gate_length", "unit": "ns", "value": 0}], "name": "rz0"}, {"qubits": [1], "gate": "rz", "parameters": [{"date": "2022-1-2", "name": "gate_error", "unit": "", "value": 0}, {"date": "2022-1-2", "name": "gate_length", "unit": "ns", "value": 0}], "name": "rz1"}, {"qubits": [2], "gate": "rz", "parameters": [{"date": "2022-1-2", "name": "gate_error", "unit": "", "value": 0}, {"date": "2022-1-2", "name": "gate_length", "unit": "ns", "value": 0}], "name": "rz2"}, {"qubits": [3], "gate": "rz", "parameters": [{"date": "2022-1-2", "name": "gate_error", "unit": "", "value": 0}, {"date": "2022-1-2", "name": "gate_length", "unit": "ns", "value": 0}], "name": "rz3"}, {"qubits": [4], "gate": "rz", "parameters": [{"date": "2022-1-2", "name": "gate_error", "unit": "", "value": 0}, {"date": "2022-1-2", "name": "gate_length", "unit": "ns", "value": 0}], "name": "rz4"}, {"qubits": [0], "gate": "sx", "parameters": [{"date": "2022-1-2", "name": "gate_error", "unit": "", "value": 0.00021139276786094337}, {"date": "2022-1-2", "name": "gate_length", "unit": "ns", "value": 35.55555555555556}], "name": "sx0"}, {"qubits": [1], "gate": "sx", "parameters": [{"date": "2022-1-2", "name": "gate_error", "unit": "", "value": 0.0002626269546165449}, {"date": "2022-1-2", "name": "gate_length", "unit": "ns", "value": 35.55555555555556}], "name": "sx1"}, {"qubits": [2], "gate": "sx", "parameters": [{"date": "2022-1-2", "name": "gate_error", "unit": "", "value": 0.00027821698079021664}, {"date": "2022-1-2", "name": "gate_length", "unit": "ns", "value": 35.55555555555556}], "name": "sx2"}, {"qubits": [3], "gate": "sx", "parameters": [{"date": "2022-1-2", "name": "gate_error", "unit": "", "value": 0.0002948529306110212}, {"date": "2022-1-2", "name": "gate_length", "unit": "ns", "value": 35.55555555555556}], "name": "sx3"}, {"qubits": [4], "gate": "sx", "parameters": [{"date": "2022-1-2", "name": "gate_error", "unit": "", "value": 0.00020996593382272116}, {"date": "2022-1-2", "name": "gate_length", "unit": "ns", "value": 35.55555555555556}], "name": "sx4"}, {"qubits": [0], "gate": "x", "parameters": [{"date": "2022-1-2", "name": "gate_error", "unit": "", "value": 0.00021139276786094337}, {"date": "2022-1-2", "name": "gate_length", "unit": "ns", "value": 35.55555555555556}], "name": "x0"}, {"qubits": [1], "gate": "x", "parameters": [{"date": "2022-1-2", "name": "gate_error", "unit": "", "value": 0.0002626269546165449}, {"date": "2022-1-2", "name": "gate_length", "unit": "ns", "value": 35.55555555555556}], "name": "x1"}, {"qubits": [2], "gate": "x", "parameters": [{"date": "2022-1-2", "name": "gate_error", "unit": "", "value": 0.00027821698079021664}, {"date": "2022-1-2", "name": "gate_length", "unit": "ns", "value": 35.55555555555556}], "name": "x2"}, {"qubits": [3], "gate": "x", "parameters": [{"date": "2022-1-2", "name": "gate_error", "unit": "", "value": 0.0002948529306110212}, {"date": "2022-1-2", "name": "gate_length", "unit": "ns", "value": 35.55555555555556}], "name": "x3"}, {"qubits": [4], "gate": "x", "parameters": [{"date": "2022-1-2", "name": "gate_error", "unit": "", "value": 0.00020996593382272116}, {"date": "2022-1-2", "name": "gate_length", "unit": "ns", "value": 35.55555555555556}], "name": "x4"}, {"qubits": [4, 3], "gate": "cx", "parameters": [{"date": "2022-1-2", "name": "gate_error", "unit": "", "value": 0.00813681070720268}, {"date": "2021-12-30", "name": "gate_length", "unit": "ns", "value": 554.6666666666666}], "name": "cx4_3"}, {"qubits": [3, 4], "gate": "cx", "parameters": [{"date": "2022-1-2", "name": "gate_error", "unit": "", "value": 0.00813681070720268}, {"date": "2021-12-30", "name": "gate_length", "unit": "ns", "value": 590.2222222222222}], "name": "cx3_4"}, {"qubits": [3, 1], "gate": "cx", "parameters": [{"date": "2022-1-2", "name": "gate_error", "unit": "", "value": 0.008791125627611307}, {"date": "2021-12-30", "name": "gate_length", "unit": "ns", "value": 398.2222222222222}], "name": "cx3_1"}, {"qubits": [1, 3], "gate": "cx", "parameters": [{"date": "2022-1-2", "name": "gate_error", "unit": "", "value": 0.008791125627611307}, {"date": "2021-12-30", "name": "gate_length", "unit": "ns", "value": 433.77777777777777}], "name": "cx1_3"}, {"qubits": [2, 1], "gate": "cx", "parameters": [{"date": "2022-1-2", "name": "gate_error", "unit": "", "value": 0.006211892209563474}, {"date": "2021-12-30", "name": "gate_length", "unit": "ns", "value": 412.4444444444444}], "name": "cx2_1"}, {"qubits": [1, 2], "gate": "cx", "parameters": [{"date": "2022-1-2", "name": "gate_error", "unit": "", "value": 0.006211892209563474}, {"date": "2021-12-30", "name": "gate_length", "unit": "ns", "value": 448}], "name": "cx1_2"}, {"qubits": [1, 0], "gate": "cx", "parameters": [{"date": "2022-1-2", "name": "gate_error", "unit": "", "value": 0.014978182955383668}, {"date": "2021-12-30", "name": "gate_length", "unit": "ns", "value": 775.1111111111111}], "name": "cx1_0"}, {"qubits": [0, 1], "gate": "cx", "parameters": [{"date": "2022-1-2", "name": "gate_error", "unit": "", "value": 0.014978182955383668}, {"date": "2021-12-30", "name": "gate_length", "unit": "ns", "value": 810.6666666666666}], "name": "cx0_1"}, {"qubits": [0], "gate": "reset", "parameters": [{"date": "2022-1-2", "name": "gate_length", "unit": "ns", "value": 7342.222222222222}], "name": "reset0"}, {"qubits": [1], "gate": "reset", "parameters": [{"date": "2022-1-2", "name": "gate_length", "unit": "ns", "value": 7342.222222222222}], "name": "reset1"}, {"qubits": [2], "gate": "reset", "parameters": [{"date": "2022-1-2", "name": "gate_length", "unit": "ns", "value": 7342.222222222222}], "name": "reset2"}, {"qubits": [3], "gate": "reset", "parameters": [{"date": "2022-1-2", "name": "gate_length", "unit": "ns", "value": 7342.222222222222}], "name": "reset3"}, {"qubits": [4], "gate": "reset", "parameters": [{"date": "2022-1-2", "name": "gate_length", "unit": "ns", "value": 7342.222222222222}], "name": "reset4"}], "general": [{"date": "2022-1-2", "name": "jq_01", "unit": "GHz", "value": 0.0018736137364449847}, {"date": "2022-1-2", "name": "zz_01", "unit": "GHz", "value": -5.778719017046504e-05}, {"date": "2022-1-2", "name": "jq_12", "unit": "GHz", "value": 0.0020062596172337292}, {"date": "2022-1-2", "name": "zz_12", "unit": "GHz", "value": -5.607853601551941e-05}, {"date": "2022-1-2", "name": "jq_13", "unit": "GHz", "value": 0.0020039976609872224}, {"date": "2022-1-2", "name": "zz_13", "unit": "GHz", "value": -5.2854062688980254e-05}, {"date": "2022-1-2", "name": "jq_34", "unit": "GHz", "value": 0.0016737719182152912}, {"date": "2022-1-2", "name": "zz_34", "unit": "GHz", "value": -3.628419642815204e-05}]}