{"backend_name": "ibmq_belem", "backend_version": "1.0.30", "last_update_date": "2022-1-4", "qubits": [[{"date": "2022-1-4", "name": "T1", "unit": "us", "value": 119.67798908565815}, {"date": "2022-1-4", "name": "T2", "unit": "us", "value": 96.1688482767955}, {"date": "2022-1-4", "name": "frequency", "unit": "GHz", "value": 5.0902243203483675}, {"date": "2022-1-4", "name": "anharmonicity", "unit": "GHz", "value": -0.33612300518216515}, {"date": "2022-1-4", "name": "readout_error", "unit": "", "value": 0.016899999999999915}, {"date": "2022-1-4", "name": "prob_meas0_prep1", "unit": "", "value": 0.025599999999999956}, {"date": "2022-1-4", "name": "prob_meas1_prep0", "unit": "", "value": 0.0082}, {"date": "2022-1-4", "name": "readout_length", "unit": "ns", "value": 5351.11111111111}], [{"date": "2022-1-4", "name": "T1", "unit": "us", "value": 85.36756414770814}, {"date": "2022-1-4", "name": "T2", "unit": "us", "value": 139.3533567270803}, {"date": "2022-1-4", "name": "frequency", "unit": "GHz", "value": 5.245568930573577}, {"date": "2022-1-4", "name": "anharmonicity", "unit": "GHz", "value": -0.316572131412737}, {"date": "2022-1-4", "name": "readout_error", "unit": "", "value": 0.022299999999999986}, {"date": "2022-1-4", "name": "prob_meas0_prep1", "unit": "", "value": 0.040200000000000014}, {"date": "2022-1-4", "name": "prob_meas1_prep0", "unit": "", "value": 0.0044}, {"date": "2022-1-4", "name": "readout_length", "unit": "ns", "value": 5351.11111111111}], [{"date": "2022-1-4", "name": "T1", "unit": "us", "value": 58.25158756400875}, {"date": "2022-1-4", "name": "T2", "unit": "us", "value": 46.57318916273688}, {"date": "2022-1-4", "name": "frequency", "unit": "GHz", "value": 5.361496116321562}, {"date": "2022-1-4", "name": "anharmonicity", "unit": "GHz", "value": -0.3306274884584928}, {"date": "2022-1-4", "name": "readout_error", "unit": "", "value": 0.05030000000000001}, {"date": "2022-1-4", "name": "prob_meas0_prep1", "unit": "", "value": 0.08079999999999998}, {"date": "2022-1-4", "name": "prob_meas1_prep0", "unit": "", "value": 0.0198}, {"date": "2022-1-4", "name": "readout_length", "unit": "ns", "value": 5351.11111111111}], [{"date": "2022-1-4", "name": "T1", "unit": "us", "value": 77.3670120698255}, {"date": "2022-1-4", "name": "T2", "unit": "us", "value": 118.34804498202301}, {"date": "2022-1-4", "name": "frequency", "unit": "GHz", "value": 5.170378313371334}, {"date": "2022-1-4", "name": "anharmonicity", "unit": "GHz", "value": -0.33373922611368106}, {"date": "2022-1-4", "name": "readout_error", "unit": "", "value": 0.038000000000000034}, {"date": "2022-1-4", "name": "prob_meas0_prep1", "unit": "", "value": 0.06120000000000003}, {"date": "2022-1-4", "name": "prob_meas1_prep0", "unit": "", "value": 0.0148}, {"date": "2022-1-4", "name": "readout_length", "unit": "ns", "value": 5351.11111111111}], [{"date": "2022-1-4", "name": "T1", "unit": "us", "value": 131.5217365342246}, {"date": "2022-1-4", "name": "T2", "unit": "us", "value": 198.75341823445973}, {"date": "2022-1-4", "name": "frequency", "unit": "GHz", "value": 5.258460053418696}, {"date": "2022-1-4", "name": "anharmonicity", "unit": "GHz", "value": -0.3313451432371279}, {"date": "2022-1-4", "name": "readout_error", "unit": "", "value": 0.020100000000000007}, {"date": "2022-1-4", "name": "prob_meas0_prep1", "unit": "", "value": 0.03380000000000005}, {"date": "2022-1-4", "name": "prob_meas1_prep0", "unit": "", "value": 0.0064}, {"date": "2022-1-4", "name": "readout_length", "unit": "ns", "value": 5351.11111111111}]], "gates": [{"qubits": [0], "gate": "id", "parameters": [{"date": "2022-1-4", "name": "gate_error", "unit": "", "value": 0.00021816010578332365}, {"date": "2022-1-4", "name": "gate_length", "unit": "ns", "value": 35.55555555555556}], "name": "id0"}, {"qubits": [1], "gate": "id", "parameters": [{"date": "2022-1-4", "name": "gate_error", "unit": "", "value": 0.00026118258256060977}, {"date": "2022-1-4", "name": "gate_length", "unit": "ns", "value": 35.55555555555556}], "name": "id1"}, {"qubits": [2], "gate": "id", "parameters": [{"date": "2022-1-4", "name": "gate_error", "unit": "", "value": 0.00041044935452433156}, {"date": "2022-1-4", "name": "gate_length", "unit": "ns", "value": 35.55555555555556}], "name": "id2"}, {"qubits": [3], "gate": "id", "parameters": [{"date": "2022-1-4", "name": "gate_error", "unit": "", "value": 0.00037527748857429504}, {"date": "2022-1-4", "name": "gate_length", "unit": "ns", "value": 35.55555555555556}], "name": "id3"}, {"qubits": [4], "gate": "id", "parameters": [{"date": "2022-1-4", "name": "gate_error", "unit": "", "value": 0.0002311802589676032}, {"date": "2022-1-4", "name": "gate_length", "unit": "ns", "value": 35.55555555555556}], "name": "id4"}, {"qubits": [0], "gate": "rz", "parameters": [{"date": "2022-1-4", "name": "gate_error", "unit": "", "value": 0}, {"date": "2022-1-4", "name": "gate_length", "unit": "ns", "value": 0}], "name": "rz0"}, {"qubits": [1], "gate": "rz", "parameters": [{"date": "2022-1-4", "name": "gate_error", "unit": "", "value": 0}, {"date": "2022-1-4", "name": "gate_length", "unit": "ns", "value": 0}], "name": "rz1"}, {"qubits": [2], "gate": "rz", "parameters": [{"date": "2022-1-4", "name": "gate_error", "unit": "", "value": 0}, {"date": "2022-1-4", "name": "gate_length", "unit": "ns", "value": 0}], "name": "rz2"}, {"qubits": [3], "gate": "rz", "parameters": [{"date": "2022-1-4", "name": "gate_error", "unit": "", "value": 0}, {"date": "2022-1-4", "name": "gate_length", "unit": "ns", "value": 0}], "name": "rz3"}, {"qubits": [4], "gate": "rz", "parameters": [{"date": "2022-1-4", "name": "gate_error", "unit": "", "value": 0}, {"date": "2022-1-4", "name": "gate_length", "unit": "ns", "value": 0}], "name": "rz4"}, {"qubits": [0], "gate": "sx", "parameters": [{"date": "2022-1-4", "name": "gate_error", "unit": "", "value": 0.00021816010578332365}, {"date": "2022-1-4", "name": "gate_length", "unit": "ns", "value": 35.55555555555556}], "name": "sx0"}, {"qubits": [1], "gate": "sx", "parameters": [{"date": "2022-1-4", "name": "gate_error", "unit": "", "value": 0.00026118258256060977}, {"date": "2022-1-4", "name": "gate_length", "unit": "ns", "value": 35.55555555555556}], "name": "sx1"}, {"qubits": [2], "gate": "sx", "parameters": [{"date": "2022-1-4", "name": "gate_error", "unit": "", "value": 0.00041044935452433156}, {"date": "2022-1-4", "name": "gate_length", "unit": "ns", "value": 35.55555555555556}], "name": "sx2"}, {"qubits": [3], "gate": "sx", "parameters": [{"date": "2022-1-4", "name": "gate_error", "unit": "", "value": 0.00037527748857429504}, {"date": "2022-1-4", "name": "gate_length", "unit": "ns", "value": 35.55555555555556}], "name": "sx3"}, {"qubits": [4], "gate": "sx", "parameters": [{"date": "2022-1-4", "name": "gate_error", "unit": "", "value": 0.0002311802589676032}, {"date": "2022-1-4", "name": "gate_length", "unit": "ns", "value": 35.55555555555556}], "name": "sx4"}, {"qubits": [0], "gate": "x", "parameters": [{"date": "2022-1-4", "name": "gate_error", "unit": "", "value": 0.00021816010578332365}, {"date": "2022-1-4", "name": "gate_length", "unit": "ns", "value": 35.55555555555556}], "name": "x0"}, {"qubits": [1], "gate": "x", "parameters": [{"date": "2022-1-4", "name": "gate_error", "unit": "", "value": 0.00026118258256060977}, {"date": "2022-1-4", "name": "gate_length", "unit": "ns", "value": 35.55555555555556}], "name": "x1"}, {"qubits": [2], "gate": "x", "parameters": [{"date": "2022-1-4", "name": "gate_error", "unit": "", "value": 0.00041044935452433156}, {"date": "2022-1-4", "name": "gate_length", "unit": "ns", "value": 35.55555555555556}], "name": "x2"}, {"qubits": [3], "gate": "x", "parameters": [{"date": "2022-1-4", "name": "gate_error", "unit": "", "value": 0.00037527748857429504}, {"date": "2022-1-4", "name": "gate_length", "unit": "ns", "value": 35.55555555555556}], "name": "x3"}, {"qubits": [4], "gate": "x", "parameters": [{"date": "2022-1-4", "name": "gate_error", "unit": "", "value": 0.0002311802589676032}, {"date": "2022-1-4", "name": "gate_length", "unit": "ns", "value": 35.55555555555556}], "name": "x4"}, {"qubits": [4, 3], "gate": "cx", "parameters": [{"date": "2022-1-4", "name": "gate_error", "unit": "", "value": 0.011533728937289323}, {"date": "2022-1-1", "name": "gate_length", "unit": "ns", "value": 554.6666666666666}], "name": "cx4_3"}, {"qubits": [3, 4], "gate": "cx", "parameters": [{"date": "2022-1-4", "name": "gate_error", "unit": "", "value": 0.011533728937289323}, {"date": "2022-1-1", "name": "gate_length", "unit": "ns", "value": 590.2222222222222}], "name": "cx3_4"}, {"qubits": [3, 1], "gate": "cx", "parameters": [{"date": "2022-1-4", "name": "gate_error", "unit": "", "value": 0.013212599185304819}, {"date": "2022-1-1", "name": "gate_length", "unit": "ns", "value": 398.2222222222222}], "name": "cx3_1"}, {"qubits": [1, 3], "gate": "cx", "parameters": [{"date": "2022-1-4", "name": "gate_error", "unit": "", "value": 0.013212599185304819}, {"date": "2022-1-1", "name": "gate_length", "unit": "ns", "value": 433.77777777777777}], "name": "cx1_3"}, {"qubits": [2, 1], "gate": "cx", "parameters": [{"date": "2022-1-4", "name": "gate_error", "unit": "", "value": 0.007894879683599865}, {"date": "2022-1-1", "name": "gate_length", "unit": "ns", "value": 412.4444444444444}], "name": "cx2_1"}, {"qubits": [1, 2], "gate": "cx", "parameters": [{"date": "2022-1-4", "name": "gate_error", "unit": "", "value": 0.007894879683599865}, {"date": "2022-1-1", "name": "gate_length", "unit": "ns", "value": 448}], "name": "cx1_2"}, {"qubits": [1, 0], "gate": "cx", "parameters": [{"date": "2022-1-4", "name": "gate_error", "unit": "", "value": 0.013128791488872082}, {"date": "2022-1-1", "name": "gate_length", "unit": "ns", "value": 775.1111111111111}], "name": "cx1_0"}, {"qubits": [0, 1], "gate": "cx", "parameters": [{"date": "2022-1-4", "name": "gate_error", "unit": "", "value": 0.013128791488872082}, {"date": "2022-1-1", "name": "gate_length", "unit": "ns", "value": 810.6666666666666}], "name": "cx0_1"}, {"qubits": [0], "gate": "reset", "parameters": [{"date": "2022-1-4", "name": "gate_length", "unit": "ns", "value": 7342.222222222222}], "name": "reset0"}, {"qubits": [1], "gate": "reset", "parameters": [{"date": "2022-1-4", "name": "gate_length", "unit": "ns", "value": 7342.222222222222}], "name": "reset1"}, {"qubits": [2], "gate": "reset", "parameters": [{"date": "2022-1-4", "name": "gate_length", "unit": "ns", "value": 7342.222222222222}], "name": "reset2"}, {"qubits": [3], "gate": "reset", "parameters": [{"date": "2022-1-4", "name": "gate_length", "unit": "ns", "value": 7342.222222222222}], "name": "reset3"}, {"qubits": [4], "gate": "reset", "parameters": [{"date": "2022-1-4", "name": "gate_length", "unit": "ns", "value": 7342.222222222222}], "name": "reset4"}], "general": [{"date": "2022-1-4", "name": "jq_01", "unit": "GHz", "value": 0.0018736137364449847}, {"date": "2022-1-4", "name": "zz_01", "unit": "GHz", "value": -5.778719017046504e-05}, {"date": "2022-1-4", "name": "jq_12", "unit": "GHz", "value": 0.0020062596172337292}, {"date": "2022-1-4", "name": "zz_12", "unit": "GHz", "value": -5.607853601551941e-05}, {"date": "2022-1-4", "name": "jq_13", "unit": "GHz", "value": 0.0020039976609872224}, {"date": "2022-1-4", "name": "zz_13", "unit": "GHz", "value": -5.2854062688980254e-05}, {"date": "2022-1-4", "name": "jq_34", "unit": "GHz", "value": 0.0016737719182152912}, {"date": "2022-1-4", "name": "zz_34", "unit": "GHz", "value": -3.628419642815204e-05}]}