{"backend_name": "ibmq_belem", "backend_version": "1.0.30", "last_update_date": "2022-1-3", "qubits": [[{"date": "2022-1-3", "name": "T1", "unit": "us", "value": 127.80079515295236}, {"date": "2022-1-3", "name": "T2", "unit": "us", "value": 81.10680196804284}, {"date": "2022-1-3", "name": "frequency", "unit": "GHz", "value": 5.09022456733865}, {"date": "2022-1-3", "name": "anharmonicity", "unit": "GHz", "value": -0.33612300518216515}, {"date": "2022-1-3", "name": "readout_error", "unit": "", "value": 0.01770000000000005}, {"date": "2022-1-3", "name": "prob_meas0_prep1", "unit": "", "value": 0.02639999999999998}, {"date": "2022-1-3", "name": "prob_meas1_prep0", "unit": "", "value": 0.009}, {"date": "2022-1-3", "name": "readout_length", "unit": "ns", "value": 5351.11111111111}], [{"date": "2022-1-3", "name": "T1", "unit": "us", "value": 94.18861675228213}, {"date": "2022-1-3", "name": "T2", "unit": "us", "value": 91.35335148482712}, {"date": "2022-1-3", "name": "frequency", "unit": "GHz", "value": 5.245573287307881}, {"date": "2022-1-3", "name": "anharmonicity", "unit": "GHz", "value": -0.316572131412737}, {"date": "2022-1-3", "name": "readout_error", "unit": "", "value": 0.017900000000000027}, {"date": "2022-1-3", "name": "prob_meas0_prep1", "unit": "", "value": 0.03059999999999996}, {"date": "2022-1-3", "name": "prob_meas1_prep0", "unit": "", "value": 0.0052}, {"date": "2022-1-3", "name": "readout_length", "unit": "ns", "value": 5351.11111111111}], [{"date": "2022-1-3", "name": "T1", "unit": "us", "value": 82.71146866755629}, {"date": "2022-1-3", "name": "T2", "unit": "us", "value": 53.457294937936645}, {"date": "2022-1-3", "name": "frequency", "unit": "GHz", "value": 5.361497937770565}, {"date": "2022-1-3", "name": "anharmonicity", "unit": "GHz", "value": -0.3306274884584928}, {"date": "2022-1-3", "name": "readout_error", "unit": "", "value": 0.04909999999999992}, {"date": "2022-1-3", "name": "prob_meas0_prep1", "unit": "", "value": 0.08199999999999996}, {"date": "2022-1-3", "name": "prob_meas1_prep0", "unit": "", "value": 0.0162}, {"date": "2022-1-3", "name": "readout_length", "unit": "ns", "value": 5351.11111111111}], [{"date": "2022-1-3", "name": "T1", "unit": "us", "value": 72.28687500459053}, {"date": "2022-1-3", "name": "T2", "unit": "us", "value": 118.33514971862716}, {"date": "2022-1-3", "name": "frequency", "unit": "GHz", "value": 5.170380702063155}, {"date": "2022-1-3", "name": "anharmonicity", "unit": "GHz", "value": -0.33373922611368106}, {"date": "2022-1-3", "name": "readout_error", "unit": "", "value": 0.02429999999999999}, {"date": "2022-1-3", "name": "prob_meas0_prep1", "unit": "", "value": 0.04259999999999997}, {"date": "2022-1-3", "name": "prob_meas1_prep0", "unit": "", "value": 0.006}, {"date": "2022-1-3", "name": "readout_length", "unit": "ns", "value": 5351.11111111111}], [{"date": "2022-1-3", "name": "T1", "unit": "us", "value": 105.67204311472426}, {"date": "2022-1-3", "name": "T2", "unit": "us", "value": 158.43621497628794}, {"date": "2022-1-3", "name": "frequency", "unit": "GHz", "value": 5.2584557935558385}, {"date": "2022-1-3", "name": "anharmonicity", "unit": "GHz", "value": -0.3313451432371279}, {"date": "2022-1-3", "name": "readout_error", "unit": "", "value": 0.019600000000000062}, {"date": "2022-1-3", "name": "prob_meas0_prep1", "unit": "", "value": 0.03300000000000003}, {"date": "2022-1-3", "name": "prob_meas1_prep0", "unit": "", "value": 0.0062}, {"date": "2022-1-3", "name": "readout_length", "unit": "ns", "value": 5351.11111111111}]], "gates": [{"qubits": [0], "gate": "id", "parameters": [{"date": "2022-1-3", "name": "gate_error", "unit": "", "value": 0.00018636460333332938}, {"date": "2022-1-3", "name": "gate_length", "unit": "ns", "value": 35.55555555555556}], "name": "id0"}, {"qubits": [1], "gate": "id", "parameters": [{"date": "2022-1-3", "name": "gate_error", "unit": "", "value": 0.0003133446811757773}, {"date": "2022-1-3", "name": "gate_length", "unit": "ns", "value": 35.55555555555556}], "name": "id1"}, {"qubits": [2], "gate": "id", "parameters": [{"date": "2022-1-3", "name": "gate_error", "unit": "", "value": 0.0003130366955910141}, {"date": "2022-1-3", "name": "gate_length", "unit": "ns", "value": 35.55555555555556}], "name": "id2"}, {"qubits": [3], "gate": "id", "parameters": [{"date": "2022-1-3", "name": "gate_error", "unit": "", "value": 0.00029984351708647487}, {"date": "2022-1-3", "name": "gate_length", "unit": "ns", "value": 35.55555555555556}], "name": "id3"}, {"qubits": [4], "gate": "id", "parameters": [{"date": "2022-1-3", "name": "gate_error", "unit": "", "value": 0.000191675844246429}, {"date": "2022-1-3", "name": "gate_length", "unit": "ns", "value": 35.55555555555556}], "name": "id4"}, {"qubits": [0], "gate": "rz", "parameters": [{"date": "2022-1-3", "name": "gate_error", "unit": "", "value": 0}, {"date": "2022-1-3", "name": "gate_length", "unit": "ns", "value": 0}], "name": "rz0"}, {"qubits": [1], "gate": "rz", "parameters": [{"date": "2022-1-3", "name": "gate_error", "unit": "", "value": 0}, {"date": "2022-1-3", "name": "gate_length", "unit": "ns", "value": 0}], "name": "rz1"}, {"qubits": [2], "gate": "rz", "parameters": [{"date": "2022-1-3", "name": "gate_error", "unit": "", "value": 0}, {"date": "2022-1-3", "name": "gate_length", "unit": "ns", "value": 0}], "name": "rz2"}, {"qubits": [3], "gate": "rz", "parameters": [{"date": "2022-1-3", "name": "gate_error", "unit": "", "value": 0}, {"date": "2022-1-3", "name": "gate_length", "unit": "ns", "value": 0}], "name": "rz3"}, {"qubits": [4], "gate": "rz", "parameters": [{"date": "2022-1-3", "name": "gate_error", "unit": "", "value": 0}, {"date": "2022-1-3", "name": "gate_length", "unit": "ns", "value": 0}], "name": "rz4"}, {"qubits": [0], "gate": "sx", "parameters": [{"date": "2022-1-3", "name": "gate_error", "unit": "", "value": 0.00018636460333332938}, {"date": "2022-1-3", "name": "gate_length", "unit": "ns", "value": 35.55555555555556}], "name": "sx0"}, {"qubits": [1], "gate": "sx", "parameters": [{"date": "2022-1-3", "name": "gate_error", "unit": "", "value": 0.0003133446811757773}, {"date": "2022-1-3", "name": "gate_length", "unit": "ns", "value": 35.55555555555556}], "name": "sx1"}, {"qubits": [2], "gate": "sx", "parameters": [{"date": "2022-1-3", "name": "gate_error", "unit": "", "value": 0.0003130366955910141}, {"date": "2022-1-3", "name": "gate_length", "unit": "ns", "value": 35.55555555555556}], "name": "sx2"}, {"qubits": [3], "gate": "sx", "parameters": [{"date": "2022-1-3", "name": "gate_error", "unit": "", "value": 0.00029984351708647487}, {"date": "2022-1-3", "name": "gate_length", "unit": "ns", "value": 35.55555555555556}], "name": "sx3"}, {"qubits": [4], "gate": "sx", "parameters": [{"date": "2022-1-3", "name": "gate_error", "unit": "", "value": 0.000191675844246429}, {"date": "2022-1-3", "name": "gate_length", "unit": "ns", "value": 35.55555555555556}], "name": "sx4"}, {"qubits": [0], "gate": "x", "parameters": [{"date": "2022-1-3", "name": "gate_error", "unit": "", "value": 0.00018636460333332938}, {"date": "2022-1-3", "name": "gate_length", "unit": "ns", "value": 35.55555555555556}], "name": "x0"}, {"qubits": [1], "gate": "x", "parameters": [{"date": "2022-1-3", "name": "gate_error", "unit": "", "value": 0.0003133446811757773}, {"date": "2022-1-3", "name": "gate_length", "unit": "ns", "value": 35.55555555555556}], "name": "x1"}, {"qubits": [2], "gate": "x", "parameters": [{"date": "2022-1-3", "name": "gate_error", "unit": "", "value": 0.0003130366955910141}, {"date": "2022-1-3", "name": "gate_length", "unit": "ns", "value": 35.55555555555556}], "name": "x2"}, {"qubits": [3], "gate": "x", "parameters": [{"date": "2022-1-3", "name": "gate_error", "unit": "", "value": 0.00029984351708647487}, {"date": "2022-1-3", "name": "gate_length", "unit": "ns", "value": 35.55555555555556}], "name": "x3"}, {"qubits": [4], "gate": "x", "parameters": [{"date": "2022-1-3", "name": "gate_error", "unit": "", "value": 0.000191675844246429}, {"date": "2022-1-3", "name": "gate_length", "unit": "ns", "value": 35.55555555555556}], "name": "x4"}, {"qubits": [4, 3], "gate": "cx", "parameters": [{"date": "2022-1-3", "name": "gate_error", "unit": "", "value": 0.008740624829304239}, {"date": "2021-12-31", "name": "gate_length", "unit": "ns", "value": 554.6666666666666}], "name": "cx4_3"}, {"qubits": [3, 4], "gate": "cx", "parameters": [{"date": "2022-1-3", "name": "gate_error", "unit": "", "value": 0.008740624829304239}, {"date": "2021-12-31", "name": "gate_length", "unit": "ns", "value": 590.2222222222222}], "name": "cx3_4"}, {"qubits": [3, 1], "gate": "cx", "parameters": [{"date": "2022-1-3", "name": "gate_error", "unit": "", "value": 0.008138852453938361}, {"date": "2021-12-31", "name": "gate_length", "unit": "ns", "value": 398.2222222222222}], "name": "cx3_1"}, {"qubits": [1, 3], "gate": "cx", "parameters": [{"date": "2022-1-3", "name": "gate_error", "unit": "", "value": 0.008138852453938361}, {"date": "2021-12-31", "name": "gate_length", "unit": "ns", "value": 433.77777777777777}], "name": "cx1_3"}, {"qubits": [2, 1], "gate": "cx", "parameters": [{"date": "2022-1-3", "name": "gate_error", "unit": "", "value": 0.006437185409292667}, {"date": "2021-12-31", "name": "gate_length", "unit": "ns", "value": 412.4444444444444}], "name": "cx2_1"}, {"qubits": [1, 2], "gate": "cx", "parameters": [{"date": "2022-1-3", "name": "gate_error", "unit": "", "value": 0.006437185409292667}, {"date": "2021-12-31", "name": "gate_length", "unit": "ns", "value": 448}], "name": "cx1_2"}, {"qubits": [1, 0], "gate": "cx", "parameters": [{"date": "2022-1-3", "name": "gate_error", "unit": "", "value": 0.02142969413681839}, {"date": "2021-12-31", "name": "gate_length", "unit": "ns", "value": 775.1111111111111}], "name": "cx1_0"}, {"qubits": [0, 1], "gate": "cx", "parameters": [{"date": "2022-1-3", "name": "gate_error", "unit": "", "value": 0.02142969413681839}, {"date": "2021-12-31", "name": "gate_length", "unit": "ns", "value": 810.6666666666666}], "name": "cx0_1"}, {"qubits": [0], "gate": "reset", "parameters": [{"date": "2022-1-3", "name": "gate_length", "unit": "ns", "value": 7342.222222222222}], "name": "reset0"}, {"qubits": [1], "gate": "reset", "parameters": [{"date": "2022-1-3", "name": "gate_length", "unit": "ns", "value": 7342.222222222222}], "name": "reset1"}, {"qubits": [2], "gate": "reset", "parameters": [{"date": "2022-1-3", "name": "gate_length", "unit": "ns", "value": 7342.222222222222}], "name": "reset2"}, {"qubits": [3], "gate": "reset", "parameters": [{"date": "2022-1-3", "name": "gate_length", "unit": "ns", "value": 7342.222222222222}], "name": "reset3"}, {"qubits": [4], "gate": "reset", "parameters": [{"date": "2022-1-3", "name": "gate_length", "unit": "ns", "value": 7342.222222222222}], "name": "reset4"}], "general": [{"date": "2022-1-3", "name": "jq_01", "unit": "GHz", "value": 0.0018736137364449847}, {"date": "2022-1-3", "name": "zz_01", "unit": "GHz", "value": -5.778719017046504e-05}, {"date": "2022-1-3", "name": "jq_12", "unit": "GHz", "value": 0.0020062596172337292}, {"date": "2022-1-3", "name": "zz_12", "unit": "GHz", "value": -5.607853601551941e-05}, {"date": "2022-1-3", "name": "jq_13", "unit": "GHz", "value": 0.0020039976609872224}, {"date": "2022-1-3", "name": "zz_13", "unit": "GHz", "value": -5.2854062688980254e-05}, {"date": "2022-1-3", "name": "jq_34", "unit": "GHz", "value": 0.0016737719182152912}, {"date": "2022-1-3", "name": "zz_34", "unit": "GHz", "value": -3.628419642815204e-05}]}