{"backend_name": "ibm_lagos", "backend_version": "1.0.14", "last_update_date": "2021-11-11", "qubits": [[{"date": "2021-11-11", "name": "T1", "unit": "us", "value": 134.53032845735441}, {"date": "2021-11-10", "name": "T2", "unit": "us", "value": 18.103180690555124}, {"date": "2021-11-11", "name": "frequency", "unit": "GHz", "value": 5.235199798690531}, {"date": "2021-11-11", "name": "anharmonicity", "unit": "GHz", "value": -0.33986713855915607}, {"date": "2021-11-10", "name": "readout_error", "unit": "", "value": 0.01750000000000007}, {"date": "2021-11-10", "name": "prob_meas0_prep1", "unit": "", "value": 0.0218}, {"date": "2021-11-10", "name": "prob_meas1_prep0", "unit": "", "value": 0.01319999999999999}, {"date": "2021-11-10", "name": "readout_length", "unit": "ns", "value": 704}], [{"date": "2021-11-11", "name": "T1", "unit": "us", "value": 148.85523851523175}, {"date": "2021-11-10", "name": "T2", "unit": "us", "value": 94.93854452583575}, {"date": "2021-11-11", "name": "frequency", "unit": "GHz", "value": 5.099580304704351}, {"date": "2021-11-11", "name": "anharmonicity", "unit": "GHz", "value": -0.3432484042938357}, {"date": "2021-11-10", "name": "readout_error", "unit": "", "value": 0.008099999999999996}, {"date": "2021-11-10", "name": "prob_meas0_prep1", "unit": "", "value": 0.0096}, {"date": "2021-11-10", "name": "prob_meas1_prep0", "unit": "", "value": 0.00660000000000005}, {"date": "2021-11-10", "name": "readout_length", "unit": "ns", "value": 704}], [{"date": "2021-11-11", "name": "T1", "unit": "us", "value": 97.47613223353554}, {"date": "2021-11-10", "name": "T2", "unit": "us", "value": 166.33674542811806}, {"date": "2021-11-11", "name": "frequency", "unit": "GHz", "value": 5.188311512468813}, {"date": "2021-11-11", "name": "anharmonicity", "unit": "GHz", "value": -0.3419316690031256}, {"date": "2021-11-10", "name": "readout_error", "unit": "", "value": 0.01100000000000001}, {"date": "2021-11-10", "name": "prob_meas0_prep1", "unit": "", "value": 0.0078}, {"date": "2021-11-10", "name": "prob_meas1_prep0", "unit": "", "value": 0.01419999999999999}, {"date": "2021-11-10", "name": "readout_length", "unit": "ns", "value": 704}], [{"date": "2021-11-11", "name": "T1", "unit": "us", "value": 98.902253145924}, {"date": "2021-11-10", "name": "T2", "unit": "us", "value": 72.04640386460298}, {"date": "2021-11-11", "name": "frequency", "unit": "GHz", "value": 4.987485090706634}, {"date": "2021-11-11", "name": "anharmonicity", "unit": "GHz", "value": -0.3452928861203798}, {"date": "2021-11-10", "name": "readout_error", "unit": "", "value": 0.019199999999999995}, {"date": "2021-11-10", "name": "prob_meas0_prep1", "unit": "", "value": 0.019}, {"date": "2021-11-10", "name": "prob_meas1_prep0", "unit": "", "value": 0.019399999999999973}, {"date": "2021-11-10", "name": "readout_length", "unit": "ns", "value": 704}], [{"date": "2021-11-11", "name": "T1", "unit": "us", "value": 114.86689309715726}, {"date": "2021-11-10", "name": "T2", "unit": "us", "value": 30.0527225719604}, {"date": "2021-11-11", "name": "frequency", "unit": "GHz", "value": 5.285388660905546}, {"date": "2021-11-11", "name": "anharmonicity", "unit": "GHz", "value": -0.3392342674107948}, {"date": "2021-11-10", "name": "readout_error", "unit": "", "value": 0.016000000000000014}, {"date": "2021-11-10", "name": "prob_meas0_prep1", "unit": "", "value": 0.015599999999999947}, {"date": "2021-11-10", "name": "prob_meas1_prep0", "unit": "", "value": 0.0164}, {"date": "2021-11-10", "name": "readout_length", "unit": "ns", "value": 704}], [{"date": "2021-11-11", "name": "T1", "unit": "us", "value": 107.44632893088522}, {"date": "2021-11-10", "name": "T2", "unit": "us", "value": 15.011876512617363}, {"date": "2021-11-11", "name": "frequency", "unit": "GHz", "value": 5.176179623965563}, {"date": "2021-11-11", "name": "anharmonicity", "unit": "GHz", "value": -0.34079297245074963}, {"date": "2021-11-10", "name": "readout_error", "unit": "", "value": 0.04390000000000005}, {"date": "2021-11-10", "name": "prob_meas0_prep1", "unit": "", "value": 0.0224}, {"date": "2021-11-10", "name": "prob_meas1_prep0", "unit": "", "value": 0.06540000000000001}, {"date": "2021-11-10", "name": "readout_length", "unit": "ns", "value": 704}], [{"date": "2021-11-11", "name": "T1", "unit": "us", "value": 129.7018646773431}, {"date": "2021-11-10", "name": "T2", "unit": "us", "value": 89.06217306576225}, {"date": "2021-11-11", "name": "frequency", "unit": "GHz", "value": 5.063925940127467}, {"date": "2021-11-11", "name": "anharmonicity", "unit": "GHz", "value": -0.34275836537159754}, {"date": "2021-11-10", "name": "readout_error", "unit": "", "value": 0.02200000000000002}, {"date": "2021-11-10", "name": "prob_meas0_prep1", "unit": "", "value": 0.031399999999999983}, {"date": "2021-11-10", "name": "prob_meas1_prep0", "unit": "", "value": 0.0126}, {"date": "2021-11-10", "name": "readout_length", "unit": "ns", "value": 704}]], "gates": [{"qubits": [0], "gate": "id", "parameters": [{"date": "2021-11-10", "name": "gate_error", "unit": "", "value": 0.0002749188578177103}, {"date": "2021-11-11", "name": "gate_length", "unit": "ns", "value": 35.55555555555556}], "name": "id0"}, {"qubits": [1], "gate": "id", "parameters": [{"date": "2021-11-10", "name": "gate_error", "unit": "", "value": 0.00018801821898022902}, {"date": "2021-11-11", "name": "gate_length", "unit": "ns", "value": 35.55555555555556}], "name": "id1"}, {"qubits": [2], "gate": "id", "parameters": [{"date": "2021-11-10", "name": "gate_error", "unit": "", "value": 0.0001547741703734582}, {"date": "2021-11-11", "name": "gate_length", "unit": "ns", "value": 35.55555555555556}], "name": "id2"}, {"qubits": [3], "gate": "id", "parameters": [{"date": "2021-11-10", "name": "gate_error", "unit": "", "value": 0.00029932145841214604}, {"date": "2021-11-11", "name": "gate_length", "unit": "ns", "value": 35.55555555555556}], "name": "id3"}, {"qubits": [4], "gate": "id", "parameters": [{"date": "2021-11-10", "name": "gate_error", "unit": "", "value": 0.00038108300873009526}, {"date": "2021-11-11", "name": "gate_length", "unit": "ns", "value": 35.55555555555556}], "name": "id4"}, {"qubits": [5], "gate": "id", "parameters": [{"date": "2021-11-10", "name": "gate_error", "unit": "", "value": 0.0011456570756188478}, {"date": "2021-11-11", "name": "gate_length", "unit": "ns", "value": 35.55555555555556}], "name": "id5"}, {"qubits": [6], "gate": "id", "parameters": [{"date": "2021-11-10", "name": "gate_error", "unit": "", "value": 0.0003466217995093564}, {"date": "2021-11-11", "name": "gate_length", "unit": "ns", "value": 35.55555555555556}], "name": "id6"}, {"qubits": [0], "gate": "rz", "parameters": [{"date": "2021-11-11", "name": "gate_error", "unit": "", "value": 0}, {"date": "2021-11-11", "name": "gate_length", "unit": "ns", "value": 0}], "name": "rz0"}, {"qubits": [1], "gate": "rz", "parameters": [{"date": "2021-11-11", "name": "gate_error", "unit": "", "value": 0}, {"date": "2021-11-11", "name": "gate_length", "unit": "ns", "value": 0}], "name": "rz1"}, {"qubits": [2], "gate": "rz", "parameters": [{"date": "2021-11-11", "name": "gate_error", "unit": "", "value": 0}, {"date": "2021-11-11", "name": "gate_length", "unit": "ns", "value": 0}], "name": "rz2"}, {"qubits": [3], "gate": "rz", "parameters": [{"date": "2021-11-11", "name": "gate_error", "unit": "", "value": 0}, {"date": "2021-11-11", "name": "gate_length", "unit": "ns", "value": 0}], "name": "rz3"}, {"qubits": [4], "gate": "rz", "parameters": [{"date": "2021-11-11", "name": "gate_error", "unit": "", "value": 0}, {"date": "2021-11-11", "name": "gate_length", "unit": "ns", "value": 0}], "name": "rz4"}, {"qubits": [5], "gate": "rz", "parameters": [{"date": "2021-11-11", "name": "gate_error", "unit": "", "value": 0}, {"date": "2021-11-11", "name": "gate_length", "unit": "ns", "value": 0}], "name": "rz5"}, {"qubits": [6], "gate": "rz", "parameters": [{"date": "2021-11-11", "name": "gate_error", "unit": "", "value": 0}, {"date": "2021-11-11", "name": "gate_length", "unit": "ns", "value": 0}], "name": "rz6"}, {"qubits": [0], "gate": "sx", "parameters": [{"date": "2021-11-10", "name": "gate_error", "unit": "", "value": 0.0002749188578177103}, {"date": "2021-11-11", "name": "gate_length", "unit": "ns", "value": 35.55555555555556}], "name": "sx0"}, {"qubits": [1], "gate": "sx", "parameters": [{"date": "2021-11-10", "name": "gate_error", "unit": "", "value": 0.00018801821898022902}, {"date": "2021-11-11", "name": "gate_length", "unit": "ns", "value": 35.55555555555556}], "name": "sx1"}, {"qubits": [2], "gate": "sx", "parameters": [{"date": "2021-11-10", "name": "gate_error", "unit": "", "value": 0.0001547741703734582}, {"date": "2021-11-11", "name": "gate_length", "unit": "ns", "value": 35.55555555555556}], "name": "sx2"}, {"qubits": [3], "gate": "sx", "parameters": [{"date": "2021-11-10", "name": "gate_error", "unit": "", "value": 0.00029932145841214604}, {"date": "2021-11-11", "name": "gate_length", "unit": "ns", "value": 35.55555555555556}], "name": "sx3"}, {"qubits": [4], "gate": "sx", "parameters": [{"date": "2021-11-10", "name": "gate_error", "unit": "", "value": 0.00038108300873009526}, {"date": "2021-11-11", "name": "gate_length", "unit": "ns", "value": 35.55555555555556}], "name": "sx4"}, {"qubits": [5], "gate": "sx", "parameters": [{"date": "2021-11-10", "name": "gate_error", "unit": "", "value": 0.0011456570756188478}, {"date": "2021-11-11", "name": "gate_length", "unit": "ns", "value": 35.55555555555556}], "name": "sx5"}, {"qubits": [6], "gate": "sx", "parameters": [{"date": "2021-11-10", "name": "gate_error", "unit": "", "value": 0.0003466217995093564}, {"date": "2021-11-11", "name": "gate_length", "unit": "ns", "value": 35.55555555555556}], "name": "sx6"}, {"qubits": [0], "gate": "x", "parameters": [{"date": "2021-11-10", "name": "gate_error", "unit": "", "value": 0.0002749188578177103}, {"date": "2021-11-11", "name": "gate_length", "unit": "ns", "value": 35.55555555555556}], "name": "x0"}, {"qubits": [1], "gate": "x", "parameters": [{"date": "2021-11-10", "name": "gate_error", "unit": "", "value": 0.00018801821898022902}, {"date": "2021-11-11", "name": "gate_length", "unit": "ns", "value": 35.55555555555556}], "name": "x1"}, {"qubits": [2], "gate": "x", "parameters": [{"date": "2021-11-10", "name": "gate_error", "unit": "", "value": 0.0001547741703734582}, {"date": "2021-11-11", "name": "gate_length", "unit": "ns", "value": 35.55555555555556}], "name": "x2"}, {"qubits": [3], "gate": "x", "parameters": [{"date": "2021-11-10", "name": "gate_error", "unit": "", "value": 0.00029932145841214604}, {"date": "2021-11-11", "name": "gate_length", "unit": "ns", "value": 35.55555555555556}], "name": "x3"}, {"qubits": [4], "gate": "x", "parameters": [{"date": "2021-11-10", "name": "gate_error", "unit": "", "value": 0.00038108300873009526}, {"date": "2021-11-11", "name": "gate_length", "unit": "ns", "value": 35.55555555555556}], "name": "x4"}, {"qubits": [5], "gate": "x", "parameters": [{"date": "2021-11-10", "name": "gate_error", "unit": "", "value": 0.0011456570756188478}, {"date": "2021-11-11", "name": "gate_length", "unit": "ns", "value": 35.55555555555556}], "name": "x5"}, {"qubits": [6], "gate": "x", "parameters": [{"date": "2021-11-10", "name": "gate_error", "unit": "", "value": 0.0003466217995093564}, {"date": "2021-11-11", "name": "gate_length", "unit": "ns", "value": 35.55555555555556}], "name": "x6"}, {"qubits": [5, 4], "gate": "cx", "parameters": [{"date": "2021-11-10", "name": "gate_error", "unit": "", "value": 0.013479733274676386}, {"date": "2021-11-8", "name": "gate_length", "unit": "ns", "value": 327.1111111111111}], "name": "cx5_4"}, {"qubits": [4, 5], "gate": "cx", "parameters": [{"date": "2021-11-10", "name": "gate_error", "unit": "", "value": 0.013479733274676386}, {"date": "2021-11-8", "name": "gate_length", "unit": "ns", "value": 362.66666666666663}], "name": "cx4_5"}, {"qubits": [3, 1], "gate": "cx", "parameters": [{"date": "2021-11-10", "name": "gate_error", "unit": "", "value": 0.005374115813901764}, {"date": "2021-11-8", "name": "gate_length", "unit": "ns", "value": 298.66666666666663}], "name": "cx3_1"}, {"qubits": [1, 3], "gate": "cx", "parameters": [{"date": "2021-11-10", "name": "gate_error", "unit": "", "value": 0.005374115813901764}, {"date": "2021-11-8", "name": "gate_length", "unit": "ns", "value": 334.22222222222223}], "name": "cx1_3"}, {"qubits": [5, 6], "gate": "cx", "parameters": [{"date": "2021-11-10", "name": "gate_error", "unit": "", "value": 0.015166161229193537}, {"date": "2021-11-8", "name": "gate_length", "unit": "ns", "value": 256}], "name": "cx5_6"}, {"qubits": [6, 5], "gate": "cx", "parameters": [{"date": "2021-11-10", "name": "gate_error", "unit": "", "value": 0.015166161229193537}, {"date": "2021-11-8", "name": "gate_length", "unit": "ns", "value": 291.55555555555554}], "name": "cx6_5"}, {"qubits": [5, 3], "gate": "cx", "parameters": [{"date": "2021-11-10", "name": "gate_error", "unit": "", "value": 0.022308231819358204}, {"date": "2021-11-8", "name": "gate_length", "unit": "ns", "value": 298.66666666666663}], "name": "cx5_3"}, {"qubits": [3, 5], "gate": "cx", "parameters": [{"date": "2021-11-10", "name": "gate_error", "unit": "", "value": 0.022308231819358204}, {"date": "2021-11-8", "name": "gate_length", "unit": "ns", "value": 334.22222222222223}], "name": "cx3_5"}, {"qubits": [2, 1], "gate": "cx", "parameters": [{"date": "2021-11-10", "name": "gate_error", "unit": "", "value": 0.0052110517439996895}, {"date": "2021-11-8", "name": "gate_length", "unit": "ns", "value": 291.55555555555554}], "name": "cx2_1"}, {"qubits": [1, 2], "gate": "cx", "parameters": [{"date": "2021-11-10", "name": "gate_error", "unit": "", "value": 0.0052110517439996895}, {"date": "2021-11-8", "name": "gate_length", "unit": "ns", "value": 327.1111111111111}], "name": "cx1_2"}, {"qubits": [0, 1], "gate": "cx", "parameters": [{"date": "2021-11-10", "name": "gate_error", "unit": "", "value": 0.007570704839752779}, {"date": "2021-11-8", "name": "gate_length", "unit": "ns", "value": 305.77777777777777}], "name": "cx0_1"}, {"qubits": [1, 0], "gate": "cx", "parameters": [{"date": "2021-11-10", "name": "gate_error", "unit": "", "value": 0.007570704839752779}, {"date": "2021-11-8", "name": "gate_length", "unit": "ns", "value": 341.3333333333333}], "name": "cx1_0"}, {"qubits": [0], "gate": "reset", "parameters": [{"date": "2021-11-11", "name": "gate_length", "unit": "ns", "value": 1002.6666666666666}], "name": "reset0"}, {"qubits": [1], "gate": "reset", "parameters": [{"date": "2021-11-11", "name": "gate_length", "unit": "ns", "value": 1002.6666666666666}], "name": "reset1"}, {"qubits": [2], "gate": "reset", "parameters": [{"date": "2021-11-11", "name": "gate_length", "unit": "ns", "value": 995.5555555555555}], "name": "reset2"}, {"qubits": [3], "gate": "reset", "parameters": [{"date": "2021-11-11", "name": "gate_length", "unit": "ns", "value": 988.4444444444443}], "name": "reset3"}, {"qubits": [4], "gate": "reset", "parameters": [{"date": "2021-11-11", "name": "gate_length", "unit": "ns", "value": 1002.6666666666666}], "name": "reset4"}, {"qubits": [5], "gate": "reset", "parameters": [{"date": "2021-11-11", "name": "gate_length", "unit": "ns", "value": 1002.6666666666666}], "name": "reset5"}, {"qubits": [6], "gate": "reset", "parameters": [{"date": "2021-11-11", "name": "gate_length", "unit": "ns", "value": 988.4444444444443}], "name": "reset6"}], "general": [{"date": "2021-11-11", "name": "jq_01", "unit": "GHz", "value": 0.0017239661070310697}, {"date": "2021-11-11", "name": "zz_01", "unit": "GHz", "value": -4.1551259389276154e-05}, {"date": "2021-11-11", "name": "jq_12", "unit": "GHz", "value": 0.003306427365570105}, {"date": "2021-11-11", "name": "zz_12", "unit": "GHz", "value": -0.00013691896518548322}, {"date": "2021-11-11", "name": "jq_45", "unit": "GHz", "value": 0.0033964931013144256}, {"date": "2021-11-11", "name": "zz_45", "unit": "GHz", "value": -0.00015134337521539932}, {"date": "2021-11-11", "name": "jq_56", "unit": "GHz", "value": 0.0032394441256406383}, {"date": "2021-11-11", "name": "zz_56", "unit": "GHz", "value": -0.0001381127844927418}, {"date": "2021-11-11", "name": "jq_13", "unit": "GHz", "value": 0.003219077603102807}, {"date": "2021-11-11", "name": "zz_13", "unit": "GHz", "value": -0.00013509145307819546}, {"date": "2021-11-11", "name": "jq_35", "unit": "GHz", "value": 0.0023455196332844842}, {"date": "2021-11-11", "name": "zz_35", "unit": "GHz", "value": -9.35336850076191e-05}]}