{"backend_name": "ibm_lagos", "backend_version": "1.0.3", "last_update_date": "2021-8-21", "qubits": [[{"date": "2021-8-21", "name": "T1", "unit": "us", "value": 93.95569897193988}, {"date": "2021-8-21", "name": "T2", "unit": "us", "value": 41.659362393772604}, {"date": "2021-8-21", "name": "frequency", "unit": "GHz", "value": 5.2352656179088575}, {"date": "2021-8-21", "name": "anharmonicity", "unit": "GHz", "value": -0.33986713855915607}, {"date": "2021-8-21", "name": "readout_error", "unit": "", "value": 0.010399999999999965}, {"date": "2021-8-21", "name": "prob_meas0_prep1", "unit": "", "value": 0.0124}, {"date": "2021-8-21", "name": "prob_meas1_prep0", "unit": "", "value": 0.008399999999999963}, {"date": "2021-8-21", "name": "readout_length", "unit": "ns", "value": 704}], [{"date": "2021-8-21", "name": "T1", "unit": "us", "value": 139.90977630176548}, {"date": "2021-8-21", "name": "T2", "unit": "us", "value": 86.38460872412024}, {"date": "2021-8-21", "name": "frequency", "unit": "GHz", "value": 5.099389098697416}, {"date": "2021-8-21", "name": "anharmonicity", "unit": "GHz", "value": -0.3432484042938357}, {"date": "2021-8-21", "name": "readout_error", "unit": "", "value": 0.007500000000000062}, {"date": "2021-8-21", "name": "prob_meas0_prep1", "unit": "", "value": 0.0096}, {"date": "2021-8-21", "name": "prob_meas1_prep0", "unit": "", "value": 0.00539999999999996}, {"date": "2021-8-21", "name": "readout_length", "unit": "ns", "value": 704}], [{"date": "2021-8-21", "name": "T1", "unit": "us", "value": 109.54779763061185}, {"date": "2021-8-21", "name": "T2", "unit": "us", "value": 77.56944341445248}, {"date": "2021-8-21", "name": "frequency", "unit": "GHz", "value": 5.187874708751141}, {"date": "2021-8-21", "name": "anharmonicity", "unit": "GHz", "value": -0.3419316690031256}, {"date": "2021-8-21", "name": "readout_error", "unit": "", "value": 0.010199999999999987}, {"date": "2021-8-21", "name": "prob_meas0_prep1", "unit": "", "value": 0.0096}, {"date": "2021-8-21", "name": "prob_meas1_prep0", "unit": "", "value": 0.010800000000000032}, {"date": "2021-8-21", "name": "readout_length", "unit": "ns", "value": 704}], [{"date": "2021-8-21", "name": "T1", "unit": "us", "value": 110.83802466336051}, {"date": "2021-8-21", "name": "T2", "unit": "us", "value": 103.90578062241664}, {"date": "2021-8-21", "name": "frequency", "unit": "GHz", "value": 4.98685366738874}, {"date": "2021-8-21", "name": "anharmonicity", "unit": "GHz", "value": -0.3452928861203798}, {"date": "2021-8-21", "name": "readout_error", "unit": "", "value": 0.005800000000000027}, {"date": "2021-8-21", "name": "prob_meas0_prep1", "unit": "", "value": 0.0076}, {"date": "2021-8-21", "name": "prob_meas1_prep0", "unit": "", "value": 0.0040000000000000036}, {"date": "2021-8-21", "name": "readout_length", "unit": "ns", "value": 704}], [{"date": "2021-8-21", "name": "T1", "unit": "us", "value": 92.69978376148099}, {"date": "2021-8-21", "name": "T2", "unit": "us", "value": 26.433000209535418}, {"date": "2021-8-21", "name": "frequency", "unit": "GHz", "value": 5.28534295997941}, {"date": "2021-8-21", "name": "anharmonicity", "unit": "GHz", "value": -0.3392342674107948}, {"date": "2021-8-21", "name": "readout_error", "unit": "", "value": 0.009300000000000086}, {"date": "2021-8-21", "name": "prob_meas0_prep1", "unit": "", "value": 0.00880000000000003}, {"date": "2021-8-21", "name": "prob_meas1_prep0", "unit": "", "value": 0.0098}, {"date": "2021-8-21", "name": "readout_length", "unit": "ns", "value": 704}], [{"date": "2021-8-21", "name": "T1", "unit": "us", "value": 118.99230560051885}, {"date": "2021-8-21", "name": "T2", "unit": "us", "value": 96.32898344560707}, {"date": "2021-8-21", "name": "frequency", "unit": "GHz", "value": 5.176862449871467}, {"date": "2021-8-21", "name": "anharmonicity", "unit": "GHz", "value": -0.34079297245074963}, {"date": "2021-8-21", "name": "readout_error", "unit": "", "value": 0.014000000000000012}, {"date": "2021-8-21", "name": "prob_meas0_prep1", "unit": "", "value": 0.0154}, {"date": "2021-8-21", "name": "prob_meas1_prep0", "unit": "", "value": 0.012599999999999945}, {"date": "2021-8-21", "name": "readout_length", "unit": "ns", "value": 704}], [{"date": "2021-8-21", "name": "T1", "unit": "us", "value": 166.29509273179593}, {"date": "2021-8-21", "name": "T2", "unit": "us", "value": 116.70833075871161}, {"date": "2021-8-21", "name": "frequency", "unit": "GHz", "value": 5.064043803422552}, {"date": "2021-8-21", "name": "anharmonicity", "unit": "GHz", "value": -0.34275836537159754}, {"date": "2021-8-21", "name": "readout_error", "unit": "", "value": 0.006399999999999961}, {"date": "2021-8-21", "name": "prob_meas0_prep1", "unit": "", "value": 0.0094}, {"date": "2021-8-21", "name": "prob_meas1_prep0", "unit": "", "value": 0.0033999999999999586}, {"date": "2021-8-21", "name": "readout_length", "unit": "ns", "value": 704}]], "gates": [{"qubits": [0], "gate": "id", "parameters": [{"date": "2021-8-21", "name": "gate_error", "unit": "", "value": 0.00022552684283201813}, {"date": "2021-8-21", "name": "gate_length", "unit": "ns", "value": 35.55555555555556}], "name": "id0"}, {"qubits": [1], "gate": "id", "parameters": [{"date": "2021-8-21", "name": "gate_error", "unit": "", "value": 0.0003627102172459422}, {"date": "2021-8-21", "name": "gate_length", "unit": "ns", "value": 35.55555555555556}], "name": "id1"}, {"qubits": [2], "gate": "id", "parameters": [{"date": "2021-8-21", "name": "gate_error", "unit": "", "value": 0.00017627190811242394}, {"date": "2021-8-21", "name": "gate_length", "unit": "ns", "value": 35.55555555555556}], "name": "id2"}, {"qubits": [3], "gate": "id", "parameters": [{"date": "2021-8-21", "name": "gate_error", "unit": "", "value": 0.00015613033565653155}, {"date": "2021-8-21", "name": "gate_length", "unit": "ns", "value": 35.55555555555556}], "name": "id3"}, {"qubits": [4], "gate": "id", "parameters": [{"date": "2021-8-21", "name": "gate_error", "unit": "", "value": 0.000368394786310675}, {"date": "2021-8-21", "name": "gate_length", "unit": "ns", "value": 35.55555555555556}], "name": "id4"}, {"qubits": [5], "gate": "id", "parameters": [{"date": "2021-8-21", "name": "gate_error", "unit": "", "value": 0.00018349699489068422}, {"date": "2021-8-21", "name": "gate_length", "unit": "ns", "value": 35.55555555555556}], "name": "id5"}, {"qubits": [6], "gate": "id", "parameters": [{"date": "2021-8-21", "name": "gate_error", "unit": "", "value": 0.00023135943162024832}, {"date": "2021-8-21", "name": "gate_length", "unit": "ns", "value": 35.55555555555556}], "name": "id6"}, {"qubits": [0], "gate": "rz", "parameters": [{"date": "2021-8-21", "name": "gate_error", "unit": "", "value": 0}, {"date": "2021-8-21", "name": "gate_length", "unit": "ns", "value": 0}], "name": "rz0"}, {"qubits": [1], "gate": "rz", "parameters": [{"date": "2021-8-21", "name": "gate_error", "unit": "", "value": 0}, {"date": "2021-8-21", "name": "gate_length", "unit": "ns", "value": 0}], "name": "rz1"}, {"qubits": [2], "gate": "rz", "parameters": [{"date": "2021-8-21", "name": "gate_error", "unit": "", "value": 0}, {"date": "2021-8-21", "name": "gate_length", "unit": "ns", "value": 0}], "name": "rz2"}, {"qubits": [3], "gate": "rz", "parameters": [{"date": "2021-8-21", "name": "gate_error", "unit": "", "value": 0}, {"date": "2021-8-21", "name": "gate_length", "unit": "ns", "value": 0}], "name": "rz3"}, {"qubits": [4], "gate": "rz", "parameters": [{"date": "2021-8-21", "name": "gate_error", "unit": "", "value": 0}, {"date": "2021-8-21", "name": "gate_length", "unit": "ns", "value": 0}], "name": "rz4"}, {"qubits": [5], "gate": "rz", "parameters": [{"date": "2021-8-21", "name": "gate_error", "unit": "", "value": 0}, {"date": "2021-8-21", "name": "gate_length", "unit": "ns", "value": 0}], "name": "rz5"}, {"qubits": [6], "gate": "rz", "parameters": [{"date": "2021-8-21", "name": "gate_error", "unit": "", "value": 0}, {"date": "2021-8-21", "name": "gate_length", "unit": "ns", "value": 0}], "name": "rz6"}, {"qubits": [0], "gate": "sx", "parameters": [{"date": "2021-8-21", "name": "gate_error", "unit": "", "value": 0.00022552684283201813}, {"date": "2021-8-21", "name": "gate_length", "unit": "ns", "value": 35.55555555555556}], "name": "sx0"}, {"qubits": [1], "gate": "sx", "parameters": [{"date": "2021-8-21", "name": "gate_error", "unit": "", "value": 0.0003627102172459422}, {"date": "2021-8-21", "name": "gate_length", "unit": "ns", "value": 35.55555555555556}], "name": "sx1"}, {"qubits": [2], "gate": "sx", "parameters": [{"date": "2021-8-21", "name": "gate_error", "unit": "", "value": 0.00017627190811242394}, {"date": "2021-8-21", "name": "gate_length", "unit": "ns", "value": 35.55555555555556}], "name": "sx2"}, {"qubits": [3], "gate": "sx", "parameters": [{"date": "2021-8-21", "name": "gate_error", "unit": "", "value": 0.00015613033565653155}, {"date": "2021-8-21", "name": "gate_length", "unit": "ns", "value": 35.55555555555556}], "name": "sx3"}, {"qubits": [4], "gate": "sx", "parameters": [{"date": "2021-8-21", "name": "gate_error", "unit": "", "value": 0.000368394786310675}, {"date": "2021-8-21", "name": "gate_length", "unit": "ns", "value": 35.55555555555556}], "name": "sx4"}, {"qubits": [5], "gate": "sx", "parameters": [{"date": "2021-8-21", "name": "gate_error", "unit": "", "value": 0.00018349699489068422}, {"date": "2021-8-21", "name": "gate_length", "unit": "ns", "value": 35.55555555555556}], "name": "sx5"}, {"qubits": [6], "gate": "sx", "parameters": [{"date": "2021-8-21", "name": "gate_error", "unit": "", "value": 0.00023135943162024832}, {"date": "2021-8-21", "name": "gate_length", "unit": "ns", "value": 35.55555555555556}], "name": "sx6"}, {"qubits": [0], "gate": "x", "parameters": [{"date": "2021-8-21", "name": "gate_error", "unit": "", "value": 0.00022552684283201813}, {"date": "2021-8-21", "name": "gate_length", "unit": "ns", "value": 35.55555555555556}], "name": "x0"}, {"qubits": [1], "gate": "x", "parameters": [{"date": "2021-8-21", "name": "gate_error", "unit": "", "value": 0.0003627102172459422}, {"date": "2021-8-21", "name": "gate_length", "unit": "ns", "value": 35.55555555555556}], "name": "x1"}, {"qubits": [2], "gate": "x", "parameters": [{"date": "2021-8-21", "name": "gate_error", "unit": "", "value": 0.00017627190811242394}, {"date": "2021-8-21", "name": "gate_length", "unit": "ns", "value": 35.55555555555556}], "name": "x2"}, {"qubits": [3], "gate": "x", "parameters": [{"date": "2021-8-21", "name": "gate_error", "unit": "", "value": 0.00015613033565653155}, {"date": "2021-8-21", "name": "gate_length", "unit": "ns", "value": 35.55555555555556}], "name": "x3"}, {"qubits": [4], "gate": "x", "parameters": [{"date": "2021-8-21", "name": "gate_error", "unit": "", "value": 0.000368394786310675}, {"date": "2021-8-21", "name": "gate_length", "unit": "ns", "value": 35.55555555555556}], "name": "x4"}, {"qubits": [5], "gate": "x", "parameters": [{"date": "2021-8-21", "name": "gate_error", "unit": "", "value": 0.00018349699489068422}, {"date": "2021-8-21", "name": "gate_length", "unit": "ns", "value": 35.55555555555556}], "name": "x5"}, {"qubits": [6], "gate": "x", "parameters": [{"date": "2021-8-21", "name": "gate_error", "unit": "", "value": 0.00023135943162024832}, {"date": "2021-8-21", "name": "gate_length", "unit": "ns", "value": 35.55555555555556}], "name": "x6"}, {"qubits": [5, 4], "gate": "cx", "parameters": [{"date": "2021-8-21", "name": "gate_error", "unit": "", "value": 0.007388769921800542}, {"date": "2021-8-18", "name": "gate_length", "unit": "ns", "value": 327.1111111111111}], "name": "cx5_4"}, {"qubits": [4, 5], "gate": "cx", "parameters": [{"date": "2021-8-21", "name": "gate_error", "unit": "", "value": 0.007388769921800542}, {"date": "2021-8-18", "name": "gate_length", "unit": "ns", "value": 362.66666666666663}], "name": "cx4_5"}, {"qubits": [3, 1], "gate": "cx", "parameters": [{"date": "2021-8-21", "name": "gate_error", "unit": "", "value": 0.007337937283649593}, {"date": "2021-8-18", "name": "gate_length", "unit": "ns", "value": 298.66666666666663}], "name": "cx3_1"}, {"qubits": [1, 3], "gate": "cx", "parameters": [{"date": "2021-8-21", "name": "gate_error", "unit": "", "value": 0.007337937283649593}, {"date": "2021-8-18", "name": "gate_length", "unit": "ns", "value": 334.22222222222223}], "name": "cx1_3"}, {"qubits": [5, 6], "gate": "cx", "parameters": [{"date": "2021-8-21", "name": "gate_error", "unit": "", "value": 0.004916795582447092}, {"date": "2021-8-18", "name": "gate_length", "unit": "ns", "value": 256}], "name": "cx5_6"}, {"qubits": [6, 5], "gate": "cx", "parameters": [{"date": "2021-8-21", "name": "gate_error", "unit": "", "value": 0.004916795582447092}, {"date": "2021-8-18", "name": "gate_length", "unit": "ns", "value": 291.55555555555554}], "name": "cx6_5"}, {"qubits": [5, 3], "gate": "cx", "parameters": [{"date": "2021-8-21", "name": "gate_error", "unit": "", "value": 0.005683009237818087}, {"date": "2021-8-18", "name": "gate_length", "unit": "ns", "value": 298.66666666666663}], "name": "cx5_3"}, {"qubits": [3, 5], "gate": "cx", "parameters": [{"date": "2021-8-21", "name": "gate_error", "unit": "", "value": 0.005683009237818087}, {"date": "2021-8-18", "name": "gate_length", "unit": "ns", "value": 334.22222222222223}], "name": "cx3_5"}, {"qubits": [2, 1], "gate": "cx", "parameters": [{"date": "2021-8-21", "name": "gate_error", "unit": "", "value": 0.006483338540887229}, {"date": "2021-8-18", "name": "gate_length", "unit": "ns", "value": 291.55555555555554}], "name": "cx2_1"}, {"qubits": [1, 2], "gate": "cx", "parameters": [{"date": "2021-8-21", "name": "gate_error", "unit": "", "value": 0.006483338540887229}, {"date": "2021-8-18", "name": "gate_length", "unit": "ns", "value": 327.1111111111111}], "name": "cx1_2"}, {"qubits": [0, 1], "gate": "cx", "parameters": [{"date": "2021-8-21", "name": "gate_error", "unit": "", "value": 0.008634673104491813}, {"date": "2021-8-18", "name": "gate_length", "unit": "ns", "value": 305.77777777777777}], "name": "cx0_1"}, {"qubits": [1, 0], "gate": "cx", "parameters": [{"date": "2021-8-21", "name": "gate_error", "unit": "", "value": 0.008634673104491813}, {"date": "2021-8-18", "name": "gate_length", "unit": "ns", "value": 341.3333333333333}], "name": "cx1_0"}, {"qubits": [0], "gate": "reset", "parameters": [{"date": "2021-8-21", "name": "gate_length", "unit": "ns", "value": 1002.6666666666666}], "name": "reset0"}, {"qubits": [1], "gate": "reset", "parameters": [{"date": "2021-8-21", "name": "gate_length", "unit": "ns", "value": 1002.6666666666666}], "name": "reset1"}, {"qubits": [2], "gate": "reset", "parameters": [{"date": "2021-8-21", "name": "gate_length", "unit": "ns", "value": 995.5555555555555}], "name": "reset2"}, {"qubits": [3], "gate": "reset", "parameters": [{"date": "2021-8-21", "name": "gate_length", "unit": "ns", "value": 988.4444444444443}], "name": "reset3"}, {"qubits": [4], "gate": "reset", "parameters": [{"date": "2021-8-21", "name": "gate_length", "unit": "ns", "value": 1002.6666666666666}], "name": "reset4"}, {"qubits": [5], "gate": "reset", "parameters": [{"date": "2021-8-21", "name": "gate_length", "unit": "ns", "value": 1002.6666666666666}], "name": "reset5"}, {"qubits": [6], "gate": "reset", "parameters": [{"date": "2021-8-21", "name": "gate_length", "unit": "ns", "value": 988.4444444444443}], "name": "reset6"}], "general": [{"date": "2021-8-21", "name": "jq_01", "unit": "GHz", "value": 0.0017239661070310697}, {"date": "2021-8-21", "name": "zz_01", "unit": "GHz", "value": -4.1551259389276154e-05}, {"date": "2021-8-21", "name": "jq_12", "unit": "GHz", "value": 0.003306427365570105}, {"date": "2021-8-21", "name": "zz_12", "unit": "GHz", "value": -0.00013691896518548322}, {"date": "2021-8-21", "name": "jq_45", "unit": "GHz", "value": 0.0033964931013144256}, {"date": "2021-8-21", "name": "zz_45", "unit": "GHz", "value": -0.00015134337521539932}, {"date": "2021-8-21", "name": "jq_56", "unit": "GHz", "value": 0.0032394441256406383}, {"date": "2021-8-21", "name": "zz_56", "unit": "GHz", "value": -0.0001381127844927418}, {"date": "2021-8-21", "name": "jq_13", "unit": "GHz", "value": 0.003219077603102807}, {"date": "2021-8-21", "name": "zz_13", "unit": "GHz", "value": -0.00013509145307819546}, {"date": "2021-8-21", "name": "jq_35", "unit": "GHz", "value": 0.0023455196332844842}, {"date": "2021-8-21", "name": "zz_35", "unit": "GHz", "value": -9.35336850076191e-05}]}