{"backend_name": "ibm_lagos", "backend_version": "1.0.4", "last_update_date": "2021-9-25", "qubits": [[{"date": "2021-9-25", "name": "T1", "unit": "us", "value": 80.82682394052192}, {"date": "2021-9-25", "name": "T2", "unit": "us", "value": 28.608250769287128}, {"date": "2021-9-25", "name": "frequency", "unit": "GHz", "value": 5.235403756041643}, {"date": "2021-9-25", "name": "anharmonicity", "unit": "GHz", "value": -0.33986713855915607}, {"date": "2021-9-25", "name": "readout_error", "unit": "", "value": 0.011800000000000033}, {"date": "2021-9-25", "name": "prob_meas0_prep1", "unit": "", "value": 0.0166}, {"date": "2021-9-25", "name": "prob_meas1_prep0", "unit": "", "value": 0.007000000000000006}, {"date": "2021-9-25", "name": "readout_length", "unit": "ns", "value": 704}], [{"date": "2021-9-25", "name": "T1", "unit": "us", "value": 93.81656020083994}, {"date": "2021-9-25", "name": "T2", "unit": "us", "value": 120.85142683722226}, {"date": "2021-9-25", "name": "frequency", "unit": "GHz", "value": 5.0994072475743355}, {"date": "2021-9-25", "name": "anharmonicity", "unit": "GHz", "value": -0.3432484042938357}, {"date": "2021-9-25", "name": "readout_error", "unit": "", "value": 0.01200000000000001}, {"date": "2021-9-25", "name": "prob_meas0_prep1", "unit": "", "value": 0.0164}, {"date": "2021-9-25", "name": "prob_meas1_prep0", "unit": "", "value": 0.007600000000000051}, {"date": "2021-9-25", "name": "readout_length", "unit": "ns", "value": 704}], [{"date": "2021-9-25", "name": "T1", "unit": "us", "value": 116.50462778056053}, {"date": "2021-9-25", "name": "T2", "unit": "us", "value": 131.86019233140675}, {"date": "2021-9-25", "name": "frequency", "unit": "GHz", "value": 5.18791778289777}, {"date": "2021-9-25", "name": "anharmonicity", "unit": "GHz", "value": -0.3419316690031256}, {"date": "2021-9-25", "name": "readout_error", "unit": "", "value": 0.005600000000000049}, {"date": "2021-9-25", "name": "prob_meas0_prep1", "unit": "", "value": 0.006}, {"date": "2021-9-25", "name": "prob_meas1_prep0", "unit": "", "value": 0.005199999999999982}, {"date": "2021-9-25", "name": "readout_length", "unit": "ns", "value": 704}], [{"date": "2021-9-25", "name": "T1", "unit": "us", "value": 130.05636190629912}, {"date": "2021-9-25", "name": "T2", "unit": "us", "value": 107.65864585623996}, {"date": "2021-9-25", "name": "frequency", "unit": "GHz", "value": 4.986865022161533}, {"date": "2021-9-25", "name": "anharmonicity", "unit": "GHz", "value": -0.3452928861203798}, {"date": "2021-9-25", "name": "readout_error", "unit": "", "value": 0.00550000000000006}, {"date": "2021-9-25", "name": "prob_meas0_prep1", "unit": "", "value": 0.0068}, {"date": "2021-9-25", "name": "prob_meas1_prep0", "unit": "", "value": 0.0041999999999999815}, {"date": "2021-9-25", "name": "readout_length", "unit": "ns", "value": 704}], [{"date": "2021-9-25", "name": "T1", "unit": "us", "value": 155.3914820085393}, {"date": "2021-9-25", "name": "T2", "unit": "us", "value": 28.922056308598997}, {"date": "2021-9-25", "name": "frequency", "unit": "GHz", "value": 5.285339782282939}, {"date": "2021-9-25", "name": "anharmonicity", "unit": "GHz", "value": -0.3392342674107948}, {"date": "2021-9-25", "name": "readout_error", "unit": "", "value": 0.009500000000000064}, {"date": "2021-9-25", "name": "prob_meas0_prep1", "unit": "", "value": 0.011399999999999966}, {"date": "2021-9-25", "name": "prob_meas1_prep0", "unit": "", "value": 0.0076}, {"date": "2021-9-25", "name": "readout_length", "unit": "ns", "value": 704}], [{"date": "2021-9-25", "name": "T1", "unit": "us", "value": 102.71560300686612}, {"date": "2021-9-25", "name": "T2", "unit": "us", "value": 54.36740338396448}, {"date": "2021-9-25", "name": "frequency", "unit": "GHz", "value": 5.176861144431577}, {"date": "2021-9-25", "name": "anharmonicity", "unit": "GHz", "value": -0.34079297245074963}, {"date": "2021-9-25", "name": "readout_error", "unit": "", "value": 0.011399999999999966}, {"date": "2021-9-25", "name": "prob_meas0_prep1", "unit": "", "value": 0.0134}, {"date": "2021-9-25", "name": "prob_meas1_prep0", "unit": "", "value": 0.009399999999999964}, {"date": "2021-9-25", "name": "readout_length", "unit": "ns", "value": 704}], [{"date": "2021-9-25", "name": "T1", "unit": "us", "value": 30.864735306011266}, {"date": "2021-9-25", "name": "T2", "unit": "us", "value": 113.66391375971017}, {"date": "2021-9-25", "name": "frequency", "unit": "GHz", "value": 5.0640794019620925}, {"date": "2021-9-25", "name": "anharmonicity", "unit": "GHz", "value": -0.34275836537159754}, {"date": "2021-9-25", "name": "readout_error", "unit": "", "value": 0.00550000000000006}, {"date": "2021-9-25", "name": "prob_meas0_prep1", "unit": "", "value": 0.0074}, {"date": "2021-9-25", "name": "prob_meas1_prep0", "unit": "", "value": 0.0036000000000000476}, {"date": "2021-9-25", "name": "readout_length", "unit": "ns", "value": 704}]], "gates": [{"qubits": [0], "gate": "id", "parameters": [{"date": "2021-9-25", "name": "gate_error", "unit": "", "value": 0.00030264789655694383}, {"date": "2021-9-25", "name": "gate_length", "unit": "ns", "value": 35.55555555555556}], "name": "id0"}, {"qubits": [1], "gate": "id", "parameters": [{"date": "2021-9-25", "name": "gate_error", "unit": "", "value": 0.0002292766810746864}, {"date": "2021-9-25", "name": "gate_length", "unit": "ns", "value": 35.55555555555556}], "name": "id1"}, {"qubits": [2], "gate": "id", "parameters": [{"date": "2021-9-25", "name": "gate_error", "unit": "", "value": 0.00014310574746580237}, {"date": "2021-9-25", "name": "gate_length", "unit": "ns", "value": 35.55555555555556}], "name": "id2"}, {"qubits": [3], "gate": "id", "parameters": [{"date": "2021-9-25", "name": "gate_error", "unit": "", "value": 0.00012080440124280793}, {"date": "2021-9-25", "name": "gate_length", "unit": "ns", "value": 35.55555555555556}], "name": "id3"}, {"qubits": [4], "gate": "id", "parameters": [{"date": "2021-9-25", "name": "gate_error", "unit": "", "value": 0.0001748636908479177}, {"date": "2021-9-25", "name": "gate_length", "unit": "ns", "value": 35.55555555555556}], "name": "id4"}, {"qubits": [5], "gate": "id", "parameters": [{"date": "2021-9-25", "name": "gate_error", "unit": "", "value": 0.0002207324251933088}, {"date": "2021-9-25", "name": "gate_length", "unit": "ns", "value": 35.55555555555556}], "name": "id5"}, {"qubits": [6], "gate": "id", "parameters": [{"date": "2021-9-25", "name": "gate_error", "unit": "", "value": 0.00018479923113163684}, {"date": "2021-9-25", "name": "gate_length", "unit": "ns", "value": 35.55555555555556}], "name": "id6"}, {"qubits": [0], "gate": "rz", "parameters": [{"date": "2021-9-25", "name": "gate_error", "unit": "", "value": 0}, {"date": "2021-9-25", "name": "gate_length", "unit": "ns", "value": 0}], "name": "rz0"}, {"qubits": [1], "gate": "rz", "parameters": [{"date": "2021-9-25", "name": "gate_error", "unit": "", "value": 0}, {"date": "2021-9-25", "name": "gate_length", "unit": "ns", "value": 0}], "name": "rz1"}, {"qubits": [2], "gate": "rz", "parameters": [{"date": "2021-9-25", "name": "gate_error", "unit": "", "value": 0}, {"date": "2021-9-25", "name": "gate_length", "unit": "ns", "value": 0}], "name": "rz2"}, {"qubits": [3], "gate": "rz", "parameters": [{"date": "2021-9-25", "name": "gate_error", "unit": "", "value": 0}, {"date": "2021-9-25", "name": "gate_length", "unit": "ns", "value": 0}], "name": "rz3"}, {"qubits": [4], "gate": "rz", "parameters": [{"date": "2021-9-25", "name": "gate_error", "unit": "", "value": 0}, {"date": "2021-9-25", "name": "gate_length", "unit": "ns", "value": 0}], "name": "rz4"}, {"qubits": [5], "gate": "rz", "parameters": [{"date": "2021-9-25", "name": "gate_error", "unit": "", "value": 0}, {"date": "2021-9-25", "name": "gate_length", "unit": "ns", "value": 0}], "name": "rz5"}, {"qubits": [6], "gate": "rz", "parameters": [{"date": "2021-9-25", "name": "gate_error", "unit": "", "value": 0}, {"date": "2021-9-25", "name": "gate_length", "unit": "ns", "value": 0}], "name": "rz6"}, {"qubits": [0], "gate": "sx", "parameters": [{"date": "2021-9-25", "name": "gate_error", "unit": "", "value": 0.00030264789655694383}, {"date": "2021-9-25", "name": "gate_length", "unit": "ns", "value": 35.55555555555556}], "name": "sx0"}, {"qubits": [1], "gate": "sx", "parameters": [{"date": "2021-9-25", "name": "gate_error", "unit": "", "value": 0.0002292766810746864}, {"date": "2021-9-25", "name": "gate_length", "unit": "ns", "value": 35.55555555555556}], "name": "sx1"}, {"qubits": [2], "gate": "sx", "parameters": [{"date": "2021-9-25", "name": "gate_error", "unit": "", "value": 0.00014310574746580237}, {"date": "2021-9-25", "name": "gate_length", "unit": "ns", "value": 35.55555555555556}], "name": "sx2"}, {"qubits": [3], "gate": "sx", "parameters": [{"date": "2021-9-25", "name": "gate_error", "unit": "", "value": 0.00012080440124280793}, {"date": "2021-9-25", "name": "gate_length", "unit": "ns", "value": 35.55555555555556}], "name": "sx3"}, {"qubits": [4], "gate": "sx", "parameters": [{"date": "2021-9-25", "name": "gate_error", "unit": "", "value": 0.0001748636908479177}, {"date": "2021-9-25", "name": "gate_length", "unit": "ns", "value": 35.55555555555556}], "name": "sx4"}, {"qubits": [5], "gate": "sx", "parameters": [{"date": "2021-9-25", "name": "gate_error", "unit": "", "value": 0.0002207324251933088}, {"date": "2021-9-25", "name": "gate_length", "unit": "ns", "value": 35.55555555555556}], "name": "sx5"}, {"qubits": [6], "gate": "sx", "parameters": [{"date": "2021-9-25", "name": "gate_error", "unit": "", "value": 0.00018479923113163684}, {"date": "2021-9-25", "name": "gate_length", "unit": "ns", "value": 35.55555555555556}], "name": "sx6"}, {"qubits": [0], "gate": "x", "parameters": [{"date": "2021-9-25", "name": "gate_error", "unit": "", "value": 0.00030264789655694383}, {"date": "2021-9-25", "name": "gate_length", "unit": "ns", "value": 35.55555555555556}], "name": "x0"}, {"qubits": [1], "gate": "x", "parameters": [{"date": "2021-9-25", "name": "gate_error", "unit": "", "value": 0.0002292766810746864}, {"date": "2021-9-25", "name": "gate_length", "unit": "ns", "value": 35.55555555555556}], "name": "x1"}, {"qubits": [2], "gate": "x", "parameters": [{"date": "2021-9-25", "name": "gate_error", "unit": "", "value": 0.00014310574746580237}, {"date": "2021-9-25", "name": "gate_length", "unit": "ns", "value": 35.55555555555556}], "name": "x2"}, {"qubits": [3], "gate": "x", "parameters": [{"date": "2021-9-25", "name": "gate_error", "unit": "", "value": 0.00012080440124280793}, {"date": "2021-9-25", "name": "gate_length", "unit": "ns", "value": 35.55555555555556}], "name": "x3"}, {"qubits": [4], "gate": "x", "parameters": [{"date": "2021-9-25", "name": "gate_error", "unit": "", "value": 0.0001748636908479177}, {"date": "2021-9-25", "name": "gate_length", "unit": "ns", "value": 35.55555555555556}], "name": "x4"}, {"qubits": [5], "gate": "x", "parameters": [{"date": "2021-9-25", "name": "gate_error", "unit": "", "value": 0.0002207324251933088}, {"date": "2021-9-25", "name": "gate_length", "unit": "ns", "value": 35.55555555555556}], "name": "x5"}, {"qubits": [6], "gate": "x", "parameters": [{"date": "2021-9-25", "name": "gate_error", "unit": "", "value": 0.00018479923113163684}, {"date": "2021-9-25", "name": "gate_length", "unit": "ns", "value": 35.55555555555556}], "name": "x6"}, {"qubits": [5, 4], "gate": "cx", "parameters": [{"date": "2021-9-25", "name": "gate_error", "unit": "", "value": 0.006415735559169633}, {"date": "2021-9-22", "name": "gate_length", "unit": "ns", "value": 327.1111111111111}], "name": "cx5_4"}, {"qubits": [4, 5], "gate": "cx", "parameters": [{"date": "2021-9-25", "name": "gate_error", "unit": "", "value": 0.006415735559169633}, {"date": "2021-9-22", "name": "gate_length", "unit": "ns", "value": 362.66666666666663}], "name": "cx4_5"}, {"qubits": [3, 1], "gate": "cx", "parameters": [{"date": "2021-9-25", "name": "gate_error", "unit": "", "value": 0.00524041634086142}, {"date": "2021-9-22", "name": "gate_length", "unit": "ns", "value": 298.66666666666663}], "name": "cx3_1"}, {"qubits": [1, 3], "gate": "cx", "parameters": [{"date": "2021-9-25", "name": "gate_error", "unit": "", "value": 0.00524041634086142}, {"date": "2021-9-22", "name": "gate_length", "unit": "ns", "value": 334.22222222222223}], "name": "cx1_3"}, {"qubits": [5, 6], "gate": "cx", "parameters": [{"date": "2021-9-25", "name": "gate_error", "unit": "", "value": 0.004948764834787511}, {"date": "2021-9-22", "name": "gate_length", "unit": "ns", "value": 256}], "name": "cx5_6"}, {"qubits": [6, 5], "gate": "cx", "parameters": [{"date": "2021-9-25", "name": "gate_error", "unit": "", "value": 0.004948764834787511}, {"date": "2021-9-22", "name": "gate_length", "unit": "ns", "value": 291.55555555555554}], "name": "cx6_5"}, {"qubits": [5, 3], "gate": "cx", "parameters": [{"date": "2021-9-25", "name": "gate_error", "unit": "", "value": 0.004872749666147924}, {"date": "2021-9-22", "name": "gate_length", "unit": "ns", "value": 298.66666666666663}], "name": "cx5_3"}, {"qubits": [3, 5], "gate": "cx", "parameters": [{"date": "2021-9-25", "name": "gate_error", "unit": "", "value": 0.004872749666147924}, {"date": "2021-9-22", "name": "gate_length", "unit": "ns", "value": 334.22222222222223}], "name": "cx3_5"}, {"qubits": [2, 1], "gate": "cx", "parameters": [{"date": "2021-9-25", "name": "gate_error", "unit": "", "value": 0.0048709153979553665}, {"date": "2021-9-22", "name": "gate_length", "unit": "ns", "value": 291.55555555555554}], "name": "cx2_1"}, {"qubits": [1, 2], "gate": "cx", "parameters": [{"date": "2021-9-25", "name": "gate_error", "unit": "", "value": 0.0048709153979553665}, {"date": "2021-9-22", "name": "gate_length", "unit": "ns", "value": 327.1111111111111}], "name": "cx1_2"}, {"qubits": [0, 1], "gate": "cx", "parameters": [{"date": "2021-9-25", "name": "gate_error", "unit": "", "value": 0.008271907400707268}, {"date": "2021-9-22", "name": "gate_length", "unit": "ns", "value": 305.77777777777777}], "name": "cx0_1"}, {"qubits": [1, 0], "gate": "cx", "parameters": [{"date": "2021-9-25", "name": "gate_error", "unit": "", "value": 0.008271907400707268}, {"date": "2021-9-22", "name": "gate_length", "unit": "ns", "value": 341.3333333333333}], "name": "cx1_0"}, {"qubits": [0], "gate": "reset", "parameters": [{"date": "2021-9-25", "name": "gate_length", "unit": "ns", "value": 1002.6666666666666}], "name": "reset0"}, {"qubits": [1], "gate": "reset", "parameters": [{"date": "2021-9-25", "name": "gate_length", "unit": "ns", "value": 1002.6666666666666}], "name": "reset1"}, {"qubits": [2], "gate": "reset", "parameters": [{"date": "2021-9-25", "name": "gate_length", "unit": "ns", "value": 995.5555555555555}], "name": "reset2"}, {"qubits": [3], "gate": "reset", "parameters": [{"date": "2021-9-25", "name": "gate_length", "unit": "ns", "value": 988.4444444444443}], "name": "reset3"}, {"qubits": [4], "gate": "reset", "parameters": [{"date": "2021-9-25", "name": "gate_length", "unit": "ns", "value": 1002.6666666666666}], "name": "reset4"}, {"qubits": [5], "gate": "reset", "parameters": [{"date": "2021-9-25", "name": "gate_length", "unit": "ns", "value": 1002.6666666666666}], "name": "reset5"}, {"qubits": [6], "gate": "reset", "parameters": [{"date": "2021-9-25", "name": "gate_length", "unit": "ns", "value": 988.4444444444443}], "name": "reset6"}], "general": [{"date": "2021-9-25", "name": "jq_01", "unit": "GHz", "value": 0.0017239661070310697}, {"date": "2021-9-25", "name": "zz_01", "unit": "GHz", "value": -4.1551259389276154e-05}, {"date": "2021-9-25", "name": "jq_12", "unit": "GHz", "value": 0.003306427365570105}, {"date": "2021-9-25", "name": "zz_12", "unit": "GHz", "value": -0.00013691896518548322}, {"date": "2021-9-25", "name": "jq_45", "unit": "GHz", "value": 0.0033964931013144256}, {"date": "2021-9-25", "name": "zz_45", "unit": "GHz", "value": -0.00015134337521539932}, {"date": "2021-9-25", "name": "jq_56", "unit": "GHz", "value": 0.0032394441256406383}, {"date": "2021-9-25", "name": "zz_56", "unit": "GHz", "value": -0.0001381127844927418}, {"date": "2021-9-25", "name": "jq_13", "unit": "GHz", "value": 0.003219077603102807}, {"date": "2021-9-25", "name": "zz_13", "unit": "GHz", "value": -0.00013509145307819546}, {"date": "2021-9-25", "name": "jq_35", "unit": "GHz", "value": 0.0023455196332844842}, {"date": "2021-9-25", "name": "zz_35", "unit": "GHz", "value": -9.35336850076191e-05}]}