{"backend_name": "ibm_lagos", "backend_version": "1.0.6", "last_update_date": "2021-10-7", "qubits": [[{"date": "2021-10-7", "name": "T1", "unit": "us", "value": 142.68385839374213}, {"date": "2021-10-7", "name": "T2", "unit": "us", "value": 31.72196418070473}, {"date": "2021-10-7", "name": "frequency", "unit": "GHz", "value": 5.235489070378286}, {"date": "2021-10-7", "name": "anharmonicity", "unit": "GHz", "value": -0.33986713855915607}, {"date": "2021-10-7", "name": "readout_error", "unit": "", "value": 0.006299999999999972}, {"date": "2021-10-7", "name": "prob_meas0_prep1", "unit": "", "value": 0.0074}, {"date": "2021-10-7", "name": "prob_meas1_prep0", "unit": "", "value": 0.005199999999999982}, {"date": "2021-10-7", "name": "readout_length", "unit": "ns", "value": 704}], [{"date": "2021-10-7", "name": "T1", "unit": "us", "value": 51.66434424770505}, {"date": "2021-10-7", "name": "T2", "unit": "us", "value": 68.41103815448211}, {"date": "2021-10-7", "name": "frequency", "unit": "GHz", "value": 5.099422144888141}, {"date": "2021-10-7", "name": "anharmonicity", "unit": "GHz", "value": -0.3432484042938357}, {"date": "2021-10-7", "name": "readout_error", "unit": "", "value": 0.011299999999999977}, {"date": "2021-10-7", "name": "prob_meas0_prep1", "unit": "", "value": 0.0162}, {"date": "2021-10-7", "name": "prob_meas1_prep0", "unit": "", "value": 0.006399999999999961}, {"date": "2021-10-7", "name": "readout_length", "unit": "ns", "value": 704}], [{"date": "2021-10-7", "name": "T1", "unit": "us", "value": 100.7494685141682}, {"date": "2021-10-7", "name": "T2", "unit": "us", "value": 94.04430765813149}, {"date": "2021-10-7", "name": "frequency", "unit": "GHz", "value": 5.18791140412804}, {"date": "2021-10-7", "name": "anharmonicity", "unit": "GHz", "value": -0.3419316690031256}, {"date": "2021-10-7", "name": "readout_error", "unit": "", "value": 0.0048000000000000265}, {"date": "2021-10-7", "name": "prob_meas0_prep1", "unit": "", "value": 0.0058}, {"date": "2021-10-7", "name": "prob_meas1_prep0", "unit": "", "value": 0.0038000000000000256}, {"date": "2021-10-7", "name": "readout_length", "unit": "ns", "value": 704}], [{"date": "2021-10-7", "name": "T1", "unit": "us", "value": 152.88360129055974}, {"date": "2021-10-7", "name": "T2", "unit": "us", "value": 134.24898152084666}, {"date": "2021-10-7", "name": "frequency", "unit": "GHz", "value": 4.986890461538089}, {"date": "2021-10-7", "name": "anharmonicity", "unit": "GHz", "value": -0.3452928861203798}, {"date": "2021-10-7", "name": "readout_error", "unit": "", "value": 0.047599999999999976}, {"date": "2021-10-7", "name": "prob_meas0_prep1", "unit": "", "value": 0.0698}, {"date": "2021-10-7", "name": "prob_meas1_prep0", "unit": "", "value": 0.025399999999999978}, {"date": "2021-10-7", "name": "readout_length", "unit": "ns", "value": 704}], [{"date": "2021-10-7", "name": "T1", "unit": "us", "value": 134.11684466427033}, {"date": "2021-10-7", "name": "T2", "unit": "us", "value": 29.287083061140258}, {"date": "2021-10-7", "name": "frequency", "unit": "GHz", "value": 5.285342561705643}, {"date": "2021-10-7", "name": "anharmonicity", "unit": "GHz", "value": -0.3392342674107948}, {"date": "2021-10-7", "name": "readout_error", "unit": "", "value": 0.008799999999999919}, {"date": "2021-10-7", "name": "prob_meas0_prep1", "unit": "", "value": 0.008399999999999963}, {"date": "2021-10-7", "name": "prob_meas1_prep0", "unit": "", "value": 0.0092}, {"date": "2021-10-7", "name": "readout_length", "unit": "ns", "value": 704}], [{"date": "2021-10-7", "name": "T1", "unit": "us", "value": 170.4979236650343}, {"date": "2021-10-7", "name": "T2", "unit": "us", "value": 73.97520138987416}, {"date": "2021-10-7", "name": "frequency", "unit": "GHz", "value": 5.176861621732959}, {"date": "2021-10-7", "name": "anharmonicity", "unit": "GHz", "value": -0.34079297245074963}, {"date": "2021-10-7", "name": "readout_error", "unit": "", "value": 0.0354000000000001}, {"date": "2021-10-7", "name": "prob_meas0_prep1", "unit": "", "value": 0.0218}, {"date": "2021-10-7", "name": "prob_meas1_prep0", "unit": "", "value": 0.049000000000000044}, {"date": "2021-10-7", "name": "readout_length", "unit": "ns", "value": 704}], [{"date": "2021-10-7", "name": "T1", "unit": "us", "value": 90.85310157560107}, {"date": "2021-10-7", "name": "T2", "unit": "us", "value": 118.64757428736988}, {"date": "2021-10-7", "name": "frequency", "unit": "GHz", "value": 5.06409528377569}, {"date": "2021-10-7", "name": "anharmonicity", "unit": "GHz", "value": -0.34275836537159754}, {"date": "2021-10-7", "name": "readout_error", "unit": "", "value": 0.00649999999999995}, {"date": "2021-10-7", "name": "prob_meas0_prep1", "unit": "", "value": 0.007}, {"date": "2021-10-7", "name": "prob_meas1_prep0", "unit": "", "value": 0.006000000000000005}, {"date": "2021-10-7", "name": "readout_length", "unit": "ns", "value": 704}]], "gates": [{"qubits": [0], "gate": "id", "parameters": [{"date": "2021-10-7", "name": "gate_error", "unit": "", "value": 0.0002074238368942401}, {"date": "2021-10-7", "name": "gate_length", "unit": "ns", "value": 35.55555555555556}], "name": "id0"}, {"qubits": [1], "gate": "id", "parameters": [{"date": "2021-10-7", "name": "gate_error", "unit": "", "value": 0.0004785396497523194}, {"date": "2021-10-7", "name": "gate_length", "unit": "ns", "value": 35.55555555555556}], "name": "id1"}, {"qubits": [2], "gate": "id", "parameters": [{"date": "2021-10-7", "name": "gate_error", "unit": "", "value": 0.00019537859824890293}, {"date": "2021-10-7", "name": "gate_length", "unit": "ns", "value": 35.55555555555556}], "name": "id2"}, {"qubits": [3], "gate": "id", "parameters": [{"date": "2021-10-7", "name": "gate_error", "unit": "", "value": 0.001080712947873134}, {"date": "2021-10-7", "name": "gate_length", "unit": "ns", "value": 35.55555555555556}], "name": "id3"}, {"qubits": [4], "gate": "id", "parameters": [{"date": "2021-10-7", "name": "gate_error", "unit": "", "value": 0.00024459892279954826}, {"date": "2021-10-7", "name": "gate_length", "unit": "ns", "value": 35.55555555555556}], "name": "id4"}, {"qubits": [5], "gate": "id", "parameters": [{"date": "2021-10-7", "name": "gate_error", "unit": "", "value": 0.000222538471874282}, {"date": "2021-10-7", "name": "gate_length", "unit": "ns", "value": 35.55555555555556}], "name": "id5"}, {"qubits": [6], "gate": "id", "parameters": [{"date": "2021-10-7", "name": "gate_error", "unit": "", "value": 0.0002013772769218696}, {"date": "2021-10-7", "name": "gate_length", "unit": "ns", "value": 35.55555555555556}], "name": "id6"}, {"qubits": [0], "gate": "rz", "parameters": [{"date": "2021-10-7", "name": "gate_error", "unit": "", "value": 0}, {"date": "2021-10-7", "name": "gate_length", "unit": "ns", "value": 0}], "name": "rz0"}, {"qubits": [1], "gate": "rz", "parameters": [{"date": "2021-10-7", "name": "gate_error", "unit": "", "value": 0}, {"date": "2021-10-7", "name": "gate_length", "unit": "ns", "value": 0}], "name": "rz1"}, {"qubits": [2], "gate": "rz", "parameters": [{"date": "2021-10-7", "name": "gate_error", "unit": "", "value": 0}, {"date": "2021-10-7", "name": "gate_length", "unit": "ns", "value": 0}], "name": "rz2"}, {"qubits": [3], "gate": "rz", "parameters": [{"date": "2021-10-7", "name": "gate_error", "unit": "", "value": 0}, {"date": "2021-10-7", "name": "gate_length", "unit": "ns", "value": 0}], "name": "rz3"}, {"qubits": [4], "gate": "rz", "parameters": [{"date": "2021-10-7", "name": "gate_error", "unit": "", "value": 0}, {"date": "2021-10-7", "name": "gate_length", "unit": "ns", "value": 0}], "name": "rz4"}, {"qubits": [5], "gate": "rz", "parameters": [{"date": "2021-10-7", "name": "gate_error", "unit": "", "value": 0}, {"date": "2021-10-7", "name": "gate_length", "unit": "ns", "value": 0}], "name": "rz5"}, {"qubits": [6], "gate": "rz", "parameters": [{"date": "2021-10-7", "name": "gate_error", "unit": "", "value": 0}, {"date": "2021-10-7", "name": "gate_length", "unit": "ns", "value": 0}], "name": "rz6"}, {"qubits": [0], "gate": "sx", "parameters": [{"date": "2021-10-7", "name": "gate_error", "unit": "", "value": 0.0002074238368942401}, {"date": "2021-10-7", "name": "gate_length", "unit": "ns", "value": 35.55555555555556}], "name": "sx0"}, {"qubits": [1], "gate": "sx", "parameters": [{"date": "2021-10-7", "name": "gate_error", "unit": "", "value": 0.0004785396497523194}, {"date": "2021-10-7", "name": "gate_length", "unit": "ns", "value": 35.55555555555556}], "name": "sx1"}, {"qubits": [2], "gate": "sx", "parameters": [{"date": "2021-10-7", "name": "gate_error", "unit": "", "value": 0.00019537859824890293}, {"date": "2021-10-7", "name": "gate_length", "unit": "ns", "value": 35.55555555555556}], "name": "sx2"}, {"qubits": [3], "gate": "sx", "parameters": [{"date": "2021-10-7", "name": "gate_error", "unit": "", "value": 0.001080712947873134}, {"date": "2021-10-7", "name": "gate_length", "unit": "ns", "value": 35.55555555555556}], "name": "sx3"}, {"qubits": [4], "gate": "sx", "parameters": [{"date": "2021-10-7", "name": "gate_error", "unit": "", "value": 0.00024459892279954826}, {"date": "2021-10-7", "name": "gate_length", "unit": "ns", "value": 35.55555555555556}], "name": "sx4"}, {"qubits": [5], "gate": "sx", "parameters": [{"date": "2021-10-7", "name": "gate_error", "unit": "", "value": 0.000222538471874282}, {"date": "2021-10-7", "name": "gate_length", "unit": "ns", "value": 35.55555555555556}], "name": "sx5"}, {"qubits": [6], "gate": "sx", "parameters": [{"date": "2021-10-7", "name": "gate_error", "unit": "", "value": 0.0002013772769218696}, {"date": "2021-10-7", "name": "gate_length", "unit": "ns", "value": 35.55555555555556}], "name": "sx6"}, {"qubits": [0], "gate": "x", "parameters": [{"date": "2021-10-7", "name": "gate_error", "unit": "", "value": 0.0002074238368942401}, {"date": "2021-10-7", "name": "gate_length", "unit": "ns", "value": 35.55555555555556}], "name": "x0"}, {"qubits": [1], "gate": "x", "parameters": [{"date": "2021-10-7", "name": "gate_error", "unit": "", "value": 0.0004785396497523194}, {"date": "2021-10-7", "name": "gate_length", "unit": "ns", "value": 35.55555555555556}], "name": "x1"}, {"qubits": [2], "gate": "x", "parameters": [{"date": "2021-10-7", "name": "gate_error", "unit": "", "value": 0.00019537859824890293}, {"date": "2021-10-7", "name": "gate_length", "unit": "ns", "value": 35.55555555555556}], "name": "x2"}, {"qubits": [3], "gate": "x", "parameters": [{"date": "2021-10-7", "name": "gate_error", "unit": "", "value": 0.001080712947873134}, {"date": "2021-10-7", "name": "gate_length", "unit": "ns", "value": 35.55555555555556}], "name": "x3"}, {"qubits": [4], "gate": "x", "parameters": [{"date": "2021-10-7", "name": "gate_error", "unit": "", "value": 0.00024459892279954826}, {"date": "2021-10-7", "name": "gate_length", "unit": "ns", "value": 35.55555555555556}], "name": "x4"}, {"qubits": [5], "gate": "x", "parameters": [{"date": "2021-10-7", "name": "gate_error", "unit": "", "value": 0.000222538471874282}, {"date": "2021-10-7", "name": "gate_length", "unit": "ns", "value": 35.55555555555556}], "name": "x5"}, {"qubits": [6], "gate": "x", "parameters": [{"date": "2021-10-7", "name": "gate_error", "unit": "", "value": 0.0002013772769218696}, {"date": "2021-10-7", "name": "gate_length", "unit": "ns", "value": 35.55555555555556}], "name": "x6"}, {"qubits": [5, 4], "gate": "cx", "parameters": [{"date": "2021-10-7", "name": "gate_error", "unit": "", "value": 0.008108921422159382}, {"date": "2021-10-4", "name": "gate_length", "unit": "ns", "value": 327.1111111111111}], "name": "cx5_4"}, {"qubits": [4, 5], "gate": "cx", "parameters": [{"date": "2021-10-7", "name": "gate_error", "unit": "", "value": 0.008108921422159382}, {"date": "2021-10-4", "name": "gate_length", "unit": "ns", "value": 362.66666666666663}], "name": "cx4_5"}, {"qubits": [3, 1], "gate": "cx", "parameters": [{"date": "2021-10-7", "name": "gate_error", "unit": "", "value": 0.09072880983448346}, {"date": "2021-10-4", "name": "gate_length", "unit": "ns", "value": 298.66666666666663}], "name": "cx3_1"}, {"qubits": [1, 3], "gate": "cx", "parameters": [{"date": "2021-10-7", "name": "gate_error", "unit": "", "value": 0.09072880983448346}, {"date": "2021-10-4", "name": "gate_length", "unit": "ns", "value": 334.22222222222223}], "name": "cx1_3"}, {"qubits": [5, 6], "gate": "cx", "parameters": [{"date": "2021-10-7", "name": "gate_error", "unit": "", "value": 0.0052805968127042635}, {"date": "2021-10-4", "name": "gate_length", "unit": "ns", "value": 256}], "name": "cx5_6"}, {"qubits": [6, 5], "gate": "cx", "parameters": [{"date": "2021-10-7", "name": "gate_error", "unit": "", "value": 0.0052805968127042635}, {"date": "2021-10-4", "name": "gate_length", "unit": "ns", "value": 291.55555555555554}], "name": "cx6_5"}, {"qubits": [5, 3], "gate": "cx", "parameters": [{"date": "2021-10-7", "name": "gate_error", "unit": "", "value": 0.013592153684123226}, {"date": "2021-10-4", "name": "gate_length", "unit": "ns", "value": 298.66666666666663}], "name": "cx5_3"}, {"qubits": [3, 5], "gate": "cx", "parameters": [{"date": "2021-10-7", "name": "gate_error", "unit": "", "value": 0.013592153684123226}, {"date": "2021-10-4", "name": "gate_length", "unit": "ns", "value": 334.22222222222223}], "name": "cx3_5"}, {"qubits": [2, 1], "gate": "cx", "parameters": [{"date": "2021-10-7", "name": "gate_error", "unit": "", "value": 0.009162803125804253}, {"date": "2021-10-4", "name": "gate_length", "unit": "ns", "value": 291.55555555555554}], "name": "cx2_1"}, {"qubits": [1, 2], "gate": "cx", "parameters": [{"date": "2021-10-7", "name": "gate_error", "unit": "", "value": 0.009162803125804253}, {"date": "2021-10-4", "name": "gate_length", "unit": "ns", "value": 327.1111111111111}], "name": "cx1_2"}, {"qubits": [0, 1], "gate": "cx", "parameters": [{"date": "2021-10-7", "name": "gate_error", "unit": "", "value": 0.01105268114565422}, {"date": "2021-10-4", "name": "gate_length", "unit": "ns", "value": 305.77777777777777}], "name": "cx0_1"}, {"qubits": [1, 0], "gate": "cx", "parameters": [{"date": "2021-10-7", "name": "gate_error", "unit": "", "value": 0.01105268114565422}, {"date": "2021-10-4", "name": "gate_length", "unit": "ns", "value": 341.3333333333333}], "name": "cx1_0"}, {"qubits": [0], "gate": "reset", "parameters": [{"date": "2021-10-7", "name": "gate_length", "unit": "ns", "value": 1002.6666666666666}], "name": "reset0"}, {"qubits": [1], "gate": "reset", "parameters": [{"date": "2021-10-7", "name": "gate_length", "unit": "ns", "value": 1002.6666666666666}], "name": "reset1"}, {"qubits": [2], "gate": "reset", "parameters": [{"date": "2021-10-7", "name": "gate_length", "unit": "ns", "value": 995.5555555555555}], "name": "reset2"}, {"qubits": [3], "gate": "reset", "parameters": [{"date": "2021-10-7", "name": "gate_length", "unit": "ns", "value": 988.4444444444443}], "name": "reset3"}, {"qubits": [4], "gate": "reset", "parameters": [{"date": "2021-10-7", "name": "gate_length", "unit": "ns", "value": 1002.6666666666666}], "name": "reset4"}, {"qubits": [5], "gate": "reset", "parameters": [{"date": "2021-10-7", "name": "gate_length", "unit": "ns", "value": 1002.6666666666666}], "name": "reset5"}, {"qubits": [6], "gate": "reset", "parameters": [{"date": "2021-10-7", "name": "gate_length", "unit": "ns", "value": 988.4444444444443}], "name": "reset6"}], "general": [{"date": "2021-10-7", "name": "jq_01", "unit": "GHz", "value": 0.0017239661070310697}, {"date": "2021-10-7", "name": "zz_01", "unit": "GHz", "value": -4.1551259389276154e-05}, {"date": "2021-10-7", "name": "jq_12", "unit": "GHz", "value": 0.003306427365570105}, {"date": "2021-10-7", "name": "zz_12", "unit": "GHz", "value": -0.00013691896518548322}, {"date": "2021-10-7", "name": "jq_45", "unit": "GHz", "value": 0.0033964931013144256}, {"date": "2021-10-7", "name": "zz_45", "unit": "GHz", "value": -0.00015134337521539932}, {"date": "2021-10-7", "name": "jq_56", "unit": "GHz", "value": 0.0032394441256406383}, {"date": "2021-10-7", "name": "zz_56", "unit": "GHz", "value": -0.0001381127844927418}, {"date": "2021-10-7", "name": "jq_13", "unit": "GHz", "value": 0.003219077603102807}, {"date": "2021-10-7", "name": "zz_13", "unit": "GHz", "value": -0.00013509145307819546}, {"date": "2021-10-7", "name": "jq_35", "unit": "GHz", "value": 0.0023455196332844842}, {"date": "2021-10-7", "name": "zz_35", "unit": "GHz", "value": -9.35336850076191e-05}]}