{"backend_name": "ibm_lagos", "backend_version": "1.0.18", "last_update_date": "2021-12-26", "qubits": [[{"date": "2021-12-26", "name": "T1", "unit": "us", "value": 58.80139653717197}, {"date": "2021-12-26", "name": "T2", "unit": "us", "value": 49.15874682746806}, {"date": "2021-12-26", "name": "frequency", "unit": "GHz", "value": 5.235181077726357}, {"date": "2021-12-26", "name": "anharmonicity", "unit": "GHz", "value": -0.33986713855915607}, {"date": "2021-12-26", "name": "readout_error", "unit": "", "value": 0.013600000000000056}, {"date": "2021-12-26", "name": "prob_meas0_prep1", "unit": "", "value": 0.0156}, {"date": "2021-12-26", "name": "prob_meas1_prep0", "unit": "", "value": 0.011600000000000055}, {"date": "2021-12-26", "name": "readout_length", "unit": "ns", "value": 704}], [{"date": "2021-12-26", "name": "T1", "unit": "us", "value": 124.05154221331493}, {"date": "2021-12-26", "name": "T2", "unit": "us", "value": 101.45423439803346}, {"date": "2021-12-26", "name": "frequency", "unit": "GHz", "value": 5.099594015231105}, {"date": "2021-12-26", "name": "anharmonicity", "unit": "GHz", "value": -0.3432484042938357}, {"date": "2021-12-26", "name": "readout_error", "unit": "", "value": 0.008599999999999941}, {"date": "2021-12-26", "name": "prob_meas0_prep1", "unit": "", "value": 0.0102}, {"date": "2021-12-26", "name": "prob_meas1_prep0", "unit": "", "value": 0.007000000000000006}, {"date": "2021-12-26", "name": "readout_length", "unit": "ns", "value": 704}], [{"date": "2021-12-26", "name": "T1", "unit": "us", "value": 140.12576944850468}, {"date": "2021-12-26", "name": "T2", "unit": "us", "value": 88.25917281237875}, {"date": "2021-12-26", "name": "frequency", "unit": "GHz", "value": 5.1883898129665305}, {"date": "2021-12-26", "name": "anharmonicity", "unit": "GHz", "value": -0.3419316690031256}, {"date": "2021-12-26", "name": "readout_error", "unit": "", "value": 0.006299999999999972}, {"date": "2021-12-26", "name": "prob_meas0_prep1", "unit": "", "value": 0.0058}, {"date": "2021-12-26", "name": "prob_meas1_prep0", "unit": "", "value": 0.006800000000000028}, {"date": "2021-12-26", "name": "readout_length", "unit": "ns", "value": 704}], [{"date": "2021-12-26", "name": "T1", "unit": "us", "value": 140.1164790111374}, {"date": "2021-12-26", "name": "T2", "unit": "us", "value": 116.26348968425509}, {"date": "2021-12-26", "name": "frequency", "unit": "GHz", "value": 4.987476137601316}, {"date": "2021-12-26", "name": "anharmonicity", "unit": "GHz", "value": -0.3452928861203798}, {"date": "2021-12-26", "name": "readout_error", "unit": "", "value": 0.017900000000000027}, {"date": "2021-12-26", "name": "prob_meas0_prep1", "unit": "", "value": 0.0186}, {"date": "2021-12-26", "name": "prob_meas1_prep0", "unit": "", "value": 0.017199999999999993}, {"date": "2021-12-26", "name": "readout_length", "unit": "ns", "value": 704}], [{"date": "2021-12-26", "name": "T1", "unit": "us", "value": 122.86270687359205}, {"date": "2021-12-26", "name": "T2", "unit": "us", "value": 48.03102321614618}, {"date": "2021-12-26", "name": "frequency", "unit": "GHz", "value": 5.285334974482348}, {"date": "2021-12-26", "name": "anharmonicity", "unit": "GHz", "value": -0.3392342674107948}, {"date": "2021-12-26", "name": "readout_error", "unit": "", "value": 0.010699999999999932}, {"date": "2021-12-26", "name": "prob_meas0_prep1", "unit": "", "value": 0.010199999999999987}, {"date": "2021-12-26", "name": "prob_meas1_prep0", "unit": "", "value": 0.0112}, {"date": "2021-12-26", "name": "readout_length", "unit": "ns", "value": 704}], [{"date": "2021-12-26", "name": "T1", "unit": "us", "value": 196.5278898783187}, {"date": "2021-12-26", "name": "T2", "unit": "us", "value": 124.01348811591558}, {"date": "2021-12-26", "name": "frequency", "unit": "GHz", "value": 5.176183523500366}, {"date": "2021-12-26", "name": "anharmonicity", "unit": "GHz", "value": -0.34079297245074963}, {"date": "2021-12-26", "name": "readout_error", "unit": "", "value": 0.012199999999999989}, {"date": "2021-12-26", "name": "prob_meas0_prep1", "unit": "", "value": 0.0132}, {"date": "2021-12-26", "name": "prob_meas1_prep0", "unit": "", "value": 0.011199999999999988}, {"date": "2021-12-26", "name": "readout_length", "unit": "ns", "value": 704}], [{"date": "2021-12-26", "name": "T1", "unit": "us", "value": 146.78724790815707}, {"date": "2021-12-26", "name": "T2", "unit": "us", "value": 180.1433765129025}, {"date": "2021-12-26", "name": "frequency", "unit": "GHz", "value": 5.063924170240145}, {"date": "2021-12-26", "name": "anharmonicity", "unit": "GHz", "value": -0.34275836537159754}, {"date": "2021-12-26", "name": "readout_error", "unit": "", "value": 0.005700000000000038}, {"date": "2021-12-26", "name": "prob_meas0_prep1", "unit": "", "value": 0.007000000000000006}, {"date": "2021-12-26", "name": "prob_meas1_prep0", "unit": "", "value": 0.0044}, {"date": "2021-12-26", "name": "readout_length", "unit": "ns", "value": 704}]], "gates": [{"qubits": [0], "gate": "id", "parameters": [{"date": "2021-12-26", "name": "gate_error", "unit": "", "value": 0.0002824043439564756}, {"date": "2021-12-26", "name": "gate_length", "unit": "ns", "value": 35.55555555555556}], "name": "id0"}, {"qubits": [1], "gate": "id", "parameters": [{"date": "2021-12-26", "name": "gate_error", "unit": "", "value": 0.0002857669311843789}, {"date": "2021-12-26", "name": "gate_length", "unit": "ns", "value": 35.55555555555556}], "name": "id1"}, {"qubits": [2], "gate": "id", "parameters": [{"date": "2021-12-26", "name": "gate_error", "unit": "", "value": 0.00017830995249058343}, {"date": "2021-12-26", "name": "gate_length", "unit": "ns", "value": 35.55555555555556}], "name": "id2"}, {"qubits": [3], "gate": "id", "parameters": [{"date": "2021-12-26", "name": "gate_error", "unit": "", "value": 0.0002043962239432888}, {"date": "2021-12-26", "name": "gate_length", "unit": "ns", "value": 35.55555555555556}], "name": "id3"}, {"qubits": [4], "gate": "id", "parameters": [{"date": "2021-12-26", "name": "gate_error", "unit": "", "value": 0.00015403831484323878}, {"date": "2021-12-26", "name": "gate_length", "unit": "ns", "value": 35.55555555555556}], "name": "id4"}, {"qubits": [5], "gate": "id", "parameters": [{"date": "2021-12-26", "name": "gate_error", "unit": "", "value": 0.0001477609318955711}, {"date": "2021-12-26", "name": "gate_length", "unit": "ns", "value": 35.55555555555556}], "name": "id5"}, {"qubits": [6], "gate": "id", "parameters": [{"date": "2021-12-26", "name": "gate_error", "unit": "", "value": 0.00018003506788703185}, {"date": "2021-12-26", "name": "gate_length", "unit": "ns", "value": 35.55555555555556}], "name": "id6"}, {"qubits": [0], "gate": "rz", "parameters": [{"date": "2021-12-26", "name": "gate_error", "unit": "", "value": 0}, {"date": "2021-12-26", "name": "gate_length", "unit": "ns", "value": 0}], "name": "rz0"}, {"qubits": [1], "gate": "rz", "parameters": [{"date": "2021-12-26", "name": "gate_error", "unit": "", "value": 0}, {"date": "2021-12-26", "name": "gate_length", "unit": "ns", "value": 0}], "name": "rz1"}, {"qubits": [2], "gate": "rz", "parameters": [{"date": "2021-12-26", "name": "gate_error", "unit": "", "value": 0}, {"date": "2021-12-26", "name": "gate_length", "unit": "ns", "value": 0}], "name": "rz2"}, {"qubits": [3], "gate": "rz", "parameters": [{"date": "2021-12-26", "name": "gate_error", "unit": "", "value": 0}, {"date": "2021-12-26", "name": "gate_length", "unit": "ns", "value": 0}], "name": "rz3"}, {"qubits": [4], "gate": "rz", "parameters": [{"date": "2021-12-26", "name": "gate_error", "unit": "", "value": 0}, {"date": "2021-12-26", "name": "gate_length", "unit": "ns", "value": 0}], "name": "rz4"}, {"qubits": [5], "gate": "rz", "parameters": [{"date": "2021-12-26", "name": "gate_error", "unit": "", "value": 0}, {"date": "2021-12-26", "name": "gate_length", "unit": "ns", "value": 0}], "name": "rz5"}, {"qubits": [6], "gate": "rz", "parameters": [{"date": "2021-12-26", "name": "gate_error", "unit": "", "value": 0}, {"date": "2021-12-26", "name": "gate_length", "unit": "ns", "value": 0}], "name": "rz6"}, {"qubits": [0], "gate": "sx", "parameters": [{"date": "2021-12-26", "name": "gate_error", "unit": "", "value": 0.0002824043439564756}, {"date": "2021-12-26", "name": "gate_length", "unit": "ns", "value": 35.55555555555556}], "name": "sx0"}, {"qubits": [1], "gate": "sx", "parameters": [{"date": "2021-12-26", "name": "gate_error", "unit": "", "value": 0.0002857669311843789}, {"date": "2021-12-26", "name": "gate_length", "unit": "ns", "value": 35.55555555555556}], "name": "sx1"}, {"qubits": [2], "gate": "sx", "parameters": [{"date": "2021-12-26", "name": "gate_error", "unit": "", "value": 0.00017830995249058343}, {"date": "2021-12-26", "name": "gate_length", "unit": "ns", "value": 35.55555555555556}], "name": "sx2"}, {"qubits": [3], "gate": "sx", "parameters": [{"date": "2021-12-26", "name": "gate_error", "unit": "", "value": 0.0002043962239432888}, {"date": "2021-12-26", "name": "gate_length", "unit": "ns", "value": 35.55555555555556}], "name": "sx3"}, {"qubits": [4], "gate": "sx", "parameters": [{"date": "2021-12-26", "name": "gate_error", "unit": "", "value": 0.00015403831484323878}, {"date": "2021-12-26", "name": "gate_length", "unit": "ns", "value": 35.55555555555556}], "name": "sx4"}, {"qubits": [5], "gate": "sx", "parameters": [{"date": "2021-12-26", "name": "gate_error", "unit": "", "value": 0.0001477609318955711}, {"date": "2021-12-26", "name": "gate_length", "unit": "ns", "value": 35.55555555555556}], "name": "sx5"}, {"qubits": [6], "gate": "sx", "parameters": [{"date": "2021-12-26", "name": "gate_error", "unit": "", "value": 0.00018003506788703185}, {"date": "2021-12-26", "name": "gate_length", "unit": "ns", "value": 35.55555555555556}], "name": "sx6"}, {"qubits": [0], "gate": "x", "parameters": [{"date": "2021-12-26", "name": "gate_error", "unit": "", "value": 0.0002824043439564756}, {"date": "2021-12-26", "name": "gate_length", "unit": "ns", "value": 35.55555555555556}], "name": "x0"}, {"qubits": [1], "gate": "x", "parameters": [{"date": "2021-12-26", "name": "gate_error", "unit": "", "value": 0.0002857669311843789}, {"date": "2021-12-26", "name": "gate_length", "unit": "ns", "value": 35.55555555555556}], "name": "x1"}, {"qubits": [2], "gate": "x", "parameters": [{"date": "2021-12-26", "name": "gate_error", "unit": "", "value": 0.00017830995249058343}, {"date": "2021-12-26", "name": "gate_length", "unit": "ns", "value": 35.55555555555556}], "name": "x2"}, {"qubits": [3], "gate": "x", "parameters": [{"date": "2021-12-26", "name": "gate_error", "unit": "", "value": 0.0002043962239432888}, {"date": "2021-12-26", "name": "gate_length", "unit": "ns", "value": 35.55555555555556}], "name": "x3"}, {"qubits": [4], "gate": "x", "parameters": [{"date": "2021-12-26", "name": "gate_error", "unit": "", "value": 0.00015403831484323878}, {"date": "2021-12-26", "name": "gate_length", "unit": "ns", "value": 35.55555555555556}], "name": "x4"}, {"qubits": [5], "gate": "x", "parameters": [{"date": "2021-12-26", "name": "gate_error", "unit": "", "value": 0.0001477609318955711}, {"date": "2021-12-26", "name": "gate_length", "unit": "ns", "value": 35.55555555555556}], "name": "x5"}, {"qubits": [6], "gate": "x", "parameters": [{"date": "2021-12-26", "name": "gate_error", "unit": "", "value": 0.00018003506788703185}, {"date": "2021-12-26", "name": "gate_length", "unit": "ns", "value": 35.55555555555556}], "name": "x6"}, {"qubits": [5, 4], "gate": "cx", "parameters": [{"date": "2021-12-26", "name": "gate_error", "unit": "", "value": 0.0064167125180528695}, {"date": "2021-12-23", "name": "gate_length", "unit": "ns", "value": 327.1111111111111}], "name": "cx5_4"}, {"qubits": [4, 5], "gate": "cx", "parameters": [{"date": "2021-12-26", "name": "gate_error", "unit": "", "value": 0.0064167125180528695}, {"date": "2021-12-23", "name": "gate_length", "unit": "ns", "value": 362.66666666666663}], "name": "cx4_5"}, {"qubits": [3, 1], "gate": "cx", "parameters": [{"date": "2021-12-26", "name": "gate_error", "unit": "", "value": 0.005764581694545717}, {"date": "2021-12-23", "name": "gate_length", "unit": "ns", "value": 298.66666666666663}], "name": "cx3_1"}, {"qubits": [1, 3], "gate": "cx", "parameters": [{"date": "2021-12-26", "name": "gate_error", "unit": "", "value": 0.005764581694545717}, {"date": "2021-12-23", "name": "gate_length", "unit": "ns", "value": 334.22222222222223}], "name": "cx1_3"}, {"qubits": [5, 6], "gate": "cx", "parameters": [{"date": "2021-12-26", "name": "gate_error", "unit": "", "value": 0.004126252191345076}, {"date": "2021-12-23", "name": "gate_length", "unit": "ns", "value": 256}], "name": "cx5_6"}, {"qubits": [6, 5], "gate": "cx", "parameters": [{"date": "2021-12-26", "name": "gate_error", "unit": "", "value": 0.004126252191345076}, {"date": "2021-12-23", "name": "gate_length", "unit": "ns", "value": 291.55555555555554}], "name": "cx6_5"}, {"qubits": [5, 3], "gate": "cx", "parameters": [{"date": "2021-12-26", "name": "gate_error", "unit": "", "value": 0.008523645052301354}, {"date": "2021-12-23", "name": "gate_length", "unit": "ns", "value": 298.66666666666663}], "name": "cx5_3"}, {"qubits": [3, 5], "gate": "cx", "parameters": [{"date": "2021-12-26", "name": "gate_error", "unit": "", "value": 0.008523645052301354}, {"date": "2021-12-23", "name": "gate_length", "unit": "ns", "value": 334.22222222222223}], "name": "cx3_5"}, {"qubits": [2, 1], "gate": "cx", "parameters": [{"date": "2021-12-26", "name": "gate_error", "unit": "", "value": 0.006721832586262272}, {"date": "2021-12-23", "name": "gate_length", "unit": "ns", "value": 291.55555555555554}], "name": "cx2_1"}, {"qubits": [1, 2], "gate": "cx", "parameters": [{"date": "2021-12-26", "name": "gate_error", "unit": "", "value": 0.006721832586262272}, {"date": "2021-12-23", "name": "gate_length", "unit": "ns", "value": 327.1111111111111}], "name": "cx1_2"}, {"qubits": [0, 1], "gate": "cx", "parameters": [{"date": "2021-12-26", "name": "gate_error", "unit": "", "value": 0.009106044046100437}, {"date": "2021-12-23", "name": "gate_length", "unit": "ns", "value": 305.77777777777777}], "name": "cx0_1"}, {"qubits": [1, 0], "gate": "cx", "parameters": [{"date": "2021-12-26", "name": "gate_error", "unit": "", "value": 0.009106044046100437}, {"date": "2021-12-23", "name": "gate_length", "unit": "ns", "value": 341.3333333333333}], "name": "cx1_0"}, {"qubits": [0], "gate": "reset", "parameters": [{"date": "2021-12-26", "name": "gate_length", "unit": "ns", "value": 1002.6666666666666}], "name": "reset0"}, {"qubits": [1], "gate": "reset", "parameters": [{"date": "2021-12-26", "name": "gate_length", "unit": "ns", "value": 1002.6666666666666}], "name": "reset1"}, {"qubits": [2], "gate": "reset", "parameters": [{"date": "2021-12-26", "name": "gate_length", "unit": "ns", "value": 995.5555555555555}], "name": "reset2"}, {"qubits": [3], "gate": "reset", "parameters": [{"date": "2021-12-26", "name": "gate_length", "unit": "ns", "value": 988.4444444444443}], "name": "reset3"}, {"qubits": [4], "gate": "reset", "parameters": [{"date": "2021-12-26", "name": "gate_length", "unit": "ns", "value": 1002.6666666666666}], "name": "reset4"}, {"qubits": [5], "gate": "reset", "parameters": [{"date": "2021-12-26", "name": "gate_length", "unit": "ns", "value": 1002.6666666666666}], "name": "reset5"}, {"qubits": [6], "gate": "reset", "parameters": [{"date": "2021-12-26", "name": "gate_length", "unit": "ns", "value": 988.4444444444443}], "name": "reset6"}], "general": [{"date": "2021-12-26", "name": "jq_01", "unit": "GHz", "value": 0.0017239661070310697}, {"date": "2021-12-26", "name": "zz_01", "unit": "GHz", "value": -4.1551259389276154e-05}, {"date": "2021-12-26", "name": "jq_12", "unit": "GHz", "value": 0.003306427365570105}, {"date": "2021-12-26", "name": "zz_12", "unit": "GHz", "value": -0.00013691896518548322}, {"date": "2021-12-26", "name": "jq_45", "unit": "GHz", "value": 0.0033964931013144256}, {"date": "2021-12-26", "name": "zz_45", "unit": "GHz", "value": -0.00015134337521539932}, {"date": "2021-12-26", "name": "jq_56", "unit": "GHz", "value": 0.0032394441256406383}, {"date": "2021-12-26", "name": "zz_56", "unit": "GHz", "value": -0.0001381127844927418}, {"date": "2021-12-26", "name": "jq_13", "unit": "GHz", "value": 0.003219077603102807}, {"date": "2021-12-26", "name": "zz_13", "unit": "GHz", "value": -0.00013509145307819546}, {"date": "2021-12-26", "name": "jq_35", "unit": "GHz", "value": 0.0023455196332844842}, {"date": "2021-12-26", "name": "zz_35", "unit": "GHz", "value": -9.35336850076191e-05}]}