{"backend_name": "ibm_lagos", "backend_version": "1.0.3", "last_update_date": "2021-8-19", "qubits": [[{"date": "2021-8-19", "name": "T1", "unit": "us", "value": 97.83310543501928}, {"date": "2021-8-19", "name": "T2", "unit": "us", "value": 34.695624398766256}, {"date": "2021-8-19", "name": "frequency", "unit": "GHz", "value": 5.2354399700267695}, {"date": "2021-8-19", "name": "anharmonicity", "unit": "GHz", "value": -0.33986713855915607}, {"date": "2021-8-19", "name": "readout_error", "unit": "", "value": 0.19310000000000005}, {"date": "2021-8-19", "name": "prob_meas0_prep1", "unit": "", "value": 0.22440000000000004}, {"date": "2021-8-19", "name": "prob_meas1_prep0", "unit": "", "value": 0.1618}, {"date": "2021-8-19", "name": "readout_length", "unit": "ns", "value": 704}], [{"date": "2021-8-19", "name": "T1", "unit": "us", "value": 94.21409010783161}, {"date": "2021-8-19", "name": "T2", "unit": "us", "value": 72.10439949656389}, {"date": "2021-8-19", "name": "frequency", "unit": "GHz", "value": 5.099402655823797}, {"date": "2021-8-19", "name": "anharmonicity", "unit": "GHz", "value": -0.3432484042938357}, {"date": "2021-8-19", "name": "readout_error", "unit": "", "value": 0.010399999999999965}, {"date": "2021-8-19", "name": "prob_meas0_prep1", "unit": "", "value": 0.0156}, {"date": "2021-8-19", "name": "prob_meas1_prep0", "unit": "", "value": 0.005199999999999982}, {"date": "2021-8-19", "name": "readout_length", "unit": "ns", "value": 704}], [{"date": "2021-8-19", "name": "T1", "unit": "us", "value": 115.03490650980206}, {"date": "2021-8-19", "name": "T2", "unit": "us", "value": 79.81301569345257}, {"date": "2021-8-19", "name": "frequency", "unit": "GHz", "value": 5.187874334535873}, {"date": "2021-8-19", "name": "anharmonicity", "unit": "GHz", "value": -0.3419316690031256}, {"date": "2021-8-19", "name": "readout_error", "unit": "", "value": 0.015600000000000058}, {"date": "2021-8-19", "name": "prob_meas0_prep1", "unit": "", "value": 0.0084}, {"date": "2021-8-19", "name": "prob_meas1_prep0", "unit": "", "value": 0.022800000000000042}, {"date": "2021-8-19", "name": "readout_length", "unit": "ns", "value": 704}], [{"date": "2021-8-19", "name": "T1", "unit": "us", "value": 132.54878250655509}, {"date": "2021-8-19", "name": "T2", "unit": "us", "value": 98.58837134342318}, {"date": "2021-8-19", "name": "frequency", "unit": "GHz", "value": 4.98685775153804}, {"date": "2021-8-19", "name": "anharmonicity", "unit": "GHz", "value": -0.3452928861203798}, {"date": "2021-8-19", "name": "readout_error", "unit": "", "value": 0.007299999999999973}, {"date": "2021-8-19", "name": "prob_meas0_prep1", "unit": "", "value": 0.0084}, {"date": "2021-8-19", "name": "prob_meas1_prep0", "unit": "", "value": 0.006199999999999983}, {"date": "2021-8-19", "name": "readout_length", "unit": "ns", "value": 704}], [{"date": "2021-8-19", "name": "T1", "unit": "us", "value": 114.38553515525868}, {"date": "2021-8-19", "name": "T2", "unit": "us", "value": 27.538357225698633}, {"date": "2021-8-19", "name": "frequency", "unit": "GHz", "value": 5.285342833301734}, {"date": "2021-8-19", "name": "anharmonicity", "unit": "GHz", "value": -0.3392342674107948}, {"date": "2021-8-19", "name": "readout_error", "unit": "", "value": 0.009400000000000075}, {"date": "2021-8-19", "name": "prob_meas0_prep1", "unit": "", "value": 0.009000000000000008}, {"date": "2021-8-19", "name": "prob_meas1_prep0", "unit": "", "value": 0.0098}, {"date": "2021-8-19", "name": "readout_length", "unit": "ns", "value": 704}], [{"date": "2021-8-19", "name": "T1", "unit": "us", "value": 114.82248929632627}, {"date": "2021-8-19", "name": "T2", "unit": "us", "value": 70.93710918304869}, {"date": "2021-8-19", "name": "frequency", "unit": "GHz", "value": 5.176870412040628}, {"date": "2021-8-19", "name": "anharmonicity", "unit": "GHz", "value": -0.34079297245074963}, {"date": "2021-8-19", "name": "readout_error", "unit": "", "value": 0.012199999999999989}, {"date": "2021-8-19", "name": "prob_meas0_prep1", "unit": "", "value": 0.014}, {"date": "2021-8-19", "name": "prob_meas1_prep0", "unit": "", "value": 0.010399999999999965}, {"date": "2021-8-19", "name": "readout_length", "unit": "ns", "value": 704}], [{"date": "2021-8-19", "name": "T1", "unit": "us", "value": 134.04081737608348}, {"date": "2021-8-19", "name": "T2", "unit": "us", "value": 148.83917164075288}, {"date": "2021-8-19", "name": "frequency", "unit": "GHz", "value": 5.064047164546434}, {"date": "2021-8-19", "name": "anharmonicity", "unit": "GHz", "value": -0.34275836537159754}, {"date": "2021-8-19", "name": "readout_error", "unit": "", "value": 0.006699999999999928}, {"date": "2021-8-19", "name": "prob_meas0_prep1", "unit": "", "value": 0.0094}, {"date": "2021-8-19", "name": "prob_meas1_prep0", "unit": "", "value": 0.0040000000000000036}, {"date": "2021-8-19", "name": "readout_length", "unit": "ns", "value": 704}]], "gates": [{"qubits": [0], "gate": "id", "parameters": [{"date": "2021-8-18", "name": "gate_error", "unit": "", "value": 0.06049880244179489}, {"date": "2021-8-19", "name": "gate_length", "unit": "ns", "value": 35.55555555555556}], "name": "id0"}, {"qubits": [1], "gate": "id", "parameters": [{"date": "2021-8-19", "name": "gate_error", "unit": "", "value": 0.002118013430787034}, {"date": "2021-8-19", "name": "gate_length", "unit": "ns", "value": 35.55555555555556}], "name": "id1"}, {"qubits": [2], "gate": "id", "parameters": [{"date": "2021-8-19", "name": "gate_error", "unit": "", "value": 0.00020973276334216958}, {"date": "2021-8-19", "name": "gate_length", "unit": "ns", "value": 35.55555555555556}], "name": "id2"}, {"qubits": [3], "gate": "id", "parameters": [{"date": "2021-8-19", "name": "gate_error", "unit": "", "value": 0.00015384546975927307}, {"date": "2021-8-19", "name": "gate_length", "unit": "ns", "value": 35.55555555555556}], "name": "id3"}, {"qubits": [4], "gate": "id", "parameters": [{"date": "2021-8-19", "name": "gate_error", "unit": "", "value": 0.00027376993229481176}, {"date": "2021-8-19", "name": "gate_length", "unit": "ns", "value": 35.55555555555556}], "name": "id4"}, {"qubits": [5], "gate": "id", "parameters": [{"date": "2021-8-19", "name": "gate_error", "unit": "", "value": 0.00016405405886368152}, {"date": "2021-8-19", "name": "gate_length", "unit": "ns", "value": 35.55555555555556}], "name": "id5"}, {"qubits": [6], "gate": "id", "parameters": [{"date": "2021-8-19", "name": "gate_error", "unit": "", "value": 0.0002567599550705184}, {"date": "2021-8-19", "name": "gate_length", "unit": "ns", "value": 35.55555555555556}], "name": "id6"}, {"qubits": [0], "gate": "rz", "parameters": [{"date": "2021-8-19", "name": "gate_error", "unit": "", "value": 0}, {"date": "2021-8-19", "name": "gate_length", "unit": "ns", "value": 0}], "name": "rz0"}, {"qubits": [1], "gate": "rz", "parameters": [{"date": "2021-8-19", "name": "gate_error", "unit": "", "value": 0}, {"date": "2021-8-19", "name": "gate_length", "unit": "ns", "value": 0}], "name": "rz1"}, {"qubits": [2], "gate": "rz", "parameters": [{"date": "2021-8-19", "name": "gate_error", "unit": "", "value": 0}, {"date": "2021-8-19", "name": "gate_length", "unit": "ns", "value": 0}], "name": "rz2"}, {"qubits": [3], "gate": "rz", "parameters": [{"date": "2021-8-19", "name": "gate_error", "unit": "", "value": 0}, {"date": "2021-8-19", "name": "gate_length", "unit": "ns", "value": 0}], "name": "rz3"}, {"qubits": [4], "gate": "rz", "parameters": [{"date": "2021-8-19", "name": "gate_error", "unit": "", "value": 0}, {"date": "2021-8-19", "name": "gate_length", "unit": "ns", "value": 0}], "name": "rz4"}, {"qubits": [5], "gate": "rz", "parameters": [{"date": "2021-8-19", "name": "gate_error", "unit": "", "value": 0}, {"date": "2021-8-19", "name": "gate_length", "unit": "ns", "value": 0}], "name": "rz5"}, {"qubits": [6], "gate": "rz", "parameters": [{"date": "2021-8-19", "name": "gate_error", "unit": "", "value": 0}, {"date": "2021-8-19", "name": "gate_length", "unit": "ns", "value": 0}], "name": "rz6"}, {"qubits": [0], "gate": "sx", "parameters": [{"date": "2021-8-18", "name": "gate_error", "unit": "", "value": 0.06049880244179489}, {"date": "2021-8-19", "name": "gate_length", "unit": "ns", "value": 35.55555555555556}], "name": "sx0"}, {"qubits": [1], "gate": "sx", "parameters": [{"date": "2021-8-19", "name": "gate_error", "unit": "", "value": 0.002118013430787034}, {"date": "2021-8-19", "name": "gate_length", "unit": "ns", "value": 35.55555555555556}], "name": "sx1"}, {"qubits": [2], "gate": "sx", "parameters": [{"date": "2021-8-19", "name": "gate_error", "unit": "", "value": 0.00020973276334216958}, {"date": "2021-8-19", "name": "gate_length", "unit": "ns", "value": 35.55555555555556}], "name": "sx2"}, {"qubits": [3], "gate": "sx", "parameters": [{"date": "2021-8-19", "name": "gate_error", "unit": "", "value": 0.00015384546975927307}, {"date": "2021-8-19", "name": "gate_length", "unit": "ns", "value": 35.55555555555556}], "name": "sx3"}, {"qubits": [4], "gate": "sx", "parameters": [{"date": "2021-8-19", "name": "gate_error", "unit": "", "value": 0.00027376993229481176}, {"date": "2021-8-19", "name": "gate_length", "unit": "ns", "value": 35.55555555555556}], "name": "sx4"}, {"qubits": [5], "gate": "sx", "parameters": [{"date": "2021-8-19", "name": "gate_error", "unit": "", "value": 0.00016405405886368152}, {"date": "2021-8-19", "name": "gate_length", "unit": "ns", "value": 35.55555555555556}], "name": "sx5"}, {"qubits": [6], "gate": "sx", "parameters": [{"date": "2021-8-19", "name": "gate_error", "unit": "", "value": 0.0002567599550705184}, {"date": "2021-8-19", "name": "gate_length", "unit": "ns", "value": 35.55555555555556}], "name": "sx6"}, {"qubits": [0], "gate": "x", "parameters": [{"date": "2021-8-18", "name": "gate_error", "unit": "", "value": 0.06049880244179489}, {"date": "2021-8-19", "name": "gate_length", "unit": "ns", "value": 35.55555555555556}], "name": "x0"}, {"qubits": [1], "gate": "x", "parameters": [{"date": "2021-8-19", "name": "gate_error", "unit": "", "value": 0.002118013430787034}, {"date": "2021-8-19", "name": "gate_length", "unit": "ns", "value": 35.55555555555556}], "name": "x1"}, {"qubits": [2], "gate": "x", "parameters": [{"date": "2021-8-19", "name": "gate_error", "unit": "", "value": 0.00020973276334216958}, {"date": "2021-8-19", "name": "gate_length", "unit": "ns", "value": 35.55555555555556}], "name": "x2"}, {"qubits": [3], "gate": "x", "parameters": [{"date": "2021-8-19", "name": "gate_error", "unit": "", "value": 0.00015384546975927307}, {"date": "2021-8-19", "name": "gate_length", "unit": "ns", "value": 35.55555555555556}], "name": "x3"}, {"qubits": [4], "gate": "x", "parameters": [{"date": "2021-8-19", "name": "gate_error", "unit": "", "value": 0.00027376993229481176}, {"date": "2021-8-19", "name": "gate_length", "unit": "ns", "value": 35.55555555555556}], "name": "x4"}, {"qubits": [5], "gate": "x", "parameters": [{"date": "2021-8-19", "name": "gate_error", "unit": "", "value": 0.00016405405886368152}, {"date": "2021-8-19", "name": "gate_length", "unit": "ns", "value": 35.55555555555556}], "name": "x5"}, {"qubits": [6], "gate": "x", "parameters": [{"date": "2021-8-19", "name": "gate_error", "unit": "", "value": 0.0002567599550705184}, {"date": "2021-8-19", "name": "gate_length", "unit": "ns", "value": 35.55555555555556}], "name": "x6"}, {"qubits": [5, 4], "gate": "cx", "parameters": [{"date": "2021-8-19", "name": "gate_error", "unit": "", "value": 0.0064623141066924294}, {"date": "2021-8-16", "name": "gate_length", "unit": "ns", "value": 327.1111111111111}], "name": "cx5_4"}, {"qubits": [4, 5], "gate": "cx", "parameters": [{"date": "2021-8-19", "name": "gate_error", "unit": "", "value": 0.0064623141066924294}, {"date": "2021-8-16", "name": "gate_length", "unit": "ns", "value": 362.66666666666663}], "name": "cx4_5"}, {"qubits": [3, 1], "gate": "cx", "parameters": [{"date": "2021-8-19", "name": "gate_error", "unit": "", "value": 0.012567522574182671}, {"date": "2021-8-16", "name": "gate_length", "unit": "ns", "value": 298.66666666666663}], "name": "cx3_1"}, {"qubits": [1, 3], "gate": "cx", "parameters": [{"date": "2021-8-19", "name": "gate_error", "unit": "", "value": 0.012567522574182671}, {"date": "2021-8-16", "name": "gate_length", "unit": "ns", "value": 334.22222222222223}], "name": "cx1_3"}, {"qubits": [5, 6], "gate": "cx", "parameters": [{"date": "2021-8-19", "name": "gate_error", "unit": "", "value": 0.0042667043798047255}, {"date": "2021-8-16", "name": "gate_length", "unit": "ns", "value": 256}], "name": "cx5_6"}, {"qubits": [6, 5], "gate": "cx", "parameters": [{"date": "2021-8-19", "name": "gate_error", "unit": "", "value": 0.0042667043798047255}, {"date": "2021-8-16", "name": "gate_length", "unit": "ns", "value": 291.55555555555554}], "name": "cx6_5"}, {"qubits": [5, 3], "gate": "cx", "parameters": [{"date": "2021-8-19", "name": "gate_error", "unit": "", "value": 0.004359868145360796}, {"date": "2021-8-16", "name": "gate_length", "unit": "ns", "value": 298.66666666666663}], "name": "cx5_3"}, {"qubits": [3, 5], "gate": "cx", "parameters": [{"date": "2021-8-19", "name": "gate_error", "unit": "", "value": 0.004359868145360796}, {"date": "2021-8-16", "name": "gate_length", "unit": "ns", "value": 334.22222222222223}], "name": "cx3_5"}, {"qubits": [2, 1], "gate": "cx", "parameters": [{"date": "2021-8-19", "name": "gate_error", "unit": "", "value": 0.01844782610896567}, {"date": "2021-8-16", "name": "gate_length", "unit": "ns", "value": 291.55555555555554}], "name": "cx2_1"}, {"qubits": [1, 2], "gate": "cx", "parameters": [{"date": "2021-8-19", "name": "gate_error", "unit": "", "value": 0.01844782610896567}, {"date": "2021-8-16", "name": "gate_length", "unit": "ns", "value": 327.1111111111111}], "name": "cx1_2"}, {"qubits": [0, 1], "gate": "cx", "parameters": [{"date": "2021-8-17", "name": "gate_error", "unit": "", "value": 0.02595171900713175}, {"date": "2021-8-16", "name": "gate_length", "unit": "ns", "value": 305.77777777777777}], "name": "cx0_1"}, {"qubits": [1, 0], "gate": "cx", "parameters": [{"date": "2021-8-17", "name": "gate_error", "unit": "", "value": 0.02595171900713175}, {"date": "2021-8-16", "name": "gate_length", "unit": "ns", "value": 341.3333333333333}], "name": "cx1_0"}, {"qubits": [0], "gate": "reset", "parameters": [{"date": "2021-8-19", "name": "gate_length", "unit": "ns", "value": 1002.6666666666666}], "name": "reset0"}, {"qubits": [1], "gate": "reset", "parameters": [{"date": "2021-8-19", "name": "gate_length", "unit": "ns", "value": 1002.6666666666666}], "name": "reset1"}, {"qubits": [2], "gate": "reset", "parameters": [{"date": "2021-8-19", "name": "gate_length", "unit": "ns", "value": 995.5555555555555}], "name": "reset2"}, {"qubits": [3], "gate": "reset", "parameters": [{"date": "2021-8-19", "name": "gate_length", "unit": "ns", "value": 988.4444444444443}], "name": "reset3"}, {"qubits": [4], "gate": "reset", "parameters": [{"date": "2021-8-19", "name": "gate_length", "unit": "ns", "value": 1002.6666666666666}], "name": "reset4"}, {"qubits": [5], "gate": "reset", "parameters": [{"date": "2021-8-19", "name": "gate_length", "unit": "ns", "value": 1002.6666666666666}], "name": "reset5"}, {"qubits": [6], "gate": "reset", "parameters": [{"date": "2021-8-19", "name": "gate_length", "unit": "ns", "value": 988.4444444444443}], "name": "reset6"}], "general": [{"date": "2021-8-19", "name": "jq_01", "unit": "GHz", "value": 0.0017239661070310697}, {"date": "2021-8-19", "name": "zz_01", "unit": "GHz", "value": -4.1551259389276154e-05}, {"date": "2021-8-19", "name": "jq_12", "unit": "GHz", "value": 0.003306427365570105}, {"date": "2021-8-19", "name": "zz_12", "unit": "GHz", "value": -0.00013691896518548322}, {"date": "2021-8-19", "name": "jq_45", "unit": "GHz", "value": 0.0033964931013144256}, {"date": "2021-8-19", "name": "zz_45", "unit": "GHz", "value": -0.00015134337521539932}, {"date": "2021-8-19", "name": "jq_56", "unit": "GHz", "value": 0.0032394441256406383}, {"date": "2021-8-19", "name": "zz_56", "unit": "GHz", "value": -0.0001381127844927418}, {"date": "2021-8-19", "name": "jq_13", "unit": "GHz", "value": 0.003219077603102807}, {"date": "2021-8-19", "name": "zz_13", "unit": "GHz", "value": -0.00013509145307819546}, {"date": "2021-8-19", "name": "jq_35", "unit": "GHz", "value": 0.0023455196332844842}, {"date": "2021-8-19", "name": "zz_35", "unit": "GHz", "value": -9.35336850076191e-05}]}