{"backend_name": "ibm_lagos", "backend_version": "1.0.18", "last_update_date": "2021-12-23", "qubits": [[{"date": "2021-12-23", "name": "T1", "unit": "us", "value": 137.05831003784135}, {"date": "2021-12-23", "name": "T2", "unit": "us", "value": 28.38478286246434}, {"date": "2021-12-23", "name": "frequency", "unit": "GHz", "value": 5.2351821990003415}, {"date": "2021-12-23", "name": "anharmonicity", "unit": "GHz", "value": -0.33986713855915607}, {"date": "2021-12-23", "name": "readout_error", "unit": "", "value": 0.013000000000000012}, {"date": "2021-12-23", "name": "prob_meas0_prep1", "unit": "", "value": 0.0144}, {"date": "2021-12-23", "name": "prob_meas1_prep0", "unit": "", "value": 0.011600000000000055}, {"date": "2021-12-23", "name": "readout_length", "unit": "ns", "value": 704}], [{"date": "2021-12-23", "name": "T1", "unit": "us", "value": 95.85828248406357}, {"date": "2021-12-23", "name": "T2", "unit": "us", "value": 122.27066670992544}, {"date": "2021-12-23", "name": "frequency", "unit": "GHz", "value": 5.099592719885712}, {"date": "2021-12-23", "name": "anharmonicity", "unit": "GHz", "value": -0.3432484042938357}, {"date": "2021-12-23", "name": "readout_error", "unit": "", "value": 0.00880000000000003}, {"date": "2021-12-23", "name": "prob_meas0_prep1", "unit": "", "value": 0.0096}, {"date": "2021-12-23", "name": "prob_meas1_prep0", "unit": "", "value": 0.008000000000000007}, {"date": "2021-12-23", "name": "readout_length", "unit": "ns", "value": 704}], [{"date": "2021-12-23", "name": "T1", "unit": "us", "value": 123.47703982879736}, {"date": "2021-12-23", "name": "T2", "unit": "us", "value": 142.09826464180736}, {"date": "2021-12-23", "name": "frequency", "unit": "GHz", "value": 5.188389021793394}, {"date": "2021-12-23", "name": "anharmonicity", "unit": "GHz", "value": -0.3419316690031256}, {"date": "2021-12-23", "name": "readout_error", "unit": "", "value": 0.005099999999999993}, {"date": "2021-12-23", "name": "prob_meas0_prep1", "unit": "", "value": 0.0064}, {"date": "2021-12-23", "name": "prob_meas1_prep0", "unit": "", "value": 0.0038000000000000256}, {"date": "2021-12-23", "name": "readout_length", "unit": "ns", "value": 704}], [{"date": "2021-12-23", "name": "T1", "unit": "us", "value": 199.17190797058507}, {"date": "2021-12-23", "name": "T2", "unit": "us", "value": 136.50635220190594}, {"date": "2021-12-23", "name": "frequency", "unit": "GHz", "value": 4.987510352072225}, {"date": "2021-12-23", "name": "anharmonicity", "unit": "GHz", "value": -0.3452928861203798}, {"date": "2021-12-23", "name": "readout_error", "unit": "", "value": 0.018299999999999983}, {"date": "2021-12-23", "name": "prob_meas0_prep1", "unit": "", "value": 0.0232}, {"date": "2021-12-23", "name": "prob_meas1_prep0", "unit": "", "value": 0.013399999999999967}, {"date": "2021-12-23", "name": "readout_length", "unit": "ns", "value": 704}], [{"date": "2021-12-23", "name": "T1", "unit": "us", "value": 84.54709731954902}, {"date": "2021-12-23", "name": "T2", "unit": "us", "value": 47.254948119299875}, {"date": "2021-12-23", "name": "frequency", "unit": "GHz", "value": 5.2853377318596175}, {"date": "2021-12-23", "name": "anharmonicity", "unit": "GHz", "value": -0.3392342674107948}, {"date": "2021-12-23", "name": "readout_error", "unit": "", "value": 0.012900000000000023}, {"date": "2021-12-23", "name": "prob_meas0_prep1", "unit": "", "value": 0.012800000000000034}, {"date": "2021-12-23", "name": "prob_meas1_prep0", "unit": "", "value": 0.013}, {"date": "2021-12-23", "name": "readout_length", "unit": "ns", "value": 704}], [{"date": "2021-12-23", "name": "T1", "unit": "us", "value": 150.76200816139178}, {"date": "2021-12-23", "name": "T2", "unit": "us", "value": 96.39782415636734}, {"date": "2021-12-23", "name": "frequency", "unit": "GHz", "value": 5.176177430097254}, {"date": "2021-12-23", "name": "anharmonicity", "unit": "GHz", "value": -0.34079297245074963}, {"date": "2021-12-23", "name": "readout_error", "unit": "", "value": 0.011800000000000033}, {"date": "2021-12-23", "name": "prob_meas0_prep1", "unit": "", "value": 0.0136}, {"date": "2021-12-23", "name": "prob_meas1_prep0", "unit": "", "value": 0.010000000000000009}, {"date": "2021-12-23", "name": "readout_length", "unit": "ns", "value": 704}], [{"date": "2021-12-23", "name": "T1", "unit": "us", "value": 153.0643524675277}, {"date": "2021-12-23", "name": "T2", "unit": "us", "value": 138.25149773688904}, {"date": "2021-12-23", "name": "frequency", "unit": "GHz", "value": 5.063929921721369}, {"date": "2021-12-23", "name": "anharmonicity", "unit": "GHz", "value": -0.34275836537159754}, {"date": "2021-12-23", "name": "readout_error", "unit": "", "value": 0.006800000000000028}, {"date": "2021-12-23", "name": "prob_meas0_prep1", "unit": "", "value": 0.007800000000000029}, {"date": "2021-12-23", "name": "prob_meas1_prep0", "unit": "", "value": 0.0058}, {"date": "2021-12-23", "name": "readout_length", "unit": "ns", "value": 704}]], "gates": [{"qubits": [0], "gate": "id", "parameters": [{"date": "2021-12-23", "name": "gate_error", "unit": "", "value": 0.0002448130763580676}, {"date": "2021-12-23", "name": "gate_length", "unit": "ns", "value": 35.55555555555556}], "name": "id0"}, {"qubits": [1], "gate": "id", "parameters": [{"date": "2021-12-23", "name": "gate_error", "unit": "", "value": 0.00016815027760599626}, {"date": "2021-12-23", "name": "gate_length", "unit": "ns", "value": 35.55555555555556}], "name": "id1"}, {"qubits": [2], "gate": "id", "parameters": [{"date": "2021-12-23", "name": "gate_error", "unit": "", "value": 0.00017873270784667957}, {"date": "2021-12-23", "name": "gate_length", "unit": "ns", "value": 35.55555555555556}], "name": "id2"}, {"qubits": [3], "gate": "id", "parameters": [{"date": "2021-12-23", "name": "gate_error", "unit": "", "value": 0.0005499334569972643}, {"date": "2021-12-23", "name": "gate_length", "unit": "ns", "value": 35.55555555555556}], "name": "id3"}, {"qubits": [4], "gate": "id", "parameters": [{"date": "2021-12-23", "name": "gate_error", "unit": "", "value": 0.0003196234317472674}, {"date": "2021-12-23", "name": "gate_length", "unit": "ns", "value": 35.55555555555556}], "name": "id4"}, {"qubits": [5], "gate": "id", "parameters": [{"date": "2021-12-23", "name": "gate_error", "unit": "", "value": 0.00019523088287290444}, {"date": "2021-12-23", "name": "gate_length", "unit": "ns", "value": 35.55555555555556}], "name": "id5"}, {"qubits": [6], "gate": "id", "parameters": [{"date": "2021-12-23", "name": "gate_error", "unit": "", "value": 0.00021429862056517886}, {"date": "2021-12-23", "name": "gate_length", "unit": "ns", "value": 35.55555555555556}], "name": "id6"}, {"qubits": [0], "gate": "rz", "parameters": [{"date": "2021-12-23", "name": "gate_error", "unit": "", "value": 0}, {"date": "2021-12-23", "name": "gate_length", "unit": "ns", "value": 0}], "name": "rz0"}, {"qubits": [1], "gate": "rz", "parameters": [{"date": "2021-12-23", "name": "gate_error", "unit": "", "value": 0}, {"date": "2021-12-23", "name": "gate_length", "unit": "ns", "value": 0}], "name": "rz1"}, {"qubits": [2], "gate": "rz", "parameters": [{"date": "2021-12-23", "name": "gate_error", "unit": "", "value": 0}, {"date": "2021-12-23", "name": "gate_length", "unit": "ns", "value": 0}], "name": "rz2"}, {"qubits": [3], "gate": "rz", "parameters": [{"date": "2021-12-23", "name": "gate_error", "unit": "", "value": 0}, {"date": "2021-12-23", "name": "gate_length", "unit": "ns", "value": 0}], "name": "rz3"}, {"qubits": [4], "gate": "rz", "parameters": [{"date": "2021-12-23", "name": "gate_error", "unit": "", "value": 0}, {"date": "2021-12-23", "name": "gate_length", "unit": "ns", "value": 0}], "name": "rz4"}, {"qubits": [5], "gate": "rz", "parameters": [{"date": "2021-12-23", "name": "gate_error", "unit": "", "value": 0}, {"date": "2021-12-23", "name": "gate_length", "unit": "ns", "value": 0}], "name": "rz5"}, {"qubits": [6], "gate": "rz", "parameters": [{"date": "2021-12-23", "name": "gate_error", "unit": "", "value": 0}, {"date": "2021-12-23", "name": "gate_length", "unit": "ns", "value": 0}], "name": "rz6"}, {"qubits": [0], "gate": "sx", "parameters": [{"date": "2021-12-23", "name": "gate_error", "unit": "", "value": 0.0002448130763580676}, {"date": "2021-12-23", "name": "gate_length", "unit": "ns", "value": 35.55555555555556}], "name": "sx0"}, {"qubits": [1], "gate": "sx", "parameters": [{"date": "2021-12-23", "name": "gate_error", "unit": "", "value": 0.00016815027760599626}, {"date": "2021-12-23", "name": "gate_length", "unit": "ns", "value": 35.55555555555556}], "name": "sx1"}, {"qubits": [2], "gate": "sx", "parameters": [{"date": "2021-12-23", "name": "gate_error", "unit": "", "value": 0.00017873270784667957}, {"date": "2021-12-23", "name": "gate_length", "unit": "ns", "value": 35.55555555555556}], "name": "sx2"}, {"qubits": [3], "gate": "sx", "parameters": [{"date": "2021-12-23", "name": "gate_error", "unit": "", "value": 0.0005499334569972643}, {"date": "2021-12-23", "name": "gate_length", "unit": "ns", "value": 35.55555555555556}], "name": "sx3"}, {"qubits": [4], "gate": "sx", "parameters": [{"date": "2021-12-23", "name": "gate_error", "unit": "", "value": 0.0003196234317472674}, {"date": "2021-12-23", "name": "gate_length", "unit": "ns", "value": 35.55555555555556}], "name": "sx4"}, {"qubits": [5], "gate": "sx", "parameters": [{"date": "2021-12-23", "name": "gate_error", "unit": "", "value": 0.00019523088287290444}, {"date": "2021-12-23", "name": "gate_length", "unit": "ns", "value": 35.55555555555556}], "name": "sx5"}, {"qubits": [6], "gate": "sx", "parameters": [{"date": "2021-12-23", "name": "gate_error", "unit": "", "value": 0.00021429862056517886}, {"date": "2021-12-23", "name": "gate_length", "unit": "ns", "value": 35.55555555555556}], "name": "sx6"}, {"qubits": [0], "gate": "x", "parameters": [{"date": "2021-12-23", "name": "gate_error", "unit": "", "value": 0.0002448130763580676}, {"date": "2021-12-23", "name": "gate_length", "unit": "ns", "value": 35.55555555555556}], "name": "x0"}, {"qubits": [1], "gate": "x", "parameters": [{"date": "2021-12-23", "name": "gate_error", "unit": "", "value": 0.00016815027760599626}, {"date": "2021-12-23", "name": "gate_length", "unit": "ns", "value": 35.55555555555556}], "name": "x1"}, {"qubits": [2], "gate": "x", "parameters": [{"date": "2021-12-23", "name": "gate_error", "unit": "", "value": 0.00017873270784667957}, {"date": "2021-12-23", "name": "gate_length", "unit": "ns", "value": 35.55555555555556}], "name": "x2"}, {"qubits": [3], "gate": "x", "parameters": [{"date": "2021-12-23", "name": "gate_error", "unit": "", "value": 0.0005499334569972643}, {"date": "2021-12-23", "name": "gate_length", "unit": "ns", "value": 35.55555555555556}], "name": "x3"}, {"qubits": [4], "gate": "x", "parameters": [{"date": "2021-12-23", "name": "gate_error", "unit": "", "value": 0.0003196234317472674}, {"date": "2021-12-23", "name": "gate_length", "unit": "ns", "value": 35.55555555555556}], "name": "x4"}, {"qubits": [5], "gate": "x", "parameters": [{"date": "2021-12-23", "name": "gate_error", "unit": "", "value": 0.00019523088287290444}, {"date": "2021-12-23", "name": "gate_length", "unit": "ns", "value": 35.55555555555556}], "name": "x5"}, {"qubits": [6], "gate": "x", "parameters": [{"date": "2021-12-23", "name": "gate_error", "unit": "", "value": 0.00021429862056517886}, {"date": "2021-12-23", "name": "gate_length", "unit": "ns", "value": 35.55555555555556}], "name": "x6"}, {"qubits": [5, 4], "gate": "cx", "parameters": [{"date": "2021-12-23", "name": "gate_error", "unit": "", "value": 0.008376204866783282}, {"date": "2021-12-20", "name": "gate_length", "unit": "ns", "value": 327.1111111111111}], "name": "cx5_4"}, {"qubits": [4, 5], "gate": "cx", "parameters": [{"date": "2021-12-23", "name": "gate_error", "unit": "", "value": 0.008376204866783282}, {"date": "2021-12-20", "name": "gate_length", "unit": "ns", "value": 362.66666666666663}], "name": "cx4_5"}, {"qubits": [3, 1], "gate": "cx", "parameters": [{"date": "2021-12-23", "name": "gate_error", "unit": "", "value": 0.007664362184871626}, {"date": "2021-12-20", "name": "gate_length", "unit": "ns", "value": 298.66666666666663}], "name": "cx3_1"}, {"qubits": [1, 3], "gate": "cx", "parameters": [{"date": "2021-12-23", "name": "gate_error", "unit": "", "value": 0.007664362184871626}, {"date": "2021-12-20", "name": "gate_length", "unit": "ns", "value": 334.22222222222223}], "name": "cx1_3"}, {"qubits": [5, 6], "gate": "cx", "parameters": [{"date": "2021-12-23", "name": "gate_error", "unit": "", "value": 0.00514402876389744}, {"date": "2021-12-20", "name": "gate_length", "unit": "ns", "value": 256}], "name": "cx5_6"}, {"qubits": [6, 5], "gate": "cx", "parameters": [{"date": "2021-12-23", "name": "gate_error", "unit": "", "value": 0.00514402876389744}, {"date": "2021-12-20", "name": "gate_length", "unit": "ns", "value": 291.55555555555554}], "name": "cx6_5"}, {"qubits": [5, 3], "gate": "cx", "parameters": [{"date": "2021-12-23", "name": "gate_error", "unit": "", "value": 0.012946619900697703}, {"date": "2021-12-20", "name": "gate_length", "unit": "ns", "value": 298.66666666666663}], "name": "cx5_3"}, {"qubits": [3, 5], "gate": "cx", "parameters": [{"date": "2021-12-23", "name": "gate_error", "unit": "", "value": 0.012946619900697703}, {"date": "2021-12-20", "name": "gate_length", "unit": "ns", "value": 334.22222222222223}], "name": "cx3_5"}, {"qubits": [2, 1], "gate": "cx", "parameters": [{"date": "2021-12-23", "name": "gate_error", "unit": "", "value": 0.005006911076553516}, {"date": "2021-12-20", "name": "gate_length", "unit": "ns", "value": 291.55555555555554}], "name": "cx2_1"}, {"qubits": [1, 2], "gate": "cx", "parameters": [{"date": "2021-12-23", "name": "gate_error", "unit": "", "value": 0.005006911076553516}, {"date": "2021-12-20", "name": "gate_length", "unit": "ns", "value": 327.1111111111111}], "name": "cx1_2"}, {"qubits": [0, 1], "gate": "cx", "parameters": [{"date": "2021-12-23", "name": "gate_error", "unit": "", "value": 0.006614989660534948}, {"date": "2021-12-20", "name": "gate_length", "unit": "ns", "value": 305.77777777777777}], "name": "cx0_1"}, {"qubits": [1, 0], "gate": "cx", "parameters": [{"date": "2021-12-23", "name": "gate_error", "unit": "", "value": 0.006614989660534948}, {"date": "2021-12-20", "name": "gate_length", "unit": "ns", "value": 341.3333333333333}], "name": "cx1_0"}, {"qubits": [0], "gate": "reset", "parameters": [{"date": "2021-12-23", "name": "gate_length", "unit": "ns", "value": 1002.6666666666666}], "name": "reset0"}, {"qubits": [1], "gate": "reset", "parameters": [{"date": "2021-12-23", "name": "gate_length", "unit": "ns", "value": 1002.6666666666666}], "name": "reset1"}, {"qubits": [2], "gate": "reset", "parameters": [{"date": "2021-12-23", "name": "gate_length", "unit": "ns", "value": 995.5555555555555}], "name": "reset2"}, {"qubits": [3], "gate": "reset", "parameters": [{"date": "2021-12-23", "name": "gate_length", "unit": "ns", "value": 988.4444444444443}], "name": "reset3"}, {"qubits": [4], "gate": "reset", "parameters": [{"date": "2021-12-23", "name": "gate_length", "unit": "ns", "value": 1002.6666666666666}], "name": "reset4"}, {"qubits": [5], "gate": "reset", "parameters": [{"date": "2021-12-23", "name": "gate_length", "unit": "ns", "value": 1002.6666666666666}], "name": "reset5"}, {"qubits": [6], "gate": "reset", "parameters": [{"date": "2021-12-23", "name": "gate_length", "unit": "ns", "value": 988.4444444444443}], "name": "reset6"}], "general": [{"date": "2021-12-23", "name": "jq_01", "unit": "GHz", "value": 0.0017239661070310697}, {"date": "2021-12-23", "name": "zz_01", "unit": "GHz", "value": -4.1551259389276154e-05}, {"date": "2021-12-23", "name": "jq_12", "unit": "GHz", "value": 0.003306427365570105}, {"date": "2021-12-23", "name": "zz_12", "unit": "GHz", "value": -0.00013691896518548322}, {"date": "2021-12-23", "name": "jq_45", "unit": "GHz", "value": 0.0033964931013144256}, {"date": "2021-12-23", "name": "zz_45", "unit": "GHz", "value": -0.00015134337521539932}, {"date": "2021-12-23", "name": "jq_56", "unit": "GHz", "value": 0.0032394441256406383}, {"date": "2021-12-23", "name": "zz_56", "unit": "GHz", "value": -0.0001381127844927418}, {"date": "2021-12-23", "name": "jq_13", "unit": "GHz", "value": 0.003219077603102807}, {"date": "2021-12-23", "name": "zz_13", "unit": "GHz", "value": -0.00013509145307819546}, {"date": "2021-12-23", "name": "jq_35", "unit": "GHz", "value": 0.0023455196332844842}, {"date": "2021-12-23", "name": "zz_35", "unit": "GHz", "value": -9.35336850076191e-05}]}