{"backend_name": "ibm_lagos", "backend_version": "1.0.1", "last_update_date": "2021-8-10", "qubits": [[{"date": "2021-8-10", "name": "T1", "unit": "us", "value": 129.81663361131757}, {"date": "2021-8-10", "name": "T2", "unit": "us", "value": 42.534739473516815}, {"date": "2021-8-10", "name": "frequency", "unit": "GHz", "value": 5.235319299849177}, {"date": "2021-8-10", "name": "anharmonicity", "unit": "GHz", "value": -0.33986713855915607}, {"date": "2021-8-10", "name": "readout_error", "unit": "", "value": 0.008700000000000041}, {"date": "2021-8-10", "name": "prob_meas0_prep1", "unit": "", "value": 0.0098}, {"date": "2021-8-10", "name": "prob_meas1_prep0", "unit": "", "value": 0.007600000000000051}, {"date": "2021-8-10", "name": "readout_length", "unit": "ns", "value": 704}], [{"date": "2021-8-10", "name": "T1", "unit": "us", "value": 122.42264316990205}, {"date": "2021-8-10", "name": "T2", "unit": "us", "value": 87.0231176169792}, {"date": "2021-8-10", "name": "frequency", "unit": "GHz", "value": 5.099400183303603}, {"date": "2021-8-10", "name": "anharmonicity", "unit": "GHz", "value": -0.3432484042938357}, {"date": "2021-8-10", "name": "readout_error", "unit": "", "value": 0.013000000000000012}, {"date": "2021-8-10", "name": "prob_meas0_prep1", "unit": "", "value": 0.0192}, {"date": "2021-8-10", "name": "prob_meas1_prep0", "unit": "", "value": 0.006800000000000028}, {"date": "2021-8-10", "name": "readout_length", "unit": "ns", "value": 704}], [{"date": "2021-8-10", "name": "T1", "unit": "us", "value": 124.80089513737941}, {"date": "2021-8-10", "name": "T2", "unit": "us", "value": 109.33158787609192}, {"date": "2021-8-10", "name": "frequency", "unit": "GHz", "value": 5.187862004731827}, {"date": "2021-8-10", "name": "anharmonicity", "unit": "GHz", "value": -0.3419316690031256}, {"date": "2021-8-10", "name": "readout_error", "unit": "", "value": 0.007099999999999995}, {"date": "2021-8-10", "name": "prob_meas0_prep1", "unit": "", "value": 0.0084}, {"date": "2021-8-10", "name": "prob_meas1_prep0", "unit": "", "value": 0.005800000000000027}, {"date": "2021-8-10", "name": "readout_length", "unit": "ns", "value": 704}], [{"date": "2021-8-10", "name": "T1", "unit": "us", "value": 144.87150496873087}, {"date": "2021-8-10", "name": "T2", "unit": "us", "value": 115.80741905863609}, {"date": "2021-8-10", "name": "frequency", "unit": "GHz", "value": 4.986868060797925}, {"date": "2021-8-10", "name": "anharmonicity", "unit": "GHz", "value": -0.3452928861203798}, {"date": "2021-8-10", "name": "readout_error", "unit": "", "value": 0.0047999999999999154}, {"date": "2021-8-10", "name": "prob_meas0_prep1", "unit": "", "value": 0.0064}, {"date": "2021-8-10", "name": "prob_meas1_prep0", "unit": "", "value": 0.0031999999999999806}, {"date": "2021-8-10", "name": "readout_length", "unit": "ns", "value": 704}], [{"date": "2021-8-10", "name": "T1", "unit": "us", "value": 134.08203239465564}, {"date": "2021-8-10", "name": "T2", "unit": "us", "value": 28.04714011414282}, {"date": "2021-8-10", "name": "frequency", "unit": "GHz", "value": 5.28534416649939}, {"date": "2021-8-10", "name": "anharmonicity", "unit": "GHz", "value": -0.3392342674107948}, {"date": "2021-8-10", "name": "readout_error", "unit": "", "value": 0.008000000000000007}, {"date": "2021-8-10", "name": "prob_meas0_prep1", "unit": "", "value": 0.009399999999999964}, {"date": "2021-8-10", "name": "prob_meas1_prep0", "unit": "", "value": 0.0066}, {"date": "2021-8-10", "name": "readout_length", "unit": "ns", "value": 704}], [{"date": "2021-8-10", "name": "T1", "unit": "us", "value": 129.90200773519172}, {"date": "2021-8-10", "name": "T2", "unit": "us", "value": 84.97104230774559}, {"date": "2021-8-10", "name": "frequency", "unit": "GHz", "value": 5.176858999868179}, {"date": "2021-8-10", "name": "anharmonicity", "unit": "GHz", "value": -0.34079297245074963}, {"date": "2021-8-10", "name": "readout_error", "unit": "", "value": 0.01200000000000001}, {"date": "2021-8-10", "name": "prob_meas0_prep1", "unit": "", "value": 0.0124}, {"date": "2021-8-10", "name": "prob_meas1_prep0", "unit": "", "value": 0.011600000000000055}, {"date": "2021-8-10", "name": "readout_length", "unit": "ns", "value": 704}], [{"date": "2021-8-10", "name": "T1", "unit": "us", "value": 128.32568575061148}, {"date": "2021-8-10", "name": "T2", "unit": "us", "value": 107.10883208225349}, {"date": "2021-8-10", "name": "frequency", "unit": "GHz", "value": 5.064101475889901}, {"date": "2021-8-10", "name": "anharmonicity", "unit": "GHz", "value": -0.34275836537159754}, {"date": "2021-8-10", "name": "readout_error", "unit": "", "value": 0.00539999999999996}, {"date": "2021-8-10", "name": "prob_meas0_prep1", "unit": "", "value": 0.0064}, {"date": "2021-8-10", "name": "prob_meas1_prep0", "unit": "", "value": 0.0043999999999999595}, {"date": "2021-8-10", "name": "readout_length", "unit": "ns", "value": 704}]], "gates": [{"qubits": [0], "gate": "id", "parameters": [{"date": "2021-8-10", "name": "gate_error", "unit": "", "value": 0.00022584221422284828}, {"date": "2021-8-10", "name": "gate_length", "unit": "ns", "value": 35.55555555555556}], "name": "id0"}, {"qubits": [1], "gate": "id", "parameters": [{"date": "2021-8-10", "name": "gate_error", "unit": "", "value": 0.00023237052643533597}, {"date": "2021-8-10", "name": "gate_length", "unit": "ns", "value": 35.55555555555556}], "name": "id1"}, {"qubits": [2], "gate": "id", "parameters": [{"date": "2021-8-10", "name": "gate_error", "unit": "", "value": 0.0001946665173888908}, {"date": "2021-8-10", "name": "gate_length", "unit": "ns", "value": 35.55555555555556}], "name": "id2"}, {"qubits": [3], "gate": "id", "parameters": [{"date": "2021-8-10", "name": "gate_error", "unit": "", "value": 0.0001816097685536686}, {"date": "2021-8-10", "name": "gate_length", "unit": "ns", "value": 35.55555555555556}], "name": "id3"}, {"qubits": [4], "gate": "id", "parameters": [{"date": "2021-8-10", "name": "gate_error", "unit": "", "value": 0.0002039299331070905}, {"date": "2021-8-10", "name": "gate_length", "unit": "ns", "value": 35.55555555555556}], "name": "id4"}, {"qubits": [5], "gate": "id", "parameters": [{"date": "2021-8-10", "name": "gate_error", "unit": "", "value": 0.000150405972313555}, {"date": "2021-8-10", "name": "gate_length", "unit": "ns", "value": 35.55555555555556}], "name": "id5"}, {"qubits": [6], "gate": "id", "parameters": [{"date": "2021-8-10", "name": "gate_error", "unit": "", "value": 0.000168770578070776}, {"date": "2021-8-10", "name": "gate_length", "unit": "ns", "value": 35.55555555555556}], "name": "id6"}, {"qubits": [0], "gate": "rz", "parameters": [{"date": "2021-8-10", "name": "gate_error", "unit": "", "value": 0}, {"date": "2021-8-10", "name": "gate_length", "unit": "ns", "value": 0}], "name": "rz0"}, {"qubits": [1], "gate": "rz", "parameters": [{"date": "2021-8-10", "name": "gate_error", "unit": "", "value": 0}, {"date": "2021-8-10", "name": "gate_length", "unit": "ns", "value": 0}], "name": "rz1"}, {"qubits": [2], "gate": "rz", "parameters": [{"date": "2021-8-10", "name": "gate_error", "unit": "", "value": 0}, {"date": "2021-8-10", "name": "gate_length", "unit": "ns", "value": 0}], "name": "rz2"}, {"qubits": [3], "gate": "rz", "parameters": [{"date": "2021-8-10", "name": "gate_error", "unit": "", "value": 0}, {"date": "2021-8-10", "name": "gate_length", "unit": "ns", "value": 0}], "name": "rz3"}, {"qubits": [4], "gate": "rz", "parameters": [{"date": "2021-8-10", "name": "gate_error", "unit": "", "value": 0}, {"date": "2021-8-10", "name": "gate_length", "unit": "ns", "value": 0}], "name": "rz4"}, {"qubits": [5], "gate": "rz", "parameters": [{"date": "2021-8-10", "name": "gate_error", "unit": "", "value": 0}, {"date": "2021-8-10", "name": "gate_length", "unit": "ns", "value": 0}], "name": "rz5"}, {"qubits": [6], "gate": "rz", "parameters": [{"date": "2021-8-10", "name": "gate_error", "unit": "", "value": 0}, {"date": "2021-8-10", "name": "gate_length", "unit": "ns", "value": 0}], "name": "rz6"}, {"qubits": [0], "gate": "sx", "parameters": [{"date": "2021-8-10", "name": "gate_error", "unit": "", "value": 0.00022584221422284828}, {"date": "2021-8-10", "name": "gate_length", "unit": "ns", "value": 35.55555555555556}], "name": "sx0"}, {"qubits": [1], "gate": "sx", "parameters": [{"date": "2021-8-10", "name": "gate_error", "unit": "", "value": 0.00023237052643533597}, {"date": "2021-8-10", "name": "gate_length", "unit": "ns", "value": 35.55555555555556}], "name": "sx1"}, {"qubits": [2], "gate": "sx", "parameters": [{"date": "2021-8-10", "name": "gate_error", "unit": "", "value": 0.0001946665173888908}, {"date": "2021-8-10", "name": "gate_length", "unit": "ns", "value": 35.55555555555556}], "name": "sx2"}, {"qubits": [3], "gate": "sx", "parameters": [{"date": "2021-8-10", "name": "gate_error", "unit": "", "value": 0.0001816097685536686}, {"date": "2021-8-10", "name": "gate_length", "unit": "ns", "value": 35.55555555555556}], "name": "sx3"}, {"qubits": [4], "gate": "sx", "parameters": [{"date": "2021-8-10", "name": "gate_error", "unit": "", "value": 0.0002039299331070905}, {"date": "2021-8-10", "name": "gate_length", "unit": "ns", "value": 35.55555555555556}], "name": "sx4"}, {"qubits": [5], "gate": "sx", "parameters": [{"date": "2021-8-10", "name": "gate_error", "unit": "", "value": 0.000150405972313555}, {"date": "2021-8-10", "name": "gate_length", "unit": "ns", "value": 35.55555555555556}], "name": "sx5"}, {"qubits": [6], "gate": "sx", "parameters": [{"date": "2021-8-10", "name": "gate_error", "unit": "", "value": 0.000168770578070776}, {"date": "2021-8-10", "name": "gate_length", "unit": "ns", "value": 35.55555555555556}], "name": "sx6"}, {"qubits": [0], "gate": "x", "parameters": [{"date": "2021-8-10", "name": "gate_error", "unit": "", "value": 0.00022584221422284828}, {"date": "2021-8-10", "name": "gate_length", "unit": "ns", "value": 35.55555555555556}], "name": "x0"}, {"qubits": [1], "gate": "x", "parameters": [{"date": "2021-8-10", "name": "gate_error", "unit": "", "value": 0.00023237052643533597}, {"date": "2021-8-10", "name": "gate_length", "unit": "ns", "value": 35.55555555555556}], "name": "x1"}, {"qubits": [2], "gate": "x", "parameters": [{"date": "2021-8-10", "name": "gate_error", "unit": "", "value": 0.0001946665173888908}, {"date": "2021-8-10", "name": "gate_length", "unit": "ns", "value": 35.55555555555556}], "name": "x2"}, {"qubits": [3], "gate": "x", "parameters": [{"date": "2021-8-10", "name": "gate_error", "unit": "", "value": 0.0001816097685536686}, {"date": "2021-8-10", "name": "gate_length", "unit": "ns", "value": 35.55555555555556}], "name": "x3"}, {"qubits": [4], "gate": "x", "parameters": [{"date": "2021-8-10", "name": "gate_error", "unit": "", "value": 0.0002039299331070905}, {"date": "2021-8-10", "name": "gate_length", "unit": "ns", "value": 35.55555555555556}], "name": "x4"}, {"qubits": [5], "gate": "x", "parameters": [{"date": "2021-8-10", "name": "gate_error", "unit": "", "value": 0.000150405972313555}, {"date": "2021-8-10", "name": "gate_length", "unit": "ns", "value": 35.55555555555556}], "name": "x5"}, {"qubits": [6], "gate": "x", "parameters": [{"date": "2021-8-10", "name": "gate_error", "unit": "", "value": 0.000168770578070776}, {"date": "2021-8-10", "name": "gate_length", "unit": "ns", "value": 35.55555555555556}], "name": "x6"}, {"qubits": [5, 4], "gate": "cx", "parameters": [{"date": "2021-8-10", "name": "gate_error", "unit": "", "value": 0.004916559096743406}, {"date": "2021-8-7", "name": "gate_length", "unit": "ns", "value": 327.1111111111111}], "name": "cx5_4"}, {"qubits": [4, 5], "gate": "cx", "parameters": [{"date": "2021-8-10", "name": "gate_error", "unit": "", "value": 0.004916559096743406}, {"date": "2021-8-7", "name": "gate_length", "unit": "ns", "value": 362.66666666666663}], "name": "cx4_5"}, {"qubits": [3, 1], "gate": "cx", "parameters": [{"date": "2021-8-10", "name": "gate_error", "unit": "", "value": 0.0066122155225464}, {"date": "2021-8-7", "name": "gate_length", "unit": "ns", "value": 298.66666666666663}], "name": "cx3_1"}, {"qubits": [1, 3], "gate": "cx", "parameters": [{"date": "2021-8-10", "name": "gate_error", "unit": "", "value": 0.0066122155225464}, {"date": "2021-8-7", "name": "gate_length", "unit": "ns", "value": 334.22222222222223}], "name": "cx1_3"}, {"qubits": [5, 6], "gate": "cx", "parameters": [{"date": "2021-8-10", "name": "gate_error", "unit": "", "value": 0.003022113422206041}, {"date": "2021-8-7", "name": "gate_length", "unit": "ns", "value": 256}], "name": "cx5_6"}, {"qubits": [6, 5], "gate": "cx", "parameters": [{"date": "2021-8-10", "name": "gate_error", "unit": "", "value": 0.003022113422206041}, {"date": "2021-8-7", "name": "gate_length", "unit": "ns", "value": 291.55555555555554}], "name": "cx6_5"}, {"qubits": [5, 3], "gate": "cx", "parameters": [{"date": "2021-8-10", "name": "gate_error", "unit": "", "value": 0.0041288197292485285}, {"date": "2021-8-7", "name": "gate_length", "unit": "ns", "value": 298.66666666666663}], "name": "cx5_3"}, {"qubits": [3, 5], "gate": "cx", "parameters": [{"date": "2021-8-10", "name": "gate_error", "unit": "", "value": 0.0041288197292485285}, {"date": "2021-8-7", "name": "gate_length", "unit": "ns", "value": 334.22222222222223}], "name": "cx3_5"}, {"qubits": [2, 1], "gate": "cx", "parameters": [{"date": "2021-8-10", "name": "gate_error", "unit": "", "value": 0.005418231127679779}, {"date": "2021-8-7", "name": "gate_length", "unit": "ns", "value": 291.55555555555554}], "name": "cx2_1"}, {"qubits": [1, 2], "gate": "cx", "parameters": [{"date": "2021-8-10", "name": "gate_error", "unit": "", "value": 0.005418231127679779}, {"date": "2021-8-7", "name": "gate_length", "unit": "ns", "value": 327.1111111111111}], "name": "cx1_2"}, {"qubits": [0, 1], "gate": "cx", "parameters": [{"date": "2021-8-10", "name": "gate_error", "unit": "", "value": 0.008307907564868322}, {"date": "2021-8-7", "name": "gate_length", "unit": "ns", "value": 305.77777777777777}], "name": "cx0_1"}, {"qubits": [1, 0], "gate": "cx", "parameters": [{"date": "2021-8-10", "name": "gate_error", "unit": "", "value": 0.008307907564868322}, {"date": "2021-8-7", "name": "gate_length", "unit": "ns", "value": 341.3333333333333}], "name": "cx1_0"}, {"qubits": [0], "gate": "reset", "parameters": [{"date": "2021-8-10", "name": "gate_length", "unit": "ns", "value": 1002.6666666666666}], "name": "reset0"}, {"qubits": [1], "gate": "reset", "parameters": [{"date": "2021-8-10", "name": "gate_length", "unit": "ns", "value": 1002.6666666666666}], "name": "reset1"}, {"qubits": [2], "gate": "reset", "parameters": [{"date": "2021-8-10", "name": "gate_length", "unit": "ns", "value": 995.5555555555555}], "name": "reset2"}, {"qubits": [3], "gate": "reset", "parameters": [{"date": "2021-8-10", "name": "gate_length", "unit": "ns", "value": 988.4444444444443}], "name": "reset3"}, {"qubits": [4], "gate": "reset", "parameters": [{"date": "2021-8-10", "name": "gate_length", "unit": "ns", "value": 1002.6666666666666}], "name": "reset4"}, {"qubits": [5], "gate": "reset", "parameters": [{"date": "2021-8-10", "name": "gate_length", "unit": "ns", "value": 1002.6666666666666}], "name": "reset5"}, {"qubits": [6], "gate": "reset", "parameters": [{"date": "2021-8-10", "name": "gate_length", "unit": "ns", "value": 988.4444444444443}], "name": "reset6"}], "general": [{"date": "2021-8-10", "name": "jq_01", "unit": "GHz", "value": 0.0017239661070310697}, {"date": "2021-8-10", "name": "zz_01", "unit": "GHz", "value": -4.1551259389276154e-05}, {"date": "2021-8-10", "name": "jq_12", "unit": "GHz", "value": 0.003306427365570105}, {"date": "2021-8-10", "name": "zz_12", "unit": "GHz", "value": -0.00013691896518548322}, {"date": "2021-8-10", "name": "jq_45", "unit": "GHz", "value": 0.0033964931013144256}, {"date": "2021-8-10", "name": "zz_45", "unit": "GHz", "value": -0.00015134337521539932}, {"date": "2021-8-10", "name": "jq_56", "unit": "GHz", "value": 0.0032394441256406383}, {"date": "2021-8-10", "name": "zz_56", "unit": "GHz", "value": -0.0001381127844927418}, {"date": "2021-8-10", "name": "jq_13", "unit": "GHz", "value": 0.003219077603102807}, {"date": "2021-8-10", "name": "zz_13", "unit": "GHz", "value": -0.00013509145307819546}, {"date": "2021-8-10", "name": "jq_35", "unit": "GHz", "value": 0.0023455196332844842}, {"date": "2021-8-10", "name": "zz_35", "unit": "GHz", "value": -9.35336850076191e-05}]}