{"backend_name": "ibm_lagos", "backend_version": "1.0.14", "last_update_date": "2021-11-8", "qubits": [[{"date": "2021-11-8", "name": "T1", "unit": "us", "value": 147.94665323516452}, {"date": "2021-11-8", "name": "T2", "unit": "us", "value": 13.989874238630527}, {"date": "2021-11-8", "name": "frequency", "unit": "GHz", "value": 5.23523817728565}, {"date": "2021-11-8", "name": "anharmonicity", "unit": "GHz", "value": -0.33986713855915607}, {"date": "2021-11-8", "name": "readout_error", "unit": "", "value": 0.13}, {"date": "2021-11-8", "name": "prob_meas0_prep1", "unit": "", "value": 0.21999999999999997}, {"date": "2021-11-8", "name": "prob_meas1_prep0", "unit": "", "value": 0.04}, {"date": "2021-11-8", "name": "readout_length", "unit": "ns", "value": 704}], [{"date": "2021-11-8", "name": "T1", "unit": "us", "value": 99.68646947421766}, {"date": "2021-11-8", "name": "T2", "unit": "us", "value": 70.11359078539658}, {"date": "2021-11-8", "name": "frequency", "unit": "GHz", "value": 5.099583309423734}, {"date": "2021-11-8", "name": "anharmonicity", "unit": "GHz", "value": -0.3432484042938357}, {"date": "2021-11-8", "name": "readout_error", "unit": "", "value": 0.010000000000000009}, {"date": "2021-11-8", "name": "prob_meas0_prep1", "unit": "", "value": 0.006666666666666667}, {"date": "2021-11-8", "name": "prob_meas1_prep0", "unit": "", "value": 0.013333333333333308}, {"date": "2021-11-8", "name": "readout_length", "unit": "ns", "value": 704}], [{"date": "2021-11-8", "name": "T1", "unit": "us", "value": 210.5287452399479}, {"date": "2021-11-8", "name": "T2", "unit": "us", "value": 181.73328302531738}, {"date": "2021-11-8", "name": "frequency", "unit": "GHz", "value": 5.188303282853111}, {"date": "2021-11-8", "name": "anharmonicity", "unit": "GHz", "value": -0.3419316690031256}, {"date": "2021-11-8", "name": "readout_error", "unit": "", "value": 0.033333333333333326}, {"date": "2021-11-8", "name": "prob_meas0_prep1", "unit": "", "value": 0.03666666666666667}, {"date": "2021-11-8", "name": "prob_meas1_prep0", "unit": "", "value": 0.030000000000000027}, {"date": "2021-11-8", "name": "readout_length", "unit": "ns", "value": 704}], [{"date": "2021-11-8", "name": "T1", "unit": "us", "value": 133.7451677282041}, {"date": "2021-11-8", "name": "T2", "unit": "us", "value": 109.87113798956462}, {"date": "2021-11-8", "name": "frequency", "unit": "GHz", "value": 4.987481334289631}, {"date": "2021-11-8", "name": "anharmonicity", "unit": "GHz", "value": -0.3452928861203798}, {"date": "2021-11-8", "name": "readout_error", "unit": "", "value": 0.04500000000000004}, {"date": "2021-11-8", "name": "prob_meas0_prep1", "unit": "", "value": 0.04}, {"date": "2021-11-8", "name": "prob_meas1_prep0", "unit": "", "value": 0.050000000000000044}, {"date": "2021-11-8", "name": "readout_length", "unit": "ns", "value": 704}], [{"date": "2021-11-8", "name": "T1", "unit": "us", "value": 73.39200123665357}, {"date": "2021-11-8", "name": "T2", "unit": "us", "value": 41.882122514843424}, {"date": "2021-11-8", "name": "frequency", "unit": "GHz", "value": 5.28538864264028}, {"date": "2021-11-8", "name": "anharmonicity", "unit": "GHz", "value": -0.3392342674107948}, {"date": "2021-11-8", "name": "readout_error", "unit": "", "value": 0.02833333333333332}, {"date": "2021-11-8", "name": "prob_meas0_prep1", "unit": "", "value": 0.036666666666666625}, {"date": "2021-11-8", "name": "prob_meas1_prep0", "unit": "", "value": 0.02}, {"date": "2021-11-8", "name": "readout_length", "unit": "ns", "value": 704}], [{"date": "2021-11-8", "name": "T1", "unit": "us", "value": 91.75559220825049}, {"date": "2021-11-8", "name": "T2", "unit": "us", "value": 20.635314805235392}, {"date": "2021-11-8", "name": "frequency", "unit": "GHz", "value": 5.176168030208872}, {"date": "2021-11-8", "name": "anharmonicity", "unit": "GHz", "value": -0.34079297245074963}, {"date": "2021-11-8", "name": "readout_error", "unit": "", "value": 0.03499999999999992}, {"date": "2021-11-8", "name": "prob_meas0_prep1", "unit": "", "value": 0.06666666666666667}, {"date": "2021-11-8", "name": "prob_meas1_prep0", "unit": "", "value": 0.0033333333333332993}, {"date": "2021-11-8", "name": "readout_length", "unit": "ns", "value": 704}], [{"date": "2021-11-8", "name": "T1", "unit": "us", "value": 150.39237638601142}, {"date": "2021-11-8", "name": "T2", "unit": "us", "value": 131.04315290691918}, {"date": "2021-11-8", "name": "frequency", "unit": "GHz", "value": 5.063928677020936}, {"date": "2021-11-8", "name": "anharmonicity", "unit": "GHz", "value": -0.34275836537159754}, {"date": "2021-11-8", "name": "readout_error", "unit": "", "value": 0.006299999999999972}, {"date": "2021-11-8", "name": "prob_meas0_prep1", "unit": "", "value": 0.006800000000000028}, {"date": "2021-11-8", "name": "prob_meas1_prep0", "unit": "", "value": 0.0058}, {"date": "2021-11-8", "name": "readout_length", "unit": "ns", "value": 704}]], "gates": [{"qubits": [0], "gate": "id", "parameters": [{"date": "2021-11-8", "name": "gate_error", "unit": "", "value": 0.00144355269576409}, {"date": "2021-11-8", "name": "gate_length", "unit": "ns", "value": 35.55555555555556}], "name": "id0"}, {"qubits": [1], "gate": "id", "parameters": [{"date": "2021-11-8", "name": "gate_error", "unit": "", "value": 0.0003965441768549579}, {"date": "2021-11-8", "name": "gate_length", "unit": "ns", "value": 35.55555555555556}], "name": "id1"}, {"qubits": [2], "gate": "id", "parameters": [{"date": "2021-11-8", "name": "gate_error", "unit": "", "value": 0.0001585668798924111}, {"date": "2021-11-8", "name": "gate_length", "unit": "ns", "value": 35.55555555555556}], "name": "id2"}, {"qubits": [3], "gate": "id", "parameters": [{"date": "2021-11-8", "name": "gate_error", "unit": "", "value": 0.00022872895159391164}, {"date": "2021-11-8", "name": "gate_length", "unit": "ns", "value": 35.55555555555556}], "name": "id3"}, {"qubits": [4], "gate": "id", "parameters": [{"date": "2021-11-8", "name": "gate_error", "unit": "", "value": 0.0002446005912183637}, {"date": "2021-11-8", "name": "gate_length", "unit": "ns", "value": 35.55555555555556}], "name": "id4"}, {"qubits": [5], "gate": "id", "parameters": [{"date": "2021-11-8", "name": "gate_error", "unit": "", "value": 0.0013219610982928428}, {"date": "2021-11-8", "name": "gate_length", "unit": "ns", "value": 35.55555555555556}], "name": "id5"}, {"qubits": [6], "gate": "id", "parameters": [{"date": "2021-11-8", "name": "gate_error", "unit": "", "value": 0.0002265535213960486}, {"date": "2021-11-8", "name": "gate_length", "unit": "ns", "value": 35.55555555555556}], "name": "id6"}, {"qubits": [0], "gate": "rz", "parameters": [{"date": "2021-11-8", "name": "gate_error", "unit": "", "value": 0}, {"date": "2021-11-8", "name": "gate_length", "unit": "ns", "value": 0}], "name": "rz0"}, {"qubits": [1], "gate": "rz", "parameters": [{"date": "2021-11-8", "name": "gate_error", "unit": "", "value": 0}, {"date": "2021-11-8", "name": "gate_length", "unit": "ns", "value": 0}], "name": "rz1"}, {"qubits": [2], "gate": "rz", "parameters": [{"date": "2021-11-8", "name": "gate_error", "unit": "", "value": 0}, {"date": "2021-11-8", "name": "gate_length", "unit": "ns", "value": 0}], "name": "rz2"}, {"qubits": [3], "gate": "rz", "parameters": [{"date": "2021-11-8", "name": "gate_error", "unit": "", "value": 0}, {"date": "2021-11-8", "name": "gate_length", "unit": "ns", "value": 0}], "name": "rz3"}, {"qubits": [4], "gate": "rz", "parameters": [{"date": "2021-11-8", "name": "gate_error", "unit": "", "value": 0}, {"date": "2021-11-8", "name": "gate_length", "unit": "ns", "value": 0}], "name": "rz4"}, {"qubits": [5], "gate": "rz", "parameters": [{"date": "2021-11-8", "name": "gate_error", "unit": "", "value": 0}, {"date": "2021-11-8", "name": "gate_length", "unit": "ns", "value": 0}], "name": "rz5"}, {"qubits": [6], "gate": "rz", "parameters": [{"date": "2021-11-8", "name": "gate_error", "unit": "", "value": 0}, {"date": "2021-11-8", "name": "gate_length", "unit": "ns", "value": 0}], "name": "rz6"}, {"qubits": [0], "gate": "sx", "parameters": [{"date": "2021-11-8", "name": "gate_error", "unit": "", "value": 0.00144355269576409}, {"date": "2021-11-8", "name": "gate_length", "unit": "ns", "value": 35.55555555555556}], "name": "sx0"}, {"qubits": [1], "gate": "sx", "parameters": [{"date": "2021-11-8", "name": "gate_error", "unit": "", "value": 0.0003965441768549579}, {"date": "2021-11-8", "name": "gate_length", "unit": "ns", "value": 35.55555555555556}], "name": "sx1"}, {"qubits": [2], "gate": "sx", "parameters": [{"date": "2021-11-8", "name": "gate_error", "unit": "", "value": 0.0001585668798924111}, {"date": "2021-11-8", "name": "gate_length", "unit": "ns", "value": 35.55555555555556}], "name": "sx2"}, {"qubits": [3], "gate": "sx", "parameters": [{"date": "2021-11-8", "name": "gate_error", "unit": "", "value": 0.00022872895159391164}, {"date": "2021-11-8", "name": "gate_length", "unit": "ns", "value": 35.55555555555556}], "name": "sx3"}, {"qubits": [4], "gate": "sx", "parameters": [{"date": "2021-11-8", "name": "gate_error", "unit": "", "value": 0.0002446005912183637}, {"date": "2021-11-8", "name": "gate_length", "unit": "ns", "value": 35.55555555555556}], "name": "sx4"}, {"qubits": [5], "gate": "sx", "parameters": [{"date": "2021-11-8", "name": "gate_error", "unit": "", "value": 0.0013219610982928428}, {"date": "2021-11-8", "name": "gate_length", "unit": "ns", "value": 35.55555555555556}], "name": "sx5"}, {"qubits": [6], "gate": "sx", "parameters": [{"date": "2021-11-8", "name": "gate_error", "unit": "", "value": 0.0002265535213960486}, {"date": "2021-11-8", "name": "gate_length", "unit": "ns", "value": 35.55555555555556}], "name": "sx6"}, {"qubits": [0], "gate": "x", "parameters": [{"date": "2021-11-8", "name": "gate_error", "unit": "", "value": 0.00144355269576409}, {"date": "2021-11-8", "name": "gate_length", "unit": "ns", "value": 35.55555555555556}], "name": "x0"}, {"qubits": [1], "gate": "x", "parameters": [{"date": "2021-11-8", "name": "gate_error", "unit": "", "value": 0.0003965441768549579}, {"date": "2021-11-8", "name": "gate_length", "unit": "ns", "value": 35.55555555555556}], "name": "x1"}, {"qubits": [2], "gate": "x", "parameters": [{"date": "2021-11-8", "name": "gate_error", "unit": "", "value": 0.0001585668798924111}, {"date": "2021-11-8", "name": "gate_length", "unit": "ns", "value": 35.55555555555556}], "name": "x2"}, {"qubits": [3], "gate": "x", "parameters": [{"date": "2021-11-8", "name": "gate_error", "unit": "", "value": 0.00022872895159391164}, {"date": "2021-11-8", "name": "gate_length", "unit": "ns", "value": 35.55555555555556}], "name": "x3"}, {"qubits": [4], "gate": "x", "parameters": [{"date": "2021-11-8", "name": "gate_error", "unit": "", "value": 0.0002446005912183637}, {"date": "2021-11-8", "name": "gate_length", "unit": "ns", "value": 35.55555555555556}], "name": "x4"}, {"qubits": [5], "gate": "x", "parameters": [{"date": "2021-11-8", "name": "gate_error", "unit": "", "value": 0.0013219610982928428}, {"date": "2021-11-8", "name": "gate_length", "unit": "ns", "value": 35.55555555555556}], "name": "x5"}, {"qubits": [6], "gate": "x", "parameters": [{"date": "2021-11-8", "name": "gate_error", "unit": "", "value": 0.0002265535213960486}, {"date": "2021-11-8", "name": "gate_length", "unit": "ns", "value": 35.55555555555556}], "name": "x6"}, {"qubits": [5, 4], "gate": "cx", "parameters": [{"date": "2021-11-8", "name": "gate_error", "unit": "", "value": 0.012377396255313144}, {"date": "2021-11-5", "name": "gate_length", "unit": "ns", "value": 327.1111111111111}], "name": "cx5_4"}, {"qubits": [4, 5], "gate": "cx", "parameters": [{"date": "2021-11-8", "name": "gate_error", "unit": "", "value": 0.012377396255313144}, {"date": "2021-11-5", "name": "gate_length", "unit": "ns", "value": 362.66666666666663}], "name": "cx4_5"}, {"qubits": [3, 1], "gate": "cx", "parameters": [{"date": "2021-11-8", "name": "gate_error", "unit": "", "value": 0.00803956865254421}, {"date": "2021-11-5", "name": "gate_length", "unit": "ns", "value": 298.66666666666663}], "name": "cx3_1"}, {"qubits": [1, 3], "gate": "cx", "parameters": [{"date": "2021-11-8", "name": "gate_error", "unit": "", "value": 0.00803956865254421}, {"date": "2021-11-5", "name": "gate_length", "unit": "ns", "value": 334.22222222222223}], "name": "cx1_3"}, {"qubits": [5, 6], "gate": "cx", "parameters": [{"date": "2021-11-8", "name": "gate_error", "unit": "", "value": 0.016103629751315324}, {"date": "2021-11-5", "name": "gate_length", "unit": "ns", "value": 256}], "name": "cx5_6"}, {"qubits": [6, 5], "gate": "cx", "parameters": [{"date": "2021-11-8", "name": "gate_error", "unit": "", "value": 0.016103629751315324}, {"date": "2021-11-5", "name": "gate_length", "unit": "ns", "value": 291.55555555555554}], "name": "cx6_5"}, {"qubits": [5, 3], "gate": "cx", "parameters": [{"date": "2021-11-8", "name": "gate_error", "unit": "", "value": 0.01950787682709601}, {"date": "2021-11-5", "name": "gate_length", "unit": "ns", "value": 298.66666666666663}], "name": "cx5_3"}, {"qubits": [3, 5], "gate": "cx", "parameters": [{"date": "2021-11-8", "name": "gate_error", "unit": "", "value": 0.01950787682709601}, {"date": "2021-11-5", "name": "gate_length", "unit": "ns", "value": 334.22222222222223}], "name": "cx3_5"}, {"qubits": [2, 1], "gate": "cx", "parameters": [{"date": "2021-11-8", "name": "gate_error", "unit": "", "value": 0.0059236154699425225}, {"date": "2021-11-5", "name": "gate_length", "unit": "ns", "value": 291.55555555555554}], "name": "cx2_1"}, {"qubits": [1, 2], "gate": "cx", "parameters": [{"date": "2021-11-8", "name": "gate_error", "unit": "", "value": 0.0059236154699425225}, {"date": "2021-11-5", "name": "gate_length", "unit": "ns", "value": 327.1111111111111}], "name": "cx1_2"}, {"qubits": [0, 1], "gate": "cx", "parameters": [{"date": "2021-11-8", "name": "gate_error", "unit": "", "value": 0.010381993871420025}, {"date": "2021-11-5", "name": "gate_length", "unit": "ns", "value": 305.77777777777777}], "name": "cx0_1"}, {"qubits": [1, 0], "gate": "cx", "parameters": [{"date": "2021-11-8", "name": "gate_error", "unit": "", "value": 0.010381993871420025}, {"date": "2021-11-5", "name": "gate_length", "unit": "ns", "value": 341.3333333333333}], "name": "cx1_0"}, {"qubits": [0], "gate": "reset", "parameters": [{"date": "2021-11-8", "name": "gate_length", "unit": "ns", "value": 1002.6666666666666}], "name": "reset0"}, {"qubits": [1], "gate": "reset", "parameters": [{"date": "2021-11-8", "name": "gate_length", "unit": "ns", "value": 1002.6666666666666}], "name": "reset1"}, {"qubits": [2], "gate": "reset", "parameters": [{"date": "2021-11-8", "name": "gate_length", "unit": "ns", "value": 995.5555555555555}], "name": "reset2"}, {"qubits": [3], "gate": "reset", "parameters": [{"date": "2021-11-8", "name": "gate_length", "unit": "ns", "value": 988.4444444444443}], "name": "reset3"}, {"qubits": [4], "gate": "reset", "parameters": [{"date": "2021-11-8", "name": "gate_length", "unit": "ns", "value": 1002.6666666666666}], "name": "reset4"}, {"qubits": [5], "gate": "reset", "parameters": [{"date": "2021-11-8", "name": "gate_length", "unit": "ns", "value": 1002.6666666666666}], "name": "reset5"}, {"qubits": [6], "gate": "reset", "parameters": [{"date": "2021-11-8", "name": "gate_length", "unit": "ns", "value": 988.4444444444443}], "name": "reset6"}], "general": [{"date": "2021-11-8", "name": "jq_01", "unit": "GHz", "value": 0.0017239661070310697}, {"date": "2021-11-8", "name": "zz_01", "unit": "GHz", "value": -4.1551259389276154e-05}, {"date": "2021-11-8", "name": "jq_12", "unit": "GHz", "value": 0.003306427365570105}, {"date": "2021-11-8", "name": "zz_12", "unit": "GHz", "value": -0.00013691896518548322}, {"date": "2021-11-8", "name": "jq_45", "unit": "GHz", "value": 0.0033964931013144256}, {"date": "2021-11-8", "name": "zz_45", "unit": "GHz", "value": -0.00015134337521539932}, {"date": "2021-11-8", "name": "jq_56", "unit": "GHz", "value": 0.0032394441256406383}, {"date": "2021-11-8", "name": "zz_56", "unit": "GHz", "value": -0.0001381127844927418}, {"date": "2021-11-8", "name": "jq_13", "unit": "GHz", "value": 0.003219077603102807}, {"date": "2021-11-8", "name": "zz_13", "unit": "GHz", "value": -0.00013509145307819546}, {"date": "2021-11-8", "name": "jq_35", "unit": "GHz", "value": 0.0023455196332844842}, {"date": "2021-11-8", "name": "zz_35", "unit": "GHz", "value": -9.35336850076191e-05}]}