{"backend_name": "ibm_lagos", "backend_version": "1.0.17", "last_update_date": "2021-12-4", "qubits": [[{"date": "2021-12-4", "name": "T1", "unit": "us", "value": 73.74872712331954}, {"date": "2021-12-4", "name": "T2", "unit": "us", "value": 46.43535847054016}, {"date": "2021-12-4", "name": "frequency", "unit": "GHz", "value": 5.235186724005012}, {"date": "2021-12-4", "name": "anharmonicity", "unit": "GHz", "value": -0.33986713855915607}, {"date": "2021-12-4", "name": "readout_error", "unit": "", "value": 0.015100000000000002}, {"date": "2021-12-4", "name": "prob_meas0_prep1", "unit": "", "value": 0.0158}, {"date": "2021-12-4", "name": "prob_meas1_prep0", "unit": "", "value": 0.014399999999999968}, {"date": "2021-12-4", "name": "readout_length", "unit": "ns", "value": 704}], [{"date": "2021-12-4", "name": "T1", "unit": "us", "value": 97.03694039904504}, {"date": "2021-12-4", "name": "T2", "unit": "us", "value": 107.6792352793053}, {"date": "2021-12-4", "name": "frequency", "unit": "GHz", "value": 5.099578161411114}, {"date": "2021-12-4", "name": "anharmonicity", "unit": "GHz", "value": -0.3432484042938357}, {"date": "2021-12-4", "name": "readout_error", "unit": "", "value": 0.0131}, {"date": "2021-12-4", "name": "prob_meas0_prep1", "unit": "", "value": 0.0152}, {"date": "2021-12-4", "name": "prob_meas1_prep0", "unit": "", "value": 0.01100000000000001}, {"date": "2021-12-4", "name": "readout_length", "unit": "ns", "value": 704}], [{"date": "2021-12-4", "name": "T1", "unit": "us", "value": 119.74856111745828}, {"date": "2021-12-4", "name": "T2", "unit": "us", "value": 130.33128858209156}, {"date": "2021-12-4", "name": "frequency", "unit": "GHz", "value": 5.188390032911876}, {"date": "2021-12-4", "name": "anharmonicity", "unit": "GHz", "value": -0.3419316690031256}, {"date": "2021-12-4", "name": "readout_error", "unit": "", "value": 0.015600000000000058}, {"date": "2021-12-4", "name": "prob_meas0_prep1", "unit": "", "value": 0.0124}, {"date": "2021-12-4", "name": "prob_meas1_prep0", "unit": "", "value": 0.01880000000000004}, {"date": "2021-12-4", "name": "readout_length", "unit": "ns", "value": 704}], [{"date": "2021-12-4", "name": "T1", "unit": "us", "value": 143.00272801480347}, {"date": "2021-12-4", "name": "T2", "unit": "us", "value": 108.72069034125202}, {"date": "2021-12-4", "name": "frequency", "unit": "GHz", "value": 4.987477857176198}, {"date": "2021-12-4", "name": "anharmonicity", "unit": "GHz", "value": -0.3452928861203798}, {"date": "2021-12-4", "name": "readout_error", "unit": "", "value": 0.017900000000000027}, {"date": "2021-12-4", "name": "prob_meas0_prep1", "unit": "", "value": 0.0192}, {"date": "2021-12-4", "name": "prob_meas1_prep0", "unit": "", "value": 0.016599999999999948}, {"date": "2021-12-4", "name": "readout_length", "unit": "ns", "value": 704}], [{"date": "2021-12-4", "name": "T1", "unit": "us", "value": 115.0410229012893}, {"date": "2021-12-4", "name": "T2", "unit": "us", "value": 48.209972691248865}, {"date": "2021-12-4", "name": "frequency", "unit": "GHz", "value": 5.285340824725458}, {"date": "2021-12-4", "name": "anharmonicity", "unit": "GHz", "value": -0.3392342674107948}, {"date": "2021-12-4", "name": "readout_error", "unit": "", "value": 0.010699999999999932}, {"date": "2021-12-4", "name": "prob_meas0_prep1", "unit": "", "value": 0.010399999999999965}, {"date": "2021-12-4", "name": "prob_meas1_prep0", "unit": "", "value": 0.011}, {"date": "2021-12-4", "name": "readout_length", "unit": "ns", "value": 704}], [{"date": "2021-12-4", "name": "T1", "unit": "us", "value": 108.63806730941735}, {"date": "2021-12-4", "name": "T2", "unit": "us", "value": 114.51577446864034}, {"date": "2021-12-4", "name": "frequency", "unit": "GHz", "value": 5.1761823926029775}, {"date": "2021-12-4", "name": "anharmonicity", "unit": "GHz", "value": -0.34079297245074963}, {"date": "2021-12-4", "name": "readout_error", "unit": "", "value": 0.014399999999999968}, {"date": "2021-12-4", "name": "prob_meas0_prep1", "unit": "", "value": 0.0126}, {"date": "2021-12-4", "name": "prob_meas1_prep0", "unit": "", "value": 0.016199999999999992}, {"date": "2021-12-4", "name": "readout_length", "unit": "ns", "value": 704}], [{"date": "2021-12-4", "name": "T1", "unit": "us", "value": 101.2872473887384}, {"date": "2021-12-4", "name": "T2", "unit": "us", "value": 55.154666120624164}, {"date": "2021-12-4", "name": "frequency", "unit": "GHz", "value": 5.063745731827781}, {"date": "2021-12-4", "name": "anharmonicity", "unit": "GHz", "value": -0.34275836537159754}, {"date": "2021-12-4", "name": "readout_error", "unit": "", "value": 0.06390000000000007}, {"date": "2021-12-4", "name": "prob_meas0_prep1", "unit": "", "value": 0.123}, {"date": "2021-12-4", "name": "prob_meas1_prep0", "unit": "", "value": 0.0048}, {"date": "2021-12-4", "name": "readout_length", "unit": "ns", "value": 704}]], "gates": [{"qubits": [0], "gate": "id", "parameters": [{"date": "2021-12-4", "name": "gate_error", "unit": "", "value": 0.00024791587078995943}, {"date": "2021-12-4", "name": "gate_length", "unit": "ns", "value": 35.55555555555556}], "name": "id0"}, {"qubits": [1], "gate": "id", "parameters": [{"date": "2021-12-4", "name": "gate_error", "unit": "", "value": 0.0003151175204044931}, {"date": "2021-12-4", "name": "gate_length", "unit": "ns", "value": 35.55555555555556}], "name": "id1"}, {"qubits": [2], "gate": "id", "parameters": [{"date": "2021-12-4", "name": "gate_error", "unit": "", "value": 0.00020618618606798545}, {"date": "2021-12-4", "name": "gate_length", "unit": "ns", "value": 35.55555555555556}], "name": "id2"}, {"qubits": [3], "gate": "id", "parameters": [{"date": "2021-12-4", "name": "gate_error", "unit": "", "value": 0.00018711921418918936}, {"date": "2021-12-4", "name": "gate_length", "unit": "ns", "value": 35.55555555555556}], "name": "id3"}, {"qubits": [4], "gate": "id", "parameters": [{"date": "2021-12-4", "name": "gate_error", "unit": "", "value": 0.00030577226851837794}, {"date": "2021-12-4", "name": "gate_length", "unit": "ns", "value": 35.55555555555556}], "name": "id4"}, {"qubits": [5], "gate": "id", "parameters": [{"date": "2021-12-4", "name": "gate_error", "unit": "", "value": 0.0001661281704565734}, {"date": "2021-12-4", "name": "gate_length", "unit": "ns", "value": 35.55555555555556}], "name": "id5"}, {"qubits": [6], "gate": "id", "parameters": [{"date": "2021-12-4", "name": "gate_error", "unit": "", "value": 0.015533125006493679}, {"date": "2021-12-4", "name": "gate_length", "unit": "ns", "value": 35.55555555555556}], "name": "id6"}, {"qubits": [0], "gate": "rz", "parameters": [{"date": "2021-12-4", "name": "gate_error", "unit": "", "value": 0}, {"date": "2021-12-4", "name": "gate_length", "unit": "ns", "value": 0}], "name": "rz0"}, {"qubits": [1], "gate": "rz", "parameters": [{"date": "2021-12-4", "name": "gate_error", "unit": "", "value": 0}, {"date": "2021-12-4", "name": "gate_length", "unit": "ns", "value": 0}], "name": "rz1"}, {"qubits": [2], "gate": "rz", "parameters": [{"date": "2021-12-4", "name": "gate_error", "unit": "", "value": 0}, {"date": "2021-12-4", "name": "gate_length", "unit": "ns", "value": 0}], "name": "rz2"}, {"qubits": [3], "gate": "rz", "parameters": [{"date": "2021-12-4", "name": "gate_error", "unit": "", "value": 0}, {"date": "2021-12-4", "name": "gate_length", "unit": "ns", "value": 0}], "name": "rz3"}, {"qubits": [4], "gate": "rz", "parameters": [{"date": "2021-12-4", "name": "gate_error", "unit": "", "value": 0}, {"date": "2021-12-4", "name": "gate_length", "unit": "ns", "value": 0}], "name": "rz4"}, {"qubits": [5], "gate": "rz", "parameters": [{"date": "2021-12-4", "name": "gate_error", "unit": "", "value": 0}, {"date": "2021-12-4", "name": "gate_length", "unit": "ns", "value": 0}], "name": "rz5"}, {"qubits": [6], "gate": "rz", "parameters": [{"date": "2021-12-4", "name": "gate_error", "unit": "", "value": 0}, {"date": "2021-12-4", "name": "gate_length", "unit": "ns", "value": 0}], "name": "rz6"}, {"qubits": [0], "gate": "sx", "parameters": [{"date": "2021-12-4", "name": "gate_error", "unit": "", "value": 0.00024791587078995943}, {"date": "2021-12-4", "name": "gate_length", "unit": "ns", "value": 35.55555555555556}], "name": "sx0"}, {"qubits": [1], "gate": "sx", "parameters": [{"date": "2021-12-4", "name": "gate_error", "unit": "", "value": 0.0003151175204044931}, {"date": "2021-12-4", "name": "gate_length", "unit": "ns", "value": 35.55555555555556}], "name": "sx1"}, {"qubits": [2], "gate": "sx", "parameters": [{"date": "2021-12-4", "name": "gate_error", "unit": "", "value": 0.00020618618606798545}, {"date": "2021-12-4", "name": "gate_length", "unit": "ns", "value": 35.55555555555556}], "name": "sx2"}, {"qubits": [3], "gate": "sx", "parameters": [{"date": "2021-12-4", "name": "gate_error", "unit": "", "value": 0.00018711921418918936}, {"date": "2021-12-4", "name": "gate_length", "unit": "ns", "value": 35.55555555555556}], "name": "sx3"}, {"qubits": [4], "gate": "sx", "parameters": [{"date": "2021-12-4", "name": "gate_error", "unit": "", "value": 0.00030577226851837794}, {"date": "2021-12-4", "name": "gate_length", "unit": "ns", "value": 35.55555555555556}], "name": "sx4"}, {"qubits": [5], "gate": "sx", "parameters": [{"date": "2021-12-4", "name": "gate_error", "unit": "", "value": 0.0001661281704565734}, {"date": "2021-12-4", "name": "gate_length", "unit": "ns", "value": 35.55555555555556}], "name": "sx5"}, {"qubits": [6], "gate": "sx", "parameters": [{"date": "2021-12-4", "name": "gate_error", "unit": "", "value": 0.015533125006493679}, {"date": "2021-12-4", "name": "gate_length", "unit": "ns", "value": 35.55555555555556}], "name": "sx6"}, {"qubits": [0], "gate": "x", "parameters": [{"date": "2021-12-4", "name": "gate_error", "unit": "", "value": 0.00024791587078995943}, {"date": "2021-12-4", "name": "gate_length", "unit": "ns", "value": 35.55555555555556}], "name": "x0"}, {"qubits": [1], "gate": "x", "parameters": [{"date": "2021-12-4", "name": "gate_error", "unit": "", "value": 0.0003151175204044931}, {"date": "2021-12-4", "name": "gate_length", "unit": "ns", "value": 35.55555555555556}], "name": "x1"}, {"qubits": [2], "gate": "x", "parameters": [{"date": "2021-12-4", "name": "gate_error", "unit": "", "value": 0.00020618618606798545}, {"date": "2021-12-4", "name": "gate_length", "unit": "ns", "value": 35.55555555555556}], "name": "x2"}, {"qubits": [3], "gate": "x", "parameters": [{"date": "2021-12-4", "name": "gate_error", "unit": "", "value": 0.00018711921418918936}, {"date": "2021-12-4", "name": "gate_length", "unit": "ns", "value": 35.55555555555556}], "name": "x3"}, {"qubits": [4], "gate": "x", "parameters": [{"date": "2021-12-4", "name": "gate_error", "unit": "", "value": 0.00030577226851837794}, {"date": "2021-12-4", "name": "gate_length", "unit": "ns", "value": 35.55555555555556}], "name": "x4"}, {"qubits": [5], "gate": "x", "parameters": [{"date": "2021-12-4", "name": "gate_error", "unit": "", "value": 0.0001661281704565734}, {"date": "2021-12-4", "name": "gate_length", "unit": "ns", "value": 35.55555555555556}], "name": "x5"}, {"qubits": [6], "gate": "x", "parameters": [{"date": "2021-12-4", "name": "gate_error", "unit": "", "value": 0.015533125006493679}, {"date": "2021-12-4", "name": "gate_length", "unit": "ns", "value": 35.55555555555556}], "name": "x6"}, {"qubits": [5, 4], "gate": "cx", "parameters": [{"date": "2021-12-4", "name": "gate_error", "unit": "", "value": 0.005518513255973911}, {"date": "2021-12-1", "name": "gate_length", "unit": "ns", "value": 327.1111111111111}], "name": "cx5_4"}, {"qubits": [4, 5], "gate": "cx", "parameters": [{"date": "2021-12-4", "name": "gate_error", "unit": "", "value": 0.005518513255973911}, {"date": "2021-12-1", "name": "gate_length", "unit": "ns", "value": 362.66666666666663}], "name": "cx4_5"}, {"qubits": [3, 1], "gate": "cx", "parameters": [{"date": "2021-12-4", "name": "gate_error", "unit": "", "value": 0.005915552180757289}, {"date": "2021-12-1", "name": "gate_length", "unit": "ns", "value": 298.66666666666663}], "name": "cx3_1"}, {"qubits": [1, 3], "gate": "cx", "parameters": [{"date": "2021-12-4", "name": "gate_error", "unit": "", "value": 0.005915552180757289}, {"date": "2021-12-1", "name": "gate_length", "unit": "ns", "value": 334.22222222222223}], "name": "cx1_3"}, {"qubits": [5, 6], "gate": "cx", "parameters": [{"date": "2021-12-4", "name": "gate_error", "unit": "", "value": 0.08408439814125712}, {"date": "2021-12-1", "name": "gate_length", "unit": "ns", "value": 256}], "name": "cx5_6"}, {"qubits": [6, 5], "gate": "cx", "parameters": [{"date": "2021-12-4", "name": "gate_error", "unit": "", "value": 0.08408439814125712}, {"date": "2021-12-1", "name": "gate_length", "unit": "ns", "value": 291.55555555555554}], "name": "cx6_5"}, {"qubits": [5, 3], "gate": "cx", "parameters": [{"date": "2021-12-4", "name": "gate_error", "unit": "", "value": 0.008042063134492794}, {"date": "2021-12-1", "name": "gate_length", "unit": "ns", "value": 298.66666666666663}], "name": "cx5_3"}, {"qubits": [3, 5], "gate": "cx", "parameters": [{"date": "2021-12-4", "name": "gate_error", "unit": "", "value": 0.008042063134492794}, {"date": "2021-12-1", "name": "gate_length", "unit": "ns", "value": 334.22222222222223}], "name": "cx3_5"}, {"qubits": [2, 1], "gate": "cx", "parameters": [{"date": "2021-12-4", "name": "gate_error", "unit": "", "value": 0.005385307874008954}, {"date": "2021-12-1", "name": "gate_length", "unit": "ns", "value": 291.55555555555554}], "name": "cx2_1"}, {"qubits": [1, 2], "gate": "cx", "parameters": [{"date": "2021-12-4", "name": "gate_error", "unit": "", "value": 0.005385307874008954}, {"date": "2021-12-1", "name": "gate_length", "unit": "ns", "value": 327.1111111111111}], "name": "cx1_2"}, {"qubits": [0, 1], "gate": "cx", "parameters": [{"date": "2021-12-4", "name": "gate_error", "unit": "", "value": 0.006535890143589018}, {"date": "2021-12-1", "name": "gate_length", "unit": "ns", "value": 305.77777777777777}], "name": "cx0_1"}, {"qubits": [1, 0], "gate": "cx", "parameters": [{"date": "2021-12-4", "name": "gate_error", "unit": "", "value": 0.006535890143589018}, {"date": "2021-12-1", "name": "gate_length", "unit": "ns", "value": 341.3333333333333}], "name": "cx1_0"}, {"qubits": [0], "gate": "reset", "parameters": [{"date": "2021-12-4", "name": "gate_length", "unit": "ns", "value": 1002.6666666666666}], "name": "reset0"}, {"qubits": [1], "gate": "reset", "parameters": [{"date": "2021-12-4", "name": "gate_length", "unit": "ns", "value": 1002.6666666666666}], "name": "reset1"}, {"qubits": [2], "gate": "reset", "parameters": [{"date": "2021-12-4", "name": "gate_length", "unit": "ns", "value": 995.5555555555555}], "name": "reset2"}, {"qubits": [3], "gate": "reset", "parameters": [{"date": "2021-12-4", "name": "gate_length", "unit": "ns", "value": 988.4444444444443}], "name": "reset3"}, {"qubits": [4], "gate": "reset", "parameters": [{"date": "2021-12-4", "name": "gate_length", "unit": "ns", "value": 1002.6666666666666}], "name": "reset4"}, {"qubits": [5], "gate": "reset", "parameters": [{"date": "2021-12-4", "name": "gate_length", "unit": "ns", "value": 1002.6666666666666}], "name": "reset5"}, {"qubits": [6], "gate": "reset", "parameters": [{"date": "2021-12-4", "name": "gate_length", "unit": "ns", "value": 988.4444444444443}], "name": "reset6"}], "general": [{"date": "2021-12-4", "name": "jq_01", "unit": "GHz", "value": 0.0017239661070310697}, {"date": "2021-12-4", "name": "zz_01", "unit": "GHz", "value": -4.1551259389276154e-05}, {"date": "2021-12-4", "name": "jq_12", "unit": "GHz", "value": 0.003306427365570105}, {"date": "2021-12-4", "name": "zz_12", "unit": "GHz", "value": -0.00013691896518548322}, {"date": "2021-12-4", "name": "jq_45", "unit": "GHz", "value": 0.0033964931013144256}, {"date": "2021-12-4", "name": "zz_45", "unit": "GHz", "value": -0.00015134337521539932}, {"date": "2021-12-4", "name": "jq_56", "unit": "GHz", "value": 0.0032394441256406383}, {"date": "2021-12-4", "name": "zz_56", "unit": "GHz", "value": -0.0001381127844927418}, {"date": "2021-12-4", "name": "jq_13", "unit": "GHz", "value": 0.003219077603102807}, {"date": "2021-12-4", "name": "zz_13", "unit": "GHz", "value": -0.00013509145307819546}, {"date": "2021-12-4", "name": "jq_35", "unit": "GHz", "value": 0.0023455196332844842}, {"date": "2021-12-4", "name": "zz_35", "unit": "GHz", "value": -9.35336850076191e-05}]}