{"backend_name": "ibm_lagos", "backend_version": "1.0.4", "last_update_date": "2021-9-23", "qubits": [[{"date": "2021-9-23", "name": "T1", "unit": "us", "value": 116.16017662031187}, {"date": "2021-9-23", "name": "T2", "unit": "us", "value": 39.002422944297514}, {"date": "2021-9-23", "name": "frequency", "unit": "GHz", "value": 5.235402765470796}, {"date": "2021-9-23", "name": "anharmonicity", "unit": "GHz", "value": -0.33986713855915607}, {"date": "2021-9-23", "name": "readout_error", "unit": "", "value": 0.008700000000000041}, {"date": "2021-9-23", "name": "prob_meas0_prep1", "unit": "", "value": 0.0106}, {"date": "2021-9-23", "name": "prob_meas1_prep0", "unit": "", "value": 0.006800000000000028}, {"date": "2021-9-23", "name": "readout_length", "unit": "ns", "value": 704}], [{"date": "2021-9-23", "name": "T1", "unit": "us", "value": 86.17252196793366}, {"date": "2021-9-23", "name": "T2", "unit": "us", "value": 84.8198221597373}, {"date": "2021-9-23", "name": "frequency", "unit": "GHz", "value": 5.099411369518987}, {"date": "2021-9-23", "name": "anharmonicity", "unit": "GHz", "value": -0.3432484042938357}, {"date": "2021-9-23", "name": "readout_error", "unit": "", "value": 0.009800000000000031}, {"date": "2021-9-23", "name": "prob_meas0_prep1", "unit": "", "value": 0.0146}, {"date": "2021-9-23", "name": "prob_meas1_prep0", "unit": "", "value": 0.0050000000000000044}, {"date": "2021-9-23", "name": "readout_length", "unit": "ns", "value": 704}], [{"date": "2021-9-23", "name": "T1", "unit": "us", "value": 155.9897057343685}, {"date": "2021-9-23", "name": "T2", "unit": "us", "value": 119.63519105148086}, {"date": "2021-9-23", "name": "frequency", "unit": "GHz", "value": 5.187920865508525}, {"date": "2021-9-23", "name": "anharmonicity", "unit": "GHz", "value": -0.3419316690031256}, {"date": "2021-9-23", "name": "readout_error", "unit": "", "value": 0.021199999999999997}, {"date": "2021-9-23", "name": "prob_meas0_prep1", "unit": "", "value": 0.0116}, {"date": "2021-9-23", "name": "prob_meas1_prep0", "unit": "", "value": 0.03080000000000005}, {"date": "2021-9-23", "name": "readout_length", "unit": "ns", "value": 704}], [{"date": "2021-9-23", "name": "T1", "unit": "us", "value": 117.5905042785233}, {"date": "2021-9-23", "name": "T2", "unit": "us", "value": 147.1668523271139}, {"date": "2021-9-23", "name": "frequency", "unit": "GHz", "value": 4.986855897387846}, {"date": "2021-9-23", "name": "anharmonicity", "unit": "GHz", "value": -0.3452928861203798}, {"date": "2021-9-23", "name": "readout_error", "unit": "", "value": 0.007299999999999973}, {"date": "2021-9-23", "name": "prob_meas0_prep1", "unit": "", "value": 0.0112}, {"date": "2021-9-23", "name": "prob_meas1_prep0", "unit": "", "value": 0.0033999999999999586}, {"date": "2021-9-23", "name": "readout_length", "unit": "ns", "value": 704}], [{"date": "2021-9-23", "name": "T1", "unit": "us", "value": 70.49683956994878}, {"date": "2021-9-23", "name": "T2", "unit": "us", "value": 28.883495033669288}, {"date": "2021-9-23", "name": "frequency", "unit": "GHz", "value": 5.285349546758531}, {"date": "2021-9-23", "name": "anharmonicity", "unit": "GHz", "value": -0.3392342674107948}, {"date": "2021-9-23", "name": "readout_error", "unit": "", "value": 0.007600000000000051}, {"date": "2021-9-23", "name": "prob_meas0_prep1", "unit": "", "value": 0.008600000000000052}, {"date": "2021-9-23", "name": "prob_meas1_prep0", "unit": "", "value": 0.0066}, {"date": "2021-9-23", "name": "readout_length", "unit": "ns", "value": 704}], [{"date": "2021-9-23", "name": "T1", "unit": "us", "value": 124.49320323323849}, {"date": "2021-9-23", "name": "T2", "unit": "us", "value": 71.20872009382896}, {"date": "2021-9-23", "name": "frequency", "unit": "GHz", "value": 5.176856256463471}, {"date": "2021-9-23", "name": "anharmonicity", "unit": "GHz", "value": -0.34079297245074963}, {"date": "2021-9-23", "name": "readout_error", "unit": "", "value": 0.01200000000000001}, {"date": "2021-9-23", "name": "prob_meas0_prep1", "unit": "", "value": 0.0128}, {"date": "2021-9-23", "name": "prob_meas1_prep0", "unit": "", "value": 0.011199999999999988}, {"date": "2021-9-23", "name": "readout_length", "unit": "ns", "value": 704}], [{"date": "2021-9-23", "name": "T1", "unit": "us", "value": 164.9285878935666}, {"date": "2021-9-23", "name": "T2", "unit": "us", "value": 93.88751361227577}, {"date": "2021-9-23", "name": "frequency", "unit": "GHz", "value": 5.064020954434398}, {"date": "2021-9-23", "name": "anharmonicity", "unit": "GHz", "value": -0.34275836537159754}, {"date": "2021-9-23", "name": "readout_error", "unit": "", "value": 0.00649999999999995}, {"date": "2021-9-23", "name": "prob_meas0_prep1", "unit": "", "value": 0.0074}, {"date": "2021-9-23", "name": "prob_meas1_prep0", "unit": "", "value": 0.005600000000000049}, {"date": "2021-9-23", "name": "readout_length", "unit": "ns", "value": 704}]], "gates": [{"qubits": [0], "gate": "id", "parameters": [{"date": "2021-9-23", "name": "gate_error", "unit": "", "value": 0.0002355750354428404}, {"date": "2021-9-23", "name": "gate_length", "unit": "ns", "value": 35.55555555555556}], "name": "id0"}, {"qubits": [1], "gate": "id", "parameters": [{"date": "2021-9-23", "name": "gate_error", "unit": "", "value": 0.00026524938123690013}, {"date": "2021-9-23", "name": "gate_length", "unit": "ns", "value": 35.55555555555556}], "name": "id1"}, {"qubits": [2], "gate": "id", "parameters": [{"date": "2021-9-23", "name": "gate_error", "unit": "", "value": 0.00015066569909624077}, {"date": "2021-9-23", "name": "gate_length", "unit": "ns", "value": 35.55555555555556}], "name": "id2"}, {"qubits": [3], "gate": "id", "parameters": [{"date": "2021-9-23", "name": "gate_error", "unit": "", "value": 0.0001780291983310145}, {"date": "2021-9-23", "name": "gate_length", "unit": "ns", "value": 35.55555555555556}], "name": "id3"}, {"qubits": [4], "gate": "id", "parameters": [{"date": "2021-9-23", "name": "gate_error", "unit": "", "value": 0.000195243640187779}, {"date": "2021-9-23", "name": "gate_length", "unit": "ns", "value": 35.55555555555556}], "name": "id4"}, {"qubits": [5], "gate": "id", "parameters": [{"date": "2021-9-23", "name": "gate_error", "unit": "", "value": 0.00030114398524227126}, {"date": "2021-9-23", "name": "gate_length", "unit": "ns", "value": 35.55555555555556}], "name": "id5"}, {"qubits": [6], "gate": "id", "parameters": [{"date": "2021-9-23", "name": "gate_error", "unit": "", "value": 0.00019339996785532168}, {"date": "2021-9-23", "name": "gate_length", "unit": "ns", "value": 35.55555555555556}], "name": "id6"}, {"qubits": [0], "gate": "rz", "parameters": [{"date": "2021-9-23", "name": "gate_error", "unit": "", "value": 0}, {"date": "2021-9-23", "name": "gate_length", "unit": "ns", "value": 0}], "name": "rz0"}, {"qubits": [1], "gate": "rz", "parameters": [{"date": "2021-9-23", "name": "gate_error", "unit": "", "value": 0}, {"date": "2021-9-23", "name": "gate_length", "unit": "ns", "value": 0}], "name": "rz1"}, {"qubits": [2], "gate": "rz", "parameters": [{"date": "2021-9-23", "name": "gate_error", "unit": "", "value": 0}, {"date": "2021-9-23", "name": "gate_length", "unit": "ns", "value": 0}], "name": "rz2"}, {"qubits": [3], "gate": "rz", "parameters": [{"date": "2021-9-23", "name": "gate_error", "unit": "", "value": 0}, {"date": "2021-9-23", "name": "gate_length", "unit": "ns", "value": 0}], "name": "rz3"}, {"qubits": [4], "gate": "rz", "parameters": [{"date": "2021-9-23", "name": "gate_error", "unit": "", "value": 0}, {"date": "2021-9-23", "name": "gate_length", "unit": "ns", "value": 0}], "name": "rz4"}, {"qubits": [5], "gate": "rz", "parameters": [{"date": "2021-9-23", "name": "gate_error", "unit": "", "value": 0}, {"date": "2021-9-23", "name": "gate_length", "unit": "ns", "value": 0}], "name": "rz5"}, {"qubits": [6], "gate": "rz", "parameters": [{"date": "2021-9-23", "name": "gate_error", "unit": "", "value": 0}, {"date": "2021-9-23", "name": "gate_length", "unit": "ns", "value": 0}], "name": "rz6"}, {"qubits": [0], "gate": "sx", "parameters": [{"date": "2021-9-23", "name": "gate_error", "unit": "", "value": 0.0002355750354428404}, {"date": "2021-9-23", "name": "gate_length", "unit": "ns", "value": 35.55555555555556}], "name": "sx0"}, {"qubits": [1], "gate": "sx", "parameters": [{"date": "2021-9-23", "name": "gate_error", "unit": "", "value": 0.00026524938123690013}, {"date": "2021-9-23", "name": "gate_length", "unit": "ns", "value": 35.55555555555556}], "name": "sx1"}, {"qubits": [2], "gate": "sx", "parameters": [{"date": "2021-9-23", "name": "gate_error", "unit": "", "value": 0.00015066569909624077}, {"date": "2021-9-23", "name": "gate_length", "unit": "ns", "value": 35.55555555555556}], "name": "sx2"}, {"qubits": [3], "gate": "sx", "parameters": [{"date": "2021-9-23", "name": "gate_error", "unit": "", "value": 0.0001780291983310145}, {"date": "2021-9-23", "name": "gate_length", "unit": "ns", "value": 35.55555555555556}], "name": "sx3"}, {"qubits": [4], "gate": "sx", "parameters": [{"date": "2021-9-23", "name": "gate_error", "unit": "", "value": 0.000195243640187779}, {"date": "2021-9-23", "name": "gate_length", "unit": "ns", "value": 35.55555555555556}], "name": "sx4"}, {"qubits": [5], "gate": "sx", "parameters": [{"date": "2021-9-23", "name": "gate_error", "unit": "", "value": 0.00030114398524227126}, {"date": "2021-9-23", "name": "gate_length", "unit": "ns", "value": 35.55555555555556}], "name": "sx5"}, {"qubits": [6], "gate": "sx", "parameters": [{"date": "2021-9-23", "name": "gate_error", "unit": "", "value": 0.00019339996785532168}, {"date": "2021-9-23", "name": "gate_length", "unit": "ns", "value": 35.55555555555556}], "name": "sx6"}, {"qubits": [0], "gate": "x", "parameters": [{"date": "2021-9-23", "name": "gate_error", "unit": "", "value": 0.0002355750354428404}, {"date": "2021-9-23", "name": "gate_length", "unit": "ns", "value": 35.55555555555556}], "name": "x0"}, {"qubits": [1], "gate": "x", "parameters": [{"date": "2021-9-23", "name": "gate_error", "unit": "", "value": 0.00026524938123690013}, {"date": "2021-9-23", "name": "gate_length", "unit": "ns", "value": 35.55555555555556}], "name": "x1"}, {"qubits": [2], "gate": "x", "parameters": [{"date": "2021-9-23", "name": "gate_error", "unit": "", "value": 0.00015066569909624077}, {"date": "2021-9-23", "name": "gate_length", "unit": "ns", "value": 35.55555555555556}], "name": "x2"}, {"qubits": [3], "gate": "x", "parameters": [{"date": "2021-9-23", "name": "gate_error", "unit": "", "value": 0.0001780291983310145}, {"date": "2021-9-23", "name": "gate_length", "unit": "ns", "value": 35.55555555555556}], "name": "x3"}, {"qubits": [4], "gate": "x", "parameters": [{"date": "2021-9-23", "name": "gate_error", "unit": "", "value": 0.000195243640187779}, {"date": "2021-9-23", "name": "gate_length", "unit": "ns", "value": 35.55555555555556}], "name": "x4"}, {"qubits": [5], "gate": "x", "parameters": [{"date": "2021-9-23", "name": "gate_error", "unit": "", "value": 0.00030114398524227126}, {"date": "2021-9-23", "name": "gate_length", "unit": "ns", "value": 35.55555555555556}], "name": "x5"}, {"qubits": [6], "gate": "x", "parameters": [{"date": "2021-9-23", "name": "gate_error", "unit": "", "value": 0.00019339996785532168}, {"date": "2021-9-23", "name": "gate_length", "unit": "ns", "value": 35.55555555555556}], "name": "x6"}, {"qubits": [5, 4], "gate": "cx", "parameters": [{"date": "2021-9-23", "name": "gate_error", "unit": "", "value": 0.0064712212707799255}, {"date": "2021-9-20", "name": "gate_length", "unit": "ns", "value": 327.1111111111111}], "name": "cx5_4"}, {"qubits": [4, 5], "gate": "cx", "parameters": [{"date": "2021-9-23", "name": "gate_error", "unit": "", "value": 0.0064712212707799255}, {"date": "2021-9-20", "name": "gate_length", "unit": "ns", "value": 362.66666666666663}], "name": "cx4_5"}, {"qubits": [3, 1], "gate": "cx", "parameters": [{"date": "2021-9-23", "name": "gate_error", "unit": "", "value": 0.007979196107272851}, {"date": "2021-9-20", "name": "gate_length", "unit": "ns", "value": 298.66666666666663}], "name": "cx3_1"}, {"qubits": [1, 3], "gate": "cx", "parameters": [{"date": "2021-9-23", "name": "gate_error", "unit": "", "value": 0.007979196107272851}, {"date": "2021-9-20", "name": "gate_length", "unit": "ns", "value": 334.22222222222223}], "name": "cx1_3"}, {"qubits": [5, 6], "gate": "cx", "parameters": [{"date": "2021-9-23", "name": "gate_error", "unit": "", "value": 0.007011590392074996}, {"date": "2021-9-20", "name": "gate_length", "unit": "ns", "value": 256}], "name": "cx5_6"}, {"qubits": [6, 5], "gate": "cx", "parameters": [{"date": "2021-9-23", "name": "gate_error", "unit": "", "value": 0.007011590392074996}, {"date": "2021-9-20", "name": "gate_length", "unit": "ns", "value": 291.55555555555554}], "name": "cx6_5"}, {"qubits": [5, 3], "gate": "cx", "parameters": [{"date": "2021-9-23", "name": "gate_error", "unit": "", "value": 0.005134520428177414}, {"date": "2021-9-20", "name": "gate_length", "unit": "ns", "value": 298.66666666666663}], "name": "cx5_3"}, {"qubits": [3, 5], "gate": "cx", "parameters": [{"date": "2021-9-23", "name": "gate_error", "unit": "", "value": 0.005134520428177414}, {"date": "2021-9-20", "name": "gate_length", "unit": "ns", "value": 334.22222222222223}], "name": "cx3_5"}, {"qubits": [2, 1], "gate": "cx", "parameters": [{"date": "2021-9-23", "name": "gate_error", "unit": "", "value": 0.0054055555093165675}, {"date": "2021-9-20", "name": "gate_length", "unit": "ns", "value": 291.55555555555554}], "name": "cx2_1"}, {"qubits": [1, 2], "gate": "cx", "parameters": [{"date": "2021-9-23", "name": "gate_error", "unit": "", "value": 0.0054055555093165675}, {"date": "2021-9-20", "name": "gate_length", "unit": "ns", "value": 327.1111111111111}], "name": "cx1_2"}, {"qubits": [0, 1], "gate": "cx", "parameters": [{"date": "2021-9-23", "name": "gate_error", "unit": "", "value": 0.007701987601364008}, {"date": "2021-9-20", "name": "gate_length", "unit": "ns", "value": 305.77777777777777}], "name": "cx0_1"}, {"qubits": [1, 0], "gate": "cx", "parameters": [{"date": "2021-9-23", "name": "gate_error", "unit": "", "value": 0.007701987601364008}, {"date": "2021-9-20", "name": "gate_length", "unit": "ns", "value": 341.3333333333333}], "name": "cx1_0"}, {"qubits": [0], "gate": "reset", "parameters": [{"date": "2021-9-23", "name": "gate_length", "unit": "ns", "value": 1002.6666666666666}], "name": "reset0"}, {"qubits": [1], "gate": "reset", "parameters": [{"date": "2021-9-23", "name": "gate_length", "unit": "ns", "value": 1002.6666666666666}], "name": "reset1"}, {"qubits": [2], "gate": "reset", "parameters": [{"date": "2021-9-23", "name": "gate_length", "unit": "ns", "value": 995.5555555555555}], "name": "reset2"}, {"qubits": [3], "gate": "reset", "parameters": [{"date": "2021-9-23", "name": "gate_length", "unit": "ns", "value": 988.4444444444443}], "name": "reset3"}, {"qubits": [4], "gate": "reset", "parameters": [{"date": "2021-9-23", "name": "gate_length", "unit": "ns", "value": 1002.6666666666666}], "name": "reset4"}, {"qubits": [5], "gate": "reset", "parameters": [{"date": "2021-9-23", "name": "gate_length", "unit": "ns", "value": 1002.6666666666666}], "name": "reset5"}, {"qubits": [6], "gate": "reset", "parameters": [{"date": "2021-9-23", "name": "gate_length", "unit": "ns", "value": 988.4444444444443}], "name": "reset6"}], "general": [{"date": "2021-9-23", "name": "jq_01", "unit": "GHz", "value": 0.0017239661070310697}, {"date": "2021-9-23", "name": "zz_01", "unit": "GHz", "value": -4.1551259389276154e-05}, {"date": "2021-9-23", "name": "jq_12", "unit": "GHz", "value": 0.003306427365570105}, {"date": "2021-9-23", "name": "zz_12", "unit": "GHz", "value": -0.00013691896518548322}, {"date": "2021-9-23", "name": "jq_45", "unit": "GHz", "value": 0.0033964931013144256}, {"date": "2021-9-23", "name": "zz_45", "unit": "GHz", "value": -0.00015134337521539932}, {"date": "2021-9-23", "name": "jq_56", "unit": "GHz", "value": 0.0032394441256406383}, {"date": "2021-9-23", "name": "zz_56", "unit": "GHz", "value": -0.0001381127844927418}, {"date": "2021-9-23", "name": "jq_13", "unit": "GHz", "value": 0.003219077603102807}, {"date": "2021-9-23", "name": "zz_13", "unit": "GHz", "value": -0.00013509145307819546}, {"date": "2021-9-23", "name": "jq_35", "unit": "GHz", "value": 0.0023455196332844842}, {"date": "2021-9-23", "name": "zz_35", "unit": "GHz", "value": -9.35336850076191e-05}]}