{"backend_name": "ibm_lagos", "backend_version": "1.0.13", "last_update_date": "2021-11-6", "qubits": [[{"date": "2021-11-6", "name": "T1", "unit": "us", "value": 218.84614215017987}, {"date": "2021-11-4", "name": "T2", "unit": "us", "value": 29.01327365236941}, {"date": "2021-11-6", "name": "frequency", "unit": "GHz", "value": 5.235455781682498}, {"date": "2021-11-6", "name": "anharmonicity", "unit": "GHz", "value": -0.33986713855915607}, {"date": "2021-11-4", "name": "readout_error", "unit": "", "value": 0.00770000000000004}, {"date": "2021-11-4", "name": "prob_meas0_prep1", "unit": "", "value": 0.0106}, {"date": "2021-11-4", "name": "prob_meas1_prep0", "unit": "", "value": 0.0048000000000000265}, {"date": "2021-11-4", "name": "readout_length", "unit": "ns", "value": 704}], [{"date": "2021-11-6", "name": "T1", "unit": "us", "value": 99.98764091850754}, {"date": "2021-11-4", "name": "T2", "unit": "us", "value": 100.94157140622451}, {"date": "2021-11-6", "name": "frequency", "unit": "GHz", "value": 5.09939834489438}, {"date": "2021-11-6", "name": "anharmonicity", "unit": "GHz", "value": -0.3432484042938357}, {"date": "2021-11-4", "name": "readout_error", "unit": "", "value": 0.021666666666666723}, {"date": "2021-11-4", "name": "prob_meas0_prep1", "unit": "", "value": 0.03666666666666667}, {"date": "2021-11-4", "name": "prob_meas1_prep0", "unit": "", "value": 0.00666666666666671}, {"date": "2021-11-4", "name": "readout_length", "unit": "ns", "value": 704}], [{"date": "2021-11-6", "name": "T1", "unit": "us", "value": 156.91991630027218}, {"date": "2021-11-4", "name": "T2", "unit": "us", "value": 90.54018065574468}, {"date": "2021-11-6", "name": "frequency", "unit": "GHz", "value": 5.187890569052174}, {"date": "2021-11-6", "name": "anharmonicity", "unit": "GHz", "value": -0.3419316690031256}, {"date": "2021-11-4", "name": "readout_error", "unit": "", "value": 0.006199999999999983}, {"date": "2021-11-4", "name": "prob_meas0_prep1", "unit": "", "value": 0.0072}, {"date": "2021-11-4", "name": "prob_meas1_prep0", "unit": "", "value": 0.005199999999999982}, {"date": "2021-11-4", "name": "readout_length", "unit": "ns", "value": 704}], [{"date": "2021-11-6", "name": "T1", "unit": "us", "value": 101.44140373175661}, {"date": "2021-11-4", "name": "T2", "unit": "us", "value": 76.2318692576968}, {"date": "2021-11-6", "name": "frequency", "unit": "GHz", "value": 4.986862978080112}, {"date": "2021-11-6", "name": "anharmonicity", "unit": "GHz", "value": -0.3452928861203798}, {"date": "2021-11-6", "name": "readout_error", "unit": "", "value": 0.023333333333333428}, {"date": "2021-11-6", "name": "prob_meas0_prep1", "unit": "", "value": 0.016666666666666666}, {"date": "2021-11-6", "name": "prob_meas1_prep0", "unit": "", "value": 0.030000000000000027}, {"date": "2021-11-6", "name": "readout_length", "unit": "ns", "value": 704}], [{"date": "2021-11-6", "name": "T1", "unit": "us", "value": 195.55378202320009}, {"date": "2021-11-4", "name": "T2", "unit": "us", "value": 27.03464601891866}, {"date": "2021-11-6", "name": "frequency", "unit": "GHz", "value": 5.285339653199853}, {"date": "2021-11-6", "name": "anharmonicity", "unit": "GHz", "value": -0.3392342674107948}, {"date": "2021-11-4", "name": "readout_error", "unit": "", "value": 0.012699999999999934}, {"date": "2021-11-4", "name": "prob_meas0_prep1", "unit": "", "value": 0.01759999999999995}, {"date": "2021-11-4", "name": "prob_meas1_prep0", "unit": "", "value": 0.0078}, {"date": "2021-11-4", "name": "readout_length", "unit": "ns", "value": 704}], [{"date": "2021-11-6", "name": "T1", "unit": "us", "value": 136.0901131759947}, {"date": "2021-11-4", "name": "T2", "unit": "us", "value": 68.39750423903378}, {"date": "2021-11-6", "name": "frequency", "unit": "GHz", "value": 5.176825071395776}, {"date": "2021-11-6", "name": "anharmonicity", "unit": "GHz", "value": -0.34079297245074963}, {"date": "2021-11-6", "name": "readout_error", "unit": "", "value": 0.008333333333333304}, {"date": "2021-11-6", "name": "prob_meas0_prep1", "unit": "", "value": 0.013333333333333334}, {"date": "2021-11-6", "name": "prob_meas1_prep0", "unit": "", "value": 0.0033333333333332993}, {"date": "2021-11-6", "name": "readout_length", "unit": "ns", "value": 704}], [{"date": "2021-11-6", "name": "T1", "unit": "us", "value": 141.539415016541}, {"date": "2021-11-4", "name": "T2", "unit": "us", "value": 117.5199238336715}, {"date": "2021-11-6", "name": "frequency", "unit": "GHz", "value": 5.064110813746757}, {"date": "2021-11-6", "name": "anharmonicity", "unit": "GHz", "value": -0.34275836537159754}, {"date": "2021-11-4", "name": "readout_error", "unit": "", "value": 0.0413}, {"date": "2021-11-4", "name": "prob_meas0_prep1", "unit": "", "value": 0.06640000000000001}, {"date": "2021-11-4", "name": "prob_meas1_prep0", "unit": "", "value": 0.0162}, {"date": "2021-11-4", "name": "readout_length", "unit": "ns", "value": 704}]], "gates": [{"qubits": [0], "gate": "id", "parameters": [{"date": "2021-11-4", "name": "gate_error", "unit": "", "value": 0.00018555531808977968}, {"date": "2021-11-6", "name": "gate_length", "unit": "ns", "value": 35.55555555555556}], "name": "id0"}, {"qubits": [1], "gate": "id", "parameters": [{"date": "2021-11-4", "name": "gate_error", "unit": "", "value": 0.00037626318105498947}, {"date": "2021-11-6", "name": "gate_length", "unit": "ns", "value": 35.55555555555556}], "name": "id1"}, {"qubits": [2], "gate": "id", "parameters": [{"date": "2021-11-4", "name": "gate_error", "unit": "", "value": 0.000221297389967539}, {"date": "2021-11-6", "name": "gate_length", "unit": "ns", "value": 35.55555555555556}], "name": "id2"}, {"qubits": [3], "gate": "id", "parameters": [{"date": "2021-11-4", "name": "gate_error", "unit": "", "value": 0.05661722687709227}, {"date": "2021-11-6", "name": "gate_length", "unit": "ns", "value": 35.55555555555556}], "name": "id3"}, {"qubits": [4], "gate": "id", "parameters": [{"date": "2021-11-4", "name": "gate_error", "unit": "", "value": 0.0004928764320805053}, {"date": "2021-11-6", "name": "gate_length", "unit": "ns", "value": 35.55555555555556}], "name": "id4"}, {"qubits": [5], "gate": "id", "parameters": [{"date": "2021-11-4", "name": "gate_error", "unit": "", "value": 0.00016848836154299308}, {"date": "2021-11-6", "name": "gate_length", "unit": "ns", "value": 35.55555555555556}], "name": "id5"}, {"qubits": [6], "gate": "id", "parameters": [{"date": "2021-11-4", "name": "gate_error", "unit": "", "value": 0.0004164872739698849}, {"date": "2021-11-6", "name": "gate_length", "unit": "ns", "value": 35.55555555555556}], "name": "id6"}, {"qubits": [0], "gate": "rz", "parameters": [{"date": "2021-11-6", "name": "gate_error", "unit": "", "value": 0}, {"date": "2021-11-6", "name": "gate_length", "unit": "ns", "value": 0}], "name": "rz0"}, {"qubits": [1], "gate": "rz", "parameters": [{"date": "2021-11-6", "name": "gate_error", "unit": "", "value": 0}, {"date": "2021-11-6", "name": "gate_length", "unit": "ns", "value": 0}], "name": "rz1"}, {"qubits": [2], "gate": "rz", "parameters": [{"date": "2021-11-6", "name": "gate_error", "unit": "", "value": 0}, {"date": "2021-11-6", "name": "gate_length", "unit": "ns", "value": 0}], "name": "rz2"}, {"qubits": [3], "gate": "rz", "parameters": [{"date": "2021-11-6", "name": "gate_error", "unit": "", "value": 0}, {"date": "2021-11-6", "name": "gate_length", "unit": "ns", "value": 0}], "name": "rz3"}, {"qubits": [4], "gate": "rz", "parameters": [{"date": "2021-11-6", "name": "gate_error", "unit": "", "value": 0}, {"date": "2021-11-6", "name": "gate_length", "unit": "ns", "value": 0}], "name": "rz4"}, {"qubits": [5], "gate": "rz", "parameters": [{"date": "2021-11-6", "name": "gate_error", "unit": "", "value": 0}, {"date": "2021-11-6", "name": "gate_length", "unit": "ns", "value": 0}], "name": "rz5"}, {"qubits": [6], "gate": "rz", "parameters": [{"date": "2021-11-6", "name": "gate_error", "unit": "", "value": 0}, {"date": "2021-11-6", "name": "gate_length", "unit": "ns", "value": 0}], "name": "rz6"}, {"qubits": [0], "gate": "sx", "parameters": [{"date": "2021-11-4", "name": "gate_error", "unit": "", "value": 0.00018555531808977968}, {"date": "2021-11-6", "name": "gate_length", "unit": "ns", "value": 35.55555555555556}], "name": "sx0"}, {"qubits": [1], "gate": "sx", "parameters": [{"date": "2021-11-4", "name": "gate_error", "unit": "", "value": 0.00037626318105498947}, {"date": "2021-11-6", "name": "gate_length", "unit": "ns", "value": 35.55555555555556}], "name": "sx1"}, {"qubits": [2], "gate": "sx", "parameters": [{"date": "2021-11-4", "name": "gate_error", "unit": "", "value": 0.000221297389967539}, {"date": "2021-11-6", "name": "gate_length", "unit": "ns", "value": 35.55555555555556}], "name": "sx2"}, {"qubits": [3], "gate": "sx", "parameters": [{"date": "2021-11-4", "name": "gate_error", "unit": "", "value": 0.05661722687709227}, {"date": "2021-11-6", "name": "gate_length", "unit": "ns", "value": 35.55555555555556}], "name": "sx3"}, {"qubits": [4], "gate": "sx", "parameters": [{"date": "2021-11-4", "name": "gate_error", "unit": "", "value": 0.0004928764320805053}, {"date": "2021-11-6", "name": "gate_length", "unit": "ns", "value": 35.55555555555556}], "name": "sx4"}, {"qubits": [5], "gate": "sx", "parameters": [{"date": "2021-11-4", "name": "gate_error", "unit": "", "value": 0.00016848836154299308}, {"date": "2021-11-6", "name": "gate_length", "unit": "ns", "value": 35.55555555555556}], "name": "sx5"}, {"qubits": [6], "gate": "sx", "parameters": [{"date": "2021-11-4", "name": "gate_error", "unit": "", "value": 0.0004164872739698849}, {"date": "2021-11-6", "name": "gate_length", "unit": "ns", "value": 35.55555555555556}], "name": "sx6"}, {"qubits": [0], "gate": "x", "parameters": [{"date": "2021-11-4", "name": "gate_error", "unit": "", "value": 0.00018555531808977968}, {"date": "2021-11-6", "name": "gate_length", "unit": "ns", "value": 35.55555555555556}], "name": "x0"}, {"qubits": [1], "gate": "x", "parameters": [{"date": "2021-11-4", "name": "gate_error", "unit": "", "value": 0.00037626318105498947}, {"date": "2021-11-6", "name": "gate_length", "unit": "ns", "value": 35.55555555555556}], "name": "x1"}, {"qubits": [2], "gate": "x", "parameters": [{"date": "2021-11-4", "name": "gate_error", "unit": "", "value": 0.000221297389967539}, {"date": "2021-11-6", "name": "gate_length", "unit": "ns", "value": 35.55555555555556}], "name": "x2"}, {"qubits": [3], "gate": "x", "parameters": [{"date": "2021-11-4", "name": "gate_error", "unit": "", "value": 0.05661722687709227}, {"date": "2021-11-6", "name": "gate_length", "unit": "ns", "value": 35.55555555555556}], "name": "x3"}, {"qubits": [4], "gate": "x", "parameters": [{"date": "2021-11-4", "name": "gate_error", "unit": "", "value": 0.0004928764320805053}, {"date": "2021-11-6", "name": "gate_length", "unit": "ns", "value": 35.55555555555556}], "name": "x4"}, {"qubits": [5], "gate": "x", "parameters": [{"date": "2021-11-4", "name": "gate_error", "unit": "", "value": 0.00016848836154299308}, {"date": "2021-11-6", "name": "gate_length", "unit": "ns", "value": 35.55555555555556}], "name": "x5"}, {"qubits": [6], "gate": "x", "parameters": [{"date": "2021-11-4", "name": "gate_error", "unit": "", "value": 0.0004164872739698849}, {"date": "2021-11-6", "name": "gate_length", "unit": "ns", "value": 35.55555555555556}], "name": "x6"}, {"qubits": [5, 4], "gate": "cx", "parameters": [{"date": "2021-11-4", "name": "gate_error", "unit": "", "value": 0.00858720093980378}, {"date": "2021-11-3", "name": "gate_length", "unit": "ns", "value": 327.1111111111111}], "name": "cx5_4"}, {"qubits": [4, 5], "gate": "cx", "parameters": [{"date": "2021-11-4", "name": "gate_error", "unit": "", "value": 0.00858720093980378}, {"date": "2021-11-3", "name": "gate_length", "unit": "ns", "value": 362.66666666666663}], "name": "cx4_5"}, {"qubits": [5, 6], "gate": "cx", "parameters": [{"date": "2021-11-4", "name": "gate_error", "unit": "", "value": 0.005645603253288972}, {"date": "2021-11-3", "name": "gate_length", "unit": "ns", "value": 256}], "name": "cx5_6"}, {"qubits": [6, 5], "gate": "cx", "parameters": [{"date": "2021-11-4", "name": "gate_error", "unit": "", "value": 0.005645603253288972}, {"date": "2021-11-3", "name": "gate_length", "unit": "ns", "value": 291.55555555555554}], "name": "cx6_5"}, {"qubits": [5, 3], "gate": "cx", "parameters": [{"date": "2021-11-4", "name": "gate_error", "unit": "", "value": 0.006126235422826337}, {"date": "2021-11-3", "name": "gate_length", "unit": "ns", "value": 298.66666666666663}], "name": "cx5_3"}, {"qubits": [3, 5], "gate": "cx", "parameters": [{"date": "2021-11-4", "name": "gate_error", "unit": "", "value": 0.006126235422826337}, {"date": "2021-11-3", "name": "gate_length", "unit": "ns", "value": 334.22222222222223}], "name": "cx3_5"}, {"qubits": [2, 1], "gate": "cx", "parameters": [{"date": "2021-11-4", "name": "gate_error", "unit": "", "value": 0.005653752358654313}, {"date": "2021-11-3", "name": "gate_length", "unit": "ns", "value": 291.55555555555554}], "name": "cx2_1"}, {"qubits": [1, 2], "gate": "cx", "parameters": [{"date": "2021-11-4", "name": "gate_error", "unit": "", "value": 0.005653752358654313}, {"date": "2021-11-3", "name": "gate_length", "unit": "ns", "value": 327.1111111111111}], "name": "cx1_2"}, {"qubits": [0, 1], "gate": "cx", "parameters": [{"date": "2021-11-4", "name": "gate_error", "unit": "", "value": 0.024729740529821576}, {"date": "2021-11-3", "name": "gate_length", "unit": "ns", "value": 305.77777777777777}], "name": "cx0_1"}, {"qubits": [1, 0], "gate": "cx", "parameters": [{"date": "2021-11-4", "name": "gate_error", "unit": "", "value": 0.024729740529821576}, {"date": "2021-11-3", "name": "gate_length", "unit": "ns", "value": 341.3333333333333}], "name": "cx1_0"}, {"qubits": [3, 1], "gate": "cx", "parameters": [{"date": "2021-11-6", "name": "gate_error", "unit": "", "value": 1}, {"date": "2021-11-3", "name": "gate_length", "unit": "ns", "value": 298.66666666666663}], "name": "cx3_1"}, {"qubits": [1, 3], "gate": "cx", "parameters": [{"date": "2021-11-6", "name": "gate_error", "unit": "", "value": 1}, {"date": "2021-11-3", "name": "gate_length", "unit": "ns", "value": 334.22222222222223}], "name": "cx1_3"}, {"qubits": [0], "gate": "reset", "parameters": [{"date": "2021-11-6", "name": "gate_length", "unit": "ns", "value": 1002.6666666666666}], "name": "reset0"}, {"qubits": [1], "gate": "reset", "parameters": [{"date": "2021-11-6", "name": "gate_length", "unit": "ns", "value": 1002.6666666666666}], "name": "reset1"}, {"qubits": [2], "gate": "reset", "parameters": [{"date": "2021-11-6", "name": "gate_length", "unit": "ns", "value": 995.5555555555555}], "name": "reset2"}, {"qubits": [3], "gate": "reset", "parameters": [{"date": "2021-11-6", "name": "gate_length", "unit": "ns", "value": 988.4444444444443}], "name": "reset3"}, {"qubits": [4], "gate": "reset", "parameters": [{"date": "2021-11-6", "name": "gate_length", "unit": "ns", "value": 1002.6666666666666}], "name": "reset4"}, {"qubits": [5], "gate": "reset", "parameters": [{"date": "2021-11-6", "name": "gate_length", "unit": "ns", "value": 1002.6666666666666}], "name": "reset5"}, {"qubits": [6], "gate": "reset", "parameters": [{"date": "2021-11-6", "name": "gate_length", "unit": "ns", "value": 988.4444444444443}], "name": "reset6"}], "general": [{"date": "2021-11-6", "name": "jq_01", "unit": "GHz", "value": 0.0017239661070310697}, {"date": "2021-11-6", "name": "zz_01", "unit": "GHz", "value": -4.1551259389276154e-05}, {"date": "2021-11-6", "name": "jq_12", "unit": "GHz", "value": 0.003306427365570105}, {"date": "2021-11-6", "name": "zz_12", "unit": "GHz", "value": -0.00013691896518548322}, {"date": "2021-11-6", "name": "jq_45", "unit": "GHz", "value": 0.0033964931013144256}, {"date": "2021-11-6", "name": "zz_45", "unit": "GHz", "value": -0.00015134337521539932}, {"date": "2021-11-6", "name": "jq_56", "unit": "GHz", "value": 0.0032394441256406383}, {"date": "2021-11-6", "name": "zz_56", "unit": "GHz", "value": -0.0001381127844927418}, {"date": "2021-11-6", "name": "jq_13", "unit": "GHz", "value": 0.003219077603102807}, {"date": "2021-11-6", "name": "zz_13", "unit": "GHz", "value": -0.00013509145307819546}, {"date": "2021-11-6", "name": "jq_35", "unit": "GHz", "value": 0.0023455196332844842}, {"date": "2021-11-6", "name": "zz_35", "unit": "GHz", "value": -9.35336850076191e-05}]}