{"backend_name": "ibm_lagos", "backend_version": "1.0.1", "last_update_date": "2021-7-23", "qubits": [[{"date": "2021-7-23", "name": "T1", "unit": "us", "value": 84.80652223503348}, {"date": "2021-7-23", "name": "T2", "unit": "us", "value": 54.64948821642418}, {"date": "2021-7-23", "name": "frequency", "unit": "GHz", "value": 5.235338735217647}, {"date": "2021-7-23", "name": "anharmonicity", "unit": "GHz", "value": -0.33986713855915607}, {"date": "2021-7-23", "name": "readout_error", "unit": "", "value": 0.048799999999999955}, {"date": "2021-7-23", "name": "prob_meas0_prep1", "unit": "", "value": 0.0654}, {"date": "2021-7-23", "name": "prob_meas1_prep0", "unit": "", "value": 0.032200000000000006}, {"date": "2021-7-23", "name": "readout_length", "unit": "ns", "value": 704}], [{"date": "2021-7-23", "name": "T1", "unit": "us", "value": 111.43807744446613}, {"date": "2021-7-23", "name": "T2", "unit": "us", "value": 104.66647140276889}, {"date": "2021-7-23", "name": "frequency", "unit": "GHz", "value": 5.0993914910962035}, {"date": "2021-7-23", "name": "anharmonicity", "unit": "GHz", "value": -0.3432484042938357}, {"date": "2021-7-23", "name": "readout_error", "unit": "", "value": 0.012899999999999912}, {"date": "2021-7-23", "name": "prob_meas0_prep1", "unit": "", "value": 0.0196}, {"date": "2021-7-23", "name": "prob_meas1_prep0", "unit": "", "value": 0.006199999999999983}, {"date": "2021-7-23", "name": "readout_length", "unit": "ns", "value": 704}], [{"date": "2021-7-23", "name": "T1", "unit": "us", "value": 123.72756376073889}, {"date": "2021-7-23", "name": "T2", "unit": "us", "value": 69.31809612096282}, {"date": "2021-7-23", "name": "frequency", "unit": "GHz", "value": 5.187831845879701}, {"date": "2021-7-23", "name": "anharmonicity", "unit": "GHz", "value": -0.3419316690031256}, {"date": "2021-7-23", "name": "readout_error", "unit": "", "value": 0.006399999999999961}, {"date": "2021-7-23", "name": "prob_meas0_prep1", "unit": "", "value": 0.0074}, {"date": "2021-7-23", "name": "prob_meas1_prep0", "unit": "", "value": 0.00539999999999996}, {"date": "2021-7-23", "name": "readout_length", "unit": "ns", "value": 704}], [{"date": "2021-7-23", "name": "T1", "unit": "us", "value": 162.26798233676269}, {"date": "2021-7-23", "name": "T2", "unit": "us", "value": 120.5806209549214}, {"date": "2021-7-23", "name": "frequency", "unit": "GHz", "value": 4.986844739788305}, {"date": "2021-7-23", "name": "anharmonicity", "unit": "GHz", "value": -0.3452928861203798}, {"date": "2021-7-23", "name": "readout_error", "unit": "", "value": 0.005800000000000027}, {"date": "2021-7-23", "name": "prob_meas0_prep1", "unit": "", "value": 0.0084}, {"date": "2021-7-23", "name": "prob_meas1_prep0", "unit": "", "value": 0.0031999999999999806}, {"date": "2021-7-23", "name": "readout_length", "unit": "ns", "value": 704}], [{"date": "2021-7-23", "name": "T1", "unit": "us", "value": 76.12944260248464}, {"date": "2021-7-23", "name": "T2", "unit": "us", "value": 30.178573990466194}, {"date": "2021-7-23", "name": "frequency", "unit": "GHz", "value": 5.285286684709577}, {"date": "2021-7-23", "name": "anharmonicity", "unit": "GHz", "value": -0.3392342674107948}, {"date": "2021-7-23", "name": "readout_error", "unit": "", "value": 0.008799999999999919}, {"date": "2021-7-23", "name": "prob_meas0_prep1", "unit": "", "value": 0.008199999999999985}, {"date": "2021-7-23", "name": "prob_meas1_prep0", "unit": "", "value": 0.0094}, {"date": "2021-7-23", "name": "readout_length", "unit": "ns", "value": 704}], [{"date": "2021-7-23", "name": "T1", "unit": "us", "value": 139.41427311773393}, {"date": "2021-7-23", "name": "T2", "unit": "us", "value": 65.59659129461285}, {"date": "2021-7-23", "name": "frequency", "unit": "GHz", "value": 5.176849449612614}, {"date": "2021-7-23", "name": "anharmonicity", "unit": "GHz", "value": -0.34079297245074963}, {"date": "2021-7-23", "name": "readout_error", "unit": "", "value": 0.010700000000000043}, {"date": "2021-7-23", "name": "prob_meas0_prep1", "unit": "", "value": 0.0116}, {"date": "2021-7-23", "name": "prob_meas1_prep0", "unit": "", "value": 0.009800000000000031}, {"date": "2021-7-23", "name": "readout_length", "unit": "ns", "value": 704}], [{"date": "2021-7-23", "name": "T1", "unit": "us", "value": 124.8483099588294}, {"date": "2021-7-23", "name": "T2", "unit": "us", "value": 111.12865843261359}, {"date": "2021-7-23", "name": "frequency", "unit": "GHz", "value": 5.064096343099607}, {"date": "2021-7-23", "name": "anharmonicity", "unit": "GHz", "value": -0.34275836537159754}, {"date": "2021-7-23", "name": "readout_error", "unit": "", "value": 0.009199999999999986}, {"date": "2021-7-23", "name": "prob_meas0_prep1", "unit": "", "value": 0.012}, {"date": "2021-7-23", "name": "prob_meas1_prep0", "unit": "", "value": 0.006399999999999961}, {"date": "2021-7-23", "name": "readout_length", "unit": "ns", "value": 704}]], "gates": [{"qubits": [0], "gate": "id", "parameters": [{"date": "2021-7-23", "name": "gate_error", "unit": "", "value": 0.0005615908913017697}, {"date": "2021-7-23", "name": "gate_length", "unit": "ns", "value": 35.55555555555556}], "name": "id0"}, {"qubits": [1], "gate": "id", "parameters": [{"date": "2021-7-23", "name": "gate_error", "unit": "", "value": 0.0002713791948462692}, {"date": "2021-7-23", "name": "gate_length", "unit": "ns", "value": 35.55555555555556}], "name": "id1"}, {"qubits": [2], "gate": "id", "parameters": [{"date": "2021-7-23", "name": "gate_error", "unit": "", "value": 0.00024009710157872207}, {"date": "2021-7-23", "name": "gate_length", "unit": "ns", "value": 35.55555555555556}], "name": "id2"}, {"qubits": [3], "gate": "id", "parameters": [{"date": "2021-7-23", "name": "gate_error", "unit": "", "value": 0.00014249324024373836}, {"date": "2021-7-23", "name": "gate_length", "unit": "ns", "value": 35.55555555555556}], "name": "id3"}, {"qubits": [4], "gate": "id", "parameters": [{"date": "2021-7-23", "name": "gate_error", "unit": "", "value": 0.00025501358956226463}, {"date": "2021-7-23", "name": "gate_length", "unit": "ns", "value": 35.55555555555556}], "name": "id4"}, {"qubits": [5], "gate": "id", "parameters": [{"date": "2021-7-23", "name": "gate_error", "unit": "", "value": 0.00022314966556686916}, {"date": "2021-7-23", "name": "gate_length", "unit": "ns", "value": 35.55555555555556}], "name": "id5"}, {"qubits": [6], "gate": "id", "parameters": [{"date": "2021-7-23", "name": "gate_error", "unit": "", "value": 0.0003362620013981125}, {"date": "2021-7-23", "name": "gate_length", "unit": "ns", "value": 35.55555555555556}], "name": "id6"}, {"qubits": [0], "gate": "rz", "parameters": [{"date": "2021-7-23", "name": "gate_error", "unit": "", "value": 0}, {"date": "2021-7-23", "name": "gate_length", "unit": "ns", "value": 0}], "name": "rz0"}, {"qubits": [1], "gate": "rz", "parameters": [{"date": "2021-7-23", "name": "gate_error", "unit": "", "value": 0}, {"date": "2021-7-23", "name": "gate_length", "unit": "ns", "value": 0}], "name": "rz1"}, {"qubits": [2], "gate": "rz", "parameters": [{"date": "2021-7-23", "name": "gate_error", "unit": "", "value": 0}, {"date": "2021-7-23", "name": "gate_length", "unit": "ns", "value": 0}], "name": "rz2"}, {"qubits": [3], "gate": "rz", "parameters": [{"date": "2021-7-23", "name": "gate_error", "unit": "", "value": 0}, {"date": "2021-7-23", "name": "gate_length", "unit": "ns", "value": 0}], "name": "rz3"}, {"qubits": [4], "gate": "rz", "parameters": [{"date": "2021-7-23", "name": "gate_error", "unit": "", "value": 0}, {"date": "2021-7-23", "name": "gate_length", "unit": "ns", "value": 0}], "name": "rz4"}, {"qubits": [5], "gate": "rz", "parameters": [{"date": "2021-7-23", "name": "gate_error", "unit": "", "value": 0}, {"date": "2021-7-23", "name": "gate_length", "unit": "ns", "value": 0}], "name": "rz5"}, {"qubits": [6], "gate": "rz", "parameters": [{"date": "2021-7-23", "name": "gate_error", "unit": "", "value": 0}, {"date": "2021-7-23", "name": "gate_length", "unit": "ns", "value": 0}], "name": "rz6"}, {"qubits": [0], "gate": "sx", "parameters": [{"date": "2021-7-23", "name": "gate_error", "unit": "", "value": 0.0005615908913017697}, {"date": "2021-7-23", "name": "gate_length", "unit": "ns", "value": 35.55555555555556}], "name": "sx0"}, {"qubits": [1], "gate": "sx", "parameters": [{"date": "2021-7-23", "name": "gate_error", "unit": "", "value": 0.0002713791948462692}, {"date": "2021-7-23", "name": "gate_length", "unit": "ns", "value": 35.55555555555556}], "name": "sx1"}, {"qubits": [2], "gate": "sx", "parameters": [{"date": "2021-7-23", "name": "gate_error", "unit": "", "value": 0.00024009710157872207}, {"date": "2021-7-23", "name": "gate_length", "unit": "ns", "value": 35.55555555555556}], "name": "sx2"}, {"qubits": [3], "gate": "sx", "parameters": [{"date": "2021-7-23", "name": "gate_error", "unit": "", "value": 0.00014249324024373836}, {"date": "2021-7-23", "name": "gate_length", "unit": "ns", "value": 35.55555555555556}], "name": "sx3"}, {"qubits": [4], "gate": "sx", "parameters": [{"date": "2021-7-23", "name": "gate_error", "unit": "", "value": 0.00025501358956226463}, {"date": "2021-7-23", "name": "gate_length", "unit": "ns", "value": 35.55555555555556}], "name": "sx4"}, {"qubits": [5], "gate": "sx", "parameters": [{"date": "2021-7-23", "name": "gate_error", "unit": "", "value": 0.00022314966556686916}, {"date": "2021-7-23", "name": "gate_length", "unit": "ns", "value": 35.55555555555556}], "name": "sx5"}, {"qubits": [6], "gate": "sx", "parameters": [{"date": "2021-7-23", "name": "gate_error", "unit": "", "value": 0.0003362620013981125}, {"date": "2021-7-23", "name": "gate_length", "unit": "ns", "value": 35.55555555555556}], "name": "sx6"}, {"qubits": [0], "gate": "x", "parameters": [{"date": "2021-7-23", "name": "gate_error", "unit": "", "value": 0.0005615908913017697}, {"date": "2021-7-23", "name": "gate_length", "unit": "ns", "value": 35.55555555555556}], "name": "x0"}, {"qubits": [1], "gate": "x", "parameters": [{"date": "2021-7-23", "name": "gate_error", "unit": "", "value": 0.0002713791948462692}, {"date": "2021-7-23", "name": "gate_length", "unit": "ns", "value": 35.55555555555556}], "name": "x1"}, {"qubits": [2], "gate": "x", "parameters": [{"date": "2021-7-23", "name": "gate_error", "unit": "", "value": 0.00024009710157872207}, {"date": "2021-7-23", "name": "gate_length", "unit": "ns", "value": 35.55555555555556}], "name": "x2"}, {"qubits": [3], "gate": "x", "parameters": [{"date": "2021-7-23", "name": "gate_error", "unit": "", "value": 0.00014249324024373836}, {"date": "2021-7-23", "name": "gate_length", "unit": "ns", "value": 35.55555555555556}], "name": "x3"}, {"qubits": [4], "gate": "x", "parameters": [{"date": "2021-7-23", "name": "gate_error", "unit": "", "value": 0.00025501358956226463}, {"date": "2021-7-23", "name": "gate_length", "unit": "ns", "value": 35.55555555555556}], "name": "x4"}, {"qubits": [5], "gate": "x", "parameters": [{"date": "2021-7-23", "name": "gate_error", "unit": "", "value": 0.00022314966556686916}, {"date": "2021-7-23", "name": "gate_length", "unit": "ns", "value": 35.55555555555556}], "name": "x5"}, {"qubits": [6], "gate": "x", "parameters": [{"date": "2021-7-23", "name": "gate_error", "unit": "", "value": 0.0003362620013981125}, {"date": "2021-7-23", "name": "gate_length", "unit": "ns", "value": 35.55555555555556}], "name": "x6"}, {"qubits": [5, 4], "gate": "cx", "parameters": [{"date": "2021-7-23", "name": "gate_error", "unit": "", "value": 0.005976956200932887}, {"date": "2021-7-20", "name": "gate_length", "unit": "ns", "value": 327.1111111111111}], "name": "cx5_4"}, {"qubits": [4, 5], "gate": "cx", "parameters": [{"date": "2021-7-23", "name": "gate_error", "unit": "", "value": 0.005976956200932887}, {"date": "2021-7-20", "name": "gate_length", "unit": "ns", "value": 362.66666666666663}], "name": "cx4_5"}, {"qubits": [3, 1], "gate": "cx", "parameters": [{"date": "2021-7-23", "name": "gate_error", "unit": "", "value": 0.005909293436628549}, {"date": "2021-7-20", "name": "gate_length", "unit": "ns", "value": 298.66666666666663}], "name": "cx3_1"}, {"qubits": [1, 3], "gate": "cx", "parameters": [{"date": "2021-7-23", "name": "gate_error", "unit": "", "value": 0.005909293436628549}, {"date": "2021-7-20", "name": "gate_length", "unit": "ns", "value": 334.22222222222223}], "name": "cx1_3"}, {"qubits": [5, 6], "gate": "cx", "parameters": [{"date": "2021-7-23", "name": "gate_error", "unit": "", "value": 0.006314680459156702}, {"date": "2021-7-20", "name": "gate_length", "unit": "ns", "value": 256}], "name": "cx5_6"}, {"qubits": [6, 5], "gate": "cx", "parameters": [{"date": "2021-7-23", "name": "gate_error", "unit": "", "value": 0.006314680459156702}, {"date": "2021-7-20", "name": "gate_length", "unit": "ns", "value": 291.55555555555554}], "name": "cx6_5"}, {"qubits": [5, 3], "gate": "cx", "parameters": [{"date": "2021-7-23", "name": "gate_error", "unit": "", "value": 0.004792648176247083}, {"date": "2021-7-20", "name": "gate_length", "unit": "ns", "value": 298.66666666666663}], "name": "cx5_3"}, {"qubits": [3, 5], "gate": "cx", "parameters": [{"date": "2021-7-23", "name": "gate_error", "unit": "", "value": 0.004792648176247083}, {"date": "2021-7-20", "name": "gate_length", "unit": "ns", "value": 334.22222222222223}], "name": "cx3_5"}, {"qubits": [2, 1], "gate": "cx", "parameters": [{"date": "2021-7-23", "name": "gate_error", "unit": "", "value": 0.006295334812814024}, {"date": "2021-7-20", "name": "gate_length", "unit": "ns", "value": 291.55555555555554}], "name": "cx2_1"}, {"qubits": [1, 2], "gate": "cx", "parameters": [{"date": "2021-7-23", "name": "gate_error", "unit": "", "value": 0.006295334812814024}, {"date": "2021-7-20", "name": "gate_length", "unit": "ns", "value": 327.1111111111111}], "name": "cx1_2"}, {"qubits": [0, 1], "gate": "cx", "parameters": [{"date": "2021-7-23", "name": "gate_error", "unit": "", "value": 0.010278797773882742}, {"date": "2021-7-20", "name": "gate_length", "unit": "ns", "value": 305.77777777777777}], "name": "cx0_1"}, {"qubits": [1, 0], "gate": "cx", "parameters": [{"date": "2021-7-23", "name": "gate_error", "unit": "", "value": 0.010278797773882742}, {"date": "2021-7-20", "name": "gate_length", "unit": "ns", "value": 341.3333333333333}], "name": "cx1_0"}, {"qubits": [0], "gate": "reset", "parameters": [{"date": "2021-7-23", "name": "gate_length", "unit": "ns", "value": 1002.6666666666666}], "name": "reset0"}, {"qubits": [1], "gate": "reset", "parameters": [{"date": "2021-7-23", "name": "gate_length", "unit": "ns", "value": 1002.6666666666666}], "name": "reset1"}, {"qubits": [2], "gate": "reset", "parameters": [{"date": "2021-7-23", "name": "gate_length", "unit": "ns", "value": 995.5555555555555}], "name": "reset2"}, {"qubits": [3], "gate": "reset", "parameters": [{"date": "2021-7-23", "name": "gate_length", "unit": "ns", "value": 988.4444444444443}], "name": "reset3"}, {"qubits": [4], "gate": "reset", "parameters": [{"date": "2021-7-23", "name": "gate_length", "unit": "ns", "value": 1002.6666666666666}], "name": "reset4"}, {"qubits": [5], "gate": "reset", "parameters": [{"date": "2021-7-23", "name": "gate_length", "unit": "ns", "value": 1002.6666666666666}], "name": "reset5"}, {"qubits": [6], "gate": "reset", "parameters": [{"date": "2021-7-23", "name": "gate_length", "unit": "ns", "value": 988.4444444444443}], "name": "reset6"}], "general": [{"date": "2021-7-23", "name": "jq_01", "unit": "GHz", "value": 0.0017239661070310697}, {"date": "2021-7-23", "name": "zz_01", "unit": "GHz", "value": -4.1551259389276154e-05}, {"date": "2021-7-23", "name": "jq_12", "unit": "GHz", "value": 0.003306427365570105}, {"date": "2021-7-23", "name": "zz_12", "unit": "GHz", "value": -0.00013691896518548322}, {"date": "2021-7-23", "name": "jq_45", "unit": "GHz", "value": 0.0033964931013144256}, {"date": "2021-7-23", "name": "zz_45", "unit": "GHz", "value": -0.00015134337521539932}, {"date": "2021-7-23", "name": "jq_56", "unit": "GHz", "value": 0.0032394441256406383}, {"date": "2021-7-23", "name": "zz_56", "unit": "GHz", "value": -0.0001381127844927418}, {"date": "2021-7-23", "name": "jq_13", "unit": "GHz", "value": 0.003219077603102807}, {"date": "2021-7-23", "name": "zz_13", "unit": "GHz", "value": -0.00013509145307819546}, {"date": "2021-7-23", "name": "jq_35", "unit": "GHz", "value": 0.0023455196332844842}, {"date": "2021-7-23", "name": "zz_35", "unit": "GHz", "value": -9.35336850076191e-05}]}