{"backend_name": "ibm_lagos", "backend_version": "1.0.17", "last_update_date": "2021-12-3", "qubits": [[{"date": "2021-12-3", "name": "T1", "unit": "us", "value": 222.15194529870087}, {"date": "2021-12-3", "name": "T2", "unit": "us", "value": 42.37244353858731}, {"date": "2021-12-3", "name": "frequency", "unit": "GHz", "value": 5.235183265579462}, {"date": "2021-12-3", "name": "anharmonicity", "unit": "GHz", "value": -0.33986713855915607}, {"date": "2021-12-3", "name": "readout_error", "unit": "", "value": 0.012199999999999989}, {"date": "2021-12-3", "name": "prob_meas0_prep1", "unit": "", "value": 0.0134}, {"date": "2021-12-3", "name": "prob_meas1_prep0", "unit": "", "value": 0.01100000000000001}, {"date": "2021-12-3", "name": "readout_length", "unit": "ns", "value": 704}], [{"date": "2021-12-3", "name": "T1", "unit": "us", "value": 117.47168640391567}, {"date": "2021-12-3", "name": "T2", "unit": "us", "value": 94.01220523476086}, {"date": "2021-12-3", "name": "frequency", "unit": "GHz", "value": 5.099573077843446}, {"date": "2021-12-3", "name": "anharmonicity", "unit": "GHz", "value": -0.3432484042938357}, {"date": "2021-12-3", "name": "readout_error", "unit": "", "value": 0.00869999999999993}, {"date": "2021-12-3", "name": "prob_meas0_prep1", "unit": "", "value": 0.0092}, {"date": "2021-12-3", "name": "prob_meas1_prep0", "unit": "", "value": 0.008199999999999985}, {"date": "2021-12-3", "name": "readout_length", "unit": "ns", "value": 704}], [{"date": "2021-12-3", "name": "T1", "unit": "us", "value": 125.64208397417394}, {"date": "2021-12-3", "name": "T2", "unit": "us", "value": 168.23975821114263}, {"date": "2021-12-3", "name": "frequency", "unit": "GHz", "value": 5.188393644785648}, {"date": "2021-12-3", "name": "anharmonicity", "unit": "GHz", "value": -0.3419316690031256}, {"date": "2021-12-3", "name": "readout_error", "unit": "", "value": 0.0039000000000000146}, {"date": "2021-12-3", "name": "prob_meas0_prep1", "unit": "", "value": 0.005}, {"date": "2021-12-3", "name": "prob_meas1_prep0", "unit": "", "value": 0.0028000000000000247}, {"date": "2021-12-3", "name": "readout_length", "unit": "ns", "value": 704}], [{"date": "2021-12-3", "name": "T1", "unit": "us", "value": 137.19049736949108}, {"date": "2021-12-3", "name": "T2", "unit": "us", "value": 145.68914501738888}, {"date": "2021-12-3", "name": "frequency", "unit": "GHz", "value": 4.987482379048192}, {"date": "2021-12-3", "name": "anharmonicity", "unit": "GHz", "value": -0.3452928861203798}, {"date": "2021-12-3", "name": "readout_error", "unit": "", "value": 0.018399999999999972}, {"date": "2021-12-3", "name": "prob_meas0_prep1", "unit": "", "value": 0.0212}, {"date": "2021-12-3", "name": "prob_meas1_prep0", "unit": "", "value": 0.015599999999999947}, {"date": "2021-12-3", "name": "readout_length", "unit": "ns", "value": 704}], [{"date": "2021-12-3", "name": "T1", "unit": "us", "value": 133.87552835805522}, {"date": "2021-12-3", "name": "T2", "unit": "us", "value": 39.523187233274065}, {"date": "2021-12-3", "name": "frequency", "unit": "GHz", "value": 5.2853435943786975}, {"date": "2021-12-3", "name": "anharmonicity", "unit": "GHz", "value": -0.3392342674107948}, {"date": "2021-12-3", "name": "readout_error", "unit": "", "value": 0.010399999999999965}, {"date": "2021-12-3", "name": "prob_meas0_prep1", "unit": "", "value": 0.011399999999999966}, {"date": "2021-12-3", "name": "prob_meas1_prep0", "unit": "", "value": 0.0094}, {"date": "2021-12-3", "name": "readout_length", "unit": "ns", "value": 704}], [{"date": "2021-12-3", "name": "T1", "unit": "us", "value": 113.59212558585935}, {"date": "2021-12-3", "name": "T2", "unit": "us", "value": 91.36621937354468}, {"date": "2021-12-3", "name": "frequency", "unit": "GHz", "value": 5.176177938870628}, {"date": "2021-12-3", "name": "anharmonicity", "unit": "GHz", "value": -0.34079297245074963}, {"date": "2021-12-3", "name": "readout_error", "unit": "", "value": 0.011666666666666714}, {"date": "2021-12-3", "name": "prob_meas0_prep1", "unit": "", "value": 0.016666666666666666}, {"date": "2021-12-3", "name": "prob_meas1_prep0", "unit": "", "value": 0.00666666666666671}, {"date": "2021-12-3", "name": "readout_length", "unit": "ns", "value": 704}], [{"date": "2021-12-3", "name": "T1", "unit": "us", "value": 103.71836817669022}, {"date": "2021-12-3", "name": "T2", "unit": "us", "value": 79.50624753470643}, {"date": "2021-12-3", "name": "frequency", "unit": "GHz", "value": 5.063795491188376}, {"date": "2021-12-3", "name": "anharmonicity", "unit": "GHz", "value": -0.34275836537159754}, {"date": "2021-12-3", "name": "readout_error", "unit": "", "value": 0.03833333333333333}, {"date": "2021-12-3", "name": "prob_meas0_prep1", "unit": "", "value": 0.06000000000000005}, {"date": "2021-12-3", "name": "prob_meas1_prep0", "unit": "", "value": 0.016666666666666666}, {"date": "2021-12-3", "name": "readout_length", "unit": "ns", "value": 704}]], "gates": [{"qubits": [0], "gate": "id", "parameters": [{"date": "2021-12-3", "name": "gate_error", "unit": "", "value": 0.00025007983932258886}, {"date": "2021-12-3", "name": "gate_length", "unit": "ns", "value": 35.55555555555556}], "name": "id0"}, {"qubits": [1], "gate": "id", "parameters": [{"date": "2021-12-3", "name": "gate_error", "unit": "", "value": 0.0002126350084548044}, {"date": "2021-12-3", "name": "gate_length", "unit": "ns", "value": 35.55555555555556}], "name": "id1"}, {"qubits": [2], "gate": "id", "parameters": [{"date": "2021-12-3", "name": "gate_error", "unit": "", "value": 0.000181588072847185}, {"date": "2021-12-3", "name": "gate_length", "unit": "ns", "value": 35.55555555555556}], "name": "id2"}, {"qubits": [3], "gate": "id", "parameters": [{"date": "2021-12-3", "name": "gate_error", "unit": "", "value": 0.0001734113926560384}, {"date": "2021-12-3", "name": "gate_length", "unit": "ns", "value": 35.55555555555556}], "name": "id3"}, {"qubits": [4], "gate": "id", "parameters": [{"date": "2021-12-3", "name": "gate_error", "unit": "", "value": 0.0002941315166444924}, {"date": "2021-12-3", "name": "gate_length", "unit": "ns", "value": 35.55555555555556}], "name": "id4"}, {"qubits": [5], "gate": "id", "parameters": [{"date": "2021-12-3", "name": "gate_error", "unit": "", "value": 0.0001678422672324961}, {"date": "2021-12-3", "name": "gate_length", "unit": "ns", "value": 35.55555555555556}], "name": "id5"}, {"qubits": [6], "gate": "id", "parameters": [{"date": "2021-12-3", "name": "gate_error", "unit": "", "value": 0.005978889117911693}, {"date": "2021-12-3", "name": "gate_length", "unit": "ns", "value": 35.55555555555556}], "name": "id6"}, {"qubits": [0], "gate": "rz", "parameters": [{"date": "2021-12-3", "name": "gate_error", "unit": "", "value": 0}, {"date": "2021-12-3", "name": "gate_length", "unit": "ns", "value": 0}], "name": "rz0"}, {"qubits": [1], "gate": "rz", "parameters": [{"date": "2021-12-3", "name": "gate_error", "unit": "", "value": 0}, {"date": "2021-12-3", "name": "gate_length", "unit": "ns", "value": 0}], "name": "rz1"}, {"qubits": [2], "gate": "rz", "parameters": [{"date": "2021-12-3", "name": "gate_error", "unit": "", "value": 0}, {"date": "2021-12-3", "name": "gate_length", "unit": "ns", "value": 0}], "name": "rz2"}, {"qubits": [3], "gate": "rz", "parameters": [{"date": "2021-12-3", "name": "gate_error", "unit": "", "value": 0}, {"date": "2021-12-3", "name": "gate_length", "unit": "ns", "value": 0}], "name": "rz3"}, {"qubits": [4], "gate": "rz", "parameters": [{"date": "2021-12-3", "name": "gate_error", "unit": "", "value": 0}, {"date": "2021-12-3", "name": "gate_length", "unit": "ns", "value": 0}], "name": "rz4"}, {"qubits": [5], "gate": "rz", "parameters": [{"date": "2021-12-3", "name": "gate_error", "unit": "", "value": 0}, {"date": "2021-12-3", "name": "gate_length", "unit": "ns", "value": 0}], "name": "rz5"}, {"qubits": [6], "gate": "rz", "parameters": [{"date": "2021-12-3", "name": "gate_error", "unit": "", "value": 0}, {"date": "2021-12-3", "name": "gate_length", "unit": "ns", "value": 0}], "name": "rz6"}, {"qubits": [0], "gate": "sx", "parameters": [{"date": "2021-12-3", "name": "gate_error", "unit": "", "value": 0.00025007983932258886}, {"date": "2021-12-3", "name": "gate_length", "unit": "ns", "value": 35.55555555555556}], "name": "sx0"}, {"qubits": [1], "gate": "sx", "parameters": [{"date": "2021-12-3", "name": "gate_error", "unit": "", "value": 0.0002126350084548044}, {"date": "2021-12-3", "name": "gate_length", "unit": "ns", "value": 35.55555555555556}], "name": "sx1"}, {"qubits": [2], "gate": "sx", "parameters": [{"date": "2021-12-3", "name": "gate_error", "unit": "", "value": 0.000181588072847185}, {"date": "2021-12-3", "name": "gate_length", "unit": "ns", "value": 35.55555555555556}], "name": "sx2"}, {"qubits": [3], "gate": "sx", "parameters": [{"date": "2021-12-3", "name": "gate_error", "unit": "", "value": 0.0001734113926560384}, {"date": "2021-12-3", "name": "gate_length", "unit": "ns", "value": 35.55555555555556}], "name": "sx3"}, {"qubits": [4], "gate": "sx", "parameters": [{"date": "2021-12-3", "name": "gate_error", "unit": "", "value": 0.0002941315166444924}, {"date": "2021-12-3", "name": "gate_length", "unit": "ns", "value": 35.55555555555556}], "name": "sx4"}, {"qubits": [5], "gate": "sx", "parameters": [{"date": "2021-12-3", "name": "gate_error", "unit": "", "value": 0.0001678422672324961}, {"date": "2021-12-3", "name": "gate_length", "unit": "ns", "value": 35.55555555555556}], "name": "sx5"}, {"qubits": [6], "gate": "sx", "parameters": [{"date": "2021-12-3", "name": "gate_error", "unit": "", "value": 0.005978889117911693}, {"date": "2021-12-3", "name": "gate_length", "unit": "ns", "value": 35.55555555555556}], "name": "sx6"}, {"qubits": [0], "gate": "x", "parameters": [{"date": "2021-12-3", "name": "gate_error", "unit": "", "value": 0.00025007983932258886}, {"date": "2021-12-3", "name": "gate_length", "unit": "ns", "value": 35.55555555555556}], "name": "x0"}, {"qubits": [1], "gate": "x", "parameters": [{"date": "2021-12-3", "name": "gate_error", "unit": "", "value": 0.0002126350084548044}, {"date": "2021-12-3", "name": "gate_length", "unit": "ns", "value": 35.55555555555556}], "name": "x1"}, {"qubits": [2], "gate": "x", "parameters": [{"date": "2021-12-3", "name": "gate_error", "unit": "", "value": 0.000181588072847185}, {"date": "2021-12-3", "name": "gate_length", "unit": "ns", "value": 35.55555555555556}], "name": "x2"}, {"qubits": [3], "gate": "x", "parameters": [{"date": "2021-12-3", "name": "gate_error", "unit": "", "value": 0.0001734113926560384}, {"date": "2021-12-3", "name": "gate_length", "unit": "ns", "value": 35.55555555555556}], "name": "x3"}, {"qubits": [4], "gate": "x", "parameters": [{"date": "2021-12-3", "name": "gate_error", "unit": "", "value": 0.0002941315166444924}, {"date": "2021-12-3", "name": "gate_length", "unit": "ns", "value": 35.55555555555556}], "name": "x4"}, {"qubits": [5], "gate": "x", "parameters": [{"date": "2021-12-3", "name": "gate_error", "unit": "", "value": 0.0001678422672324961}, {"date": "2021-12-3", "name": "gate_length", "unit": "ns", "value": 35.55555555555556}], "name": "x5"}, {"qubits": [6], "gate": "x", "parameters": [{"date": "2021-12-3", "name": "gate_error", "unit": "", "value": 0.005978889117911693}, {"date": "2021-12-3", "name": "gate_length", "unit": "ns", "value": 35.55555555555556}], "name": "x6"}, {"qubits": [5, 4], "gate": "cx", "parameters": [{"date": "2021-12-3", "name": "gate_error", "unit": "", "value": 0.006540213886097795}, {"date": "2021-11-30", "name": "gate_length", "unit": "ns", "value": 327.1111111111111}], "name": "cx5_4"}, {"qubits": [4, 5], "gate": "cx", "parameters": [{"date": "2021-12-3", "name": "gate_error", "unit": "", "value": 0.006540213886097795}, {"date": "2021-11-30", "name": "gate_length", "unit": "ns", "value": 362.66666666666663}], "name": "cx4_5"}, {"qubits": [3, 1], "gate": "cx", "parameters": [{"date": "2021-12-3", "name": "gate_error", "unit": "", "value": 0.005397910204932077}, {"date": "2021-11-30", "name": "gate_length", "unit": "ns", "value": 298.66666666666663}], "name": "cx3_1"}, {"qubits": [1, 3], "gate": "cx", "parameters": [{"date": "2021-12-3", "name": "gate_error", "unit": "", "value": 0.005397910204932077}, {"date": "2021-11-30", "name": "gate_length", "unit": "ns", "value": 334.22222222222223}], "name": "cx1_3"}, {"qubits": [5, 6], "gate": "cx", "parameters": [{"date": "2021-12-3", "name": "gate_error", "unit": "", "value": 0.1488760396396359}, {"date": "2021-11-30", "name": "gate_length", "unit": "ns", "value": 256}], "name": "cx5_6"}, {"qubits": [6, 5], "gate": "cx", "parameters": [{"date": "2021-12-3", "name": "gate_error", "unit": "", "value": 0.1488760396396359}, {"date": "2021-11-30", "name": "gate_length", "unit": "ns", "value": 291.55555555555554}], "name": "cx6_5"}, {"qubits": [5, 3], "gate": "cx", "parameters": [{"date": "2021-12-3", "name": "gate_error", "unit": "", "value": 0.00836788684629755}, {"date": "2021-11-30", "name": "gate_length", "unit": "ns", "value": 298.66666666666663}], "name": "cx5_3"}, {"qubits": [3, 5], "gate": "cx", "parameters": [{"date": "2021-12-3", "name": "gate_error", "unit": "", "value": 0.00836788684629755}, {"date": "2021-11-30", "name": "gate_length", "unit": "ns", "value": 334.22222222222223}], "name": "cx3_5"}, {"qubits": [2, 1], "gate": "cx", "parameters": [{"date": "2021-12-3", "name": "gate_error", "unit": "", "value": 0.006124791789121897}, {"date": "2021-11-30", "name": "gate_length", "unit": "ns", "value": 291.55555555555554}], "name": "cx2_1"}, {"qubits": [1, 2], "gate": "cx", "parameters": [{"date": "2021-12-3", "name": "gate_error", "unit": "", "value": 0.006124791789121897}, {"date": "2021-11-30", "name": "gate_length", "unit": "ns", "value": 327.1111111111111}], "name": "cx1_2"}, {"qubits": [0, 1], "gate": "cx", "parameters": [{"date": "2021-12-3", "name": "gate_error", "unit": "", "value": 0.007666301926604918}, {"date": "2021-11-30", "name": "gate_length", "unit": "ns", "value": 305.77777777777777}], "name": "cx0_1"}, {"qubits": [1, 0], "gate": "cx", "parameters": [{"date": "2021-12-3", "name": "gate_error", "unit": "", "value": 0.007666301926604918}, {"date": "2021-11-30", "name": "gate_length", "unit": "ns", "value": 341.3333333333333}], "name": "cx1_0"}, {"qubits": [0], "gate": "reset", "parameters": [{"date": "2021-12-3", "name": "gate_length", "unit": "ns", "value": 1002.6666666666666}], "name": "reset0"}, {"qubits": [1], "gate": "reset", "parameters": [{"date": "2021-12-3", "name": "gate_length", "unit": "ns", "value": 1002.6666666666666}], "name": "reset1"}, {"qubits": [2], "gate": "reset", "parameters": [{"date": "2021-12-3", "name": "gate_length", "unit": "ns", "value": 995.5555555555555}], "name": "reset2"}, {"qubits": [3], "gate": "reset", "parameters": [{"date": "2021-12-3", "name": "gate_length", "unit": "ns", "value": 988.4444444444443}], "name": "reset3"}, {"qubits": [4], "gate": "reset", "parameters": [{"date": "2021-12-3", "name": "gate_length", "unit": "ns", "value": 1002.6666666666666}], "name": "reset4"}, {"qubits": [5], "gate": "reset", "parameters": [{"date": "2021-12-3", "name": "gate_length", "unit": "ns", "value": 1002.6666666666666}], "name": "reset5"}, {"qubits": [6], "gate": "reset", "parameters": [{"date": "2021-12-3", "name": "gate_length", "unit": "ns", "value": 988.4444444444443}], "name": "reset6"}], "general": [{"date": "2021-12-3", "name": "jq_01", "unit": "GHz", "value": 0.0017239661070310697}, {"date": "2021-12-3", "name": "zz_01", "unit": "GHz", "value": -4.1551259389276154e-05}, {"date": "2021-12-3", "name": "jq_12", "unit": "GHz", "value": 0.003306427365570105}, {"date": "2021-12-3", "name": "zz_12", "unit": "GHz", "value": -0.00013691896518548322}, {"date": "2021-12-3", "name": "jq_45", "unit": "GHz", "value": 0.0033964931013144256}, {"date": "2021-12-3", "name": "zz_45", "unit": "GHz", "value": -0.00015134337521539932}, {"date": "2021-12-3", "name": "jq_56", "unit": "GHz", "value": 0.0032394441256406383}, {"date": "2021-12-3", "name": "zz_56", "unit": "GHz", "value": -0.0001381127844927418}, {"date": "2021-12-3", "name": "jq_13", "unit": "GHz", "value": 0.003219077603102807}, {"date": "2021-12-3", "name": "zz_13", "unit": "GHz", "value": -0.00013509145307819546}, {"date": "2021-12-3", "name": "jq_35", "unit": "GHz", "value": 0.0023455196332844842}, {"date": "2021-12-3", "name": "zz_35", "unit": "GHz", "value": -9.35336850076191e-05}]}