{"backend_name": "ibm_lagos", "backend_version": "1.0.16", "last_update_date": "2021-11-22", "qubits": [[{"date": "2021-11-22", "name": "T1", "unit": "us", "value": 45.64321259642738}, {"date": "2021-11-22", "name": "T2", "unit": "us", "value": 19.407066864014563}, {"date": "2021-11-22", "name": "frequency", "unit": "GHz", "value": 5.2352029512665945}, {"date": "2021-11-22", "name": "anharmonicity", "unit": "GHz", "value": -0.33986713855915607}, {"date": "2021-11-22", "name": "readout_error", "unit": "", "value": 0.01319999999999999}, {"date": "2021-11-22", "name": "prob_meas0_prep1", "unit": "", "value": 0.0182}, {"date": "2021-11-22", "name": "prob_meas1_prep0", "unit": "", "value": 0.008199999999999985}, {"date": "2021-11-22", "name": "readout_length", "unit": "ns", "value": 704}], [{"date": "2021-11-22", "name": "T1", "unit": "us", "value": 103.84237988114423}, {"date": "2021-11-22", "name": "T2", "unit": "us", "value": 111.12212696588402}, {"date": "2021-11-22", "name": "frequency", "unit": "GHz", "value": 5.099575248244715}, {"date": "2021-11-22", "name": "anharmonicity", "unit": "GHz", "value": -0.3432484042938357}, {"date": "2021-11-22", "name": "readout_error", "unit": "", "value": 0.01090000000000002}, {"date": "2021-11-22", "name": "prob_meas0_prep1", "unit": "", "value": 0.015}, {"date": "2021-11-22", "name": "prob_meas1_prep0", "unit": "", "value": 0.006800000000000028}, {"date": "2021-11-22", "name": "readout_length", "unit": "ns", "value": 704}], [{"date": "2021-11-22", "name": "T1", "unit": "us", "value": 175.08662257581872}, {"date": "2021-11-22", "name": "T2", "unit": "us", "value": 121.75719047475025}, {"date": "2021-11-22", "name": "frequency", "unit": "GHz", "value": 5.188268845942528}, {"date": "2021-11-22", "name": "anharmonicity", "unit": "GHz", "value": -0.3419316690031256}, {"date": "2021-11-22", "name": "readout_error", "unit": "", "value": 0.00990000000000002}, {"date": "2021-11-22", "name": "prob_meas0_prep1", "unit": "", "value": 0.0096}, {"date": "2021-11-22", "name": "prob_meas1_prep0", "unit": "", "value": 0.010199999999999987}, {"date": "2021-11-22", "name": "readout_length", "unit": "ns", "value": 704}], [{"date": "2021-11-22", "name": "T1", "unit": "us", "value": 159.94102036386514}, {"date": "2021-11-22", "name": "T2", "unit": "us", "value": 88.56636233617132}, {"date": "2021-11-22", "name": "frequency", "unit": "GHz", "value": 4.987467486290724}, {"date": "2021-11-22", "name": "anharmonicity", "unit": "GHz", "value": -0.3452928861203798}, {"date": "2021-11-22", "name": "readout_error", "unit": "", "value": 0.019600000000000062}, {"date": "2021-11-22", "name": "prob_meas0_prep1", "unit": "", "value": 0.0234}, {"date": "2021-11-22", "name": "prob_meas1_prep0", "unit": "", "value": 0.015800000000000036}, {"date": "2021-11-22", "name": "readout_length", "unit": "ns", "value": 704}], [{"date": "2021-11-22", "name": "T1", "unit": "us", "value": 170.5040376820405}, {"date": "2021-11-22", "name": "T2", "unit": "us", "value": 36.65704281991126}, {"date": "2021-11-22", "name": "frequency", "unit": "GHz", "value": 5.285335177988528}, {"date": "2021-11-22", "name": "anharmonicity", "unit": "GHz", "value": -0.3392342674107948}, {"date": "2021-11-22", "name": "readout_error", "unit": "", "value": 0.012699999999999934}, {"date": "2021-11-22", "name": "prob_meas0_prep1", "unit": "", "value": 0.012599999999999945}, {"date": "2021-11-22", "name": "prob_meas1_prep0", "unit": "", "value": 0.0128}, {"date": "2021-11-22", "name": "readout_length", "unit": "ns", "value": 704}], [{"date": "2021-11-22", "name": "T1", "unit": "us", "value": 133.76211002061333}, {"date": "2021-11-22", "name": "T2", "unit": "us", "value": 102.52824997437222}, {"date": "2021-11-22", "name": "frequency", "unit": "GHz", "value": 5.176180366973209}, {"date": "2021-11-22", "name": "anharmonicity", "unit": "GHz", "value": -0.34079297245074963}, {"date": "2021-11-22", "name": "readout_error", "unit": "", "value": 0.01100000000000001}, {"date": "2021-11-22", "name": "prob_meas0_prep1", "unit": "", "value": 0.0104}, {"date": "2021-11-22", "name": "prob_meas1_prep0", "unit": "", "value": 0.011600000000000055}, {"date": "2021-11-22", "name": "readout_length", "unit": "ns", "value": 704}], [{"date": "2021-11-22", "name": "T1", "unit": "us", "value": 93.71820722551605}, {"date": "2021-11-22", "name": "T2", "unit": "us", "value": 152.153736863149}, {"date": "2021-11-22", "name": "frequency", "unit": "GHz", "value": 5.063934443484693}, {"date": "2021-11-22", "name": "anharmonicity", "unit": "GHz", "value": -0.34275836537159754}, {"date": "2021-11-22", "name": "readout_error", "unit": "", "value": 0.027900000000000036}, {"date": "2021-11-22", "name": "prob_meas0_prep1", "unit": "", "value": 0.04820000000000002}, {"date": "2021-11-22", "name": "prob_meas1_prep0", "unit": "", "value": 0.0076}, {"date": "2021-11-22", "name": "readout_length", "unit": "ns", "value": 704}]], "gates": [{"qubits": [0], "gate": "id", "parameters": [{"date": "2021-11-22", "name": "gate_error", "unit": "", "value": 0.0003443203122256254}, {"date": "2021-11-22", "name": "gate_length", "unit": "ns", "value": 35.55555555555556}], "name": "id0"}, {"qubits": [1], "gate": "id", "parameters": [{"date": "2021-11-22", "name": "gate_error", "unit": "", "value": 0.0002665223437042588}, {"date": "2021-11-22", "name": "gate_length", "unit": "ns", "value": 35.55555555555556}], "name": "id1"}, {"qubits": [2], "gate": "id", "parameters": [{"date": "2021-11-22", "name": "gate_error", "unit": "", "value": 0.00018386457926893368}, {"date": "2021-11-22", "name": "gate_length", "unit": "ns", "value": 35.55555555555556}], "name": "id2"}, {"qubits": [3], "gate": "id", "parameters": [{"date": "2021-11-22", "name": "gate_error", "unit": "", "value": 0.0002488146818054278}, {"date": "2021-11-22", "name": "gate_length", "unit": "ns", "value": 35.55555555555556}], "name": "id3"}, {"qubits": [4], "gate": "id", "parameters": [{"date": "2021-11-22", "name": "gate_error", "unit": "", "value": 0.00026725355439676955}, {"date": "2021-11-22", "name": "gate_length", "unit": "ns", "value": 35.55555555555556}], "name": "id4"}, {"qubits": [5], "gate": "id", "parameters": [{"date": "2021-11-22", "name": "gate_error", "unit": "", "value": 0.00023918867343286236}, {"date": "2021-11-22", "name": "gate_length", "unit": "ns", "value": 35.55555555555556}], "name": "id5"}, {"qubits": [6], "gate": "id", "parameters": [{"date": "2021-11-22", "name": "gate_error", "unit": "", "value": 0.00021521797634897863}, {"date": "2021-11-22", "name": "gate_length", "unit": "ns", "value": 35.55555555555556}], "name": "id6"}, {"qubits": [0], "gate": "rz", "parameters": [{"date": "2021-11-22", "name": "gate_error", "unit": "", "value": 0}, {"date": "2021-11-22", "name": "gate_length", "unit": "ns", "value": 0}], "name": "rz0"}, {"qubits": [1], "gate": "rz", "parameters": [{"date": "2021-11-22", "name": "gate_error", "unit": "", "value": 0}, {"date": "2021-11-22", "name": "gate_length", "unit": "ns", "value": 0}], "name": "rz1"}, {"qubits": [2], "gate": "rz", "parameters": [{"date": "2021-11-22", "name": "gate_error", "unit": "", "value": 0}, {"date": "2021-11-22", "name": "gate_length", "unit": "ns", "value": 0}], "name": "rz2"}, {"qubits": [3], "gate": "rz", "parameters": [{"date": "2021-11-22", "name": "gate_error", "unit": "", "value": 0}, {"date": "2021-11-22", "name": "gate_length", "unit": "ns", "value": 0}], "name": "rz3"}, {"qubits": [4], "gate": "rz", "parameters": [{"date": "2021-11-22", "name": "gate_error", "unit": "", "value": 0}, {"date": "2021-11-22", "name": "gate_length", "unit": "ns", "value": 0}], "name": "rz4"}, {"qubits": [5], "gate": "rz", "parameters": [{"date": "2021-11-22", "name": "gate_error", "unit": "", "value": 0}, {"date": "2021-11-22", "name": "gate_length", "unit": "ns", "value": 0}], "name": "rz5"}, {"qubits": [6], "gate": "rz", "parameters": [{"date": "2021-11-22", "name": "gate_error", "unit": "", "value": 0}, {"date": "2021-11-22", "name": "gate_length", "unit": "ns", "value": 0}], "name": "rz6"}, {"qubits": [0], "gate": "sx", "parameters": [{"date": "2021-11-22", "name": "gate_error", "unit": "", "value": 0.0003443203122256254}, {"date": "2021-11-22", "name": "gate_length", "unit": "ns", "value": 35.55555555555556}], "name": "sx0"}, {"qubits": [1], "gate": "sx", "parameters": [{"date": "2021-11-22", "name": "gate_error", "unit": "", "value": 0.0002665223437042588}, {"date": "2021-11-22", "name": "gate_length", "unit": "ns", "value": 35.55555555555556}], "name": "sx1"}, {"qubits": [2], "gate": "sx", "parameters": [{"date": "2021-11-22", "name": "gate_error", "unit": "", "value": 0.00018386457926893368}, {"date": "2021-11-22", "name": "gate_length", "unit": "ns", "value": 35.55555555555556}], "name": "sx2"}, {"qubits": [3], "gate": "sx", "parameters": [{"date": "2021-11-22", "name": "gate_error", "unit": "", "value": 0.0002488146818054278}, {"date": "2021-11-22", "name": "gate_length", "unit": "ns", "value": 35.55555555555556}], "name": "sx3"}, {"qubits": [4], "gate": "sx", "parameters": [{"date": "2021-11-22", "name": "gate_error", "unit": "", "value": 0.00026725355439676955}, {"date": "2021-11-22", "name": "gate_length", "unit": "ns", "value": 35.55555555555556}], "name": "sx4"}, {"qubits": [5], "gate": "sx", "parameters": [{"date": "2021-11-22", "name": "gate_error", "unit": "", "value": 0.00023918867343286236}, {"date": "2021-11-22", "name": "gate_length", "unit": "ns", "value": 35.55555555555556}], "name": "sx5"}, {"qubits": [6], "gate": "sx", "parameters": [{"date": "2021-11-22", "name": "gate_error", "unit": "", "value": 0.00021521797634897863}, {"date": "2021-11-22", "name": "gate_length", "unit": "ns", "value": 35.55555555555556}], "name": "sx6"}, {"qubits": [0], "gate": "x", "parameters": [{"date": "2021-11-22", "name": "gate_error", "unit": "", "value": 0.0003443203122256254}, {"date": "2021-11-22", "name": "gate_length", "unit": "ns", "value": 35.55555555555556}], "name": "x0"}, {"qubits": [1], "gate": "x", "parameters": [{"date": "2021-11-22", "name": "gate_error", "unit": "", "value": 0.0002665223437042588}, {"date": "2021-11-22", "name": "gate_length", "unit": "ns", "value": 35.55555555555556}], "name": "x1"}, {"qubits": [2], "gate": "x", "parameters": [{"date": "2021-11-22", "name": "gate_error", "unit": "", "value": 0.00018386457926893368}, {"date": "2021-11-22", "name": "gate_length", "unit": "ns", "value": 35.55555555555556}], "name": "x2"}, {"qubits": [3], "gate": "x", "parameters": [{"date": "2021-11-22", "name": "gate_error", "unit": "", "value": 0.0002488146818054278}, {"date": "2021-11-22", "name": "gate_length", "unit": "ns", "value": 35.55555555555556}], "name": "x3"}, {"qubits": [4], "gate": "x", "parameters": [{"date": "2021-11-22", "name": "gate_error", "unit": "", "value": 0.00026725355439676955}, {"date": "2021-11-22", "name": "gate_length", "unit": "ns", "value": 35.55555555555556}], "name": "x4"}, {"qubits": [5], "gate": "x", "parameters": [{"date": "2021-11-22", "name": "gate_error", "unit": "", "value": 0.00023918867343286236}, {"date": "2021-11-22", "name": "gate_length", "unit": "ns", "value": 35.55555555555556}], "name": "x5"}, {"qubits": [6], "gate": "x", "parameters": [{"date": "2021-11-22", "name": "gate_error", "unit": "", "value": 0.00021521797634897863}, {"date": "2021-11-22", "name": "gate_length", "unit": "ns", "value": 35.55555555555556}], "name": "x6"}, {"qubits": [5, 4], "gate": "cx", "parameters": [{"date": "2021-11-22", "name": "gate_error", "unit": "", "value": 0.007581604530889158}, {"date": "2021-11-19", "name": "gate_length", "unit": "ns", "value": 327.1111111111111}], "name": "cx5_4"}, {"qubits": [4, 5], "gate": "cx", "parameters": [{"date": "2021-11-22", "name": "gate_error", "unit": "", "value": 0.007581604530889158}, {"date": "2021-11-19", "name": "gate_length", "unit": "ns", "value": 362.66666666666663}], "name": "cx4_5"}, {"qubits": [3, 1], "gate": "cx", "parameters": [{"date": "2021-11-22", "name": "gate_error", "unit": "", "value": 0.007271013406234872}, {"date": "2021-11-19", "name": "gate_length", "unit": "ns", "value": 298.66666666666663}], "name": "cx3_1"}, {"qubits": [1, 3], "gate": "cx", "parameters": [{"date": "2021-11-22", "name": "gate_error", "unit": "", "value": 0.007271013406234872}, {"date": "2021-11-19", "name": "gate_length", "unit": "ns", "value": 334.22222222222223}], "name": "cx1_3"}, {"qubits": [5, 6], "gate": "cx", "parameters": [{"date": "2021-11-22", "name": "gate_error", "unit": "", "value": 0.0071454888991753784}, {"date": "2021-11-19", "name": "gate_length", "unit": "ns", "value": 256}], "name": "cx5_6"}, {"qubits": [6, 5], "gate": "cx", "parameters": [{"date": "2021-11-22", "name": "gate_error", "unit": "", "value": 0.0071454888991753784}, {"date": "2021-11-19", "name": "gate_length", "unit": "ns", "value": 291.55555555555554}], "name": "cx6_5"}, {"qubits": [5, 3], "gate": "cx", "parameters": [{"date": "2021-11-22", "name": "gate_error", "unit": "", "value": 0.010980255675405531}, {"date": "2021-11-19", "name": "gate_length", "unit": "ns", "value": 298.66666666666663}], "name": "cx5_3"}, {"qubits": [3, 5], "gate": "cx", "parameters": [{"date": "2021-11-22", "name": "gate_error", "unit": "", "value": 0.010980255675405531}, {"date": "2021-11-19", "name": "gate_length", "unit": "ns", "value": 334.22222222222223}], "name": "cx3_5"}, {"qubits": [2, 1], "gate": "cx", "parameters": [{"date": "2021-11-22", "name": "gate_error", "unit": "", "value": 0.006552814118850919}, {"date": "2021-11-19", "name": "gate_length", "unit": "ns", "value": 291.55555555555554}], "name": "cx2_1"}, {"qubits": [1, 2], "gate": "cx", "parameters": [{"date": "2021-11-22", "name": "gate_error", "unit": "", "value": 0.006552814118850919}, {"date": "2021-11-19", "name": "gate_length", "unit": "ns", "value": 327.1111111111111}], "name": "cx1_2"}, {"qubits": [0, 1], "gate": "cx", "parameters": [{"date": "2021-11-22", "name": "gate_error", "unit": "", "value": 0.009099791495475379}, {"date": "2021-11-19", "name": "gate_length", "unit": "ns", "value": 305.77777777777777}], "name": "cx0_1"}, {"qubits": [1, 0], "gate": "cx", "parameters": [{"date": "2021-11-22", "name": "gate_error", "unit": "", "value": 0.009099791495475379}, {"date": "2021-11-19", "name": "gate_length", "unit": "ns", "value": 341.3333333333333}], "name": "cx1_0"}, {"qubits": [0], "gate": "reset", "parameters": [{"date": "2021-11-22", "name": "gate_length", "unit": "ns", "value": 1002.6666666666666}], "name": "reset0"}, {"qubits": [1], "gate": "reset", "parameters": [{"date": "2021-11-22", "name": "gate_length", "unit": "ns", "value": 1002.6666666666666}], "name": "reset1"}, {"qubits": [2], "gate": "reset", "parameters": [{"date": "2021-11-22", "name": "gate_length", "unit": "ns", "value": 995.5555555555555}], "name": "reset2"}, {"qubits": [3], "gate": "reset", "parameters": [{"date": "2021-11-22", "name": "gate_length", "unit": "ns", "value": 988.4444444444443}], "name": "reset3"}, {"qubits": [4], "gate": "reset", "parameters": [{"date": "2021-11-22", "name": "gate_length", "unit": "ns", "value": 1002.6666666666666}], "name": "reset4"}, {"qubits": [5], "gate": "reset", "parameters": [{"date": "2021-11-22", "name": "gate_length", "unit": "ns", "value": 1002.6666666666666}], "name": "reset5"}, {"qubits": [6], "gate": "reset", "parameters": [{"date": "2021-11-22", "name": "gate_length", "unit": "ns", "value": 988.4444444444443}], "name": "reset6"}], "general": [{"date": "2021-11-22", "name": "jq_01", "unit": "GHz", "value": 0.0017239661070310697}, {"date": "2021-11-22", "name": "zz_01", "unit": "GHz", "value": -4.1551259389276154e-05}, {"date": "2021-11-22", "name": "jq_12", "unit": "GHz", "value": 0.003306427365570105}, {"date": "2021-11-22", "name": "zz_12", "unit": "GHz", "value": -0.00013691896518548322}, {"date": "2021-11-22", "name": "jq_45", "unit": "GHz", "value": 0.0033964931013144256}, {"date": "2021-11-22", "name": "zz_45", "unit": "GHz", "value": -0.00015134337521539932}, {"date": "2021-11-22", "name": "jq_56", "unit": "GHz", "value": 0.0032394441256406383}, {"date": "2021-11-22", "name": "zz_56", "unit": "GHz", "value": -0.0001381127844927418}, {"date": "2021-11-22", "name": "jq_13", "unit": "GHz", "value": 0.003219077603102807}, {"date": "2021-11-22", "name": "zz_13", "unit": "GHz", "value": -0.00013509145307819546}, {"date": "2021-11-22", "name": "jq_35", "unit": "GHz", "value": 0.0023455196332844842}, {"date": "2021-11-22", "name": "zz_35", "unit": "GHz", "value": -9.35336850076191e-05}]}