{"backend_name": "ibm_lagos", "backend_version": "1.0.16", "last_update_date": "2021-11-26", "qubits": [[{"date": "2021-11-26", "name": "T1", "unit": "us", "value": 187.22503975381863}, {"date": "2021-11-26", "name": "T2", "unit": "us", "value": 18.249520947088506}, {"date": "2021-11-26", "name": "frequency", "unit": "GHz", "value": 5.235176780770817}, {"date": "2021-11-26", "name": "anharmonicity", "unit": "GHz", "value": -0.33986713855915607}, {"date": "2021-11-26", "name": "readout_error", "unit": "", "value": 0.026499999999999968}, {"date": "2021-11-26", "name": "prob_meas0_prep1", "unit": "", "value": 0.0318}, {"date": "2021-11-26", "name": "prob_meas1_prep0", "unit": "", "value": 0.021199999999999997}, {"date": "2021-11-26", "name": "readout_length", "unit": "ns", "value": 704}], [{"date": "2021-11-26", "name": "T1", "unit": "us", "value": 139.2080667439369}, {"date": "2021-11-26", "name": "T2", "unit": "us", "value": 97.48766801955888}, {"date": "2021-11-26", "name": "frequency", "unit": "GHz", "value": 5.099582588061766}, {"date": "2021-11-26", "name": "anharmonicity", "unit": "GHz", "value": -0.3432484042938357}, {"date": "2021-11-26", "name": "readout_error", "unit": "", "value": 0.010599999999999943}, {"date": "2021-11-26", "name": "prob_meas0_prep1", "unit": "", "value": 0.0114}, {"date": "2021-11-26", "name": "prob_meas1_prep0", "unit": "", "value": 0.009800000000000031}, {"date": "2021-11-26", "name": "readout_length", "unit": "ns", "value": 704}], [{"date": "2021-11-26", "name": "T1", "unit": "us", "value": 159.25883604691455}, {"date": "2021-11-26", "name": "T2", "unit": "us", "value": 197.35396932182127}, {"date": "2021-11-26", "name": "frequency", "unit": "GHz", "value": 5.1882685600411955}, {"date": "2021-11-26", "name": "anharmonicity", "unit": "GHz", "value": -0.3419316690031256}, {"date": "2021-11-26", "name": "readout_error", "unit": "", "value": 0.013499999999999956}, {"date": "2021-11-26", "name": "prob_meas0_prep1", "unit": "", "value": 0.0084}, {"date": "2021-11-26", "name": "prob_meas1_prep0", "unit": "", "value": 0.01859999999999995}, {"date": "2021-11-26", "name": "readout_length", "unit": "ns", "value": 704}], [{"date": "2021-11-26", "name": "T1", "unit": "us", "value": 144.2085104844666}, {"date": "2021-11-26", "name": "T2", "unit": "us", "value": 141.41857953187463}, {"date": "2021-11-26", "name": "frequency", "unit": "GHz", "value": 4.9874832259856765}, {"date": "2021-11-26", "name": "anharmonicity", "unit": "GHz", "value": -0.3452928861203798}, {"date": "2021-11-26", "name": "readout_error", "unit": "", "value": 0.017000000000000015}, {"date": "2021-11-26", "name": "prob_meas0_prep1", "unit": "", "value": 0.0172}, {"date": "2021-11-26", "name": "prob_meas1_prep0", "unit": "", "value": 0.016800000000000037}, {"date": "2021-11-26", "name": "readout_length", "unit": "ns", "value": 704}], [{"date": "2021-11-26", "name": "T1", "unit": "us", "value": 119.0918681648262}, {"date": "2021-11-26", "name": "T2", "unit": "us", "value": 43.15458461505581}, {"date": "2021-11-26", "name": "frequency", "unit": "GHz", "value": 5.285342165882962}, {"date": "2021-11-26", "name": "anharmonicity", "unit": "GHz", "value": -0.3392342674107948}, {"date": "2021-11-26", "name": "readout_error", "unit": "", "value": 0.013399999999999967}, {"date": "2021-11-26", "name": "prob_meas0_prep1", "unit": "", "value": 0.013399999999999967}, {"date": "2021-11-26", "name": "prob_meas1_prep0", "unit": "", "value": 0.0134}, {"date": "2021-11-26", "name": "readout_length", "unit": "ns", "value": 704}], [{"date": "2021-11-26", "name": "T1", "unit": "us", "value": 161.2977620845619}, {"date": "2021-11-26", "name": "T2", "unit": "us", "value": 120.50068485141013}, {"date": "2021-11-26", "name": "frequency", "unit": "GHz", "value": 5.176178456824044}, {"date": "2021-11-26", "name": "anharmonicity", "unit": "GHz", "value": -0.34079297245074963}, {"date": "2021-11-26", "name": "readout_error", "unit": "", "value": 0.011199999999999988}, {"date": "2021-11-26", "name": "prob_meas0_prep1", "unit": "", "value": 0.0114}, {"date": "2021-11-26", "name": "prob_meas1_prep0", "unit": "", "value": 0.01100000000000001}, {"date": "2021-11-26", "name": "readout_length", "unit": "ns", "value": 704}], [{"date": "2021-11-26", "name": "T1", "unit": "us", "value": 201.78805178646437}, {"date": "2021-11-26", "name": "T2", "unit": "us", "value": 160.9384543387137}, {"date": "2021-11-26", "name": "frequency", "unit": "GHz", "value": 5.063939586324245}, {"date": "2021-11-26", "name": "anharmonicity", "unit": "GHz", "value": -0.34275836537159754}, {"date": "2021-11-26", "name": "readout_error", "unit": "", "value": 0.04170000000000007}, {"date": "2021-11-26", "name": "prob_meas0_prep1", "unit": "", "value": 0.06820000000000004}, {"date": "2021-11-26", "name": "prob_meas1_prep0", "unit": "", "value": 0.0152}, {"date": "2021-11-26", "name": "readout_length", "unit": "ns", "value": 704}]], "gates": [{"qubits": [0], "gate": "id", "parameters": [{"date": "2021-11-26", "name": "gate_error", "unit": "", "value": 0.0004297407724284619}, {"date": "2021-11-26", "name": "gate_length", "unit": "ns", "value": 35.55555555555556}], "name": "id0"}, {"qubits": [1], "gate": "id", "parameters": [{"date": "2021-11-26", "name": "gate_error", "unit": "", "value": 0.00016276406796602214}, {"date": "2021-11-26", "name": "gate_length", "unit": "ns", "value": 35.55555555555556}], "name": "id1"}, {"qubits": [2], "gate": "id", "parameters": [{"date": "2021-11-26", "name": "gate_error", "unit": "", "value": 0.00022793330397045592}, {"date": "2021-11-26", "name": "gate_length", "unit": "ns", "value": 35.55555555555556}], "name": "id2"}, {"qubits": [3], "gate": "id", "parameters": [{"date": "2021-11-26", "name": "gate_error", "unit": "", "value": 0.00016735147631605451}, {"date": "2021-11-26", "name": "gate_length", "unit": "ns", "value": 35.55555555555556}], "name": "id3"}, {"qubits": [4], "gate": "id", "parameters": [{"date": "2021-11-26", "name": "gate_error", "unit": "", "value": 0.00034737106243917223}, {"date": "2021-11-26", "name": "gate_length", "unit": "ns", "value": 35.55555555555556}], "name": "id4"}, {"qubits": [5], "gate": "id", "parameters": [{"date": "2021-11-26", "name": "gate_error", "unit": "", "value": 0.0001571300825836287}, {"date": "2021-11-26", "name": "gate_length", "unit": "ns", "value": 35.55555555555556}], "name": "id5"}, {"qubits": [6], "gate": "id", "parameters": [{"date": "2021-11-26", "name": "gate_error", "unit": "", "value": 0.00033815597218639164}, {"date": "2021-11-26", "name": "gate_length", "unit": "ns", "value": 35.55555555555556}], "name": "id6"}, {"qubits": [0], "gate": "rz", "parameters": [{"date": "2021-11-26", "name": "gate_error", "unit": "", "value": 0}, {"date": "2021-11-26", "name": "gate_length", "unit": "ns", "value": 0}], "name": "rz0"}, {"qubits": [1], "gate": "rz", "parameters": [{"date": "2021-11-26", "name": "gate_error", "unit": "", "value": 0}, {"date": "2021-11-26", "name": "gate_length", "unit": "ns", "value": 0}], "name": "rz1"}, {"qubits": [2], "gate": "rz", "parameters": [{"date": "2021-11-26", "name": "gate_error", "unit": "", "value": 0}, {"date": "2021-11-26", "name": "gate_length", "unit": "ns", "value": 0}], "name": "rz2"}, {"qubits": [3], "gate": "rz", "parameters": [{"date": "2021-11-26", "name": "gate_error", "unit": "", "value": 0}, {"date": "2021-11-26", "name": "gate_length", "unit": "ns", "value": 0}], "name": "rz3"}, {"qubits": [4], "gate": "rz", "parameters": [{"date": "2021-11-26", "name": "gate_error", "unit": "", "value": 0}, {"date": "2021-11-26", "name": "gate_length", "unit": "ns", "value": 0}], "name": "rz4"}, {"qubits": [5], "gate": "rz", "parameters": [{"date": "2021-11-26", "name": "gate_error", "unit": "", "value": 0}, {"date": "2021-11-26", "name": "gate_length", "unit": "ns", "value": 0}], "name": "rz5"}, {"qubits": [6], "gate": "rz", "parameters": [{"date": "2021-11-26", "name": "gate_error", "unit": "", "value": 0}, {"date": "2021-11-26", "name": "gate_length", "unit": "ns", "value": 0}], "name": "rz6"}, {"qubits": [0], "gate": "sx", "parameters": [{"date": "2021-11-26", "name": "gate_error", "unit": "", "value": 0.0004297407724284619}, {"date": "2021-11-26", "name": "gate_length", "unit": "ns", "value": 35.55555555555556}], "name": "sx0"}, {"qubits": [1], "gate": "sx", "parameters": [{"date": "2021-11-26", "name": "gate_error", "unit": "", "value": 0.00016276406796602214}, {"date": "2021-11-26", "name": "gate_length", "unit": "ns", "value": 35.55555555555556}], "name": "sx1"}, {"qubits": [2], "gate": "sx", "parameters": [{"date": "2021-11-26", "name": "gate_error", "unit": "", "value": 0.00022793330397045592}, {"date": "2021-11-26", "name": "gate_length", "unit": "ns", "value": 35.55555555555556}], "name": "sx2"}, {"qubits": [3], "gate": "sx", "parameters": [{"date": "2021-11-26", "name": "gate_error", "unit": "", "value": 0.00016735147631605451}, {"date": "2021-11-26", "name": "gate_length", "unit": "ns", "value": 35.55555555555556}], "name": "sx3"}, {"qubits": [4], "gate": "sx", "parameters": [{"date": "2021-11-26", "name": "gate_error", "unit": "", "value": 0.00034737106243917223}, {"date": "2021-11-26", "name": "gate_length", "unit": "ns", "value": 35.55555555555556}], "name": "sx4"}, {"qubits": [5], "gate": "sx", "parameters": [{"date": "2021-11-26", "name": "gate_error", "unit": "", "value": 0.0001571300825836287}, {"date": "2021-11-26", "name": "gate_length", "unit": "ns", "value": 35.55555555555556}], "name": "sx5"}, {"qubits": [6], "gate": "sx", "parameters": [{"date": "2021-11-26", "name": "gate_error", "unit": "", "value": 0.00033815597218639164}, {"date": "2021-11-26", "name": "gate_length", "unit": "ns", "value": 35.55555555555556}], "name": "sx6"}, {"qubits": [0], "gate": "x", "parameters": [{"date": "2021-11-26", "name": "gate_error", "unit": "", "value": 0.0004297407724284619}, {"date": "2021-11-26", "name": "gate_length", "unit": "ns", "value": 35.55555555555556}], "name": "x0"}, {"qubits": [1], "gate": "x", "parameters": [{"date": "2021-11-26", "name": "gate_error", "unit": "", "value": 0.00016276406796602214}, {"date": "2021-11-26", "name": "gate_length", "unit": "ns", "value": 35.55555555555556}], "name": "x1"}, {"qubits": [2], "gate": "x", "parameters": [{"date": "2021-11-26", "name": "gate_error", "unit": "", "value": 0.00022793330397045592}, {"date": "2021-11-26", "name": "gate_length", "unit": "ns", "value": 35.55555555555556}], "name": "x2"}, {"qubits": [3], "gate": "x", "parameters": [{"date": "2021-11-26", "name": "gate_error", "unit": "", "value": 0.00016735147631605451}, {"date": "2021-11-26", "name": "gate_length", "unit": "ns", "value": 35.55555555555556}], "name": "x3"}, {"qubits": [4], "gate": "x", "parameters": [{"date": "2021-11-26", "name": "gate_error", "unit": "", "value": 0.00034737106243917223}, {"date": "2021-11-26", "name": "gate_length", "unit": "ns", "value": 35.55555555555556}], "name": "x4"}, {"qubits": [5], "gate": "x", "parameters": [{"date": "2021-11-26", "name": "gate_error", "unit": "", "value": 0.0001571300825836287}, {"date": "2021-11-26", "name": "gate_length", "unit": "ns", "value": 35.55555555555556}], "name": "x5"}, {"qubits": [6], "gate": "x", "parameters": [{"date": "2021-11-26", "name": "gate_error", "unit": "", "value": 0.00033815597218639164}, {"date": "2021-11-26", "name": "gate_length", "unit": "ns", "value": 35.55555555555556}], "name": "x6"}, {"qubits": [5, 4], "gate": "cx", "parameters": [{"date": "2021-11-26", "name": "gate_error", "unit": "", "value": 0.004950693710870729}, {"date": "2021-11-23", "name": "gate_length", "unit": "ns", "value": 327.1111111111111}], "name": "cx5_4"}, {"qubits": [4, 5], "gate": "cx", "parameters": [{"date": "2021-11-26", "name": "gate_error", "unit": "", "value": 0.004950693710870729}, {"date": "2021-11-23", "name": "gate_length", "unit": "ns", "value": 362.66666666666663}], "name": "cx4_5"}, {"qubits": [3, 1], "gate": "cx", "parameters": [{"date": "2021-11-26", "name": "gate_error", "unit": "", "value": 0.006326791133422827}, {"date": "2021-11-23", "name": "gate_length", "unit": "ns", "value": 298.66666666666663}], "name": "cx3_1"}, {"qubits": [1, 3], "gate": "cx", "parameters": [{"date": "2021-11-26", "name": "gate_error", "unit": "", "value": 0.006326791133422827}, {"date": "2021-11-23", "name": "gate_length", "unit": "ns", "value": 334.22222222222223}], "name": "cx1_3"}, {"qubits": [5, 6], "gate": "cx", "parameters": [{"date": "2021-11-26", "name": "gate_error", "unit": "", "value": 0.00450892129276137}, {"date": "2021-11-23", "name": "gate_length", "unit": "ns", "value": 256}], "name": "cx5_6"}, {"qubits": [6, 5], "gate": "cx", "parameters": [{"date": "2021-11-26", "name": "gate_error", "unit": "", "value": 0.00450892129276137}, {"date": "2021-11-23", "name": "gate_length", "unit": "ns", "value": 291.55555555555554}], "name": "cx6_5"}, {"qubits": [5, 3], "gate": "cx", "parameters": [{"date": "2021-11-26", "name": "gate_error", "unit": "", "value": 0.0098137801716143}, {"date": "2021-11-23", "name": "gate_length", "unit": "ns", "value": 298.66666666666663}], "name": "cx5_3"}, {"qubits": [3, 5], "gate": "cx", "parameters": [{"date": "2021-11-26", "name": "gate_error", "unit": "", "value": 0.0098137801716143}, {"date": "2021-11-23", "name": "gate_length", "unit": "ns", "value": 334.22222222222223}], "name": "cx3_5"}, {"qubits": [2, 1], "gate": "cx", "parameters": [{"date": "2021-11-26", "name": "gate_error", "unit": "", "value": 0.005481110410657408}, {"date": "2021-11-23", "name": "gate_length", "unit": "ns", "value": 291.55555555555554}], "name": "cx2_1"}, {"qubits": [1, 2], "gate": "cx", "parameters": [{"date": "2021-11-26", "name": "gate_error", "unit": "", "value": 0.005481110410657408}, {"date": "2021-11-23", "name": "gate_length", "unit": "ns", "value": 327.1111111111111}], "name": "cx1_2"}, {"qubits": [0, 1], "gate": "cx", "parameters": [{"date": "2021-11-26", "name": "gate_error", "unit": "", "value": 0.008708420063901073}, {"date": "2021-11-23", "name": "gate_length", "unit": "ns", "value": 305.77777777777777}], "name": "cx0_1"}, {"qubits": [1, 0], "gate": "cx", "parameters": [{"date": "2021-11-26", "name": "gate_error", "unit": "", "value": 0.008708420063901073}, {"date": "2021-11-23", "name": "gate_length", "unit": "ns", "value": 341.3333333333333}], "name": "cx1_0"}, {"qubits": [0], "gate": "reset", "parameters": [{"date": "2021-11-26", "name": "gate_length", "unit": "ns", "value": 1002.6666666666666}], "name": "reset0"}, {"qubits": [1], "gate": "reset", "parameters": [{"date": "2021-11-26", "name": "gate_length", "unit": "ns", "value": 1002.6666666666666}], "name": "reset1"}, {"qubits": [2], "gate": "reset", "parameters": [{"date": "2021-11-26", "name": "gate_length", "unit": "ns", "value": 995.5555555555555}], "name": "reset2"}, {"qubits": [3], "gate": "reset", "parameters": [{"date": "2021-11-26", "name": "gate_length", "unit": "ns", "value": 988.4444444444443}], "name": "reset3"}, {"qubits": [4], "gate": "reset", "parameters": [{"date": "2021-11-26", "name": "gate_length", "unit": "ns", "value": 1002.6666666666666}], "name": "reset4"}, {"qubits": [5], "gate": "reset", "parameters": [{"date": "2021-11-26", "name": "gate_length", "unit": "ns", "value": 1002.6666666666666}], "name": "reset5"}, {"qubits": [6], "gate": "reset", "parameters": [{"date": "2021-11-26", "name": "gate_length", "unit": "ns", "value": 988.4444444444443}], "name": "reset6"}], "general": [{"date": "2021-11-26", "name": "jq_01", "unit": "GHz", "value": 0.0017239661070310697}, {"date": "2021-11-26", "name": "zz_01", "unit": "GHz", "value": -4.1551259389276154e-05}, {"date": "2021-11-26", "name": "jq_12", "unit": "GHz", "value": 0.003306427365570105}, {"date": "2021-11-26", "name": "zz_12", "unit": "GHz", "value": -0.00013691896518548322}, {"date": "2021-11-26", "name": "jq_45", "unit": "GHz", "value": 0.0033964931013144256}, {"date": "2021-11-26", "name": "zz_45", "unit": "GHz", "value": -0.00015134337521539932}, {"date": "2021-11-26", "name": "jq_56", "unit": "GHz", "value": 0.0032394441256406383}, {"date": "2021-11-26", "name": "zz_56", "unit": "GHz", "value": -0.0001381127844927418}, {"date": "2021-11-26", "name": "jq_13", "unit": "GHz", "value": 0.003219077603102807}, {"date": "2021-11-26", "name": "zz_13", "unit": "GHz", "value": -0.00013509145307819546}, {"date": "2021-11-26", "name": "jq_35", "unit": "GHz", "value": 0.0023455196332844842}, {"date": "2021-11-26", "name": "zz_35", "unit": "GHz", "value": -9.35336850076191e-05}]}