{"backend_name": "ibm_lagos", "backend_version": "1.0.18", "last_update_date": "2021-12-25", "qubits": [[{"date": "2021-12-25", "name": "T1", "unit": "us", "value": 142.85283624180877}, {"date": "2021-12-25", "name": "T2", "unit": "us", "value": 56.29825429304619}, {"date": "2021-12-25", "name": "frequency", "unit": "GHz", "value": 5.235188942736106}, {"date": "2021-12-25", "name": "anharmonicity", "unit": "GHz", "value": -0.33986713855915607}, {"date": "2021-12-25", "name": "readout_error", "unit": "", "value": 0.013299999999999979}, {"date": "2021-12-25", "name": "prob_meas0_prep1", "unit": "", "value": 0.0146}, {"date": "2021-12-25", "name": "prob_meas1_prep0", "unit": "", "value": 0.01200000000000001}, {"date": "2021-12-25", "name": "readout_length", "unit": "ns", "value": 704}], [{"date": "2021-12-25", "name": "T1", "unit": "us", "value": 99.07130327379738}, {"date": "2021-12-25", "name": "T2", "unit": "us", "value": 96.54627830018164}, {"date": "2021-12-25", "name": "frequency", "unit": "GHz", "value": 5.099600946245615}, {"date": "2021-12-25", "name": "anharmonicity", "unit": "GHz", "value": -0.3432484042938357}, {"date": "2021-12-25", "name": "readout_error", "unit": "", "value": 0.011099999999999999}, {"date": "2021-12-25", "name": "prob_meas0_prep1", "unit": "", "value": 0.013}, {"date": "2021-12-25", "name": "prob_meas1_prep0", "unit": "", "value": 0.009199999999999986}, {"date": "2021-12-25", "name": "readout_length", "unit": "ns", "value": 704}], [{"date": "2021-12-25", "name": "T1", "unit": "us", "value": 166.50641018739285}, {"date": "2021-12-25", "name": "T2", "unit": "us", "value": 117.49480160546547}, {"date": "2021-12-25", "name": "frequency", "unit": "GHz", "value": 5.188398027518598}, {"date": "2021-12-25", "name": "anharmonicity", "unit": "GHz", "value": -0.3419316690031256}, {"date": "2021-12-25", "name": "readout_error", "unit": "", "value": 0.006099999999999994}, {"date": "2021-12-25", "name": "prob_meas0_prep1", "unit": "", "value": 0.007}, {"date": "2021-12-25", "name": "prob_meas1_prep0", "unit": "", "value": 0.005199999999999982}, {"date": "2021-12-25", "name": "readout_length", "unit": "ns", "value": 704}], [{"date": "2021-12-25", "name": "T1", "unit": "us", "value": 41.82413562851396}, {"date": "2021-12-25", "name": "T2", "unit": "us", "value": 110.46871035074719}, {"date": "2021-12-25", "name": "frequency", "unit": "GHz", "value": 4.987482580461061}, {"date": "2021-12-25", "name": "anharmonicity", "unit": "GHz", "value": -0.3452928861203798}, {"date": "2021-12-25", "name": "readout_error", "unit": "", "value": 0.017900000000000027}, {"date": "2021-12-25", "name": "prob_meas0_prep1", "unit": "", "value": 0.0196}, {"date": "2021-12-25", "name": "prob_meas1_prep0", "unit": "", "value": 0.016199999999999992}, {"date": "2021-12-25", "name": "readout_length", "unit": "ns", "value": 704}], [{"date": "2021-12-25", "name": "T1", "unit": "us", "value": 162.43787970476475}, {"date": "2021-12-25", "name": "T2", "unit": "us", "value": 49.48826419314254}, {"date": "2021-12-25", "name": "frequency", "unit": "GHz", "value": 5.285329610489359}, {"date": "2021-12-25", "name": "anharmonicity", "unit": "GHz", "value": -0.3392342674107948}, {"date": "2021-12-25", "name": "readout_error", "unit": "", "value": 0.012499999999999956}, {"date": "2021-12-25", "name": "prob_meas0_prep1", "unit": "", "value": 0.011800000000000033}, {"date": "2021-12-25", "name": "prob_meas1_prep0", "unit": "", "value": 0.0132}, {"date": "2021-12-25", "name": "readout_length", "unit": "ns", "value": 704}], [{"date": "2021-12-25", "name": "T1", "unit": "us", "value": 115.20506041606801}, {"date": "2021-12-25", "name": "T2", "unit": "us", "value": 81.06590887172214}, {"date": "2021-12-25", "name": "frequency", "unit": "GHz", "value": 5.176177318184451}, {"date": "2021-12-25", "name": "anharmonicity", "unit": "GHz", "value": -0.34079297245074963}, {"date": "2021-12-25", "name": "readout_error", "unit": "", "value": 0.010399999999999965}, {"date": "2021-12-25", "name": "prob_meas0_prep1", "unit": "", "value": 0.012}, {"date": "2021-12-25", "name": "prob_meas1_prep0", "unit": "", "value": 0.00880000000000003}, {"date": "2021-12-25", "name": "readout_length", "unit": "ns", "value": 704}], [{"date": "2021-12-25", "name": "T1", "unit": "us", "value": 193.27712759634701}, {"date": "2021-12-25", "name": "T2", "unit": "us", "value": 182.4477619016355}, {"date": "2021-12-25", "name": "frequency", "unit": "GHz", "value": 5.063933069979129}, {"date": "2021-12-25", "name": "anharmonicity", "unit": "GHz", "value": -0.34275836537159754}, {"date": "2021-12-25", "name": "readout_error", "unit": "", "value": 0.008099999999999996}, {"date": "2021-12-25", "name": "prob_meas0_prep1", "unit": "", "value": 0.010399999999999965}, {"date": "2021-12-25", "name": "prob_meas1_prep0", "unit": "", "value": 0.0058}, {"date": "2021-12-25", "name": "readout_length", "unit": "ns", "value": 704}]], "gates": [{"qubits": [0], "gate": "id", "parameters": [{"date": "2021-12-25", "name": "gate_error", "unit": "", "value": 0.0003159901785717127}, {"date": "2021-12-25", "name": "gate_length", "unit": "ns", "value": 35.55555555555556}], "name": "id0"}, {"qubits": [1], "gate": "id", "parameters": [{"date": "2021-12-25", "name": "gate_error", "unit": "", "value": 0.00019763735552970793}, {"date": "2021-12-25", "name": "gate_length", "unit": "ns", "value": 35.55555555555556}], "name": "id1"}, {"qubits": [2], "gate": "id", "parameters": [{"date": "2021-12-25", "name": "gate_error", "unit": "", "value": 0.00017873254609628565}, {"date": "2021-12-25", "name": "gate_length", "unit": "ns", "value": 35.55555555555556}], "name": "id2"}, {"qubits": [3], "gate": "id", "parameters": [{"date": "2021-12-25", "name": "gate_error", "unit": "", "value": 0.0001999024663174012}, {"date": "2021-12-25", "name": "gate_length", "unit": "ns", "value": 35.55555555555556}], "name": "id3"}, {"qubits": [4], "gate": "id", "parameters": [{"date": "2021-12-25", "name": "gate_error", "unit": "", "value": 0.0002700152480680634}, {"date": "2021-12-25", "name": "gate_length", "unit": "ns", "value": 35.55555555555556}], "name": "id4"}, {"qubits": [5], "gate": "id", "parameters": [{"date": "2021-12-25", "name": "gate_error", "unit": "", "value": 0.0002121272177112298}, {"date": "2021-12-25", "name": "gate_length", "unit": "ns", "value": 35.55555555555556}], "name": "id5"}, {"qubits": [6], "gate": "id", "parameters": [{"date": "2021-12-25", "name": "gate_error", "unit": "", "value": 0.0001978949862059142}, {"date": "2021-12-25", "name": "gate_length", "unit": "ns", "value": 35.55555555555556}], "name": "id6"}, {"qubits": [0], "gate": "rz", "parameters": [{"date": "2021-12-25", "name": "gate_error", "unit": "", "value": 0}, {"date": "2021-12-25", "name": "gate_length", "unit": "ns", "value": 0}], "name": "rz0"}, {"qubits": [1], "gate": "rz", "parameters": [{"date": "2021-12-25", "name": "gate_error", "unit": "", "value": 0}, {"date": "2021-12-25", "name": "gate_length", "unit": "ns", "value": 0}], "name": "rz1"}, {"qubits": [2], "gate": "rz", "parameters": [{"date": "2021-12-25", "name": "gate_error", "unit": "", "value": 0}, {"date": "2021-12-25", "name": "gate_length", "unit": "ns", "value": 0}], "name": "rz2"}, {"qubits": [3], "gate": "rz", "parameters": [{"date": "2021-12-25", "name": "gate_error", "unit": "", "value": 0}, {"date": "2021-12-25", "name": "gate_length", "unit": "ns", "value": 0}], "name": "rz3"}, {"qubits": [4], "gate": "rz", "parameters": [{"date": "2021-12-25", "name": "gate_error", "unit": "", "value": 0}, {"date": "2021-12-25", "name": "gate_length", "unit": "ns", "value": 0}], "name": "rz4"}, {"qubits": [5], "gate": "rz", "parameters": [{"date": "2021-12-25", "name": "gate_error", "unit": "", "value": 0}, {"date": "2021-12-25", "name": "gate_length", "unit": "ns", "value": 0}], "name": "rz5"}, {"qubits": [6], "gate": "rz", "parameters": [{"date": "2021-12-25", "name": "gate_error", "unit": "", "value": 0}, {"date": "2021-12-25", "name": "gate_length", "unit": "ns", "value": 0}], "name": "rz6"}, {"qubits": [0], "gate": "sx", "parameters": [{"date": "2021-12-25", "name": "gate_error", "unit": "", "value": 0.0003159901785717127}, {"date": "2021-12-25", "name": "gate_length", "unit": "ns", "value": 35.55555555555556}], "name": "sx0"}, {"qubits": [1], "gate": "sx", "parameters": [{"date": "2021-12-25", "name": "gate_error", "unit": "", "value": 0.00019763735552970793}, {"date": "2021-12-25", "name": "gate_length", "unit": "ns", "value": 35.55555555555556}], "name": "sx1"}, {"qubits": [2], "gate": "sx", "parameters": [{"date": "2021-12-25", "name": "gate_error", "unit": "", "value": 0.00017873254609628565}, {"date": "2021-12-25", "name": "gate_length", "unit": "ns", "value": 35.55555555555556}], "name": "sx2"}, {"qubits": [3], "gate": "sx", "parameters": [{"date": "2021-12-25", "name": "gate_error", "unit": "", "value": 0.0001999024663174012}, {"date": "2021-12-25", "name": "gate_length", "unit": "ns", "value": 35.55555555555556}], "name": "sx3"}, {"qubits": [4], "gate": "sx", "parameters": [{"date": "2021-12-25", "name": "gate_error", "unit": "", "value": 0.0002700152480680634}, {"date": "2021-12-25", "name": "gate_length", "unit": "ns", "value": 35.55555555555556}], "name": "sx4"}, {"qubits": [5], "gate": "sx", "parameters": [{"date": "2021-12-25", "name": "gate_error", "unit": "", "value": 0.0002121272177112298}, {"date": "2021-12-25", "name": "gate_length", "unit": "ns", "value": 35.55555555555556}], "name": "sx5"}, {"qubits": [6], "gate": "sx", "parameters": [{"date": "2021-12-25", "name": "gate_error", "unit": "", "value": 0.0001978949862059142}, {"date": "2021-12-25", "name": "gate_length", "unit": "ns", "value": 35.55555555555556}], "name": "sx6"}, {"qubits": [0], "gate": "x", "parameters": [{"date": "2021-12-25", "name": "gate_error", "unit": "", "value": 0.0003159901785717127}, {"date": "2021-12-25", "name": "gate_length", "unit": "ns", "value": 35.55555555555556}], "name": "x0"}, {"qubits": [1], "gate": "x", "parameters": [{"date": "2021-12-25", "name": "gate_error", "unit": "", "value": 0.00019763735552970793}, {"date": "2021-12-25", "name": "gate_length", "unit": "ns", "value": 35.55555555555556}], "name": "x1"}, {"qubits": [2], "gate": "x", "parameters": [{"date": "2021-12-25", "name": "gate_error", "unit": "", "value": 0.00017873254609628565}, {"date": "2021-12-25", "name": "gate_length", "unit": "ns", "value": 35.55555555555556}], "name": "x2"}, {"qubits": [3], "gate": "x", "parameters": [{"date": "2021-12-25", "name": "gate_error", "unit": "", "value": 0.0001999024663174012}, {"date": "2021-12-25", "name": "gate_length", "unit": "ns", "value": 35.55555555555556}], "name": "x3"}, {"qubits": [4], "gate": "x", "parameters": [{"date": "2021-12-25", "name": "gate_error", "unit": "", "value": 0.0002700152480680634}, {"date": "2021-12-25", "name": "gate_length", "unit": "ns", "value": 35.55555555555556}], "name": "x4"}, {"qubits": [5], "gate": "x", "parameters": [{"date": "2021-12-25", "name": "gate_error", "unit": "", "value": 0.0002121272177112298}, {"date": "2021-12-25", "name": "gate_length", "unit": "ns", "value": 35.55555555555556}], "name": "x5"}, {"qubits": [6], "gate": "x", "parameters": [{"date": "2021-12-25", "name": "gate_error", "unit": "", "value": 0.0001978949862059142}, {"date": "2021-12-25", "name": "gate_length", "unit": "ns", "value": 35.55555555555556}], "name": "x6"}, {"qubits": [5, 4], "gate": "cx", "parameters": [{"date": "2021-12-25", "name": "gate_error", "unit": "", "value": 0.005231567916113983}, {"date": "2021-12-22", "name": "gate_length", "unit": "ns", "value": 327.1111111111111}], "name": "cx5_4"}, {"qubits": [4, 5], "gate": "cx", "parameters": [{"date": "2021-12-25", "name": "gate_error", "unit": "", "value": 0.005231567916113983}, {"date": "2021-12-22", "name": "gate_length", "unit": "ns", "value": 362.66666666666663}], "name": "cx4_5"}, {"qubits": [3, 1], "gate": "cx", "parameters": [{"date": "2021-12-25", "name": "gate_error", "unit": "", "value": 0.005286913379988378}, {"date": "2021-12-22", "name": "gate_length", "unit": "ns", "value": 298.66666666666663}], "name": "cx3_1"}, {"qubits": [1, 3], "gate": "cx", "parameters": [{"date": "2021-12-25", "name": "gate_error", "unit": "", "value": 0.005286913379988378}, {"date": "2021-12-22", "name": "gate_length", "unit": "ns", "value": 334.22222222222223}], "name": "cx1_3"}, {"qubits": [5, 6], "gate": "cx", "parameters": [{"date": "2021-12-25", "name": "gate_error", "unit": "", "value": 0.005754764678443269}, {"date": "2021-12-22", "name": "gate_length", "unit": "ns", "value": 256}], "name": "cx5_6"}, {"qubits": [6, 5], "gate": "cx", "parameters": [{"date": "2021-12-25", "name": "gate_error", "unit": "", "value": 0.005754764678443269}, {"date": "2021-12-22", "name": "gate_length", "unit": "ns", "value": 291.55555555555554}], "name": "cx6_5"}, {"qubits": [5, 3], "gate": "cx", "parameters": [{"date": "2021-12-25", "name": "gate_error", "unit": "", "value": 0.00769408103261085}, {"date": "2021-12-22", "name": "gate_length", "unit": "ns", "value": 298.66666666666663}], "name": "cx5_3"}, {"qubits": [3, 5], "gate": "cx", "parameters": [{"date": "2021-12-25", "name": "gate_error", "unit": "", "value": 0.00769408103261085}, {"date": "2021-12-22", "name": "gate_length", "unit": "ns", "value": 334.22222222222223}], "name": "cx3_5"}, {"qubits": [2, 1], "gate": "cx", "parameters": [{"date": "2021-12-25", "name": "gate_error", "unit": "", "value": 0.005017834161595236}, {"date": "2021-12-22", "name": "gate_length", "unit": "ns", "value": 291.55555555555554}], "name": "cx2_1"}, {"qubits": [1, 2], "gate": "cx", "parameters": [{"date": "2021-12-25", "name": "gate_error", "unit": "", "value": 0.005017834161595236}, {"date": "2021-12-22", "name": "gate_length", "unit": "ns", "value": 327.1111111111111}], "name": "cx1_2"}, {"qubits": [0, 1], "gate": "cx", "parameters": [{"date": "2021-12-25", "name": "gate_error", "unit": "", "value": 0.007659619664439871}, {"date": "2021-12-22", "name": "gate_length", "unit": "ns", "value": 305.77777777777777}], "name": "cx0_1"}, {"qubits": [1, 0], "gate": "cx", "parameters": [{"date": "2021-12-25", "name": "gate_error", "unit": "", "value": 0.007659619664439871}, {"date": "2021-12-22", "name": "gate_length", "unit": "ns", "value": 341.3333333333333}], "name": "cx1_0"}, {"qubits": [0], "gate": "reset", "parameters": [{"date": "2021-12-25", "name": "gate_length", "unit": "ns", "value": 1002.6666666666666}], "name": "reset0"}, {"qubits": [1], "gate": "reset", "parameters": [{"date": "2021-12-25", "name": "gate_length", "unit": "ns", "value": 1002.6666666666666}], "name": "reset1"}, {"qubits": [2], "gate": "reset", "parameters": [{"date": "2021-12-25", "name": "gate_length", "unit": "ns", "value": 995.5555555555555}], "name": "reset2"}, {"qubits": [3], "gate": "reset", "parameters": [{"date": "2021-12-25", "name": "gate_length", "unit": "ns", "value": 988.4444444444443}], "name": "reset3"}, {"qubits": [4], "gate": "reset", "parameters": [{"date": "2021-12-25", "name": "gate_length", "unit": "ns", "value": 1002.6666666666666}], "name": "reset4"}, {"qubits": [5], "gate": "reset", "parameters": [{"date": "2021-12-25", "name": "gate_length", "unit": "ns", "value": 1002.6666666666666}], "name": "reset5"}, {"qubits": [6], "gate": "reset", "parameters": [{"date": "2021-12-25", "name": "gate_length", "unit": "ns", "value": 988.4444444444443}], "name": "reset6"}], "general": [{"date": "2021-12-25", "name": "jq_01", "unit": "GHz", "value": 0.0017239661070310697}, {"date": "2021-12-25", "name": "zz_01", "unit": "GHz", "value": -4.1551259389276154e-05}, {"date": "2021-12-25", "name": "jq_12", "unit": "GHz", "value": 0.003306427365570105}, {"date": "2021-12-25", "name": "zz_12", "unit": "GHz", "value": -0.00013691896518548322}, {"date": "2021-12-25", "name": "jq_45", "unit": "GHz", "value": 0.0033964931013144256}, {"date": "2021-12-25", "name": "zz_45", "unit": "GHz", "value": -0.00015134337521539932}, {"date": "2021-12-25", "name": "jq_56", "unit": "GHz", "value": 0.0032394441256406383}, {"date": "2021-12-25", "name": "zz_56", "unit": "GHz", "value": -0.0001381127844927418}, {"date": "2021-12-25", "name": "jq_13", "unit": "GHz", "value": 0.003219077603102807}, {"date": "2021-12-25", "name": "zz_13", "unit": "GHz", "value": -0.00013509145307819546}, {"date": "2021-12-25", "name": "jq_35", "unit": "GHz", "value": 0.0023455196332844842}, {"date": "2021-12-25", "name": "zz_35", "unit": "GHz", "value": -9.35336850076191e-05}]}