{"backend_name": "ibm_lagos", "backend_version": "1.0.1", "last_update_date": "2021-8-8", "qubits": [[{"date": "2021-8-8", "name": "T1", "unit": "us", "value": 84.61966059566612}, {"date": "2021-8-8", "name": "T2", "unit": "us", "value": 42.76946683246354}, {"date": "2021-8-8", "name": "frequency", "unit": "GHz", "value": 5.2353093817146945}, {"date": "2021-8-8", "name": "anharmonicity", "unit": "GHz", "value": -0.33986713855915607}, {"date": "2021-8-8", "name": "readout_error", "unit": "", "value": 0.012699999999999934}, {"date": "2021-8-8", "name": "prob_meas0_prep1", "unit": "", "value": 0.014}, {"date": "2021-8-8", "name": "prob_meas1_prep0", "unit": "", "value": 0.011399999999999966}, {"date": "2021-8-8", "name": "readout_length", "unit": "ns", "value": 704}], [{"date": "2021-8-8", "name": "T1", "unit": "us", "value": 114.13666520607745}, {"date": "2021-8-8", "name": "T2", "unit": "us", "value": 75.33617682380986}, {"date": "2021-8-8", "name": "frequency", "unit": "GHz", "value": 5.0993973347416315}, {"date": "2021-8-8", "name": "anharmonicity", "unit": "GHz", "value": -0.3432484042938357}, {"date": "2021-8-8", "name": "readout_error", "unit": "", "value": 0.011499999999999955}, {"date": "2021-8-8", "name": "prob_meas0_prep1", "unit": "", "value": 0.0136}, {"date": "2021-8-8", "name": "prob_meas1_prep0", "unit": "", "value": 0.009399999999999964}, {"date": "2021-8-8", "name": "readout_length", "unit": "ns", "value": 704}], [{"date": "2021-8-8", "name": "T1", "unit": "us", "value": 91.69807923482873}, {"date": "2021-8-8", "name": "T2", "unit": "us", "value": 82.54716497418988}, {"date": "2021-8-8", "name": "frequency", "unit": "GHz", "value": 5.187864209247436}, {"date": "2021-8-8", "name": "anharmonicity", "unit": "GHz", "value": -0.3419316690031256}, {"date": "2021-8-8", "name": "readout_error", "unit": "", "value": 0.005400000000000071}, {"date": "2021-8-8", "name": "prob_meas0_prep1", "unit": "", "value": 0.006}, {"date": "2021-8-8", "name": "prob_meas1_prep0", "unit": "", "value": 0.0048000000000000265}, {"date": "2021-8-8", "name": "readout_length", "unit": "ns", "value": 704}], [{"date": "2021-8-8", "name": "T1", "unit": "us", "value": 98.62254796898347}, {"date": "2021-8-8", "name": "T2", "unit": "us", "value": 59.31066813102368}, {"date": "2021-8-8", "name": "frequency", "unit": "GHz", "value": 4.986871458451981}, {"date": "2021-8-8", "name": "anharmonicity", "unit": "GHz", "value": -0.3452928861203798}, {"date": "2021-8-8", "name": "readout_error", "unit": "", "value": 0.0050000000000000044}, {"date": "2021-8-8", "name": "prob_meas0_prep1", "unit": "", "value": 0.007}, {"date": "2021-8-8", "name": "prob_meas1_prep0", "unit": "", "value": 0.0030000000000000027}, {"date": "2021-8-8", "name": "readout_length", "unit": "ns", "value": 704}], [{"date": "2021-8-8", "name": "T1", "unit": "us", "value": 110.58826442627257}, {"date": "2021-8-8", "name": "T2", "unit": "us", "value": 27.452562449643164}, {"date": "2021-8-8", "name": "frequency", "unit": "GHz", "value": 5.285346508351898}, {"date": "2021-8-8", "name": "anharmonicity", "unit": "GHz", "value": -0.3392342674107948}, {"date": "2021-8-8", "name": "readout_error", "unit": "", "value": 0.007299999999999973}, {"date": "2021-8-8", "name": "prob_meas0_prep1", "unit": "", "value": 0.008399999999999963}, {"date": "2021-8-8", "name": "prob_meas1_prep0", "unit": "", "value": 0.0062}, {"date": "2021-8-8", "name": "readout_length", "unit": "ns", "value": 704}], [{"date": "2021-8-8", "name": "T1", "unit": "us", "value": 107.50732437914782}, {"date": "2021-8-8", "name": "T2", "unit": "us", "value": 62.62871952638439}, {"date": "2021-8-8", "name": "frequency", "unit": "GHz", "value": 5.176865652683966}, {"date": "2021-8-8", "name": "anharmonicity", "unit": "GHz", "value": -0.34079297245074963}, {"date": "2021-8-8", "name": "readout_error", "unit": "", "value": 0.011700000000000044}, {"date": "2021-8-8", "name": "prob_meas0_prep1", "unit": "", "value": 0.0144}, {"date": "2021-8-8", "name": "prob_meas1_prep0", "unit": "", "value": 0.009000000000000008}, {"date": "2021-8-8", "name": "readout_length", "unit": "ns", "value": 704}], [{"date": "2021-8-8", "name": "T1", "unit": "us", "value": 68.02122396102857}, {"date": "2021-8-8", "name": "T2", "unit": "us", "value": 103.3569801001455}, {"date": "2021-8-8", "name": "frequency", "unit": "GHz", "value": 5.064102841155938}, {"date": "2021-8-8", "name": "anharmonicity", "unit": "GHz", "value": -0.34275836537159754}, {"date": "2021-8-8", "name": "readout_error", "unit": "", "value": 0.005700000000000038}, {"date": "2021-8-8", "name": "prob_meas0_prep1", "unit": "", "value": 0.006}, {"date": "2021-8-8", "name": "prob_meas1_prep0", "unit": "", "value": 0.00539999999999996}, {"date": "2021-8-8", "name": "readout_length", "unit": "ns", "value": 704}]], "gates": [{"qubits": [0], "gate": "id", "parameters": [{"date": "2021-8-8", "name": "gate_error", "unit": "", "value": 0.00020631006939444564}, {"date": "2021-8-8", "name": "gate_length", "unit": "ns", "value": 35.55555555555556}], "name": "id0"}, {"qubits": [1], "gate": "id", "parameters": [{"date": "2021-8-8", "name": "gate_error", "unit": "", "value": 0.00025304704953252696}, {"date": "2021-8-8", "name": "gate_length", "unit": "ns", "value": 35.55555555555556}], "name": "id1"}, {"qubits": [2], "gate": "id", "parameters": [{"date": "2021-8-8", "name": "gate_error", "unit": "", "value": 0.00018932790328063357}, {"date": "2021-8-8", "name": "gate_length", "unit": "ns", "value": 35.55555555555556}], "name": "id2"}, {"qubits": [3], "gate": "id", "parameters": [{"date": "2021-8-8", "name": "gate_error", "unit": "", "value": 0.0002154705478311349}, {"date": "2021-8-8", "name": "gate_length", "unit": "ns", "value": 35.55555555555556}], "name": "id3"}, {"qubits": [4], "gate": "id", "parameters": [{"date": "2021-8-8", "name": "gate_error", "unit": "", "value": 0.0001907913657014801}, {"date": "2021-8-8", "name": "gate_length", "unit": "ns", "value": 35.55555555555556}], "name": "id4"}, {"qubits": [5], "gate": "id", "parameters": [{"date": "2021-8-8", "name": "gate_error", "unit": "", "value": 0.00015517561861665035}, {"date": "2021-8-8", "name": "gate_length", "unit": "ns", "value": 35.55555555555556}], "name": "id5"}, {"qubits": [6], "gate": "id", "parameters": [{"date": "2021-8-8", "name": "gate_error", "unit": "", "value": 0.0001826812268452206}, {"date": "2021-8-8", "name": "gate_length", "unit": "ns", "value": 35.55555555555556}], "name": "id6"}, {"qubits": [0], "gate": "rz", "parameters": [{"date": "2021-8-8", "name": "gate_error", "unit": "", "value": 0}, {"date": "2021-8-8", "name": "gate_length", "unit": "ns", "value": 0}], "name": "rz0"}, {"qubits": [1], "gate": "rz", "parameters": [{"date": "2021-8-8", "name": "gate_error", "unit": "", "value": 0}, {"date": "2021-8-8", "name": "gate_length", "unit": "ns", "value": 0}], "name": "rz1"}, {"qubits": [2], "gate": "rz", "parameters": [{"date": "2021-8-8", "name": "gate_error", "unit": "", "value": 0}, {"date": "2021-8-8", "name": "gate_length", "unit": "ns", "value": 0}], "name": "rz2"}, {"qubits": [3], "gate": "rz", "parameters": [{"date": "2021-8-8", "name": "gate_error", "unit": "", "value": 0}, {"date": "2021-8-8", "name": "gate_length", "unit": "ns", "value": 0}], "name": "rz3"}, {"qubits": [4], "gate": "rz", "parameters": [{"date": "2021-8-8", "name": "gate_error", "unit": "", "value": 0}, {"date": "2021-8-8", "name": "gate_length", "unit": "ns", "value": 0}], "name": "rz4"}, {"qubits": [5], "gate": "rz", "parameters": [{"date": "2021-8-8", "name": "gate_error", "unit": "", "value": 0}, {"date": "2021-8-8", "name": "gate_length", "unit": "ns", "value": 0}], "name": "rz5"}, {"qubits": [6], "gate": "rz", "parameters": [{"date": "2021-8-8", "name": "gate_error", "unit": "", "value": 0}, {"date": "2021-8-8", "name": "gate_length", "unit": "ns", "value": 0}], "name": "rz6"}, {"qubits": [0], "gate": "sx", "parameters": [{"date": "2021-8-8", "name": "gate_error", "unit": "", "value": 0.00020631006939444564}, {"date": "2021-8-8", "name": "gate_length", "unit": "ns", "value": 35.55555555555556}], "name": "sx0"}, {"qubits": [1], "gate": "sx", "parameters": [{"date": "2021-8-8", "name": "gate_error", "unit": "", "value": 0.00025304704953252696}, {"date": "2021-8-8", "name": "gate_length", "unit": "ns", "value": 35.55555555555556}], "name": "sx1"}, {"qubits": [2], "gate": "sx", "parameters": [{"date": "2021-8-8", "name": "gate_error", "unit": "", "value": 0.00018932790328063357}, {"date": "2021-8-8", "name": "gate_length", "unit": "ns", "value": 35.55555555555556}], "name": "sx2"}, {"qubits": [3], "gate": "sx", "parameters": [{"date": "2021-8-8", "name": "gate_error", "unit": "", "value": 0.0002154705478311349}, {"date": "2021-8-8", "name": "gate_length", "unit": "ns", "value": 35.55555555555556}], "name": "sx3"}, {"qubits": [4], "gate": "sx", "parameters": [{"date": "2021-8-8", "name": "gate_error", "unit": "", "value": 0.0001907913657014801}, {"date": "2021-8-8", "name": "gate_length", "unit": "ns", "value": 35.55555555555556}], "name": "sx4"}, {"qubits": [5], "gate": "sx", "parameters": [{"date": "2021-8-8", "name": "gate_error", "unit": "", "value": 0.00015517561861665035}, {"date": "2021-8-8", "name": "gate_length", "unit": "ns", "value": 35.55555555555556}], "name": "sx5"}, {"qubits": [6], "gate": "sx", "parameters": [{"date": "2021-8-8", "name": "gate_error", "unit": "", "value": 0.0001826812268452206}, {"date": "2021-8-8", "name": "gate_length", "unit": "ns", "value": 35.55555555555556}], "name": "sx6"}, {"qubits": [0], "gate": "x", "parameters": [{"date": "2021-8-8", "name": "gate_error", "unit": "", "value": 0.00020631006939444564}, {"date": "2021-8-8", "name": "gate_length", "unit": "ns", "value": 35.55555555555556}], "name": "x0"}, {"qubits": [1], "gate": "x", "parameters": [{"date": "2021-8-8", "name": "gate_error", "unit": "", "value": 0.00025304704953252696}, {"date": "2021-8-8", "name": "gate_length", "unit": "ns", "value": 35.55555555555556}], "name": "x1"}, {"qubits": [2], "gate": "x", "parameters": [{"date": "2021-8-8", "name": "gate_error", "unit": "", "value": 0.00018932790328063357}, {"date": "2021-8-8", "name": "gate_length", "unit": "ns", "value": 35.55555555555556}], "name": "x2"}, {"qubits": [3], "gate": "x", "parameters": [{"date": "2021-8-8", "name": "gate_error", "unit": "", "value": 0.0002154705478311349}, {"date": "2021-8-8", "name": "gate_length", "unit": "ns", "value": 35.55555555555556}], "name": "x3"}, {"qubits": [4], "gate": "x", "parameters": [{"date": "2021-8-8", "name": "gate_error", "unit": "", "value": 0.0001907913657014801}, {"date": "2021-8-8", "name": "gate_length", "unit": "ns", "value": 35.55555555555556}], "name": "x4"}, {"qubits": [5], "gate": "x", "parameters": [{"date": "2021-8-8", "name": "gate_error", "unit": "", "value": 0.00015517561861665035}, {"date": "2021-8-8", "name": "gate_length", "unit": "ns", "value": 35.55555555555556}], "name": "x5"}, {"qubits": [6], "gate": "x", "parameters": [{"date": "2021-8-8", "name": "gate_error", "unit": "", "value": 0.0001826812268452206}, {"date": "2021-8-8", "name": "gate_length", "unit": "ns", "value": 35.55555555555556}], "name": "x6"}, {"qubits": [5, 4], "gate": "cx", "parameters": [{"date": "2021-8-8", "name": "gate_error", "unit": "", "value": 0.005111148300695895}, {"date": "2021-8-5", "name": "gate_length", "unit": "ns", "value": 327.1111111111111}], "name": "cx5_4"}, {"qubits": [4, 5], "gate": "cx", "parameters": [{"date": "2021-8-8", "name": "gate_error", "unit": "", "value": 0.005111148300695895}, {"date": "2021-8-5", "name": "gate_length", "unit": "ns", "value": 362.66666666666663}], "name": "cx4_5"}, {"qubits": [3, 1], "gate": "cx", "parameters": [{"date": "2021-8-8", "name": "gate_error", "unit": "", "value": 0.005837013836774263}, {"date": "2021-8-5", "name": "gate_length", "unit": "ns", "value": 298.66666666666663}], "name": "cx3_1"}, {"qubits": [1, 3], "gate": "cx", "parameters": [{"date": "2021-8-8", "name": "gate_error", "unit": "", "value": 0.005837013836774263}, {"date": "2021-8-5", "name": "gate_length", "unit": "ns", "value": 334.22222222222223}], "name": "cx1_3"}, {"qubits": [5, 6], "gate": "cx", "parameters": [{"date": "2021-8-8", "name": "gate_error", "unit": "", "value": 0.0038497351695988835}, {"date": "2021-8-5", "name": "gate_length", "unit": "ns", "value": 256}], "name": "cx5_6"}, {"qubits": [6, 5], "gate": "cx", "parameters": [{"date": "2021-8-8", "name": "gate_error", "unit": "", "value": 0.0038497351695988835}, {"date": "2021-8-5", "name": "gate_length", "unit": "ns", "value": 291.55555555555554}], "name": "cx6_5"}, {"qubits": [5, 3], "gate": "cx", "parameters": [{"date": "2021-8-8", "name": "gate_error", "unit": "", "value": 0.0053234519247058465}, {"date": "2021-8-5", "name": "gate_length", "unit": "ns", "value": 298.66666666666663}], "name": "cx5_3"}, {"qubits": [3, 5], "gate": "cx", "parameters": [{"date": "2021-8-8", "name": "gate_error", "unit": "", "value": 0.0053234519247058465}, {"date": "2021-8-5", "name": "gate_length", "unit": "ns", "value": 334.22222222222223}], "name": "cx3_5"}, {"qubits": [2, 1], "gate": "cx", "parameters": [{"date": "2021-8-8", "name": "gate_error", "unit": "", "value": 0.005422453604228161}, {"date": "2021-8-5", "name": "gate_length", "unit": "ns", "value": 291.55555555555554}], "name": "cx2_1"}, {"qubits": [1, 2], "gate": "cx", "parameters": [{"date": "2021-8-8", "name": "gate_error", "unit": "", "value": 0.005422453604228161}, {"date": "2021-8-5", "name": "gate_length", "unit": "ns", "value": 327.1111111111111}], "name": "cx1_2"}, {"qubits": [0, 1], "gate": "cx", "parameters": [{"date": "2021-8-8", "name": "gate_error", "unit": "", "value": 0.007853025373144695}, {"date": "2021-8-5", "name": "gate_length", "unit": "ns", "value": 305.77777777777777}], "name": "cx0_1"}, {"qubits": [1, 0], "gate": "cx", "parameters": [{"date": "2021-8-8", "name": "gate_error", "unit": "", "value": 0.007853025373144695}, {"date": "2021-8-5", "name": "gate_length", "unit": "ns", "value": 341.3333333333333}], "name": "cx1_0"}, {"qubits": [0], "gate": "reset", "parameters": [{"date": "2021-8-8", "name": "gate_length", "unit": "ns", "value": 1002.6666666666666}], "name": "reset0"}, {"qubits": [1], "gate": "reset", "parameters": [{"date": "2021-8-8", "name": "gate_length", "unit": "ns", "value": 1002.6666666666666}], "name": "reset1"}, {"qubits": [2], "gate": "reset", "parameters": [{"date": "2021-8-8", "name": "gate_length", "unit": "ns", "value": 995.5555555555555}], "name": "reset2"}, {"qubits": [3], "gate": "reset", "parameters": [{"date": "2021-8-8", "name": "gate_length", "unit": "ns", "value": 988.4444444444443}], "name": "reset3"}, {"qubits": [4], "gate": "reset", "parameters": [{"date": "2021-8-8", "name": "gate_length", "unit": "ns", "value": 1002.6666666666666}], "name": "reset4"}, {"qubits": [5], "gate": "reset", "parameters": [{"date": "2021-8-8", "name": "gate_length", "unit": "ns", "value": 1002.6666666666666}], "name": "reset5"}, {"qubits": [6], "gate": "reset", "parameters": [{"date": "2021-8-8", "name": "gate_length", "unit": "ns", "value": 988.4444444444443}], "name": "reset6"}], "general": [{"date": "2021-8-8", "name": "jq_01", "unit": "GHz", "value": 0.0017239661070310697}, {"date": "2021-8-8", "name": "zz_01", "unit": "GHz", "value": -4.1551259389276154e-05}, {"date": "2021-8-8", "name": "jq_12", "unit": "GHz", "value": 0.003306427365570105}, {"date": "2021-8-8", "name": "zz_12", "unit": "GHz", "value": -0.00013691896518548322}, {"date": "2021-8-8", "name": "jq_45", "unit": "GHz", "value": 0.0033964931013144256}, {"date": "2021-8-8", "name": "zz_45", "unit": "GHz", "value": -0.00015134337521539932}, {"date": "2021-8-8", "name": "jq_56", "unit": "GHz", "value": 0.0032394441256406383}, {"date": "2021-8-8", "name": "zz_56", "unit": "GHz", "value": -0.0001381127844927418}, {"date": "2021-8-8", "name": "jq_13", "unit": "GHz", "value": 0.003219077603102807}, {"date": "2021-8-8", "name": "zz_13", "unit": "GHz", "value": -0.00013509145307819546}, {"date": "2021-8-8", "name": "jq_35", "unit": "GHz", "value": 0.0023455196332844842}, {"date": "2021-8-8", "name": "zz_35", "unit": "GHz", "value": -9.35336850076191e-05}]}