{"backend_name": "ibm_lagos", "backend_version": "1.0.18", "last_update_date": "2021-12-27", "qubits": [[{"date": "2021-12-27", "name": "T1", "unit": "us", "value": 172.81493852273405}, {"date": "2021-12-27", "name": "T2", "unit": "us", "value": 47.9136156206891}, {"date": "2021-12-27", "name": "frequency", "unit": "GHz", "value": 5.2351868292702735}, {"date": "2021-12-27", "name": "anharmonicity", "unit": "GHz", "value": -0.33986713855915607}, {"date": "2021-12-27", "name": "readout_error", "unit": "", "value": 0.018100000000000005}, {"date": "2021-12-27", "name": "prob_meas0_prep1", "unit": "", "value": 0.0174}, {"date": "2021-12-27", "name": "prob_meas1_prep0", "unit": "", "value": 0.01880000000000004}, {"date": "2021-12-27", "name": "readout_length", "unit": "ns", "value": 704}], [{"date": "2021-12-27", "name": "T1", "unit": "us", "value": 96.36381022711346}, {"date": "2021-12-27", "name": "T2", "unit": "us", "value": 91.06026433751461}, {"date": "2021-12-27", "name": "frequency", "unit": "GHz", "value": 5.099587767572154}, {"date": "2021-12-27", "name": "anharmonicity", "unit": "GHz", "value": -0.3432484042938357}, {"date": "2021-12-27", "name": "readout_error", "unit": "", "value": 0.008599999999999941}, {"date": "2021-12-27", "name": "prob_meas0_prep1", "unit": "", "value": 0.009}, {"date": "2021-12-27", "name": "prob_meas1_prep0", "unit": "", "value": 0.008199999999999985}, {"date": "2021-12-27", "name": "readout_length", "unit": "ns", "value": 704}], [{"date": "2021-12-27", "name": "T1", "unit": "us", "value": 204.46595854469084}, {"date": "2021-12-27", "name": "T2", "unit": "us", "value": 78.11969165668884}, {"date": "2021-12-27", "name": "frequency", "unit": "GHz", "value": 5.1883965393324845}, {"date": "2021-12-27", "name": "anharmonicity", "unit": "GHz", "value": -0.3419316690031256}, {"date": "2021-12-27", "name": "readout_error", "unit": "", "value": 0.005099999999999993}, {"date": "2021-12-27", "name": "prob_meas0_prep1", "unit": "", "value": 0.006}, {"date": "2021-12-27", "name": "prob_meas1_prep0", "unit": "", "value": 0.0041999999999999815}, {"date": "2021-12-27", "name": "readout_length", "unit": "ns", "value": 704}], [{"date": "2021-12-27", "name": "T1", "unit": "us", "value": 146.57344289694836}, {"date": "2021-12-27", "name": "T2", "unit": "us", "value": 138.75816687691065}, {"date": "2021-12-27", "name": "frequency", "unit": "GHz", "value": 4.987492281937856}, {"date": "2021-12-27", "name": "anharmonicity", "unit": "GHz", "value": -0.3452928861203798}, {"date": "2021-12-27", "name": "readout_error", "unit": "", "value": 0.016699999999999937}, {"date": "2021-12-27", "name": "prob_meas0_prep1", "unit": "", "value": 0.0164}, {"date": "2021-12-27", "name": "prob_meas1_prep0", "unit": "", "value": 0.017000000000000015}, {"date": "2021-12-27", "name": "readout_length", "unit": "ns", "value": 704}], [{"date": "2021-12-27", "name": "T1", "unit": "us", "value": 190.67399371196421}, {"date": "2021-12-27", "name": "T2", "unit": "us", "value": 45.44620565455105}, {"date": "2021-12-27", "name": "frequency", "unit": "GHz", "value": 5.285338577580966}, {"date": "2021-12-27", "name": "anharmonicity", "unit": "GHz", "value": -0.3392342674107948}, {"date": "2021-12-27", "name": "readout_error", "unit": "", "value": 0.011400000000000077}, {"date": "2021-12-27", "name": "prob_meas0_prep1", "unit": "", "value": 0.01100000000000001}, {"date": "2021-12-27", "name": "prob_meas1_prep0", "unit": "", "value": 0.0118}, {"date": "2021-12-27", "name": "readout_length", "unit": "ns", "value": 704}], [{"date": "2021-12-27", "name": "T1", "unit": "us", "value": 159.52163863763315}, {"date": "2021-12-27", "name": "T2", "unit": "us", "value": 89.51895784142464}, {"date": "2021-12-27", "name": "frequency", "unit": "GHz", "value": 5.176171875358259}, {"date": "2021-12-27", "name": "anharmonicity", "unit": "GHz", "value": -0.34079297245074963}, {"date": "2021-12-27", "name": "readout_error", "unit": "", "value": 0.011099999999999999}, {"date": "2021-12-27", "name": "prob_meas0_prep1", "unit": "", "value": 0.0132}, {"date": "2021-12-27", "name": "prob_meas1_prep0", "unit": "", "value": 0.009000000000000008}, {"date": "2021-12-27", "name": "readout_length", "unit": "ns", "value": 704}], [{"date": "2021-12-27", "name": "T1", "unit": "us", "value": 175.8039419292874}, {"date": "2021-12-27", "name": "T2", "unit": "us", "value": 194.29428520960374}, {"date": "2021-12-27", "name": "frequency", "unit": "GHz", "value": 5.063929458896993}, {"date": "2021-12-27", "name": "anharmonicity", "unit": "GHz", "value": -0.34275836537159754}, {"date": "2021-12-27", "name": "readout_error", "unit": "", "value": 0.007900000000000018}, {"date": "2021-12-27", "name": "prob_meas0_prep1", "unit": "", "value": 0.009000000000000008}, {"date": "2021-12-27", "name": "prob_meas1_prep0", "unit": "", "value": 0.0068}, {"date": "2021-12-27", "name": "readout_length", "unit": "ns", "value": 704}]], "gates": [{"qubits": [0], "gate": "id", "parameters": [{"date": "2021-12-27", "name": "gate_error", "unit": "", "value": 0.00027066604815676566}, {"date": "2021-12-27", "name": "gate_length", "unit": "ns", "value": 35.55555555555556}], "name": "id0"}, {"qubits": [1], "gate": "id", "parameters": [{"date": "2021-12-27", "name": "gate_error", "unit": "", "value": 0.0002602975562728171}, {"date": "2021-12-27", "name": "gate_length", "unit": "ns", "value": 35.55555555555556}], "name": "id1"}, {"qubits": [2], "gate": "id", "parameters": [{"date": "2021-12-27", "name": "gate_error", "unit": "", "value": 0.00016261141353342124}, {"date": "2021-12-27", "name": "gate_length", "unit": "ns", "value": 35.55555555555556}], "name": "id2"}, {"qubits": [3], "gate": "id", "parameters": [{"date": "2021-12-27", "name": "gate_error", "unit": "", "value": 0.00018706906085319796}, {"date": "2021-12-27", "name": "gate_length", "unit": "ns", "value": 35.55555555555556}], "name": "id3"}, {"qubits": [4], "gate": "id", "parameters": [{"date": "2021-12-27", "name": "gate_error", "unit": "", "value": 0.0002690412703255116}, {"date": "2021-12-27", "name": "gate_length", "unit": "ns", "value": 35.55555555555556}], "name": "id4"}, {"qubits": [5], "gate": "id", "parameters": [{"date": "2021-12-27", "name": "gate_error", "unit": "", "value": 0.00025813394183742334}, {"date": "2021-12-27", "name": "gate_length", "unit": "ns", "value": 35.55555555555556}], "name": "id5"}, {"qubits": [6], "gate": "id", "parameters": [{"date": "2021-12-27", "name": "gate_error", "unit": "", "value": 0.00019270224211899903}, {"date": "2021-12-27", "name": "gate_length", "unit": "ns", "value": 35.55555555555556}], "name": "id6"}, {"qubits": [0], "gate": "rz", "parameters": [{"date": "2021-12-27", "name": "gate_error", "unit": "", "value": 0}, {"date": "2021-12-27", "name": "gate_length", "unit": "ns", "value": 0}], "name": "rz0"}, {"qubits": [1], "gate": "rz", "parameters": [{"date": "2021-12-27", "name": "gate_error", "unit": "", "value": 0}, {"date": "2021-12-27", "name": "gate_length", "unit": "ns", "value": 0}], "name": "rz1"}, {"qubits": [2], "gate": "rz", "parameters": [{"date": "2021-12-27", "name": "gate_error", "unit": "", "value": 0}, {"date": "2021-12-27", "name": "gate_length", "unit": "ns", "value": 0}], "name": "rz2"}, {"qubits": [3], "gate": "rz", "parameters": [{"date": "2021-12-27", "name": "gate_error", "unit": "", "value": 0}, {"date": "2021-12-27", "name": "gate_length", "unit": "ns", "value": 0}], "name": "rz3"}, {"qubits": [4], "gate": "rz", "parameters": [{"date": "2021-12-27", "name": "gate_error", "unit": "", "value": 0}, {"date": "2021-12-27", "name": "gate_length", "unit": "ns", "value": 0}], "name": "rz4"}, {"qubits": [5], "gate": "rz", "parameters": [{"date": "2021-12-27", "name": "gate_error", "unit": "", "value": 0}, {"date": "2021-12-27", "name": "gate_length", "unit": "ns", "value": 0}], "name": "rz5"}, {"qubits": [6], "gate": "rz", "parameters": [{"date": "2021-12-27", "name": "gate_error", "unit": "", "value": 0}, {"date": "2021-12-27", "name": "gate_length", "unit": "ns", "value": 0}], "name": "rz6"}, {"qubits": [0], "gate": "sx", "parameters": [{"date": "2021-12-27", "name": "gate_error", "unit": "", "value": 0.00027066604815676566}, {"date": "2021-12-27", "name": "gate_length", "unit": "ns", "value": 35.55555555555556}], "name": "sx0"}, {"qubits": [1], "gate": "sx", "parameters": [{"date": "2021-12-27", "name": "gate_error", "unit": "", "value": 0.0002602975562728171}, {"date": "2021-12-27", "name": "gate_length", "unit": "ns", "value": 35.55555555555556}], "name": "sx1"}, {"qubits": [2], "gate": "sx", "parameters": [{"date": "2021-12-27", "name": "gate_error", "unit": "", "value": 0.00016261141353342124}, {"date": "2021-12-27", "name": "gate_length", "unit": "ns", "value": 35.55555555555556}], "name": "sx2"}, {"qubits": [3], "gate": "sx", "parameters": [{"date": "2021-12-27", "name": "gate_error", "unit": "", "value": 0.00018706906085319796}, {"date": "2021-12-27", "name": "gate_length", "unit": "ns", "value": 35.55555555555556}], "name": "sx3"}, {"qubits": [4], "gate": "sx", "parameters": [{"date": "2021-12-27", "name": "gate_error", "unit": "", "value": 0.0002690412703255116}, {"date": "2021-12-27", "name": "gate_length", "unit": "ns", "value": 35.55555555555556}], "name": "sx4"}, {"qubits": [5], "gate": "sx", "parameters": [{"date": "2021-12-27", "name": "gate_error", "unit": "", "value": 0.00025813394183742334}, {"date": "2021-12-27", "name": "gate_length", "unit": "ns", "value": 35.55555555555556}], "name": "sx5"}, {"qubits": [6], "gate": "sx", "parameters": [{"date": "2021-12-27", "name": "gate_error", "unit": "", "value": 0.00019270224211899903}, {"date": "2021-12-27", "name": "gate_length", "unit": "ns", "value": 35.55555555555556}], "name": "sx6"}, {"qubits": [0], "gate": "x", "parameters": [{"date": "2021-12-27", "name": "gate_error", "unit": "", "value": 0.00027066604815676566}, {"date": "2021-12-27", "name": "gate_length", "unit": "ns", "value": 35.55555555555556}], "name": "x0"}, {"qubits": [1], "gate": "x", "parameters": [{"date": "2021-12-27", "name": "gate_error", "unit": "", "value": 0.0002602975562728171}, {"date": "2021-12-27", "name": "gate_length", "unit": "ns", "value": 35.55555555555556}], "name": "x1"}, {"qubits": [2], "gate": "x", "parameters": [{"date": "2021-12-27", "name": "gate_error", "unit": "", "value": 0.00016261141353342124}, {"date": "2021-12-27", "name": "gate_length", "unit": "ns", "value": 35.55555555555556}], "name": "x2"}, {"qubits": [3], "gate": "x", "parameters": [{"date": "2021-12-27", "name": "gate_error", "unit": "", "value": 0.00018706906085319796}, {"date": "2021-12-27", "name": "gate_length", "unit": "ns", "value": 35.55555555555556}], "name": "x3"}, {"qubits": [4], "gate": "x", "parameters": [{"date": "2021-12-27", "name": "gate_error", "unit": "", "value": 0.0002690412703255116}, {"date": "2021-12-27", "name": "gate_length", "unit": "ns", "value": 35.55555555555556}], "name": "x4"}, {"qubits": [5], "gate": "x", "parameters": [{"date": "2021-12-27", "name": "gate_error", "unit": "", "value": 0.00025813394183742334}, {"date": "2021-12-27", "name": "gate_length", "unit": "ns", "value": 35.55555555555556}], "name": "x5"}, {"qubits": [6], "gate": "x", "parameters": [{"date": "2021-12-27", "name": "gate_error", "unit": "", "value": 0.00019270224211899903}, {"date": "2021-12-27", "name": "gate_length", "unit": "ns", "value": 35.55555555555556}], "name": "x6"}, {"qubits": [5, 4], "gate": "cx", "parameters": [{"date": "2021-12-27", "name": "gate_error", "unit": "", "value": 0.005670416782996263}, {"date": "2021-12-24", "name": "gate_length", "unit": "ns", "value": 327.1111111111111}], "name": "cx5_4"}, {"qubits": [4, 5], "gate": "cx", "parameters": [{"date": "2021-12-27", "name": "gate_error", "unit": "", "value": 0.005670416782996263}, {"date": "2021-12-24", "name": "gate_length", "unit": "ns", "value": 362.66666666666663}], "name": "cx4_5"}, {"qubits": [3, 1], "gate": "cx", "parameters": [{"date": "2021-12-27", "name": "gate_error", "unit": "", "value": 0.004912648729260755}, {"date": "2021-12-24", "name": "gate_length", "unit": "ns", "value": 298.66666666666663}], "name": "cx3_1"}, {"qubits": [1, 3], "gate": "cx", "parameters": [{"date": "2021-12-27", "name": "gate_error", "unit": "", "value": 0.004912648729260755}, {"date": "2021-12-24", "name": "gate_length", "unit": "ns", "value": 334.22222222222223}], "name": "cx1_3"}, {"qubits": [5, 6], "gate": "cx", "parameters": [{"date": "2021-12-27", "name": "gate_error", "unit": "", "value": 0.006974159786704459}, {"date": "2021-12-24", "name": "gate_length", "unit": "ns", "value": 256}], "name": "cx5_6"}, {"qubits": [6, 5], "gate": "cx", "parameters": [{"date": "2021-12-27", "name": "gate_error", "unit": "", "value": 0.006974159786704459}, {"date": "2021-12-24", "name": "gate_length", "unit": "ns", "value": 291.55555555555554}], "name": "cx6_5"}, {"qubits": [5, 3], "gate": "cx", "parameters": [{"date": "2021-12-27", "name": "gate_error", "unit": "", "value": 0.009718893168008558}, {"date": "2021-12-24", "name": "gate_length", "unit": "ns", "value": 298.66666666666663}], "name": "cx5_3"}, {"qubits": [3, 5], "gate": "cx", "parameters": [{"date": "2021-12-27", "name": "gate_error", "unit": "", "value": 0.009718893168008558}, {"date": "2021-12-24", "name": "gate_length", "unit": "ns", "value": 334.22222222222223}], "name": "cx3_5"}, {"qubits": [2, 1], "gate": "cx", "parameters": [{"date": "2021-12-27", "name": "gate_error", "unit": "", "value": 0.005564844415627185}, {"date": "2021-12-24", "name": "gate_length", "unit": "ns", "value": 291.55555555555554}], "name": "cx2_1"}, {"qubits": [1, 2], "gate": "cx", "parameters": [{"date": "2021-12-27", "name": "gate_error", "unit": "", "value": 0.005564844415627185}, {"date": "2021-12-24", "name": "gate_length", "unit": "ns", "value": 327.1111111111111}], "name": "cx1_2"}, {"qubits": [0, 1], "gate": "cx", "parameters": [{"date": "2021-12-27", "name": "gate_error", "unit": "", "value": 0.00860750241830402}, {"date": "2021-12-24", "name": "gate_length", "unit": "ns", "value": 305.77777777777777}], "name": "cx0_1"}, {"qubits": [1, 0], "gate": "cx", "parameters": [{"date": "2021-12-27", "name": "gate_error", "unit": "", "value": 0.00860750241830402}, {"date": "2021-12-24", "name": "gate_length", "unit": "ns", "value": 341.3333333333333}], "name": "cx1_0"}, {"qubits": [0], "gate": "reset", "parameters": [{"date": "2021-12-27", "name": "gate_length", "unit": "ns", "value": 1002.6666666666666}], "name": "reset0"}, {"qubits": [1], "gate": "reset", "parameters": [{"date": "2021-12-27", "name": "gate_length", "unit": "ns", "value": 1002.6666666666666}], "name": "reset1"}, {"qubits": [2], "gate": "reset", "parameters": [{"date": "2021-12-27", "name": "gate_length", "unit": "ns", "value": 995.5555555555555}], "name": "reset2"}, {"qubits": [3], "gate": "reset", "parameters": [{"date": "2021-12-27", "name": "gate_length", "unit": "ns", "value": 988.4444444444443}], "name": "reset3"}, {"qubits": [4], "gate": "reset", "parameters": [{"date": "2021-12-27", "name": "gate_length", "unit": "ns", "value": 1002.6666666666666}], "name": "reset4"}, {"qubits": [5], "gate": "reset", "parameters": [{"date": "2021-12-27", "name": "gate_length", "unit": "ns", "value": 1002.6666666666666}], "name": "reset5"}, {"qubits": [6], "gate": "reset", "parameters": [{"date": "2021-12-27", "name": "gate_length", "unit": "ns", "value": 988.4444444444443}], "name": "reset6"}], "general": [{"date": "2021-12-27", "name": "jq_01", "unit": "GHz", "value": 0.0017239661070310697}, {"date": "2021-12-27", "name": "zz_01", "unit": "GHz", "value": -4.1551259389276154e-05}, {"date": "2021-12-27", "name": "jq_12", "unit": "GHz", "value": 0.003306427365570105}, {"date": "2021-12-27", "name": "zz_12", "unit": "GHz", "value": -0.00013691896518548322}, {"date": "2021-12-27", "name": "jq_45", "unit": "GHz", "value": 0.0033964931013144256}, {"date": "2021-12-27", "name": "zz_45", "unit": "GHz", "value": -0.00015134337521539932}, {"date": "2021-12-27", "name": "jq_56", "unit": "GHz", "value": 0.0032394441256406383}, {"date": "2021-12-27", "name": "zz_56", "unit": "GHz", "value": -0.0001381127844927418}, {"date": "2021-12-27", "name": "jq_13", "unit": "GHz", "value": 0.003219077603102807}, {"date": "2021-12-27", "name": "zz_13", "unit": "GHz", "value": -0.00013509145307819546}, {"date": "2021-12-27", "name": "jq_35", "unit": "GHz", "value": 0.0023455196332844842}, {"date": "2021-12-27", "name": "zz_35", "unit": "GHz", "value": -9.35336850076191e-05}]}