{"backend_name": "ibm_lagos", "backend_version": "1.0.18", "last_update_date": "2021-12-20", "qubits": [[{"date": "2021-12-20", "name": "T1", "unit": "us", "value": 89.67276903794036}, {"date": "2021-12-20", "name": "T2", "unit": "us", "value": 49.745535614285565}, {"date": "2021-12-20", "name": "frequency", "unit": "GHz", "value": 5.235181159654987}, {"date": "2021-12-20", "name": "anharmonicity", "unit": "GHz", "value": -0.33986713855915607}, {"date": "2021-12-20", "name": "readout_error", "unit": "", "value": 0.015800000000000036}, {"date": "2021-12-20", "name": "prob_meas0_prep1", "unit": "", "value": 0.018}, {"date": "2021-12-20", "name": "prob_meas1_prep0", "unit": "", "value": 0.013599999999999945}, {"date": "2021-12-20", "name": "readout_length", "unit": "ns", "value": 704}], [{"date": "2021-12-20", "name": "T1", "unit": "us", "value": 106.80532458038765}, {"date": "2021-12-20", "name": "T2", "unit": "us", "value": 102.30070225520228}, {"date": "2021-12-20", "name": "frequency", "unit": "GHz", "value": 5.099598025724707}, {"date": "2021-12-20", "name": "anharmonicity", "unit": "GHz", "value": -0.3432484042938357}, {"date": "2021-12-20", "name": "readout_error", "unit": "", "value": 0.008399999999999963}, {"date": "2021-12-20", "name": "prob_meas0_prep1", "unit": "", "value": 0.011}, {"date": "2021-12-20", "name": "prob_meas1_prep0", "unit": "", "value": 0.005800000000000027}, {"date": "2021-12-20", "name": "readout_length", "unit": "ns", "value": 704}], [{"date": "2021-12-20", "name": "T1", "unit": "us", "value": 101.9945673357414}, {"date": "2021-12-20", "name": "T2", "unit": "us", "value": 101.2437824513975}, {"date": "2021-12-20", "name": "frequency", "unit": "GHz", "value": 5.188394076268891}, {"date": "2021-12-20", "name": "anharmonicity", "unit": "GHz", "value": -0.3419316690031256}, {"date": "2021-12-20", "name": "readout_error", "unit": "", "value": 0.006900000000000017}, {"date": "2021-12-20", "name": "prob_meas0_prep1", "unit": "", "value": 0.0086}, {"date": "2021-12-20", "name": "prob_meas1_prep0", "unit": "", "value": 0.005199999999999982}, {"date": "2021-12-20", "name": "readout_length", "unit": "ns", "value": 704}], [{"date": "2021-12-20", "name": "T1", "unit": "us", "value": 135.4412808152589}, {"date": "2021-12-20", "name": "T2", "unit": "us", "value": 143.56140871775895}, {"date": "2021-12-20", "name": "frequency", "unit": "GHz", "value": 4.987468646356188}, {"date": "2021-12-20", "name": "anharmonicity", "unit": "GHz", "value": -0.3452928861203798}, {"date": "2021-12-20", "name": "readout_error", "unit": "", "value": 0.02069999999999994}, {"date": "2021-12-20", "name": "prob_meas0_prep1", "unit": "", "value": 0.027}, {"date": "2021-12-20", "name": "prob_meas1_prep0", "unit": "", "value": 0.014399999999999968}, {"date": "2021-12-20", "name": "readout_length", "unit": "ns", "value": 704}], [{"date": "2021-12-20", "name": "T1", "unit": "us", "value": 136.99513460715633}, {"date": "2021-12-20", "name": "T2", "unit": "us", "value": 53.87007048962985}, {"date": "2021-12-20", "name": "frequency", "unit": "GHz", "value": 5.2853403796910365}, {"date": "2021-12-20", "name": "anharmonicity", "unit": "GHz", "value": -0.3392342674107948}, {"date": "2021-12-20", "name": "readout_error", "unit": "", "value": 0.014599999999999946}, {"date": "2021-12-20", "name": "prob_meas0_prep1", "unit": "", "value": 0.01419999999999999}, {"date": "2021-12-20", "name": "prob_meas1_prep0", "unit": "", "value": 0.015}, {"date": "2021-12-20", "name": "readout_length", "unit": "ns", "value": 704}], [{"date": "2021-12-20", "name": "T1", "unit": "us", "value": 149.72034403802544}, {"date": "2021-12-20", "name": "T2", "unit": "us", "value": 80.1385854394657}, {"date": "2021-12-20", "name": "frequency", "unit": "GHz", "value": 5.176175662505877}, {"date": "2021-12-20", "name": "anharmonicity", "unit": "GHz", "value": -0.34079297245074963}, {"date": "2021-12-20", "name": "readout_error", "unit": "", "value": 0.011299999999999977}, {"date": "2021-12-20", "name": "prob_meas0_prep1", "unit": "", "value": 0.0114}, {"date": "2021-12-20", "name": "prob_meas1_prep0", "unit": "", "value": 0.011199999999999988}, {"date": "2021-12-20", "name": "readout_length", "unit": "ns", "value": 704}], [{"date": "2021-12-20", "name": "T1", "unit": "us", "value": 181.98252134481086}, {"date": "2021-12-20", "name": "T2", "unit": "us", "value": 118.5792551190845}, {"date": "2021-12-20", "name": "frequency", "unit": "GHz", "value": 5.063933219566324}, {"date": "2021-12-20", "name": "anharmonicity", "unit": "GHz", "value": -0.34275836537159754}, {"date": "2021-12-20", "name": "readout_error", "unit": "", "value": 0.008899999999999908}, {"date": "2021-12-20", "name": "prob_meas0_prep1", "unit": "", "value": 0.013399999999999967}, {"date": "2021-12-20", "name": "prob_meas1_prep0", "unit": "", "value": 0.0044}, {"date": "2021-12-20", "name": "readout_length", "unit": "ns", "value": 704}]], "gates": [{"qubits": [0], "gate": "id", "parameters": [{"date": "2021-12-20", "name": "gate_error", "unit": "", "value": 0.00022834922137137629}, {"date": "2021-12-20", "name": "gate_length", "unit": "ns", "value": 35.55555555555556}], "name": "id0"}, {"qubits": [1], "gate": "id", "parameters": [{"date": "2021-12-20", "name": "gate_error", "unit": "", "value": 0.0002380652349444098}, {"date": "2021-12-20", "name": "gate_length", "unit": "ns", "value": 35.55555555555556}], "name": "id1"}, {"qubits": [2], "gate": "id", "parameters": [{"date": "2021-12-20", "name": "gate_error", "unit": "", "value": 0.0001645190727937206}, {"date": "2021-12-20", "name": "gate_length", "unit": "ns", "value": 35.55555555555556}], "name": "id2"}, {"qubits": [3], "gate": "id", "parameters": [{"date": "2021-12-20", "name": "gate_error", "unit": "", "value": 0.0005847575514872725}, {"date": "2021-12-20", "name": "gate_length", "unit": "ns", "value": 35.55555555555556}], "name": "id3"}, {"qubits": [4], "gate": "id", "parameters": [{"date": "2021-12-20", "name": "gate_error", "unit": "", "value": 0.00031458061661746386}, {"date": "2021-12-20", "name": "gate_length", "unit": "ns", "value": 35.55555555555556}], "name": "id4"}, {"qubits": [5], "gate": "id", "parameters": [{"date": "2021-12-20", "name": "gate_error", "unit": "", "value": 0.00027712363380937873}, {"date": "2021-12-20", "name": "gate_length", "unit": "ns", "value": 35.55555555555556}], "name": "id5"}, {"qubits": [6], "gate": "id", "parameters": [{"date": "2021-12-20", "name": "gate_error", "unit": "", "value": 0.00018436668657683427}, {"date": "2021-12-20", "name": "gate_length", "unit": "ns", "value": 35.55555555555556}], "name": "id6"}, {"qubits": [0], "gate": "rz", "parameters": [{"date": "2021-12-20", "name": "gate_error", "unit": "", "value": 0}, {"date": "2021-12-20", "name": "gate_length", "unit": "ns", "value": 0}], "name": "rz0"}, {"qubits": [1], "gate": "rz", "parameters": [{"date": "2021-12-20", "name": "gate_error", "unit": "", "value": 0}, {"date": "2021-12-20", "name": "gate_length", "unit": "ns", "value": 0}], "name": "rz1"}, {"qubits": [2], "gate": "rz", "parameters": [{"date": "2021-12-20", "name": "gate_error", "unit": "", "value": 0}, {"date": "2021-12-20", "name": "gate_length", "unit": "ns", "value": 0}], "name": "rz2"}, {"qubits": [3], "gate": "rz", "parameters": [{"date": "2021-12-20", "name": "gate_error", "unit": "", "value": 0}, {"date": "2021-12-20", "name": "gate_length", "unit": "ns", "value": 0}], "name": "rz3"}, {"qubits": [4], "gate": "rz", "parameters": [{"date": "2021-12-20", "name": "gate_error", "unit": "", "value": 0}, {"date": "2021-12-20", "name": "gate_length", "unit": "ns", "value": 0}], "name": "rz4"}, {"qubits": [5], "gate": "rz", "parameters": [{"date": "2021-12-20", "name": "gate_error", "unit": "", "value": 0}, {"date": "2021-12-20", "name": "gate_length", "unit": "ns", "value": 0}], "name": "rz5"}, {"qubits": [6], "gate": "rz", "parameters": [{"date": "2021-12-20", "name": "gate_error", "unit": "", "value": 0}, {"date": "2021-12-20", "name": "gate_length", "unit": "ns", "value": 0}], "name": "rz6"}, {"qubits": [0], "gate": "sx", "parameters": [{"date": "2021-12-20", "name": "gate_error", "unit": "", "value": 0.00022834922137137629}, {"date": "2021-12-20", "name": "gate_length", "unit": "ns", "value": 35.55555555555556}], "name": "sx0"}, {"qubits": [1], "gate": "sx", "parameters": [{"date": "2021-12-20", "name": "gate_error", "unit": "", "value": 0.0002380652349444098}, {"date": "2021-12-20", "name": "gate_length", "unit": "ns", "value": 35.55555555555556}], "name": "sx1"}, {"qubits": [2], "gate": "sx", "parameters": [{"date": "2021-12-20", "name": "gate_error", "unit": "", "value": 0.0001645190727937206}, {"date": "2021-12-20", "name": "gate_length", "unit": "ns", "value": 35.55555555555556}], "name": "sx2"}, {"qubits": [3], "gate": "sx", "parameters": [{"date": "2021-12-20", "name": "gate_error", "unit": "", "value": 0.0005847575514872725}, {"date": "2021-12-20", "name": "gate_length", "unit": "ns", "value": 35.55555555555556}], "name": "sx3"}, {"qubits": [4], "gate": "sx", "parameters": [{"date": "2021-12-20", "name": "gate_error", "unit": "", "value": 0.00031458061661746386}, {"date": "2021-12-20", "name": "gate_length", "unit": "ns", "value": 35.55555555555556}], "name": "sx4"}, {"qubits": [5], "gate": "sx", "parameters": [{"date": "2021-12-20", "name": "gate_error", "unit": "", "value": 0.00027712363380937873}, {"date": "2021-12-20", "name": "gate_length", "unit": "ns", "value": 35.55555555555556}], "name": "sx5"}, {"qubits": [6], "gate": "sx", "parameters": [{"date": "2021-12-20", "name": "gate_error", "unit": "", "value": 0.00018436668657683427}, {"date": "2021-12-20", "name": "gate_length", "unit": "ns", "value": 35.55555555555556}], "name": "sx6"}, {"qubits": [0], "gate": "x", "parameters": [{"date": "2021-12-20", "name": "gate_error", "unit": "", "value": 0.00022834922137137629}, {"date": "2021-12-20", "name": "gate_length", "unit": "ns", "value": 35.55555555555556}], "name": "x0"}, {"qubits": [1], "gate": "x", "parameters": [{"date": "2021-12-20", "name": "gate_error", "unit": "", "value": 0.0002380652349444098}, {"date": "2021-12-20", "name": "gate_length", "unit": "ns", "value": 35.55555555555556}], "name": "x1"}, {"qubits": [2], "gate": "x", "parameters": [{"date": "2021-12-20", "name": "gate_error", "unit": "", "value": 0.0001645190727937206}, {"date": "2021-12-20", "name": "gate_length", "unit": "ns", "value": 35.55555555555556}], "name": "x2"}, {"qubits": [3], "gate": "x", "parameters": [{"date": "2021-12-20", "name": "gate_error", "unit": "", "value": 0.0005847575514872725}, {"date": "2021-12-20", "name": "gate_length", "unit": "ns", "value": 35.55555555555556}], "name": "x3"}, {"qubits": [4], "gate": "x", "parameters": [{"date": "2021-12-20", "name": "gate_error", "unit": "", "value": 0.00031458061661746386}, {"date": "2021-12-20", "name": "gate_length", "unit": "ns", "value": 35.55555555555556}], "name": "x4"}, {"qubits": [5], "gate": "x", "parameters": [{"date": "2021-12-20", "name": "gate_error", "unit": "", "value": 0.00027712363380937873}, {"date": "2021-12-20", "name": "gate_length", "unit": "ns", "value": 35.55555555555556}], "name": "x5"}, {"qubits": [6], "gate": "x", "parameters": [{"date": "2021-12-20", "name": "gate_error", "unit": "", "value": 0.00018436668657683427}, {"date": "2021-12-20", "name": "gate_length", "unit": "ns", "value": 35.55555555555556}], "name": "x6"}, {"qubits": [5, 4], "gate": "cx", "parameters": [{"date": "2021-12-20", "name": "gate_error", "unit": "", "value": 0.00557935123758363}, {"date": "2021-12-17", "name": "gate_length", "unit": "ns", "value": 327.1111111111111}], "name": "cx5_4"}, {"qubits": [4, 5], "gate": "cx", "parameters": [{"date": "2021-12-20", "name": "gate_error", "unit": "", "value": 0.00557935123758363}, {"date": "2021-12-17", "name": "gate_length", "unit": "ns", "value": 362.66666666666663}], "name": "cx4_5"}, {"qubits": [3, 1], "gate": "cx", "parameters": [{"date": "2021-12-20", "name": "gate_error", "unit": "", "value": 0.006797885822766442}, {"date": "2021-12-17", "name": "gate_length", "unit": "ns", "value": 298.66666666666663}], "name": "cx3_1"}, {"qubits": [1, 3], "gate": "cx", "parameters": [{"date": "2021-12-20", "name": "gate_error", "unit": "", "value": 0.006797885822766442}, {"date": "2021-12-17", "name": "gate_length", "unit": "ns", "value": 334.22222222222223}], "name": "cx1_3"}, {"qubits": [5, 6], "gate": "cx", "parameters": [{"date": "2021-12-20", "name": "gate_error", "unit": "", "value": 0.006198142385212296}, {"date": "2021-12-17", "name": "gate_length", "unit": "ns", "value": 256}], "name": "cx5_6"}, {"qubits": [6, 5], "gate": "cx", "parameters": [{"date": "2021-12-20", "name": "gate_error", "unit": "", "value": 0.006198142385212296}, {"date": "2021-12-17", "name": "gate_length", "unit": "ns", "value": 291.55555555555554}], "name": "cx6_5"}, {"qubits": [5, 3], "gate": "cx", "parameters": [{"date": "2021-12-20", "name": "gate_error", "unit": "", "value": 0.013669291256075161}, {"date": "2021-12-17", "name": "gate_length", "unit": "ns", "value": 298.66666666666663}], "name": "cx5_3"}, {"qubits": [3, 5], "gate": "cx", "parameters": [{"date": "2021-12-20", "name": "gate_error", "unit": "", "value": 0.013669291256075161}, {"date": "2021-12-17", "name": "gate_length", "unit": "ns", "value": 334.22222222222223}], "name": "cx3_5"}, {"qubits": [2, 1], "gate": "cx", "parameters": [{"date": "2021-12-20", "name": "gate_error", "unit": "", "value": 0.006030089224101226}, {"date": "2021-12-17", "name": "gate_length", "unit": "ns", "value": 291.55555555555554}], "name": "cx2_1"}, {"qubits": [1, 2], "gate": "cx", "parameters": [{"date": "2021-12-20", "name": "gate_error", "unit": "", "value": 0.006030089224101226}, {"date": "2021-12-17", "name": "gate_length", "unit": "ns", "value": 327.1111111111111}], "name": "cx1_2"}, {"qubits": [0, 1], "gate": "cx", "parameters": [{"date": "2021-12-20", "name": "gate_error", "unit": "", "value": 0.008839127442588246}, {"date": "2021-12-17", "name": "gate_length", "unit": "ns", "value": 305.77777777777777}], "name": "cx0_1"}, {"qubits": [1, 0], "gate": "cx", "parameters": [{"date": "2021-12-20", "name": "gate_error", "unit": "", "value": 0.008839127442588246}, {"date": "2021-12-17", "name": "gate_length", "unit": "ns", "value": 341.3333333333333}], "name": "cx1_0"}, {"qubits": [0], "gate": "reset", "parameters": [{"date": "2021-12-20", "name": "gate_length", "unit": "ns", "value": 1002.6666666666666}], "name": "reset0"}, {"qubits": [1], "gate": "reset", "parameters": [{"date": "2021-12-20", "name": "gate_length", "unit": "ns", "value": 1002.6666666666666}], "name": "reset1"}, {"qubits": [2], "gate": "reset", "parameters": [{"date": "2021-12-20", "name": "gate_length", "unit": "ns", "value": 995.5555555555555}], "name": "reset2"}, {"qubits": [3], "gate": "reset", "parameters": [{"date": "2021-12-20", "name": "gate_length", "unit": "ns", "value": 988.4444444444443}], "name": "reset3"}, {"qubits": [4], "gate": "reset", "parameters": [{"date": "2021-12-20", "name": "gate_length", "unit": "ns", "value": 1002.6666666666666}], "name": "reset4"}, {"qubits": [5], "gate": "reset", "parameters": [{"date": "2021-12-20", "name": "gate_length", "unit": "ns", "value": 1002.6666666666666}], "name": "reset5"}, {"qubits": [6], "gate": "reset", "parameters": [{"date": "2021-12-20", "name": "gate_length", "unit": "ns", "value": 988.4444444444443}], "name": "reset6"}], "general": [{"date": "2021-12-20", "name": "jq_01", "unit": "GHz", "value": 0.0017239661070310697}, {"date": "2021-12-20", "name": "zz_01", "unit": "GHz", "value": -4.1551259389276154e-05}, {"date": "2021-12-20", "name": "jq_12", "unit": "GHz", "value": 0.003306427365570105}, {"date": "2021-12-20", "name": "zz_12", "unit": "GHz", "value": -0.00013691896518548322}, {"date": "2021-12-20", "name": "jq_45", "unit": "GHz", "value": 0.0033964931013144256}, {"date": "2021-12-20", "name": "zz_45", "unit": "GHz", "value": -0.00015134337521539932}, {"date": "2021-12-20", "name": "jq_56", "unit": "GHz", "value": 0.0032394441256406383}, {"date": "2021-12-20", "name": "zz_56", "unit": "GHz", "value": -0.0001381127844927418}, {"date": "2021-12-20", "name": "jq_13", "unit": "GHz", "value": 0.003219077603102807}, {"date": "2021-12-20", "name": "zz_13", "unit": "GHz", "value": -0.00013509145307819546}, {"date": "2021-12-20", "name": "jq_35", "unit": "GHz", "value": 0.0023455196332844842}, {"date": "2021-12-20", "name": "zz_35", "unit": "GHz", "value": -9.35336850076191e-05}]}