{"backend_name": "ibm_lagos", "backend_version": "1.0.2", "last_update_date": "2021-8-18", "qubits": [[{"date": "2021-8-18", "name": "T1", "unit": "us", "value": 75.13112383645789}, {"date": "2021-8-17", "name": "T2", "unit": "us", "value": 44.576187092005746}, {"date": "2021-8-18", "name": "frequency", "unit": "GHz", "value": 5.235637410909377}, {"date": "2021-8-18", "name": "anharmonicity", "unit": "GHz", "value": -0.33986713855915607}, {"date": "2021-8-18", "name": "readout_error", "unit": "", "value": 0.1896}, {"date": "2021-8-18", "name": "prob_meas0_prep1", "unit": "", "value": 0.3356}, {"date": "2021-8-18", "name": "prob_meas1_prep0", "unit": "", "value": 0.0436}, {"date": "2021-8-18", "name": "readout_length", "unit": "ns", "value": 704}], [{"date": "2021-8-18", "name": "T1", "unit": "us", "value": 81.05401080658449}, {"date": "2021-8-18", "name": "T2", "unit": "us", "value": 123.48277121807534}, {"date": "2021-8-18", "name": "frequency", "unit": "GHz", "value": 5.099404599781664}, {"date": "2021-8-18", "name": "anharmonicity", "unit": "GHz", "value": -0.3432484042938357}, {"date": "2021-8-18", "name": "readout_error", "unit": "", "value": 0.018399999999999972}, {"date": "2021-8-18", "name": "prob_meas0_prep1", "unit": "", "value": 0.0284}, {"date": "2021-8-18", "name": "prob_meas1_prep0", "unit": "", "value": 0.008399999999999963}, {"date": "2021-8-18", "name": "readout_length", "unit": "ns", "value": 704}], [{"date": "2021-8-18", "name": "T1", "unit": "us", "value": 107.10280676164618}, {"date": "2021-8-18", "name": "T2", "unit": "us", "value": 98.82523561760257}, {"date": "2021-8-18", "name": "frequency", "unit": "GHz", "value": 5.187875124133663}, {"date": "2021-8-18", "name": "anharmonicity", "unit": "GHz", "value": -0.3419316690031256}, {"date": "2021-8-18", "name": "readout_error", "unit": "", "value": 0.006000000000000005}, {"date": "2021-8-18", "name": "prob_meas0_prep1", "unit": "", "value": 0.0064}, {"date": "2021-8-18", "name": "prob_meas1_prep0", "unit": "", "value": 0.005600000000000049}, {"date": "2021-8-18", "name": "readout_length", "unit": "ns", "value": 704}], [{"date": "2021-8-18", "name": "T1", "unit": "us", "value": 119.38225819160641}, {"date": "2021-8-18", "name": "T2", "unit": "us", "value": 85.3929715183623}, {"date": "2021-8-18", "name": "frequency", "unit": "GHz", "value": 4.986852351497402}, {"date": "2021-8-18", "name": "anharmonicity", "unit": "GHz", "value": -0.3452928861203798}, {"date": "2021-8-18", "name": "readout_error", "unit": "", "value": 0.005600000000000049}, {"date": "2021-8-18", "name": "prob_meas0_prep1", "unit": "", "value": 0.0064}, {"date": "2021-8-18", "name": "prob_meas1_prep0", "unit": "", "value": 0.0048000000000000265}, {"date": "2021-8-18", "name": "readout_length", "unit": "ns", "value": 704}], [{"date": "2021-8-18", "name": "T1", "unit": "us", "value": 116.14891999306343}, {"date": "2021-8-18", "name": "T2", "unit": "us", "value": 24.78243911212602}, {"date": "2021-8-18", "name": "frequency", "unit": "GHz", "value": 5.285338107934414}, {"date": "2021-8-18", "name": "anharmonicity", "unit": "GHz", "value": -0.3392342674107948}, {"date": "2021-8-18", "name": "readout_error", "unit": "", "value": 0.009700000000000042}, {"date": "2021-8-18", "name": "prob_meas0_prep1", "unit": "", "value": 0.010199999999999987}, {"date": "2021-8-18", "name": "prob_meas1_prep0", "unit": "", "value": 0.0092}, {"date": "2021-8-18", "name": "readout_length", "unit": "ns", "value": 704}], [{"date": "2021-8-18", "name": "T1", "unit": "us", "value": 88.79070474247523}, {"date": "2021-8-18", "name": "T2", "unit": "us", "value": 72.86326121995845}, {"date": "2021-8-18", "name": "frequency", "unit": "GHz", "value": 5.1768571012808575}, {"date": "2021-8-18", "name": "anharmonicity", "unit": "GHz", "value": -0.34079297245074963}, {"date": "2021-8-18", "name": "readout_error", "unit": "", "value": 0.011300000000000088}, {"date": "2021-8-18", "name": "prob_meas0_prep1", "unit": "", "value": 0.0106}, {"date": "2021-8-18", "name": "prob_meas1_prep0", "unit": "", "value": 0.01200000000000001}, {"date": "2021-8-18", "name": "readout_length", "unit": "ns", "value": 704}], [{"date": "2021-8-18", "name": "T1", "unit": "us", "value": 149.63709445562816}, {"date": "2021-8-18", "name": "T2", "unit": "us", "value": 120.9144123109965}, {"date": "2021-8-18", "name": "frequency", "unit": "GHz", "value": 5.064105704573067}, {"date": "2021-8-18", "name": "anharmonicity", "unit": "GHz", "value": -0.34275836537159754}, {"date": "2021-8-18", "name": "readout_error", "unit": "", "value": 0.007399999999999962}, {"date": "2021-8-18", "name": "prob_meas0_prep1", "unit": "", "value": 0.0104}, {"date": "2021-8-18", "name": "prob_meas1_prep0", "unit": "", "value": 0.0043999999999999595}, {"date": "2021-8-18", "name": "readout_length", "unit": "ns", "value": 704}]], "gates": [{"qubits": [0], "gate": "id", "parameters": [{"date": "2021-8-18", "name": "gate_error", "unit": "", "value": 0.06049880244179489}, {"date": "2021-8-18", "name": "gate_length", "unit": "ns", "value": 35.55555555555556}], "name": "id0"}, {"qubits": [1], "gate": "id", "parameters": [{"date": "2021-8-18", "name": "gate_error", "unit": "", "value": 0.0005992643372644677}, {"date": "2021-8-18", "name": "gate_length", "unit": "ns", "value": 35.55555555555556}], "name": "id1"}, {"qubits": [2], "gate": "id", "parameters": [{"date": "2021-8-18", "name": "gate_error", "unit": "", "value": 0.00018818205400164282}, {"date": "2021-8-18", "name": "gate_length", "unit": "ns", "value": 35.55555555555556}], "name": "id2"}, {"qubits": [3], "gate": "id", "parameters": [{"date": "2021-8-18", "name": "gate_error", "unit": "", "value": 0.00013917432327939446}, {"date": "2021-8-18", "name": "gate_length", "unit": "ns", "value": 35.55555555555556}], "name": "id3"}, {"qubits": [4], "gate": "id", "parameters": [{"date": "2021-8-18", "name": "gate_error", "unit": "", "value": 0.00033721917774093345}, {"date": "2021-8-18", "name": "gate_length", "unit": "ns", "value": 35.55555555555556}], "name": "id4"}, {"qubits": [5], "gate": "id", "parameters": [{"date": "2021-8-18", "name": "gate_error", "unit": "", "value": 0.0001528012929039775}, {"date": "2021-8-18", "name": "gate_length", "unit": "ns", "value": 35.55555555555556}], "name": "id5"}, {"qubits": [6], "gate": "id", "parameters": [{"date": "2021-8-18", "name": "gate_error", "unit": "", "value": 0.00024333960258992573}, {"date": "2021-8-18", "name": "gate_length", "unit": "ns", "value": 35.55555555555556}], "name": "id6"}, {"qubits": [0], "gate": "rz", "parameters": [{"date": "2021-8-18", "name": "gate_error", "unit": "", "value": 0}, {"date": "2021-8-18", "name": "gate_length", "unit": "ns", "value": 0}], "name": "rz0"}, {"qubits": [1], "gate": "rz", "parameters": [{"date": "2021-8-18", "name": "gate_error", "unit": "", "value": 0}, {"date": "2021-8-18", "name": "gate_length", "unit": "ns", "value": 0}], "name": "rz1"}, {"qubits": [2], "gate": "rz", "parameters": [{"date": "2021-8-18", "name": "gate_error", "unit": "", "value": 0}, {"date": "2021-8-18", "name": "gate_length", "unit": "ns", "value": 0}], "name": "rz2"}, {"qubits": [3], "gate": "rz", "parameters": [{"date": "2021-8-18", "name": "gate_error", "unit": "", "value": 0}, {"date": "2021-8-18", "name": "gate_length", "unit": "ns", "value": 0}], "name": "rz3"}, {"qubits": [4], "gate": "rz", "parameters": [{"date": "2021-8-18", "name": "gate_error", "unit": "", "value": 0}, {"date": "2021-8-18", "name": "gate_length", "unit": "ns", "value": 0}], "name": "rz4"}, {"qubits": [5], "gate": "rz", "parameters": [{"date": "2021-8-18", "name": "gate_error", "unit": "", "value": 0}, {"date": "2021-8-18", "name": "gate_length", "unit": "ns", "value": 0}], "name": "rz5"}, {"qubits": [6], "gate": "rz", "parameters": [{"date": "2021-8-18", "name": "gate_error", "unit": "", "value": 0}, {"date": "2021-8-18", "name": "gate_length", "unit": "ns", "value": 0}], "name": "rz6"}, {"qubits": [0], "gate": "sx", "parameters": [{"date": "2021-8-18", "name": "gate_error", "unit": "", "value": 0.06049880244179489}, {"date": "2021-8-18", "name": "gate_length", "unit": "ns", "value": 35.55555555555556}], "name": "sx0"}, {"qubits": [1], "gate": "sx", "parameters": [{"date": "2021-8-18", "name": "gate_error", "unit": "", "value": 0.0005992643372644677}, {"date": "2021-8-18", "name": "gate_length", "unit": "ns", "value": 35.55555555555556}], "name": "sx1"}, {"qubits": [2], "gate": "sx", "parameters": [{"date": "2021-8-18", "name": "gate_error", "unit": "", "value": 0.00018818205400164282}, {"date": "2021-8-18", "name": "gate_length", "unit": "ns", "value": 35.55555555555556}], "name": "sx2"}, {"qubits": [3], "gate": "sx", "parameters": [{"date": "2021-8-18", "name": "gate_error", "unit": "", "value": 0.00013917432327939446}, {"date": "2021-8-18", "name": "gate_length", "unit": "ns", "value": 35.55555555555556}], "name": "sx3"}, {"qubits": [4], "gate": "sx", "parameters": [{"date": "2021-8-18", "name": "gate_error", "unit": "", "value": 0.00033721917774093345}, {"date": "2021-8-18", "name": "gate_length", "unit": "ns", "value": 35.55555555555556}], "name": "sx4"}, {"qubits": [5], "gate": "sx", "parameters": [{"date": "2021-8-18", "name": "gate_error", "unit": "", "value": 0.0001528012929039775}, {"date": "2021-8-18", "name": "gate_length", "unit": "ns", "value": 35.55555555555556}], "name": "sx5"}, {"qubits": [6], "gate": "sx", "parameters": [{"date": "2021-8-18", "name": "gate_error", "unit": "", "value": 0.00024333960258992573}, {"date": "2021-8-18", "name": "gate_length", "unit": "ns", "value": 35.55555555555556}], "name": "sx6"}, {"qubits": [0], "gate": "x", "parameters": [{"date": "2021-8-18", "name": "gate_error", "unit": "", "value": 0.06049880244179489}, {"date": "2021-8-18", "name": "gate_length", "unit": "ns", "value": 35.55555555555556}], "name": "x0"}, {"qubits": [1], "gate": "x", "parameters": [{"date": "2021-8-18", "name": "gate_error", "unit": "", "value": 0.0005992643372644677}, {"date": "2021-8-18", "name": "gate_length", "unit": "ns", "value": 35.55555555555556}], "name": "x1"}, {"qubits": [2], "gate": "x", "parameters": [{"date": "2021-8-18", "name": "gate_error", "unit": "", "value": 0.00018818205400164282}, {"date": "2021-8-18", "name": "gate_length", "unit": "ns", "value": 35.55555555555556}], "name": "x2"}, {"qubits": [3], "gate": "x", "parameters": [{"date": "2021-8-18", "name": "gate_error", "unit": "", "value": 0.00013917432327939446}, {"date": "2021-8-18", "name": "gate_length", "unit": "ns", "value": 35.55555555555556}], "name": "x3"}, {"qubits": [4], "gate": "x", "parameters": [{"date": "2021-8-18", "name": "gate_error", "unit": "", "value": 0.00033721917774093345}, {"date": "2021-8-18", "name": "gate_length", "unit": "ns", "value": 35.55555555555556}], "name": "x4"}, {"qubits": [5], "gate": "x", "parameters": [{"date": "2021-8-18", "name": "gate_error", "unit": "", "value": 0.0001528012929039775}, {"date": "2021-8-18", "name": "gate_length", "unit": "ns", "value": 35.55555555555556}], "name": "x5"}, {"qubits": [6], "gate": "x", "parameters": [{"date": "2021-8-18", "name": "gate_error", "unit": "", "value": 0.00024333960258992573}, {"date": "2021-8-18", "name": "gate_length", "unit": "ns", "value": 35.55555555555556}], "name": "x6"}, {"qubits": [5, 4], "gate": "cx", "parameters": [{"date": "2021-8-18", "name": "gate_error", "unit": "", "value": 0.006206131167024981}, {"date": "2021-8-15", "name": "gate_length", "unit": "ns", "value": 327.1111111111111}], "name": "cx5_4"}, {"qubits": [4, 5], "gate": "cx", "parameters": [{"date": "2021-8-18", "name": "gate_error", "unit": "", "value": 0.006206131167024981}, {"date": "2021-8-15", "name": "gate_length", "unit": "ns", "value": 362.66666666666663}], "name": "cx4_5"}, {"qubits": [3, 1], "gate": "cx", "parameters": [{"date": "2021-8-18", "name": "gate_error", "unit": "", "value": 0.01260988834737417}, {"date": "2021-8-15", "name": "gate_length", "unit": "ns", "value": 298.66666666666663}], "name": "cx3_1"}, {"qubits": [1, 3], "gate": "cx", "parameters": [{"date": "2021-8-18", "name": "gate_error", "unit": "", "value": 0.01260988834737417}, {"date": "2021-8-15", "name": "gate_length", "unit": "ns", "value": 334.22222222222223}], "name": "cx1_3"}, {"qubits": [5, 6], "gate": "cx", "parameters": [{"date": "2021-8-18", "name": "gate_error", "unit": "", "value": 0.0039011755151510397}, {"date": "2021-8-15", "name": "gate_length", "unit": "ns", "value": 256}], "name": "cx5_6"}, {"qubits": [6, 5], "gate": "cx", "parameters": [{"date": "2021-8-18", "name": "gate_error", "unit": "", "value": 0.0039011755151510397}, {"date": "2021-8-15", "name": "gate_length", "unit": "ns", "value": 291.55555555555554}], "name": "cx6_5"}, {"qubits": [5, 3], "gate": "cx", "parameters": [{"date": "2021-8-18", "name": "gate_error", "unit": "", "value": 0.004323933339088565}, {"date": "2021-8-15", "name": "gate_length", "unit": "ns", "value": 298.66666666666663}], "name": "cx5_3"}, {"qubits": [3, 5], "gate": "cx", "parameters": [{"date": "2021-8-18", "name": "gate_error", "unit": "", "value": 0.004323933339088565}, {"date": "2021-8-15", "name": "gate_length", "unit": "ns", "value": 334.22222222222223}], "name": "cx3_5"}, {"qubits": [2, 1], "gate": "cx", "parameters": [{"date": "2021-8-18", "name": "gate_error", "unit": "", "value": 0.010249159509681943}, {"date": "2021-8-15", "name": "gate_length", "unit": "ns", "value": 291.55555555555554}], "name": "cx2_1"}, {"qubits": [1, 2], "gate": "cx", "parameters": [{"date": "2021-8-18", "name": "gate_error", "unit": "", "value": 0.010249159509681943}, {"date": "2021-8-15", "name": "gate_length", "unit": "ns", "value": 327.1111111111111}], "name": "cx1_2"}, {"qubits": [0, 1], "gate": "cx", "parameters": [{"date": "2021-8-17", "name": "gate_error", "unit": "", "value": 0.02595171900713175}, {"date": "2021-8-15", "name": "gate_length", "unit": "ns", "value": 305.77777777777777}], "name": "cx0_1"}, {"qubits": [1, 0], "gate": "cx", "parameters": [{"date": "2021-8-17", "name": "gate_error", "unit": "", "value": 0.02595171900713175}, {"date": "2021-8-15", "name": "gate_length", "unit": "ns", "value": 341.3333333333333}], "name": "cx1_0"}, {"qubits": [0], "gate": "reset", "parameters": [{"date": "2021-8-18", "name": "gate_length", "unit": "ns", "value": 1002.6666666666666}], "name": "reset0"}, {"qubits": [1], "gate": "reset", "parameters": [{"date": "2021-8-18", "name": "gate_length", "unit": "ns", "value": 1002.6666666666666}], "name": "reset1"}, {"qubits": [2], "gate": "reset", "parameters": [{"date": "2021-8-18", "name": "gate_length", "unit": "ns", "value": 995.5555555555555}], "name": "reset2"}, {"qubits": [3], "gate": "reset", "parameters": [{"date": "2021-8-18", "name": "gate_length", "unit": "ns", "value": 988.4444444444443}], "name": "reset3"}, {"qubits": [4], "gate": "reset", "parameters": [{"date": "2021-8-18", "name": "gate_length", "unit": "ns", "value": 1002.6666666666666}], "name": "reset4"}, {"qubits": [5], "gate": "reset", "parameters": [{"date": "2021-8-18", "name": "gate_length", "unit": "ns", "value": 1002.6666666666666}], "name": "reset5"}, {"qubits": [6], "gate": "reset", "parameters": [{"date": "2021-8-18", "name": "gate_length", "unit": "ns", "value": 988.4444444444443}], "name": "reset6"}], "general": [{"date": "2021-8-18", "name": "jq_01", "unit": "GHz", "value": 0.0017239661070310697}, {"date": "2021-8-18", "name": "zz_01", "unit": "GHz", "value": -4.1551259389276154e-05}, {"date": "2021-8-18", "name": "jq_12", "unit": "GHz", "value": 0.003306427365570105}, {"date": "2021-8-18", "name": "zz_12", "unit": "GHz", "value": -0.00013691896518548322}, {"date": "2021-8-18", "name": "jq_45", "unit": "GHz", "value": 0.0033964931013144256}, {"date": "2021-8-18", "name": "zz_45", "unit": "GHz", "value": -0.00015134337521539932}, {"date": "2021-8-18", "name": "jq_56", "unit": "GHz", "value": 0.0032394441256406383}, {"date": "2021-8-18", "name": "zz_56", "unit": "GHz", "value": -0.0001381127844927418}, {"date": "2021-8-18", "name": "jq_13", "unit": "GHz", "value": 0.003219077603102807}, {"date": "2021-8-18", "name": "zz_13", "unit": "GHz", "value": -0.00013509145307819546}, {"date": "2021-8-18", "name": "jq_35", "unit": "GHz", "value": 0.0023455196332844842}, {"date": "2021-8-18", "name": "zz_35", "unit": "GHz", "value": -9.35336850076191e-05}]}