{"backend_name": "ibm_lagos", "backend_version": "1.0.8", "last_update_date": "2021-10-24", "qubits": [[{"date": "2021-10-24", "name": "T1", "unit": "us", "value": 97.74482121919945}, {"date": "2021-10-24", "name": "T2", "unit": "us", "value": 26.119596156432067}, {"date": "2021-10-24", "name": "frequency", "unit": "GHz", "value": 5.2354538978161385}, {"date": "2021-10-24", "name": "anharmonicity", "unit": "GHz", "value": -0.33986713855915607}, {"date": "2021-10-24", "name": "readout_error", "unit": "", "value": 0.009700000000000042}, {"date": "2021-10-24", "name": "prob_meas0_prep1", "unit": "", "value": 0.0144}, {"date": "2021-10-24", "name": "prob_meas1_prep0", "unit": "", "value": 0.0050000000000000044}, {"date": "2021-10-24", "name": "readout_length", "unit": "ns", "value": 704}], [{"date": "2021-10-24", "name": "T1", "unit": "us", "value": 103.09360165095445}, {"date": "2021-10-24", "name": "T2", "unit": "us", "value": 79.62186262097993}, {"date": "2021-10-24", "name": "frequency", "unit": "GHz", "value": 5.09941228882486}, {"date": "2021-10-24", "name": "anharmonicity", "unit": "GHz", "value": -0.3432484042938357}, {"date": "2021-10-24", "name": "readout_error", "unit": "", "value": 0.015599999999999947}, {"date": "2021-10-24", "name": "prob_meas0_prep1", "unit": "", "value": 0.0186}, {"date": "2021-10-24", "name": "prob_meas1_prep0", "unit": "", "value": 0.012599999999999945}, {"date": "2021-10-24", "name": "readout_length", "unit": "ns", "value": 704}], [{"date": "2021-10-24", "name": "T1", "unit": "us", "value": 130.13228534740335}, {"date": "2021-10-24", "name": "T2", "unit": "us", "value": 60.11764002342412}, {"date": "2021-10-24", "name": "frequency", "unit": "GHz", "value": 5.187913102767354}, {"date": "2021-10-24", "name": "anharmonicity", "unit": "GHz", "value": -0.3419316690031256}, {"date": "2021-10-24", "name": "readout_error", "unit": "", "value": 0.026000000000000023}, {"date": "2021-10-24", "name": "prob_meas0_prep1", "unit": "", "value": 0.0164}, {"date": "2021-10-24", "name": "prob_meas1_prep0", "unit": "", "value": 0.035599999999999965}, {"date": "2021-10-24", "name": "readout_length", "unit": "ns", "value": 704}], [{"date": "2021-10-24", "name": "T1", "unit": "us", "value": 185.25911544000644}, {"date": "2021-10-24", "name": "T2", "unit": "us", "value": 107.16970859394937}, {"date": "2021-10-24", "name": "frequency", "unit": "GHz", "value": 4.986872573219405}, {"date": "2021-10-24", "name": "anharmonicity", "unit": "GHz", "value": -0.3452928861203798}, {"date": "2021-10-24", "name": "readout_error", "unit": "", "value": 0.011500000000000066}, {"date": "2021-10-24", "name": "prob_meas0_prep1", "unit": "", "value": 0.0138}, {"date": "2021-10-24", "name": "prob_meas1_prep0", "unit": "", "value": 0.009199999999999986}, {"date": "2021-10-24", "name": "readout_length", "unit": "ns", "value": 704}], [{"date": "2021-10-24", "name": "T1", "unit": "us", "value": 126.30532699280155}, {"date": "2021-10-24", "name": "T2", "unit": "us", "value": 29.509580350569387}, {"date": "2021-10-24", "name": "frequency", "unit": "GHz", "value": 5.28533433207423}, {"date": "2021-10-24", "name": "anharmonicity", "unit": "GHz", "value": -0.3392342674107948}, {"date": "2021-10-24", "name": "readout_error", "unit": "", "value": 0.00770000000000004}, {"date": "2021-10-24", "name": "prob_meas0_prep1", "unit": "", "value": 0.008399999999999963}, {"date": "2021-10-24", "name": "prob_meas1_prep0", "unit": "", "value": 0.007}, {"date": "2021-10-24", "name": "readout_length", "unit": "ns", "value": 704}], [{"date": "2021-10-24", "name": "T1", "unit": "us", "value": 126.65607518712596}, {"date": "2021-10-24", "name": "T2", "unit": "us", "value": 91.29434865904572}, {"date": "2021-10-24", "name": "frequency", "unit": "GHz", "value": 5.176825752978339}, {"date": "2021-10-24", "name": "anharmonicity", "unit": "GHz", "value": -0.34079297245074963}, {"date": "2021-10-24", "name": "readout_error", "unit": "", "value": 0.01429999999999998}, {"date": "2021-10-24", "name": "prob_meas0_prep1", "unit": "", "value": 0.0162}, {"date": "2021-10-24", "name": "prob_meas1_prep0", "unit": "", "value": 0.012399999999999967}, {"date": "2021-10-24", "name": "readout_length", "unit": "ns", "value": 704}], [{"date": "2021-10-24", "name": "T1", "unit": "us", "value": 173.28685214567565}, {"date": "2021-10-24", "name": "T2", "unit": "us", "value": 128.84359852099672}, {"date": "2021-10-24", "name": "frequency", "unit": "GHz", "value": 5.06409101252611}, {"date": "2021-10-24", "name": "anharmonicity", "unit": "GHz", "value": -0.34275836537159754}, {"date": "2021-10-24", "name": "readout_error", "unit": "", "value": 0.006699999999999928}, {"date": "2021-10-24", "name": "prob_meas0_prep1", "unit": "", "value": 0.0094}, {"date": "2021-10-24", "name": "prob_meas1_prep0", "unit": "", "value": 0.0040000000000000036}, {"date": "2021-10-24", "name": "readout_length", "unit": "ns", "value": 704}]], "gates": [{"qubits": [0], "gate": "id", "parameters": [{"date": "2021-10-24", "name": "gate_error", "unit": "", "value": 0.0003004690840114719}, {"date": "2021-10-24", "name": "gate_length", "unit": "ns", "value": 35.55555555555556}], "name": "id0"}, {"qubits": [1], "gate": "id", "parameters": [{"date": "2021-10-24", "name": "gate_error", "unit": "", "value": 0.00043923073240877987}, {"date": "2021-10-24", "name": "gate_length", "unit": "ns", "value": 35.55555555555556}], "name": "id1"}, {"qubits": [2], "gate": "id", "parameters": [{"date": "2021-10-24", "name": "gate_error", "unit": "", "value": 0.00024045305952574415}, {"date": "2021-10-24", "name": "gate_length", "unit": "ns", "value": 35.55555555555556}], "name": "id2"}, {"qubits": [3], "gate": "id", "parameters": [{"date": "2021-10-24", "name": "gate_error", "unit": "", "value": 0.00020147954519318803}, {"date": "2021-10-24", "name": "gate_length", "unit": "ns", "value": 35.55555555555556}], "name": "id3"}, {"qubits": [4], "gate": "id", "parameters": [{"date": "2021-10-24", "name": "gate_error", "unit": "", "value": 0.00022704878421637262}, {"date": "2021-10-24", "name": "gate_length", "unit": "ns", "value": 35.55555555555556}], "name": "id4"}, {"qubits": [5], "gate": "id", "parameters": [{"date": "2021-10-24", "name": "gate_error", "unit": "", "value": 0.00022087675478829776}, {"date": "2021-10-24", "name": "gate_length", "unit": "ns", "value": 35.55555555555556}], "name": "id5"}, {"qubits": [6], "gate": "id", "parameters": [{"date": "2021-10-24", "name": "gate_error", "unit": "", "value": 0.0003198164050485165}, {"date": "2021-10-24", "name": "gate_length", "unit": "ns", "value": 35.55555555555556}], "name": "id6"}, {"qubits": [0], "gate": "rz", "parameters": [{"date": "2021-10-24", "name": "gate_error", "unit": "", "value": 0}, {"date": "2021-10-24", "name": "gate_length", "unit": "ns", "value": 0}], "name": "rz0"}, {"qubits": [1], "gate": "rz", "parameters": [{"date": "2021-10-24", "name": "gate_error", "unit": "", "value": 0}, {"date": "2021-10-24", "name": "gate_length", "unit": "ns", "value": 0}], "name": "rz1"}, {"qubits": [2], "gate": "rz", "parameters": [{"date": "2021-10-24", "name": "gate_error", "unit": "", "value": 0}, {"date": "2021-10-24", "name": "gate_length", "unit": "ns", "value": 0}], "name": "rz2"}, {"qubits": [3], "gate": "rz", "parameters": [{"date": "2021-10-24", "name": "gate_error", "unit": "", "value": 0}, {"date": "2021-10-24", "name": "gate_length", "unit": "ns", "value": 0}], "name": "rz3"}, {"qubits": [4], "gate": "rz", "parameters": [{"date": "2021-10-24", "name": "gate_error", "unit": "", "value": 0}, {"date": "2021-10-24", "name": "gate_length", "unit": "ns", "value": 0}], "name": "rz4"}, {"qubits": [5], "gate": "rz", "parameters": [{"date": "2021-10-24", "name": "gate_error", "unit": "", "value": 0}, {"date": "2021-10-24", "name": "gate_length", "unit": "ns", "value": 0}], "name": "rz5"}, {"qubits": [6], "gate": "rz", "parameters": [{"date": "2021-10-24", "name": "gate_error", "unit": "", "value": 0}, {"date": "2021-10-24", "name": "gate_length", "unit": "ns", "value": 0}], "name": "rz6"}, {"qubits": [0], "gate": "sx", "parameters": [{"date": "2021-10-24", "name": "gate_error", "unit": "", "value": 0.0003004690840114719}, {"date": "2021-10-24", "name": "gate_length", "unit": "ns", "value": 35.55555555555556}], "name": "sx0"}, {"qubits": [1], "gate": "sx", "parameters": [{"date": "2021-10-24", "name": "gate_error", "unit": "", "value": 0.00043923073240877987}, {"date": "2021-10-24", "name": "gate_length", "unit": "ns", "value": 35.55555555555556}], "name": "sx1"}, {"qubits": [2], "gate": "sx", "parameters": [{"date": "2021-10-24", "name": "gate_error", "unit": "", "value": 0.00024045305952574415}, {"date": "2021-10-24", "name": "gate_length", "unit": "ns", "value": 35.55555555555556}], "name": "sx2"}, {"qubits": [3], "gate": "sx", "parameters": [{"date": "2021-10-24", "name": "gate_error", "unit": "", "value": 0.00020147954519318803}, {"date": "2021-10-24", "name": "gate_length", "unit": "ns", "value": 35.55555555555556}], "name": "sx3"}, {"qubits": [4], "gate": "sx", "parameters": [{"date": "2021-10-24", "name": "gate_error", "unit": "", "value": 0.00022704878421637262}, {"date": "2021-10-24", "name": "gate_length", "unit": "ns", "value": 35.55555555555556}], "name": "sx4"}, {"qubits": [5], "gate": "sx", "parameters": [{"date": "2021-10-24", "name": "gate_error", "unit": "", "value": 0.00022087675478829776}, {"date": "2021-10-24", "name": "gate_length", "unit": "ns", "value": 35.55555555555556}], "name": "sx5"}, {"qubits": [6], "gate": "sx", "parameters": [{"date": "2021-10-24", "name": "gate_error", "unit": "", "value": 0.0003198164050485165}, {"date": "2021-10-24", "name": "gate_length", "unit": "ns", "value": 35.55555555555556}], "name": "sx6"}, {"qubits": [0], "gate": "x", "parameters": [{"date": "2021-10-24", "name": "gate_error", "unit": "", "value": 0.0003004690840114719}, {"date": "2021-10-24", "name": "gate_length", "unit": "ns", "value": 35.55555555555556}], "name": "x0"}, {"qubits": [1], "gate": "x", "parameters": [{"date": "2021-10-24", "name": "gate_error", "unit": "", "value": 0.00043923073240877987}, {"date": "2021-10-24", "name": "gate_length", "unit": "ns", "value": 35.55555555555556}], "name": "x1"}, {"qubits": [2], "gate": "x", "parameters": [{"date": "2021-10-24", "name": "gate_error", "unit": "", "value": 0.00024045305952574415}, {"date": "2021-10-24", "name": "gate_length", "unit": "ns", "value": 35.55555555555556}], "name": "x2"}, {"qubits": [3], "gate": "x", "parameters": [{"date": "2021-10-24", "name": "gate_error", "unit": "", "value": 0.00020147954519318803}, {"date": "2021-10-24", "name": "gate_length", "unit": "ns", "value": 35.55555555555556}], "name": "x3"}, {"qubits": [4], "gate": "x", "parameters": [{"date": "2021-10-24", "name": "gate_error", "unit": "", "value": 0.00022704878421637262}, {"date": "2021-10-24", "name": "gate_length", "unit": "ns", "value": 35.55555555555556}], "name": "x4"}, {"qubits": [5], "gate": "x", "parameters": [{"date": "2021-10-24", "name": "gate_error", "unit": "", "value": 0.00022087675478829776}, {"date": "2021-10-24", "name": "gate_length", "unit": "ns", "value": 35.55555555555556}], "name": "x5"}, {"qubits": [6], "gate": "x", "parameters": [{"date": "2021-10-24", "name": "gate_error", "unit": "", "value": 0.0003198164050485165}, {"date": "2021-10-24", "name": "gate_length", "unit": "ns", "value": 35.55555555555556}], "name": "x6"}, {"qubits": [5, 4], "gate": "cx", "parameters": [{"date": "2021-10-24", "name": "gate_error", "unit": "", "value": 0.004962668538016968}, {"date": "2021-10-21", "name": "gate_length", "unit": "ns", "value": 327.1111111111111}], "name": "cx5_4"}, {"qubits": [4, 5], "gate": "cx", "parameters": [{"date": "2021-10-24", "name": "gate_error", "unit": "", "value": 0.004962668538016968}, {"date": "2021-10-21", "name": "gate_length", "unit": "ns", "value": 362.66666666666663}], "name": "cx4_5"}, {"qubits": [3, 1], "gate": "cx", "parameters": [{"date": "2021-10-24", "name": "gate_error", "unit": "", "value": 0.009352954814091652}, {"date": "2021-10-21", "name": "gate_length", "unit": "ns", "value": 298.66666666666663}], "name": "cx3_1"}, {"qubits": [1, 3], "gate": "cx", "parameters": [{"date": "2021-10-24", "name": "gate_error", "unit": "", "value": 0.009352954814091652}, {"date": "2021-10-21", "name": "gate_length", "unit": "ns", "value": 334.22222222222223}], "name": "cx1_3"}, {"qubits": [5, 6], "gate": "cx", "parameters": [{"date": "2021-10-24", "name": "gate_error", "unit": "", "value": 0.004385138471907218}, {"date": "2021-10-21", "name": "gate_length", "unit": "ns", "value": 256}], "name": "cx5_6"}, {"qubits": [6, 5], "gate": "cx", "parameters": [{"date": "2021-10-24", "name": "gate_error", "unit": "", "value": 0.004385138471907218}, {"date": "2021-10-21", "name": "gate_length", "unit": "ns", "value": 291.55555555555554}], "name": "cx6_5"}, {"qubits": [5, 3], "gate": "cx", "parameters": [{"date": "2021-10-24", "name": "gate_error", "unit": "", "value": 0.00522044111996961}, {"date": "2021-10-21", "name": "gate_length", "unit": "ns", "value": 298.66666666666663}], "name": "cx5_3"}, {"qubits": [3, 5], "gate": "cx", "parameters": [{"date": "2021-10-24", "name": "gate_error", "unit": "", "value": 0.00522044111996961}, {"date": "2021-10-21", "name": "gate_length", "unit": "ns", "value": 334.22222222222223}], "name": "cx3_5"}, {"qubits": [2, 1], "gate": "cx", "parameters": [{"date": "2021-10-24", "name": "gate_error", "unit": "", "value": 0.009313874128057925}, {"date": "2021-10-21", "name": "gate_length", "unit": "ns", "value": 291.55555555555554}], "name": "cx2_1"}, {"qubits": [1, 2], "gate": "cx", "parameters": [{"date": "2021-10-24", "name": "gate_error", "unit": "", "value": 0.009313874128057925}, {"date": "2021-10-21", "name": "gate_length", "unit": "ns", "value": 327.1111111111111}], "name": "cx1_2"}, {"qubits": [0, 1], "gate": "cx", "parameters": [{"date": "2021-10-24", "name": "gate_error", "unit": "", "value": 0.010059176489186139}, {"date": "2021-10-21", "name": "gate_length", "unit": "ns", "value": 305.77777777777777}], "name": "cx0_1"}, {"qubits": [1, 0], "gate": "cx", "parameters": [{"date": "2021-10-24", "name": "gate_error", "unit": "", "value": 0.010059176489186139}, {"date": "2021-10-21", "name": "gate_length", "unit": "ns", "value": 341.3333333333333}], "name": "cx1_0"}, {"qubits": [0], "gate": "reset", "parameters": [{"date": "2021-10-24", "name": "gate_length", "unit": "ns", "value": 1002.6666666666666}], "name": "reset0"}, {"qubits": [1], "gate": "reset", "parameters": [{"date": "2021-10-24", "name": "gate_length", "unit": "ns", "value": 1002.6666666666666}], "name": "reset1"}, {"qubits": [2], "gate": "reset", "parameters": [{"date": "2021-10-24", "name": "gate_length", "unit": "ns", "value": 995.5555555555555}], "name": "reset2"}, {"qubits": [3], "gate": "reset", "parameters": [{"date": "2021-10-24", "name": "gate_length", "unit": "ns", "value": 988.4444444444443}], "name": "reset3"}, {"qubits": [4], "gate": "reset", "parameters": [{"date": "2021-10-24", "name": "gate_length", "unit": "ns", "value": 1002.6666666666666}], "name": "reset4"}, {"qubits": [5], "gate": "reset", "parameters": [{"date": "2021-10-24", "name": "gate_length", "unit": "ns", "value": 1002.6666666666666}], "name": "reset5"}, {"qubits": [6], "gate": "reset", "parameters": [{"date": "2021-10-24", "name": "gate_length", "unit": "ns", "value": 988.4444444444443}], "name": "reset6"}], "general": [{"date": "2021-10-24", "name": "jq_01", "unit": "GHz", "value": 0.0017239661070310697}, {"date": "2021-10-24", "name": "zz_01", "unit": "GHz", "value": -4.1551259389276154e-05}, {"date": "2021-10-24", "name": "jq_12", "unit": "GHz", "value": 0.003306427365570105}, {"date": "2021-10-24", "name": "zz_12", "unit": "GHz", "value": -0.00013691896518548322}, {"date": "2021-10-24", "name": "jq_45", "unit": "GHz", "value": 0.0033964931013144256}, {"date": "2021-10-24", "name": "zz_45", "unit": "GHz", "value": -0.00015134337521539932}, {"date": "2021-10-24", "name": "jq_56", "unit": "GHz", "value": 0.0032394441256406383}, {"date": "2021-10-24", "name": "zz_56", "unit": "GHz", "value": -0.0001381127844927418}, {"date": "2021-10-24", "name": "jq_13", "unit": "GHz", "value": 0.003219077603102807}, {"date": "2021-10-24", "name": "zz_13", "unit": "GHz", "value": -0.00013509145307819546}, {"date": "2021-10-24", "name": "jq_35", "unit": "GHz", "value": 0.0023455196332844842}, {"date": "2021-10-24", "name": "zz_35", "unit": "GHz", "value": -9.35336850076191e-05}]}