{"backend_name": "ibm_lagos", "backend_version": "1.0.2", "last_update_date": "2021-8-13", "qubits": [[{"date": "2021-8-13", "name": "T1", "unit": "us", "value": 136.11650299302923}, {"date": "2021-8-13", "name": "T2", "unit": "us", "value": 26.95020990537438}, {"date": "2021-8-13", "name": "frequency", "unit": "GHz", "value": 5.235393588448822}, {"date": "2021-8-13", "name": "anharmonicity", "unit": "GHz", "value": -0.33986713855915607}, {"date": "2021-8-13", "name": "readout_error", "unit": "", "value": 0.11599999999999999}, {"date": "2021-8-13", "name": "prob_meas0_prep1", "unit": "", "value": 0.1694}, {"date": "2021-8-13", "name": "prob_meas1_prep0", "unit": "", "value": 0.0626}, {"date": "2021-8-13", "name": "readout_length", "unit": "ns", "value": 704}], [{"date": "2021-8-13", "name": "T1", "unit": "us", "value": 91.06681359981101}, {"date": "2021-8-13", "name": "T2", "unit": "us", "value": 87.2806793348848}, {"date": "2021-8-13", "name": "frequency", "unit": "GHz", "value": 5.099412500090229}, {"date": "2021-8-13", "name": "anharmonicity", "unit": "GHz", "value": -0.3432484042938357}, {"date": "2021-8-13", "name": "readout_error", "unit": "", "value": 0.018999999999999906}, {"date": "2021-8-13", "name": "prob_meas0_prep1", "unit": "", "value": 0.0296}, {"date": "2021-8-13", "name": "prob_meas1_prep0", "unit": "", "value": 0.008399999999999963}, {"date": "2021-8-13", "name": "readout_length", "unit": "ns", "value": 704}], [{"date": "2021-8-13", "name": "T1", "unit": "us", "value": 149.3713792180644}, {"date": "2021-8-13", "name": "T2", "unit": "us", "value": 87.44012464689568}, {"date": "2021-8-13", "name": "frequency", "unit": "GHz", "value": 5.187858464879713}, {"date": "2021-8-13", "name": "anharmonicity", "unit": "GHz", "value": -0.3419316690031256}, {"date": "2021-8-13", "name": "readout_error", "unit": "", "value": 0.03410000000000002}, {"date": "2021-8-13", "name": "prob_meas0_prep1", "unit": "", "value": 0.0198}, {"date": "2021-8-13", "name": "prob_meas1_prep0", "unit": "", "value": 0.0484}, {"date": "2021-8-13", "name": "readout_length", "unit": "ns", "value": 704}], [{"date": "2021-8-13", "name": "T1", "unit": "us", "value": 151.7425127110123}, {"date": "2021-8-13", "name": "T2", "unit": "us", "value": 102.93954186652809}, {"date": "2021-8-13", "name": "frequency", "unit": "GHz", "value": 4.986853088655982}, {"date": "2021-8-13", "name": "anharmonicity", "unit": "GHz", "value": -0.3452928861203798}, {"date": "2021-8-13", "name": "readout_error", "unit": "", "value": 0.006000000000000005}, {"date": "2021-8-13", "name": "prob_meas0_prep1", "unit": "", "value": 0.0088}, {"date": "2021-8-13", "name": "prob_meas1_prep0", "unit": "", "value": 0.0031999999999999806}, {"date": "2021-8-13", "name": "readout_length", "unit": "ns", "value": 704}], [{"date": "2021-8-13", "name": "T1", "unit": "us", "value": 129.7572204740203}, {"date": "2021-8-13", "name": "T2", "unit": "us", "value": 28.813628668960405}, {"date": "2021-8-13", "name": "frequency", "unit": "GHz", "value": 5.285334941678575}, {"date": "2021-8-13", "name": "anharmonicity", "unit": "GHz", "value": -0.3392342674107948}, {"date": "2021-8-13", "name": "readout_error", "unit": "", "value": 0.007099999999999995}, {"date": "2021-8-13", "name": "prob_meas0_prep1", "unit": "", "value": 0.006000000000000005}, {"date": "2021-8-13", "name": "prob_meas1_prep0", "unit": "", "value": 0.0082}, {"date": "2021-8-13", "name": "readout_length", "unit": "ns", "value": 704}], [{"date": "2021-8-13", "name": "T1", "unit": "us", "value": 130.20960918965818}, {"date": "2021-8-13", "name": "T2", "unit": "us", "value": 72.1513276563919}, {"date": "2021-8-13", "name": "frequency", "unit": "GHz", "value": 5.176878045660617}, {"date": "2021-8-13", "name": "anharmonicity", "unit": "GHz", "value": -0.34079297245074963}, {"date": "2021-8-13", "name": "readout_error", "unit": "", "value": 0.014699999999999935}, {"date": "2021-8-13", "name": "prob_meas0_prep1", "unit": "", "value": 0.02}, {"date": "2021-8-13", "name": "prob_meas1_prep0", "unit": "", "value": 0.009399999999999964}, {"date": "2021-8-13", "name": "readout_length", "unit": "ns", "value": 704}], [{"date": "2021-8-13", "name": "T1", "unit": "us", "value": 169.85572636957022}, {"date": "2021-8-13", "name": "T2", "unit": "us", "value": 106.15183691001131}, {"date": "2021-8-13", "name": "frequency", "unit": "GHz", "value": 5.064099945788737}, {"date": "2021-8-13", "name": "anharmonicity", "unit": "GHz", "value": -0.34275836537159754}, {"date": "2021-8-13", "name": "readout_error", "unit": "", "value": 0.006099999999999994}, {"date": "2021-8-13", "name": "prob_meas0_prep1", "unit": "", "value": 0.0088}, {"date": "2021-8-13", "name": "prob_meas1_prep0", "unit": "", "value": 0.0033999999999999586}, {"date": "2021-8-13", "name": "readout_length", "unit": "ns", "value": 704}]], "gates": [{"qubits": [0], "gate": "id", "parameters": [{"date": "2021-8-13", "name": "gate_error", "unit": "", "value": 0.002004197243770798}, {"date": "2021-8-13", "name": "gate_length", "unit": "ns", "value": 35.55555555555556}], "name": "id0"}, {"qubits": [1], "gate": "id", "parameters": [{"date": "2021-8-13", "name": "gate_error", "unit": "", "value": 0.0002570878984110911}, {"date": "2021-8-13", "name": "gate_length", "unit": "ns", "value": 35.55555555555556}], "name": "id1"}, {"qubits": [2], "gate": "id", "parameters": [{"date": "2021-8-13", "name": "gate_error", "unit": "", "value": 0.00022283299517246747}, {"date": "2021-8-13", "name": "gate_length", "unit": "ns", "value": 35.55555555555556}], "name": "id2"}, {"qubits": [3], "gate": "id", "parameters": [{"date": "2021-8-13", "name": "gate_error", "unit": "", "value": 0.00021944609000868292}, {"date": "2021-8-13", "name": "gate_length", "unit": "ns", "value": 35.55555555555556}], "name": "id3"}, {"qubits": [4], "gate": "id", "parameters": [{"date": "2021-8-13", "name": "gate_error", "unit": "", "value": 0.00021537507248056912}, {"date": "2021-8-13", "name": "gate_length", "unit": "ns", "value": 35.55555555555556}], "name": "id4"}, {"qubits": [5], "gate": "id", "parameters": [{"date": "2021-8-13", "name": "gate_error", "unit": "", "value": 0.0005579992085807753}, {"date": "2021-8-13", "name": "gate_length", "unit": "ns", "value": 35.55555555555556}], "name": "id5"}, {"qubits": [6], "gate": "id", "parameters": [{"date": "2021-8-13", "name": "gate_error", "unit": "", "value": 0.00024165648477155057}, {"date": "2021-8-13", "name": "gate_length", "unit": "ns", "value": 35.55555555555556}], "name": "id6"}, {"qubits": [0], "gate": "rz", "parameters": [{"date": "2021-8-13", "name": "gate_error", "unit": "", "value": 0}, {"date": "2021-8-13", "name": "gate_length", "unit": "ns", "value": 0}], "name": "rz0"}, {"qubits": [1], "gate": "rz", "parameters": [{"date": "2021-8-13", "name": "gate_error", "unit": "", "value": 0}, {"date": "2021-8-13", "name": "gate_length", "unit": "ns", "value": 0}], "name": "rz1"}, {"qubits": [2], "gate": "rz", "parameters": [{"date": "2021-8-13", "name": "gate_error", "unit": "", "value": 0}, {"date": "2021-8-13", "name": "gate_length", "unit": "ns", "value": 0}], "name": "rz2"}, {"qubits": [3], "gate": "rz", "parameters": [{"date": "2021-8-13", "name": "gate_error", "unit": "", "value": 0}, {"date": "2021-8-13", "name": "gate_length", "unit": "ns", "value": 0}], "name": "rz3"}, {"qubits": [4], "gate": "rz", "parameters": [{"date": "2021-8-13", "name": "gate_error", "unit": "", "value": 0}, {"date": "2021-8-13", "name": "gate_length", "unit": "ns", "value": 0}], "name": "rz4"}, {"qubits": [5], "gate": "rz", "parameters": [{"date": "2021-8-13", "name": "gate_error", "unit": "", "value": 0}, {"date": "2021-8-13", "name": "gate_length", "unit": "ns", "value": 0}], "name": "rz5"}, {"qubits": [6], "gate": "rz", "parameters": [{"date": "2021-8-13", "name": "gate_error", "unit": "", "value": 0}, {"date": "2021-8-13", "name": "gate_length", "unit": "ns", "value": 0}], "name": "rz6"}, {"qubits": [0], "gate": "sx", "parameters": [{"date": "2021-8-13", "name": "gate_error", "unit": "", "value": 0.002004197243770798}, {"date": "2021-8-13", "name": "gate_length", "unit": "ns", "value": 35.55555555555556}], "name": "sx0"}, {"qubits": [1], "gate": "sx", "parameters": [{"date": "2021-8-13", "name": "gate_error", "unit": "", "value": 0.0002570878984110911}, {"date": "2021-8-13", "name": "gate_length", "unit": "ns", "value": 35.55555555555556}], "name": "sx1"}, {"qubits": [2], "gate": "sx", "parameters": [{"date": "2021-8-13", "name": "gate_error", "unit": "", "value": 0.00022283299517246747}, {"date": "2021-8-13", "name": "gate_length", "unit": "ns", "value": 35.55555555555556}], "name": "sx2"}, {"qubits": [3], "gate": "sx", "parameters": [{"date": "2021-8-13", "name": "gate_error", "unit": "", "value": 0.00021944609000868292}, {"date": "2021-8-13", "name": "gate_length", "unit": "ns", "value": 35.55555555555556}], "name": "sx3"}, {"qubits": [4], "gate": "sx", "parameters": [{"date": "2021-8-13", "name": "gate_error", "unit": "", "value": 0.00021537507248056912}, {"date": "2021-8-13", "name": "gate_length", "unit": "ns", "value": 35.55555555555556}], "name": "sx4"}, {"qubits": [5], "gate": "sx", "parameters": [{"date": "2021-8-13", "name": "gate_error", "unit": "", "value": 0.0005579992085807753}, {"date": "2021-8-13", "name": "gate_length", "unit": "ns", "value": 35.55555555555556}], "name": "sx5"}, {"qubits": [6], "gate": "sx", "parameters": [{"date": "2021-8-13", "name": "gate_error", "unit": "", "value": 0.00024165648477155057}, {"date": "2021-8-13", "name": "gate_length", "unit": "ns", "value": 35.55555555555556}], "name": "sx6"}, {"qubits": [0], "gate": "x", "parameters": [{"date": "2021-8-13", "name": "gate_error", "unit": "", "value": 0.002004197243770798}, {"date": "2021-8-13", "name": "gate_length", "unit": "ns", "value": 35.55555555555556}], "name": "x0"}, {"qubits": [1], "gate": "x", "parameters": [{"date": "2021-8-13", "name": "gate_error", "unit": "", "value": 0.0002570878984110911}, {"date": "2021-8-13", "name": "gate_length", "unit": "ns", "value": 35.55555555555556}], "name": "x1"}, {"qubits": [2], "gate": "x", "parameters": [{"date": "2021-8-13", "name": "gate_error", "unit": "", "value": 0.00022283299517246747}, {"date": "2021-8-13", "name": "gate_length", "unit": "ns", "value": 35.55555555555556}], "name": "x2"}, {"qubits": [3], "gate": "x", "parameters": [{"date": "2021-8-13", "name": "gate_error", "unit": "", "value": 0.00021944609000868292}, {"date": "2021-8-13", "name": "gate_length", "unit": "ns", "value": 35.55555555555556}], "name": "x3"}, {"qubits": [4], "gate": "x", "parameters": [{"date": "2021-8-13", "name": "gate_error", "unit": "", "value": 0.00021537507248056912}, {"date": "2021-8-13", "name": "gate_length", "unit": "ns", "value": 35.55555555555556}], "name": "x4"}, {"qubits": [5], "gate": "x", "parameters": [{"date": "2021-8-13", "name": "gate_error", "unit": "", "value": 0.0005579992085807753}, {"date": "2021-8-13", "name": "gate_length", "unit": "ns", "value": 35.55555555555556}], "name": "x5"}, {"qubits": [6], "gate": "x", "parameters": [{"date": "2021-8-13", "name": "gate_error", "unit": "", "value": 0.00024165648477155057}, {"date": "2021-8-13", "name": "gate_length", "unit": "ns", "value": 35.55555555555556}], "name": "x6"}, {"qubits": [5, 4], "gate": "cx", "parameters": [{"date": "2021-8-13", "name": "gate_error", "unit": "", "value": 0.008026859360586475}, {"date": "2021-8-10", "name": "gate_length", "unit": "ns", "value": 327.1111111111111}], "name": "cx5_4"}, {"qubits": [4, 5], "gate": "cx", "parameters": [{"date": "2021-8-13", "name": "gate_error", "unit": "", "value": 0.008026859360586475}, {"date": "2021-8-10", "name": "gate_length", "unit": "ns", "value": 362.66666666666663}], "name": "cx4_5"}, {"qubits": [3, 1], "gate": "cx", "parameters": [{"date": "2021-8-13", "name": "gate_error", "unit": "", "value": 0.008300642745682485}, {"date": "2021-8-10", "name": "gate_length", "unit": "ns", "value": 298.66666666666663}], "name": "cx3_1"}, {"qubits": [1, 3], "gate": "cx", "parameters": [{"date": "2021-8-13", "name": "gate_error", "unit": "", "value": 0.008300642745682485}, {"date": "2021-8-10", "name": "gate_length", "unit": "ns", "value": 334.22222222222223}], "name": "cx1_3"}, {"qubits": [5, 6], "gate": "cx", "parameters": [{"date": "2021-8-13", "name": "gate_error", "unit": "", "value": 0.010007442907571662}, {"date": "2021-8-10", "name": "gate_length", "unit": "ns", "value": 256}], "name": "cx5_6"}, {"qubits": [6, 5], "gate": "cx", "parameters": [{"date": "2021-8-13", "name": "gate_error", "unit": "", "value": 0.010007442907571662}, {"date": "2021-8-10", "name": "gate_length", "unit": "ns", "value": 291.55555555555554}], "name": "cx6_5"}, {"qubits": [5, 3], "gate": "cx", "parameters": [{"date": "2021-8-13", "name": "gate_error", "unit": "", "value": 0.010580711848026864}, {"date": "2021-8-10", "name": "gate_length", "unit": "ns", "value": 298.66666666666663}], "name": "cx5_3"}, {"qubits": [3, 5], "gate": "cx", "parameters": [{"date": "2021-8-13", "name": "gate_error", "unit": "", "value": 0.010580711848026864}, {"date": "2021-8-10", "name": "gate_length", "unit": "ns", "value": 334.22222222222223}], "name": "cx3_5"}, {"qubits": [2, 1], "gate": "cx", "parameters": [{"date": "2021-8-13", "name": "gate_error", "unit": "", "value": 0.0059670503539652475}, {"date": "2021-8-10", "name": "gate_length", "unit": "ns", "value": 291.55555555555554}], "name": "cx2_1"}, {"qubits": [1, 2], "gate": "cx", "parameters": [{"date": "2021-8-13", "name": "gate_error", "unit": "", "value": 0.0059670503539652475}, {"date": "2021-8-10", "name": "gate_length", "unit": "ns", "value": 327.1111111111111}], "name": "cx1_2"}, {"qubits": [0, 1], "gate": "cx", "parameters": [{"date": "2021-8-13", "name": "gate_error", "unit": "", "value": 0.034103513450273654}, {"date": "2021-8-10", "name": "gate_length", "unit": "ns", "value": 305.77777777777777}], "name": "cx0_1"}, {"qubits": [1, 0], "gate": "cx", "parameters": [{"date": "2021-8-13", "name": "gate_error", "unit": "", "value": 0.034103513450273654}, {"date": "2021-8-10", "name": "gate_length", "unit": "ns", "value": 341.3333333333333}], "name": "cx1_0"}, {"qubits": [0], "gate": "reset", "parameters": [{"date": "2021-8-13", "name": "gate_length", "unit": "ns", "value": 1002.6666666666666}], "name": "reset0"}, {"qubits": [1], "gate": "reset", "parameters": [{"date": "2021-8-13", "name": "gate_length", "unit": "ns", "value": 1002.6666666666666}], "name": "reset1"}, {"qubits": [2], "gate": "reset", "parameters": [{"date": "2021-8-13", "name": "gate_length", "unit": "ns", "value": 995.5555555555555}], "name": "reset2"}, {"qubits": [3], "gate": "reset", "parameters": [{"date": "2021-8-13", "name": "gate_length", "unit": "ns", "value": 988.4444444444443}], "name": "reset3"}, {"qubits": [4], "gate": "reset", "parameters": [{"date": "2021-8-13", "name": "gate_length", "unit": "ns", "value": 1002.6666666666666}], "name": "reset4"}, {"qubits": [5], "gate": "reset", "parameters": [{"date": "2021-8-13", "name": "gate_length", "unit": "ns", "value": 1002.6666666666666}], "name": "reset5"}, {"qubits": [6], "gate": "reset", "parameters": [{"date": "2021-8-13", "name": "gate_length", "unit": "ns", "value": 988.4444444444443}], "name": "reset6"}], "general": [{"date": "2021-8-13", "name": "jq_01", "unit": "GHz", "value": 0.0017239661070310697}, {"date": "2021-8-13", "name": "zz_01", "unit": "GHz", "value": -4.1551259389276154e-05}, {"date": "2021-8-13", "name": "jq_12", "unit": "GHz", "value": 0.003306427365570105}, {"date": "2021-8-13", "name": "zz_12", "unit": "GHz", "value": -0.00013691896518548322}, {"date": "2021-8-13", "name": "jq_45", "unit": "GHz", "value": 0.0033964931013144256}, {"date": "2021-8-13", "name": "zz_45", "unit": "GHz", "value": -0.00015134337521539932}, {"date": "2021-8-13", "name": "jq_56", "unit": "GHz", "value": 0.0032394441256406383}, {"date": "2021-8-13", "name": "zz_56", "unit": "GHz", "value": -0.0001381127844927418}, {"date": "2021-8-13", "name": "jq_13", "unit": "GHz", "value": 0.003219077603102807}, {"date": "2021-8-13", "name": "zz_13", "unit": "GHz", "value": -0.00013509145307819546}, {"date": "2021-8-13", "name": "jq_35", "unit": "GHz", "value": 0.0023455196332844842}, {"date": "2021-8-13", "name": "zz_35", "unit": "GHz", "value": -9.35336850076191e-05}]}