{"backend_name": "ibm_lagos", "backend_version": "1.0.1", "last_update_date": "2021-8-7", "qubits": [[{"date": "2021-8-7", "name": "T1", "unit": "us", "value": 116.09970682116516}, {"date": "2021-8-7", "name": "T2", "unit": "us", "value": 38.034267259284555}, {"date": "2021-8-7", "name": "frequency", "unit": "GHz", "value": 5.235307381007381}, {"date": "2021-8-7", "name": "anharmonicity", "unit": "GHz", "value": -0.33986713855915607}, {"date": "2021-8-7", "name": "readout_error", "unit": "", "value": 0.06889999999999996}, {"date": "2021-8-7", "name": "prob_meas0_prep1", "unit": "", "value": 0.0456}, {"date": "2021-8-7", "name": "prob_meas1_prep0", "unit": "", "value": 0.09219999999999995}, {"date": "2021-8-7", "name": "readout_length", "unit": "ns", "value": 704}], [{"date": "2021-8-7", "name": "T1", "unit": "us", "value": 106.1015975942452}, {"date": "2021-8-7", "name": "T2", "unit": "us", "value": 88.37160396862731}, {"date": "2021-8-7", "name": "frequency", "unit": "GHz", "value": 5.099396010297177}, {"date": "2021-8-7", "name": "anharmonicity", "unit": "GHz", "value": -0.3432484042938357}, {"date": "2021-8-7", "name": "readout_error", "unit": "", "value": 0.010199999999999987}, {"date": "2021-8-7", "name": "prob_meas0_prep1", "unit": "", "value": 0.013}, {"date": "2021-8-7", "name": "prob_meas1_prep0", "unit": "", "value": 0.007399999999999962}, {"date": "2021-8-7", "name": "readout_length", "unit": "ns", "value": 704}], [{"date": "2021-8-7", "name": "T1", "unit": "us", "value": 111.15428591070264}, {"date": "2021-8-7", "name": "T2", "unit": "us", "value": 64.42163467587015}, {"date": "2021-8-7", "name": "frequency", "unit": "GHz", "value": 5.187863086008227}, {"date": "2021-8-7", "name": "anharmonicity", "unit": "GHz", "value": -0.3419316690031256}, {"date": "2021-8-7", "name": "readout_error", "unit": "", "value": 0.005700000000000038}, {"date": "2021-8-7", "name": "prob_meas0_prep1", "unit": "", "value": 0.0058}, {"date": "2021-8-7", "name": "prob_meas1_prep0", "unit": "", "value": 0.005600000000000049}, {"date": "2021-8-7", "name": "readout_length", "unit": "ns", "value": 704}], [{"date": "2021-8-7", "name": "T1", "unit": "us", "value": 151.34791464037968}, {"date": "2021-8-7", "name": "T2", "unit": "us", "value": 114.21800056248887}, {"date": "2021-8-7", "name": "frequency", "unit": "GHz", "value": 4.986865151519993}, {"date": "2021-8-7", "name": "anharmonicity", "unit": "GHz", "value": -0.3452928861203798}, {"date": "2021-8-7", "name": "readout_error", "unit": "", "value": 0.006199999999999983}, {"date": "2021-8-7", "name": "prob_meas0_prep1", "unit": "", "value": 0.0076}, {"date": "2021-8-7", "name": "prob_meas1_prep0", "unit": "", "value": 0.0048000000000000265}, {"date": "2021-8-7", "name": "readout_length", "unit": "ns", "value": 704}], [{"date": "2021-8-7", "name": "T1", "unit": "us", "value": 63.83866461939449}, {"date": "2021-8-7", "name": "T2", "unit": "us", "value": 18.958258087253316}, {"date": "2021-8-7", "name": "frequency", "unit": "GHz", "value": 5.285327416824673}, {"date": "2021-8-7", "name": "anharmonicity", "unit": "GHz", "value": -0.3392342674107948}, {"date": "2021-8-7", "name": "readout_error", "unit": "", "value": 0.009500000000000064}, {"date": "2021-8-7", "name": "prob_meas0_prep1", "unit": "", "value": 0.01100000000000001}, {"date": "2021-8-7", "name": "prob_meas1_prep0", "unit": "", "value": 0.008}, {"date": "2021-8-7", "name": "readout_length", "unit": "ns", "value": 704}], [{"date": "2021-8-7", "name": "T1", "unit": "us", "value": 105.01302773292304}, {"date": "2021-8-7", "name": "T2", "unit": "us", "value": 66.7554836498914}, {"date": "2021-8-7", "name": "frequency", "unit": "GHz", "value": 5.176864869585582}, {"date": "2021-8-7", "name": "anharmonicity", "unit": "GHz", "value": -0.34079297245074963}, {"date": "2021-8-7", "name": "readout_error", "unit": "", "value": 0.01090000000000002}, {"date": "2021-8-7", "name": "prob_meas0_prep1", "unit": "", "value": 0.012}, {"date": "2021-8-7", "name": "prob_meas1_prep0", "unit": "", "value": 0.009800000000000031}, {"date": "2021-8-7", "name": "readout_length", "unit": "ns", "value": 704}], [{"date": "2021-8-7", "name": "T1", "unit": "us", "value": 139.69397594953455}, {"date": "2021-8-7", "name": "T2", "unit": "us", "value": 132.267664236091}, {"date": "2021-8-7", "name": "frequency", "unit": "GHz", "value": 5.064031045856452}, {"date": "2021-8-7", "name": "anharmonicity", "unit": "GHz", "value": -0.34275836537159754}, {"date": "2021-8-7", "name": "readout_error", "unit": "", "value": 0.007400000000000073}, {"date": "2021-8-7", "name": "prob_meas0_prep1", "unit": "", "value": 0.0088}, {"date": "2021-8-7", "name": "prob_meas1_prep0", "unit": "", "value": 0.006000000000000005}, {"date": "2021-8-7", "name": "readout_length", "unit": "ns", "value": 704}]], "gates": [{"qubits": [0], "gate": "id", "parameters": [{"date": "2021-8-7", "name": "gate_error", "unit": "", "value": 0.00022002229642459985}, {"date": "2021-8-7", "name": "gate_length", "unit": "ns", "value": 35.55555555555556}], "name": "id0"}, {"qubits": [1], "gate": "id", "parameters": [{"date": "2021-8-7", "name": "gate_error", "unit": "", "value": 0.000383141634676763}, {"date": "2021-8-7", "name": "gate_length", "unit": "ns", "value": 35.55555555555556}], "name": "id1"}, {"qubits": [2], "gate": "id", "parameters": [{"date": "2021-8-7", "name": "gate_error", "unit": "", "value": 0.00021452650104171868}, {"date": "2021-8-7", "name": "gate_length", "unit": "ns", "value": 35.55555555555556}], "name": "id2"}, {"qubits": [3], "gate": "id", "parameters": [{"date": "2021-8-7", "name": "gate_error", "unit": "", "value": 0.00012574414688146178}, {"date": "2021-8-7", "name": "gate_length", "unit": "ns", "value": 35.55555555555556}], "name": "id3"}, {"qubits": [4], "gate": "id", "parameters": [{"date": "2021-8-7", "name": "gate_error", "unit": "", "value": 0.0004993516107440614}, {"date": "2021-8-7", "name": "gate_length", "unit": "ns", "value": 35.55555555555556}], "name": "id4"}, {"qubits": [5], "gate": "id", "parameters": [{"date": "2021-8-7", "name": "gate_error", "unit": "", "value": 0.00021472982244237067}, {"date": "2021-8-7", "name": "gate_length", "unit": "ns", "value": 35.55555555555556}], "name": "id5"}, {"qubits": [6], "gate": "id", "parameters": [{"date": "2021-8-7", "name": "gate_error", "unit": "", "value": 0.00026749750461670905}, {"date": "2021-8-7", "name": "gate_length", "unit": "ns", "value": 35.55555555555556}], "name": "id6"}, {"qubits": [0], "gate": "rz", "parameters": [{"date": "2021-8-7", "name": "gate_error", "unit": "", "value": 0}, {"date": "2021-8-7", "name": "gate_length", "unit": "ns", "value": 0}], "name": "rz0"}, {"qubits": [1], "gate": "rz", "parameters": [{"date": "2021-8-7", "name": "gate_error", "unit": "", "value": 0}, {"date": "2021-8-7", "name": "gate_length", "unit": "ns", "value": 0}], "name": "rz1"}, {"qubits": [2], "gate": "rz", "parameters": [{"date": "2021-8-7", "name": "gate_error", "unit": "", "value": 0}, {"date": "2021-8-7", "name": "gate_length", "unit": "ns", "value": 0}], "name": "rz2"}, {"qubits": [3], "gate": "rz", "parameters": [{"date": "2021-8-7", "name": "gate_error", "unit": "", "value": 0}, {"date": "2021-8-7", "name": "gate_length", "unit": "ns", "value": 0}], "name": "rz3"}, {"qubits": [4], "gate": "rz", "parameters": [{"date": "2021-8-7", "name": "gate_error", "unit": "", "value": 0}, {"date": "2021-8-7", "name": "gate_length", "unit": "ns", "value": 0}], "name": "rz4"}, {"qubits": [5], "gate": "rz", "parameters": [{"date": "2021-8-7", "name": "gate_error", "unit": "", "value": 0}, {"date": "2021-8-7", "name": "gate_length", "unit": "ns", "value": 0}], "name": "rz5"}, {"qubits": [6], "gate": "rz", "parameters": [{"date": "2021-8-7", "name": "gate_error", "unit": "", "value": 0}, {"date": "2021-8-7", "name": "gate_length", "unit": "ns", "value": 0}], "name": "rz6"}, {"qubits": [0], "gate": "sx", "parameters": [{"date": "2021-8-7", "name": "gate_error", "unit": "", "value": 0.00022002229642459985}, {"date": "2021-8-7", "name": "gate_length", "unit": "ns", "value": 35.55555555555556}], "name": "sx0"}, {"qubits": [1], "gate": "sx", "parameters": [{"date": "2021-8-7", "name": "gate_error", "unit": "", "value": 0.000383141634676763}, {"date": "2021-8-7", "name": "gate_length", "unit": "ns", "value": 35.55555555555556}], "name": "sx1"}, {"qubits": [2], "gate": "sx", "parameters": [{"date": "2021-8-7", "name": "gate_error", "unit": "", "value": 0.00021452650104171868}, {"date": "2021-8-7", "name": "gate_length", "unit": "ns", "value": 35.55555555555556}], "name": "sx2"}, {"qubits": [3], "gate": "sx", "parameters": [{"date": "2021-8-7", "name": "gate_error", "unit": "", "value": 0.00012574414688146178}, {"date": "2021-8-7", "name": "gate_length", "unit": "ns", "value": 35.55555555555556}], "name": "sx3"}, {"qubits": [4], "gate": "sx", "parameters": [{"date": "2021-8-7", "name": "gate_error", "unit": "", "value": 0.0004993516107440614}, {"date": "2021-8-7", "name": "gate_length", "unit": "ns", "value": 35.55555555555556}], "name": "sx4"}, {"qubits": [5], "gate": "sx", "parameters": [{"date": "2021-8-7", "name": "gate_error", "unit": "", "value": 0.00021472982244237067}, {"date": "2021-8-7", "name": "gate_length", "unit": "ns", "value": 35.55555555555556}], "name": "sx5"}, {"qubits": [6], "gate": "sx", "parameters": [{"date": "2021-8-7", "name": "gate_error", "unit": "", "value": 0.00026749750461670905}, {"date": "2021-8-7", "name": "gate_length", "unit": "ns", "value": 35.55555555555556}], "name": "sx6"}, {"qubits": [0], "gate": "x", "parameters": [{"date": "2021-8-7", "name": "gate_error", "unit": "", "value": 0.00022002229642459985}, {"date": "2021-8-7", "name": "gate_length", "unit": "ns", "value": 35.55555555555556}], "name": "x0"}, {"qubits": [1], "gate": "x", "parameters": [{"date": "2021-8-7", "name": "gate_error", "unit": "", "value": 0.000383141634676763}, {"date": "2021-8-7", "name": "gate_length", "unit": "ns", "value": 35.55555555555556}], "name": "x1"}, {"qubits": [2], "gate": "x", "parameters": [{"date": "2021-8-7", "name": "gate_error", "unit": "", "value": 0.00021452650104171868}, {"date": "2021-8-7", "name": "gate_length", "unit": "ns", "value": 35.55555555555556}], "name": "x2"}, {"qubits": [3], "gate": "x", "parameters": [{"date": "2021-8-7", "name": "gate_error", "unit": "", "value": 0.00012574414688146178}, {"date": "2021-8-7", "name": "gate_length", "unit": "ns", "value": 35.55555555555556}], "name": "x3"}, {"qubits": [4], "gate": "x", "parameters": [{"date": "2021-8-7", "name": "gate_error", "unit": "", "value": 0.0004993516107440614}, {"date": "2021-8-7", "name": "gate_length", "unit": "ns", "value": 35.55555555555556}], "name": "x4"}, {"qubits": [5], "gate": "x", "parameters": [{"date": "2021-8-7", "name": "gate_error", "unit": "", "value": 0.00021472982244237067}, {"date": "2021-8-7", "name": "gate_length", "unit": "ns", "value": 35.55555555555556}], "name": "x5"}, {"qubits": [6], "gate": "x", "parameters": [{"date": "2021-8-7", "name": "gate_error", "unit": "", "value": 0.00026749750461670905}, {"date": "2021-8-7", "name": "gate_length", "unit": "ns", "value": 35.55555555555556}], "name": "x6"}, {"qubits": [5, 4], "gate": "cx", "parameters": [{"date": "2021-8-7", "name": "gate_error", "unit": "", "value": 0.01150767913771894}, {"date": "2021-8-4", "name": "gate_length", "unit": "ns", "value": 327.1111111111111}], "name": "cx5_4"}, {"qubits": [4, 5], "gate": "cx", "parameters": [{"date": "2021-8-7", "name": "gate_error", "unit": "", "value": 0.01150767913771894}, {"date": "2021-8-4", "name": "gate_length", "unit": "ns", "value": 362.66666666666663}], "name": "cx4_5"}, {"qubits": [3, 1], "gate": "cx", "parameters": [{"date": "2021-8-7", "name": "gate_error", "unit": "", "value": 0.006813528349767228}, {"date": "2021-8-4", "name": "gate_length", "unit": "ns", "value": 298.66666666666663}], "name": "cx3_1"}, {"qubits": [1, 3], "gate": "cx", "parameters": [{"date": "2021-8-7", "name": "gate_error", "unit": "", "value": 0.006813528349767228}, {"date": "2021-8-4", "name": "gate_length", "unit": "ns", "value": 334.22222222222223}], "name": "cx1_3"}, {"qubits": [5, 6], "gate": "cx", "parameters": [{"date": "2021-8-7", "name": "gate_error", "unit": "", "value": 0.0038466009773093224}, {"date": "2021-8-4", "name": "gate_length", "unit": "ns", "value": 256}], "name": "cx5_6"}, {"qubits": [6, 5], "gate": "cx", "parameters": [{"date": "2021-8-7", "name": "gate_error", "unit": "", "value": 0.0038466009773093224}, {"date": "2021-8-4", "name": "gate_length", "unit": "ns", "value": 291.55555555555554}], "name": "cx6_5"}, {"qubits": [5, 3], "gate": "cx", "parameters": [{"date": "2021-8-7", "name": "gate_error", "unit": "", "value": 0.004144422092877825}, {"date": "2021-8-4", "name": "gate_length", "unit": "ns", "value": 298.66666666666663}], "name": "cx5_3"}, {"qubits": [3, 5], "gate": "cx", "parameters": [{"date": "2021-8-7", "name": "gate_error", "unit": "", "value": 0.004144422092877825}, {"date": "2021-8-4", "name": "gate_length", "unit": "ns", "value": 334.22222222222223}], "name": "cx3_5"}, {"qubits": [2, 1], "gate": "cx", "parameters": [{"date": "2021-8-7", "name": "gate_error", "unit": "", "value": 0.005343614856956697}, {"date": "2021-8-4", "name": "gate_length", "unit": "ns", "value": 291.55555555555554}], "name": "cx2_1"}, {"qubits": [1, 2], "gate": "cx", "parameters": [{"date": "2021-8-7", "name": "gate_error", "unit": "", "value": 0.005343614856956697}, {"date": "2021-8-4", "name": "gate_length", "unit": "ns", "value": 327.1111111111111}], "name": "cx1_2"}, {"qubits": [0, 1], "gate": "cx", "parameters": [{"date": "2021-8-7", "name": "gate_error", "unit": "", "value": 0.008631831149111618}, {"date": "2021-8-4", "name": "gate_length", "unit": "ns", "value": 305.77777777777777}], "name": "cx0_1"}, {"qubits": [1, 0], "gate": "cx", "parameters": [{"date": "2021-8-7", "name": "gate_error", "unit": "", "value": 0.008631831149111618}, {"date": "2021-8-4", "name": "gate_length", "unit": "ns", "value": 341.3333333333333}], "name": "cx1_0"}, {"qubits": [0], "gate": "reset", "parameters": [{"date": "2021-8-7", "name": "gate_length", "unit": "ns", "value": 1002.6666666666666}], "name": "reset0"}, {"qubits": [1], "gate": "reset", "parameters": [{"date": "2021-8-7", "name": "gate_length", "unit": "ns", "value": 1002.6666666666666}], "name": "reset1"}, {"qubits": [2], "gate": "reset", "parameters": [{"date": "2021-8-7", "name": "gate_length", "unit": "ns", "value": 995.5555555555555}], "name": "reset2"}, {"qubits": [3], "gate": "reset", "parameters": [{"date": "2021-8-7", "name": "gate_length", "unit": "ns", "value": 988.4444444444443}], "name": "reset3"}, {"qubits": [4], "gate": "reset", "parameters": [{"date": "2021-8-7", "name": "gate_length", "unit": "ns", "value": 1002.6666666666666}], "name": "reset4"}, {"qubits": [5], "gate": "reset", "parameters": [{"date": "2021-8-7", "name": "gate_length", "unit": "ns", "value": 1002.6666666666666}], "name": "reset5"}, {"qubits": [6], "gate": "reset", "parameters": [{"date": "2021-8-7", "name": "gate_length", "unit": "ns", "value": 988.4444444444443}], "name": "reset6"}], "general": [{"date": "2021-8-7", "name": "jq_01", "unit": "GHz", "value": 0.0017239661070310697}, {"date": "2021-8-7", "name": "zz_01", "unit": "GHz", "value": -4.1551259389276154e-05}, {"date": "2021-8-7", "name": "jq_12", "unit": "GHz", "value": 0.003306427365570105}, {"date": "2021-8-7", "name": "zz_12", "unit": "GHz", "value": -0.00013691896518548322}, {"date": "2021-8-7", "name": "jq_45", "unit": "GHz", "value": 0.0033964931013144256}, {"date": "2021-8-7", "name": "zz_45", "unit": "GHz", "value": -0.00015134337521539932}, {"date": "2021-8-7", "name": "jq_56", "unit": "GHz", "value": 0.0032394441256406383}, {"date": "2021-8-7", "name": "zz_56", "unit": "GHz", "value": -0.0001381127844927418}, {"date": "2021-8-7", "name": "jq_13", "unit": "GHz", "value": 0.003219077603102807}, {"date": "2021-8-7", "name": "zz_13", "unit": "GHz", "value": -0.00013509145307819546}, {"date": "2021-8-7", "name": "jq_35", "unit": "GHz", "value": 0.0023455196332844842}, {"date": "2021-8-7", "name": "zz_35", "unit": "GHz", "value": -9.35336850076191e-05}]}