{"backend_name": "ibm_lagos", "backend_version": "1.0.5", "last_update_date": "2021-10-3", "qubits": [[{"date": "2021-10-3", "name": "T1", "unit": "us", "value": 88.21356126753341}, {"date": "2021-10-3", "name": "T2", "unit": "us", "value": 34.44668479913728}, {"date": "2021-10-3", "name": "frequency", "unit": "GHz", "value": 5.235401512852704}, {"date": "2021-10-3", "name": "anharmonicity", "unit": "GHz", "value": -0.33986713855915607}, {"date": "2021-10-3", "name": "readout_error", "unit": "", "value": 0.010000000000000009}, {"date": "2021-10-3", "name": "prob_meas0_prep1", "unit": "", "value": 0.01}, {"date": "2021-10-3", "name": "prob_meas1_prep0", "unit": "", "value": 0.010000000000000009}, {"date": "2021-10-3", "name": "readout_length", "unit": "ns", "value": 704}], [{"date": "2021-10-3", "name": "T1", "unit": "us", "value": 118.4156662892363}, {"date": "2021-10-3", "name": "T2", "unit": "us", "value": 85.04394067367478}, {"date": "2021-10-3", "name": "frequency", "unit": "GHz", "value": 5.099413756747292}, {"date": "2021-10-3", "name": "anharmonicity", "unit": "GHz", "value": -0.3432484042938357}, {"date": "2021-10-3", "name": "readout_error", "unit": "", "value": 0.4666666666666667}, {"date": "2021-10-3", "name": "prob_meas0_prep1", "unit": "", "value": 0.16}, {"date": "2021-10-3", "name": "prob_meas1_prep0", "unit": "", "value": 0.7733333333333333}, {"date": "2021-10-3", "name": "readout_length", "unit": "ns", "value": 704}], [{"date": "2021-10-3", "name": "T1", "unit": "us", "value": 133.0982058217802}, {"date": "2021-10-3", "name": "T2", "unit": "us", "value": 141.12554835956112}, {"date": "2021-10-3", "name": "frequency", "unit": "GHz", "value": 5.187916774647467}, {"date": "2021-10-3", "name": "anharmonicity", "unit": "GHz", "value": -0.3419316690031256}, {"date": "2021-10-3", "name": "readout_error", "unit": "", "value": 0.01333333333333342}, {"date": "2021-10-3", "name": "prob_meas0_prep1", "unit": "", "value": 0.01}, {"date": "2021-10-3", "name": "prob_meas1_prep0", "unit": "", "value": 0.01666666666666672}, {"date": "2021-10-3", "name": "readout_length", "unit": "ns", "value": 704}], [{"date": "2021-10-3", "name": "T1", "unit": "us", "value": 124.23944787893836}, {"date": "2021-10-3", "name": "T2", "unit": "us", "value": 126.40294969617914}, {"date": "2021-10-3", "name": "frequency", "unit": "GHz", "value": 4.98686497071777}, {"date": "2021-10-3", "name": "anharmonicity", "unit": "GHz", "value": -0.3452928861203798}, {"date": "2021-10-3", "name": "readout_error", "unit": "", "value": 0.020000000000000018}, {"date": "2021-10-3", "name": "prob_meas0_prep1", "unit": "", "value": 0.023333333333333334}, {"date": "2021-10-3", "name": "prob_meas1_prep0", "unit": "", "value": 0.01666666666666672}, {"date": "2021-10-3", "name": "readout_length", "unit": "ns", "value": 704}], [{"date": "2021-10-3", "name": "T1", "unit": "us", "value": 122.05067608154208}, {"date": "2021-10-3", "name": "T2", "unit": "us", "value": 30.36877211222237}, {"date": "2021-10-3", "name": "frequency", "unit": "GHz", "value": 5.285333683253571}, {"date": "2021-10-3", "name": "anharmonicity", "unit": "GHz", "value": -0.3392342674107948}, {"date": "2021-10-3", "name": "readout_error", "unit": "", "value": 0.007300000000000084}, {"date": "2021-10-3", "name": "prob_meas0_prep1", "unit": "", "value": 0.007600000000000051}, {"date": "2021-10-3", "name": "prob_meas1_prep0", "unit": "", "value": 0.007}, {"date": "2021-10-3", "name": "readout_length", "unit": "ns", "value": 704}], [{"date": "2021-10-3", "name": "T1", "unit": "us", "value": 139.0946925920509}, {"date": "2021-10-3", "name": "T2", "unit": "us", "value": 46.81574873829713}, {"date": "2021-10-3", "name": "frequency", "unit": "GHz", "value": 5.176862161929959}, {"date": "2021-10-3", "name": "anharmonicity", "unit": "GHz", "value": -0.34079297245074963}, {"date": "2021-10-3", "name": "readout_error", "unit": "", "value": 0.0129999999999999}, {"date": "2021-10-3", "name": "prob_meas0_prep1", "unit": "", "value": 0.0146}, {"date": "2021-10-3", "name": "prob_meas1_prep0", "unit": "", "value": 0.011399999999999966}, {"date": "2021-10-3", "name": "readout_length", "unit": "ns", "value": 704}], [{"date": "2021-10-3", "name": "T1", "unit": "us", "value": 120.29941426224866}, {"date": "2021-10-3", "name": "T2", "unit": "us", "value": 72.03866695553832}, {"date": "2021-10-3", "name": "frequency", "unit": "GHz", "value": 5.0640275130053105}, {"date": "2021-10-3", "name": "anharmonicity", "unit": "GHz", "value": -0.34275836537159754}, {"date": "2021-10-3", "name": "readout_error", "unit": "", "value": 0.006399999999999961}, {"date": "2021-10-3", "name": "prob_meas0_prep1", "unit": "", "value": 0.0078}, {"date": "2021-10-3", "name": "prob_meas1_prep0", "unit": "", "value": 0.0050000000000000044}, {"date": "2021-10-3", "name": "readout_length", "unit": "ns", "value": 704}]], "gates": [{"qubits": [0], "gate": "id", "parameters": [{"date": "2021-10-3", "name": "gate_error", "unit": "", "value": 0.00021383491099951125}, {"date": "2021-10-3", "name": "gate_length", "unit": "ns", "value": 35.55555555555556}], "name": "id0"}, {"qubits": [1], "gate": "id", "parameters": [{"date": "2021-10-3", "name": "gate_error", "unit": "", "value": 0.00022751435864929966}, {"date": "2021-10-3", "name": "gate_length", "unit": "ns", "value": 35.55555555555556}], "name": "id1"}, {"qubits": [2], "gate": "id", "parameters": [{"date": "2021-10-3", "name": "gate_error", "unit": "", "value": 0.0001486977611373345}, {"date": "2021-10-3", "name": "gate_length", "unit": "ns", "value": 35.55555555555556}], "name": "id2"}, {"qubits": [3], "gate": "id", "parameters": [{"date": "2021-10-3", "name": "gate_error", "unit": "", "value": 0.000140744200887038}, {"date": "2021-10-3", "name": "gate_length", "unit": "ns", "value": 35.55555555555556}], "name": "id3"}, {"qubits": [4], "gate": "id", "parameters": [{"date": "2021-10-3", "name": "gate_error", "unit": "", "value": 0.00017914232460317098}, {"date": "2021-10-3", "name": "gate_length", "unit": "ns", "value": 35.55555555555556}], "name": "id4"}, {"qubits": [5], "gate": "id", "parameters": [{"date": "2021-10-3", "name": "gate_error", "unit": "", "value": 0.0002957240760886116}, {"date": "2021-10-3", "name": "gate_length", "unit": "ns", "value": 35.55555555555556}], "name": "id5"}, {"qubits": [6], "gate": "id", "parameters": [{"date": "2021-10-3", "name": "gate_error", "unit": "", "value": 0.00032701499097157827}, {"date": "2021-10-3", "name": "gate_length", "unit": "ns", "value": 35.55555555555556}], "name": "id6"}, {"qubits": [0], "gate": "rz", "parameters": [{"date": "2021-10-3", "name": "gate_error", "unit": "", "value": 0}, {"date": "2021-10-3", "name": "gate_length", "unit": "ns", "value": 0}], "name": "rz0"}, {"qubits": [1], "gate": "rz", "parameters": [{"date": "2021-10-3", "name": "gate_error", "unit": "", "value": 0}, {"date": "2021-10-3", "name": "gate_length", "unit": "ns", "value": 0}], "name": "rz1"}, {"qubits": [2], "gate": "rz", "parameters": [{"date": "2021-10-3", "name": "gate_error", "unit": "", "value": 0}, {"date": "2021-10-3", "name": "gate_length", "unit": "ns", "value": 0}], "name": "rz2"}, {"qubits": [3], "gate": "rz", "parameters": [{"date": "2021-10-3", "name": "gate_error", "unit": "", "value": 0}, {"date": "2021-10-3", "name": "gate_length", "unit": "ns", "value": 0}], "name": "rz3"}, {"qubits": [4], "gate": "rz", "parameters": [{"date": "2021-10-3", "name": "gate_error", "unit": "", "value": 0}, {"date": "2021-10-3", "name": "gate_length", "unit": "ns", "value": 0}], "name": "rz4"}, {"qubits": [5], "gate": "rz", "parameters": [{"date": "2021-10-3", "name": "gate_error", "unit": "", "value": 0}, {"date": "2021-10-3", "name": "gate_length", "unit": "ns", "value": 0}], "name": "rz5"}, {"qubits": [6], "gate": "rz", "parameters": [{"date": "2021-10-3", "name": "gate_error", "unit": "", "value": 0}, {"date": "2021-10-3", "name": "gate_length", "unit": "ns", "value": 0}], "name": "rz6"}, {"qubits": [0], "gate": "sx", "parameters": [{"date": "2021-10-3", "name": "gate_error", "unit": "", "value": 0.00021383491099951125}, {"date": "2021-10-3", "name": "gate_length", "unit": "ns", "value": 35.55555555555556}], "name": "sx0"}, {"qubits": [1], "gate": "sx", "parameters": [{"date": "2021-10-3", "name": "gate_error", "unit": "", "value": 0.00022751435864929966}, {"date": "2021-10-3", "name": "gate_length", "unit": "ns", "value": 35.55555555555556}], "name": "sx1"}, {"qubits": [2], "gate": "sx", "parameters": [{"date": "2021-10-3", "name": "gate_error", "unit": "", "value": 0.0001486977611373345}, {"date": "2021-10-3", "name": "gate_length", "unit": "ns", "value": 35.55555555555556}], "name": "sx2"}, {"qubits": [3], "gate": "sx", "parameters": [{"date": "2021-10-3", "name": "gate_error", "unit": "", "value": 0.000140744200887038}, {"date": "2021-10-3", "name": "gate_length", "unit": "ns", "value": 35.55555555555556}], "name": "sx3"}, {"qubits": [4], "gate": "sx", "parameters": [{"date": "2021-10-3", "name": "gate_error", "unit": "", "value": 0.00017914232460317098}, {"date": "2021-10-3", "name": "gate_length", "unit": "ns", "value": 35.55555555555556}], "name": "sx4"}, {"qubits": [5], "gate": "sx", "parameters": [{"date": "2021-10-3", "name": "gate_error", "unit": "", "value": 0.0002957240760886116}, {"date": "2021-10-3", "name": "gate_length", "unit": "ns", "value": 35.55555555555556}], "name": "sx5"}, {"qubits": [6], "gate": "sx", "parameters": [{"date": "2021-10-3", "name": "gate_error", "unit": "", "value": 0.00032701499097157827}, {"date": "2021-10-3", "name": "gate_length", "unit": "ns", "value": 35.55555555555556}], "name": "sx6"}, {"qubits": [0], "gate": "x", "parameters": [{"date": "2021-10-3", "name": "gate_error", "unit": "", "value": 0.00021383491099951125}, {"date": "2021-10-3", "name": "gate_length", "unit": "ns", "value": 35.55555555555556}], "name": "x0"}, {"qubits": [1], "gate": "x", "parameters": [{"date": "2021-10-3", "name": "gate_error", "unit": "", "value": 0.00022751435864929966}, {"date": "2021-10-3", "name": "gate_length", "unit": "ns", "value": 35.55555555555556}], "name": "x1"}, {"qubits": [2], "gate": "x", "parameters": [{"date": "2021-10-3", "name": "gate_error", "unit": "", "value": 0.0001486977611373345}, {"date": "2021-10-3", "name": "gate_length", "unit": "ns", "value": 35.55555555555556}], "name": "x2"}, {"qubits": [3], "gate": "x", "parameters": [{"date": "2021-10-3", "name": "gate_error", "unit": "", "value": 0.000140744200887038}, {"date": "2021-10-3", "name": "gate_length", "unit": "ns", "value": 35.55555555555556}], "name": "x3"}, {"qubits": [4], "gate": "x", "parameters": [{"date": "2021-10-3", "name": "gate_error", "unit": "", "value": 0.00017914232460317098}, {"date": "2021-10-3", "name": "gate_length", "unit": "ns", "value": 35.55555555555556}], "name": "x4"}, {"qubits": [5], "gate": "x", "parameters": [{"date": "2021-10-3", "name": "gate_error", "unit": "", "value": 0.0002957240760886116}, {"date": "2021-10-3", "name": "gate_length", "unit": "ns", "value": 35.55555555555556}], "name": "x5"}, {"qubits": [6], "gate": "x", "parameters": [{"date": "2021-10-3", "name": "gate_error", "unit": "", "value": 0.00032701499097157827}, {"date": "2021-10-3", "name": "gate_length", "unit": "ns", "value": 35.55555555555556}], "name": "x6"}, {"qubits": [5, 4], "gate": "cx", "parameters": [{"date": "2021-10-3", "name": "gate_error", "unit": "", "value": 0.006754624634215306}, {"date": "2021-9-30", "name": "gate_length", "unit": "ns", "value": 327.1111111111111}], "name": "cx5_4"}, {"qubits": [4, 5], "gate": "cx", "parameters": [{"date": "2021-10-3", "name": "gate_error", "unit": "", "value": 0.006754624634215306}, {"date": "2021-9-30", "name": "gate_length", "unit": "ns", "value": 362.66666666666663}], "name": "cx4_5"}, {"qubits": [3, 1], "gate": "cx", "parameters": [{"date": "2021-10-3", "name": "gate_error", "unit": "", "value": 0.005250141184857171}, {"date": "2021-9-30", "name": "gate_length", "unit": "ns", "value": 298.66666666666663}], "name": "cx3_1"}, {"qubits": [1, 3], "gate": "cx", "parameters": [{"date": "2021-10-3", "name": "gate_error", "unit": "", "value": 0.005250141184857171}, {"date": "2021-9-30", "name": "gate_length", "unit": "ns", "value": 334.22222222222223}], "name": "cx1_3"}, {"qubits": [5, 6], "gate": "cx", "parameters": [{"date": "2021-10-3", "name": "gate_error", "unit": "", "value": 0.006394907218447876}, {"date": "2021-9-30", "name": "gate_length", "unit": "ns", "value": 256}], "name": "cx5_6"}, {"qubits": [6, 5], "gate": "cx", "parameters": [{"date": "2021-10-3", "name": "gate_error", "unit": "", "value": 0.006394907218447876}, {"date": "2021-9-30", "name": "gate_length", "unit": "ns", "value": 291.55555555555554}], "name": "cx6_5"}, {"qubits": [5, 3], "gate": "cx", "parameters": [{"date": "2021-10-3", "name": "gate_error", "unit": "", "value": 0.005273860136849884}, {"date": "2021-9-30", "name": "gate_length", "unit": "ns", "value": 298.66666666666663}], "name": "cx5_3"}, {"qubits": [3, 5], "gate": "cx", "parameters": [{"date": "2021-10-3", "name": "gate_error", "unit": "", "value": 0.005273860136849884}, {"date": "2021-9-30", "name": "gate_length", "unit": "ns", "value": 334.22222222222223}], "name": "cx3_5"}, {"qubits": [2, 1], "gate": "cx", "parameters": [{"date": "2021-10-3", "name": "gate_error", "unit": "", "value": 0.004755833127503106}, {"date": "2021-9-30", "name": "gate_length", "unit": "ns", "value": 291.55555555555554}], "name": "cx2_1"}, {"qubits": [1, 2], "gate": "cx", "parameters": [{"date": "2021-10-3", "name": "gate_error", "unit": "", "value": 0.004755833127503106}, {"date": "2021-9-30", "name": "gate_length", "unit": "ns", "value": 327.1111111111111}], "name": "cx1_2"}, {"qubits": [0, 1], "gate": "cx", "parameters": [{"date": "2021-10-3", "name": "gate_error", "unit": "", "value": 0.009522446760043324}, {"date": "2021-9-30", "name": "gate_length", "unit": "ns", "value": 305.77777777777777}], "name": "cx0_1"}, {"qubits": [1, 0], "gate": "cx", "parameters": [{"date": "2021-10-3", "name": "gate_error", "unit": "", "value": 0.009522446760043324}, {"date": "2021-9-30", "name": "gate_length", "unit": "ns", "value": 341.3333333333333}], "name": "cx1_0"}, {"qubits": [0], "gate": "reset", "parameters": [{"date": "2021-10-3", "name": "gate_length", "unit": "ns", "value": 1002.6666666666666}], "name": "reset0"}, {"qubits": [1], "gate": "reset", "parameters": [{"date": "2021-10-3", "name": "gate_length", "unit": "ns", "value": 1002.6666666666666}], "name": "reset1"}, {"qubits": [2], "gate": "reset", "parameters": [{"date": "2021-10-3", "name": "gate_length", "unit": "ns", "value": 995.5555555555555}], "name": "reset2"}, {"qubits": [3], "gate": "reset", "parameters": [{"date": "2021-10-3", "name": "gate_length", "unit": "ns", "value": 988.4444444444443}], "name": "reset3"}, {"qubits": [4], "gate": "reset", "parameters": [{"date": "2021-10-3", "name": "gate_length", "unit": "ns", "value": 1002.6666666666666}], "name": "reset4"}, {"qubits": [5], "gate": "reset", "parameters": [{"date": "2021-10-3", "name": "gate_length", "unit": "ns", "value": 1002.6666666666666}], "name": "reset5"}, {"qubits": [6], "gate": "reset", "parameters": [{"date": "2021-10-3", "name": "gate_length", "unit": "ns", "value": 988.4444444444443}], "name": "reset6"}], "general": [{"date": "2021-10-3", "name": "jq_01", "unit": "GHz", "value": 0.0017239661070310697}, {"date": "2021-10-3", "name": "zz_01", "unit": "GHz", "value": -4.1551259389276154e-05}, {"date": "2021-10-3", "name": "jq_12", "unit": "GHz", "value": 0.003306427365570105}, {"date": "2021-10-3", "name": "zz_12", "unit": "GHz", "value": -0.00013691896518548322}, {"date": "2021-10-3", "name": "jq_45", "unit": "GHz", "value": 0.0033964931013144256}, {"date": "2021-10-3", "name": "zz_45", "unit": "GHz", "value": -0.00015134337521539932}, {"date": "2021-10-3", "name": "jq_56", "unit": "GHz", "value": 0.0032394441256406383}, {"date": "2021-10-3", "name": "zz_56", "unit": "GHz", "value": -0.0001381127844927418}, {"date": "2021-10-3", "name": "jq_13", "unit": "GHz", "value": 0.003219077603102807}, {"date": "2021-10-3", "name": "zz_13", "unit": "GHz", "value": -0.00013509145307819546}, {"date": "2021-10-3", "name": "jq_35", "unit": "GHz", "value": 0.0023455196332844842}, {"date": "2021-10-3", "name": "zz_35", "unit": "GHz", "value": -9.35336850076191e-05}]}