{"backend_name": "ibm_lagos", "backend_version": "1.0.16", "last_update_date": "2021-11-24", "qubits": [[{"date": "2021-11-24", "name": "T1", "unit": "us", "value": 29.853270179473615}, {"date": "2021-11-24", "name": "T2", "unit": "us", "value": 19.394303095337527}, {"date": "2021-11-24", "name": "frequency", "unit": "GHz", "value": 5.235186609235861}, {"date": "2021-11-24", "name": "anharmonicity", "unit": "GHz", "value": -0.33986713855915607}, {"date": "2021-11-24", "name": "readout_error", "unit": "", "value": 0.014799999999999924}, {"date": "2021-11-24", "name": "prob_meas0_prep1", "unit": "", "value": 0.0144}, {"date": "2021-11-24", "name": "prob_meas1_prep0", "unit": "", "value": 0.015199999999999991}, {"date": "2021-11-24", "name": "readout_length", "unit": "ns", "value": 704}], [{"date": "2021-11-24", "name": "T1", "unit": "us", "value": 94.60352924027367}, {"date": "2021-11-24", "name": "T2", "unit": "us", "value": 128.25314178182688}, {"date": "2021-11-24", "name": "frequency", "unit": "GHz", "value": 5.099581979114771}, {"date": "2021-11-24", "name": "anharmonicity", "unit": "GHz", "value": -0.3432484042938357}, {"date": "2021-11-24", "name": "readout_error", "unit": "", "value": 0.012199999999999989}, {"date": "2021-11-24", "name": "prob_meas0_prep1", "unit": "", "value": 0.015}, {"date": "2021-11-24", "name": "prob_meas1_prep0", "unit": "", "value": 0.009399999999999964}, {"date": "2021-11-24", "name": "readout_length", "unit": "ns", "value": 704}], [{"date": "2021-11-24", "name": "T1", "unit": "us", "value": 173.54753870766953}, {"date": "2021-11-24", "name": "T2", "unit": "us", "value": 182.55572179603885}, {"date": "2021-11-24", "name": "frequency", "unit": "GHz", "value": 5.1882697887501825}, {"date": "2021-11-24", "name": "anharmonicity", "unit": "GHz", "value": -0.3419316690031256}, {"date": "2021-11-24", "name": "readout_error", "unit": "", "value": 0.00649999999999995}, {"date": "2021-11-24", "name": "prob_meas0_prep1", "unit": "", "value": 0.0084}, {"date": "2021-11-24", "name": "prob_meas1_prep0", "unit": "", "value": 0.0046000000000000485}, {"date": "2021-11-24", "name": "readout_length", "unit": "ns", "value": 704}], [{"date": "2021-11-24", "name": "T1", "unit": "us", "value": 115.2772583283889}, {"date": "2021-11-24", "name": "T2", "unit": "us", "value": 114.46826148678598}, {"date": "2021-11-24", "name": "frequency", "unit": "GHz", "value": 4.987484679961891}, {"date": "2021-11-24", "name": "anharmonicity", "unit": "GHz", "value": -0.3452928861203798}, {"date": "2021-11-24", "name": "readout_error", "unit": "", "value": 0.019299999999999984}, {"date": "2021-11-24", "name": "prob_meas0_prep1", "unit": "", "value": 0.0166}, {"date": "2021-11-24", "name": "prob_meas1_prep0", "unit": "", "value": 0.02200000000000002}, {"date": "2021-11-24", "name": "readout_length", "unit": "ns", "value": 704}], [{"date": "2021-11-24", "name": "T1", "unit": "us", "value": 224.77348811365331}, {"date": "2021-11-24", "name": "T2", "unit": "us", "value": 38.59026428381632}, {"date": "2021-11-24", "name": "frequency", "unit": "GHz", "value": 5.285338572003572}, {"date": "2021-11-24", "name": "anharmonicity", "unit": "GHz", "value": -0.3392342674107948}, {"date": "2021-11-24", "name": "readout_error", "unit": "", "value": 0.011900000000000022}, {"date": "2021-11-24", "name": "prob_meas0_prep1", "unit": "", "value": 0.009800000000000031}, {"date": "2021-11-24", "name": "prob_meas1_prep0", "unit": "", "value": 0.014}, {"date": "2021-11-24", "name": "readout_length", "unit": "ns", "value": 704}], [{"date": "2021-11-24", "name": "T1", "unit": "us", "value": 164.06465911755282}, {"date": "2021-11-24", "name": "T2", "unit": "us", "value": 117.3279209666977}, {"date": "2021-11-24", "name": "frequency", "unit": "GHz", "value": 5.176178465444392}, {"date": "2021-11-24", "name": "anharmonicity", "unit": "GHz", "value": -0.34079297245074963}, {"date": "2021-11-24", "name": "readout_error", "unit": "", "value": 0.013000000000000012}, {"date": "2021-11-24", "name": "prob_meas0_prep1", "unit": "", "value": 0.0112}, {"date": "2021-11-24", "name": "prob_meas1_prep0", "unit": "", "value": 0.014800000000000035}, {"date": "2021-11-24", "name": "readout_length", "unit": "ns", "value": 704}], [{"date": "2021-11-24", "name": "T1", "unit": "us", "value": 157.3395846816702}, {"date": "2021-11-24", "name": "T2", "unit": "us", "value": 138.18918317642408}, {"date": "2021-11-24", "name": "frequency", "unit": "GHz", "value": 5.063939088091676}, {"date": "2021-11-24", "name": "anharmonicity", "unit": "GHz", "value": -0.34275836537159754}, {"date": "2021-11-24", "name": "readout_error", "unit": "", "value": 0.03079999999999994}, {"date": "2021-11-24", "name": "prob_meas0_prep1", "unit": "", "value": 0.04620000000000002}, {"date": "2021-11-24", "name": "prob_meas1_prep0", "unit": "", "value": 0.0154}, {"date": "2021-11-24", "name": "readout_length", "unit": "ns", "value": 704}]], "gates": [{"qubits": [0], "gate": "id", "parameters": [{"date": "2021-11-24", "name": "gate_error", "unit": "", "value": 0.00021787884797121884}, {"date": "2021-11-24", "name": "gate_length", "unit": "ns", "value": 35.55555555555556}], "name": "id0"}, {"qubits": [1], "gate": "id", "parameters": [{"date": "2021-11-24", "name": "gate_error", "unit": "", "value": 0.0002229288927153378}, {"date": "2021-11-24", "name": "gate_length", "unit": "ns", "value": 35.55555555555556}], "name": "id1"}, {"qubits": [2], "gate": "id", "parameters": [{"date": "2021-11-24", "name": "gate_error", "unit": "", "value": 0.00013750904699329406}, {"date": "2021-11-24", "name": "gate_length", "unit": "ns", "value": 35.55555555555556}], "name": "id2"}, {"qubits": [3], "gate": "id", "parameters": [{"date": "2021-11-24", "name": "gate_error", "unit": "", "value": 0.0002220394449748412}, {"date": "2021-11-24", "name": "gate_length", "unit": "ns", "value": 35.55555555555556}], "name": "id3"}, {"qubits": [4], "gate": "id", "parameters": [{"date": "2021-11-24", "name": "gate_error", "unit": "", "value": 0.0001955952878466198}, {"date": "2021-11-24", "name": "gate_length", "unit": "ns", "value": 35.55555555555556}], "name": "id4"}, {"qubits": [5], "gate": "id", "parameters": [{"date": "2021-11-24", "name": "gate_error", "unit": "", "value": 0.0001787753933970527}, {"date": "2021-11-24", "name": "gate_length", "unit": "ns", "value": 35.55555555555556}], "name": "id5"}, {"qubits": [6], "gate": "id", "parameters": [{"date": "2021-11-24", "name": "gate_error", "unit": "", "value": 0.0002240505200807552}, {"date": "2021-11-24", "name": "gate_length", "unit": "ns", "value": 35.55555555555556}], "name": "id6"}, {"qubits": [0], "gate": "rz", "parameters": [{"date": "2021-11-24", "name": "gate_error", "unit": "", "value": 0}, {"date": "2021-11-24", "name": "gate_length", "unit": "ns", "value": 0}], "name": "rz0"}, {"qubits": [1], "gate": "rz", "parameters": [{"date": "2021-11-24", "name": "gate_error", "unit": "", "value": 0}, {"date": "2021-11-24", "name": "gate_length", "unit": "ns", "value": 0}], "name": "rz1"}, {"qubits": [2], "gate": "rz", "parameters": [{"date": "2021-11-24", "name": "gate_error", "unit": "", "value": 0}, {"date": "2021-11-24", "name": "gate_length", "unit": "ns", "value": 0}], "name": "rz2"}, {"qubits": [3], "gate": "rz", "parameters": [{"date": "2021-11-24", "name": "gate_error", "unit": "", "value": 0}, {"date": "2021-11-24", "name": "gate_length", "unit": "ns", "value": 0}], "name": "rz3"}, {"qubits": [4], "gate": "rz", "parameters": [{"date": "2021-11-24", "name": "gate_error", "unit": "", "value": 0}, {"date": "2021-11-24", "name": "gate_length", "unit": "ns", "value": 0}], "name": "rz4"}, {"qubits": [5], "gate": "rz", "parameters": [{"date": "2021-11-24", "name": "gate_error", "unit": "", "value": 0}, {"date": "2021-11-24", "name": "gate_length", "unit": "ns", "value": 0}], "name": "rz5"}, {"qubits": [6], "gate": "rz", "parameters": [{"date": "2021-11-24", "name": "gate_error", "unit": "", "value": 0}, {"date": "2021-11-24", "name": "gate_length", "unit": "ns", "value": 0}], "name": "rz6"}, {"qubits": [0], "gate": "sx", "parameters": [{"date": "2021-11-24", "name": "gate_error", "unit": "", "value": 0.00021787884797121884}, {"date": "2021-11-24", "name": "gate_length", "unit": "ns", "value": 35.55555555555556}], "name": "sx0"}, {"qubits": [1], "gate": "sx", "parameters": [{"date": "2021-11-24", "name": "gate_error", "unit": "", "value": 0.0002229288927153378}, {"date": "2021-11-24", "name": "gate_length", "unit": "ns", "value": 35.55555555555556}], "name": "sx1"}, {"qubits": [2], "gate": "sx", "parameters": [{"date": "2021-11-24", "name": "gate_error", "unit": "", "value": 0.00013750904699329406}, {"date": "2021-11-24", "name": "gate_length", "unit": "ns", "value": 35.55555555555556}], "name": "sx2"}, {"qubits": [3], "gate": "sx", "parameters": [{"date": "2021-11-24", "name": "gate_error", "unit": "", "value": 0.0002220394449748412}, {"date": "2021-11-24", "name": "gate_length", "unit": "ns", "value": 35.55555555555556}], "name": "sx3"}, {"qubits": [4], "gate": "sx", "parameters": [{"date": "2021-11-24", "name": "gate_error", "unit": "", "value": 0.0001955952878466198}, {"date": "2021-11-24", "name": "gate_length", "unit": "ns", "value": 35.55555555555556}], "name": "sx4"}, {"qubits": [5], "gate": "sx", "parameters": [{"date": "2021-11-24", "name": "gate_error", "unit": "", "value": 0.0001787753933970527}, {"date": "2021-11-24", "name": "gate_length", "unit": "ns", "value": 35.55555555555556}], "name": "sx5"}, {"qubits": [6], "gate": "sx", "parameters": [{"date": "2021-11-24", "name": "gate_error", "unit": "", "value": 0.0002240505200807552}, {"date": "2021-11-24", "name": "gate_length", "unit": "ns", "value": 35.55555555555556}], "name": "sx6"}, {"qubits": [0], "gate": "x", "parameters": [{"date": "2021-11-24", "name": "gate_error", "unit": "", "value": 0.00021787884797121884}, {"date": "2021-11-24", "name": "gate_length", "unit": "ns", "value": 35.55555555555556}], "name": "x0"}, {"qubits": [1], "gate": "x", "parameters": [{"date": "2021-11-24", "name": "gate_error", "unit": "", "value": 0.0002229288927153378}, {"date": "2021-11-24", "name": "gate_length", "unit": "ns", "value": 35.55555555555556}], "name": "x1"}, {"qubits": [2], "gate": "x", "parameters": [{"date": "2021-11-24", "name": "gate_error", "unit": "", "value": 0.00013750904699329406}, {"date": "2021-11-24", "name": "gate_length", "unit": "ns", "value": 35.55555555555556}], "name": "x2"}, {"qubits": [3], "gate": "x", "parameters": [{"date": "2021-11-24", "name": "gate_error", "unit": "", "value": 0.0002220394449748412}, {"date": "2021-11-24", "name": "gate_length", "unit": "ns", "value": 35.55555555555556}], "name": "x3"}, {"qubits": [4], "gate": "x", "parameters": [{"date": "2021-11-24", "name": "gate_error", "unit": "", "value": 0.0001955952878466198}, {"date": "2021-11-24", "name": "gate_length", "unit": "ns", "value": 35.55555555555556}], "name": "x4"}, {"qubits": [5], "gate": "x", "parameters": [{"date": "2021-11-24", "name": "gate_error", "unit": "", "value": 0.0001787753933970527}, {"date": "2021-11-24", "name": "gate_length", "unit": "ns", "value": 35.55555555555556}], "name": "x5"}, {"qubits": [6], "gate": "x", "parameters": [{"date": "2021-11-24", "name": "gate_error", "unit": "", "value": 0.0002240505200807552}, {"date": "2021-11-24", "name": "gate_length", "unit": "ns", "value": 35.55555555555556}], "name": "x6"}, {"qubits": [5, 4], "gate": "cx", "parameters": [{"date": "2021-11-24", "name": "gate_error", "unit": "", "value": 0.0042645706263665095}, {"date": "2021-11-21", "name": "gate_length", "unit": "ns", "value": 327.1111111111111}], "name": "cx5_4"}, {"qubits": [4, 5], "gate": "cx", "parameters": [{"date": "2021-11-24", "name": "gate_error", "unit": "", "value": 0.0042645706263665095}, {"date": "2021-11-21", "name": "gate_length", "unit": "ns", "value": 362.66666666666663}], "name": "cx4_5"}, {"qubits": [3, 1], "gate": "cx", "parameters": [{"date": "2021-11-24", "name": "gate_error", "unit": "", "value": 0.008712809605524757}, {"date": "2021-11-21", "name": "gate_length", "unit": "ns", "value": 298.66666666666663}], "name": "cx3_1"}, {"qubits": [1, 3], "gate": "cx", "parameters": [{"date": "2021-11-24", "name": "gate_error", "unit": "", "value": 0.008712809605524757}, {"date": "2021-11-21", "name": "gate_length", "unit": "ns", "value": 334.22222222222223}], "name": "cx1_3"}, {"qubits": [5, 6], "gate": "cx", "parameters": [{"date": "2021-11-24", "name": "gate_error", "unit": "", "value": 0.004645591268031185}, {"date": "2021-11-21", "name": "gate_length", "unit": "ns", "value": 256}], "name": "cx5_6"}, {"qubits": [6, 5], "gate": "cx", "parameters": [{"date": "2021-11-24", "name": "gate_error", "unit": "", "value": 0.004645591268031185}, {"date": "2021-11-21", "name": "gate_length", "unit": "ns", "value": 291.55555555555554}], "name": "cx6_5"}, {"qubits": [5, 3], "gate": "cx", "parameters": [{"date": "2021-11-24", "name": "gate_error", "unit": "", "value": 0.008638251901367439}, {"date": "2021-11-21", "name": "gate_length", "unit": "ns", "value": 298.66666666666663}], "name": "cx5_3"}, {"qubits": [3, 5], "gate": "cx", "parameters": [{"date": "2021-11-24", "name": "gate_error", "unit": "", "value": 0.008638251901367439}, {"date": "2021-11-21", "name": "gate_length", "unit": "ns", "value": 334.22222222222223}], "name": "cx3_5"}, {"qubits": [2, 1], "gate": "cx", "parameters": [{"date": "2021-11-24", "name": "gate_error", "unit": "", "value": 0.0057721338013266565}, {"date": "2021-11-21", "name": "gate_length", "unit": "ns", "value": 291.55555555555554}], "name": "cx2_1"}, {"qubits": [1, 2], "gate": "cx", "parameters": [{"date": "2021-11-24", "name": "gate_error", "unit": "", "value": 0.0057721338013266565}, {"date": "2021-11-21", "name": "gate_length", "unit": "ns", "value": 327.1111111111111}], "name": "cx1_2"}, {"qubits": [0, 1], "gate": "cx", "parameters": [{"date": "2021-11-24", "name": "gate_error", "unit": "", "value": 0.006972597754323767}, {"date": "2021-11-21", "name": "gate_length", "unit": "ns", "value": 305.77777777777777}], "name": "cx0_1"}, {"qubits": [1, 0], "gate": "cx", "parameters": [{"date": "2021-11-24", "name": "gate_error", "unit": "", "value": 0.006972597754323767}, {"date": "2021-11-21", "name": "gate_length", "unit": "ns", "value": 341.3333333333333}], "name": "cx1_0"}, {"qubits": [0], "gate": "reset", "parameters": [{"date": "2021-11-24", "name": "gate_length", "unit": "ns", "value": 1002.6666666666666}], "name": "reset0"}, {"qubits": [1], "gate": "reset", "parameters": [{"date": "2021-11-24", "name": "gate_length", "unit": "ns", "value": 1002.6666666666666}], "name": "reset1"}, {"qubits": [2], "gate": "reset", "parameters": [{"date": "2021-11-24", "name": "gate_length", "unit": "ns", "value": 995.5555555555555}], "name": "reset2"}, {"qubits": [3], "gate": "reset", "parameters": [{"date": "2021-11-24", "name": "gate_length", "unit": "ns", "value": 988.4444444444443}], "name": "reset3"}, {"qubits": [4], "gate": "reset", "parameters": [{"date": "2021-11-24", "name": "gate_length", "unit": "ns", "value": 1002.6666666666666}], "name": "reset4"}, {"qubits": [5], "gate": "reset", "parameters": [{"date": "2021-11-24", "name": "gate_length", "unit": "ns", "value": 1002.6666666666666}], "name": "reset5"}, {"qubits": [6], "gate": "reset", "parameters": [{"date": "2021-11-24", "name": "gate_length", "unit": "ns", "value": 988.4444444444443}], "name": "reset6"}], "general": [{"date": "2021-11-24", "name": "jq_01", "unit": "GHz", "value": 0.0017239661070310697}, {"date": "2021-11-24", "name": "zz_01", "unit": "GHz", "value": -4.1551259389276154e-05}, {"date": "2021-11-24", "name": "jq_12", "unit": "GHz", "value": 0.003306427365570105}, {"date": "2021-11-24", "name": "zz_12", "unit": "GHz", "value": -0.00013691896518548322}, {"date": "2021-11-24", "name": "jq_45", "unit": "GHz", "value": 0.0033964931013144256}, {"date": "2021-11-24", "name": "zz_45", "unit": "GHz", "value": -0.00015134337521539932}, {"date": "2021-11-24", "name": "jq_56", "unit": "GHz", "value": 0.0032394441256406383}, {"date": "2021-11-24", "name": "zz_56", "unit": "GHz", "value": -0.0001381127844927418}, {"date": "2021-11-24", "name": "jq_13", "unit": "GHz", "value": 0.003219077603102807}, {"date": "2021-11-24", "name": "zz_13", "unit": "GHz", "value": -0.00013509145307819546}, {"date": "2021-11-24", "name": "jq_35", "unit": "GHz", "value": 0.0023455196332844842}, {"date": "2021-11-24", "name": "zz_35", "unit": "GHz", "value": -9.35336850076191e-05}]}