{"backend_name": "ibm_lagos", "backend_version": "1.0.0", "last_update_date": "2021-7-9", "qubits": [[{"date": "2021-7-9", "name": "T1", "unit": "us", "value": 72.48932734872956}, {"date": "2021-7-9", "name": "T2", "unit": "us", "value": 38.462558687765565}, {"date": "2021-7-9", "name": "frequency", "unit": "GHz", "value": 5.235272931060988}, {"date": "2021-7-9", "name": "anharmonicity", "unit": "GHz", "value": -0.33986713855915607}, {"date": "2021-7-9", "name": "readout_error", "unit": "", "value": 0.015000000000000013}, {"date": "2021-7-9", "name": "prob_meas0_prep1", "unit": "", "value": 0.016666666666666666}, {"date": "2021-7-9", "name": "prob_meas1_prep0", "unit": "", "value": 0.013333333333333308}, {"date": "2021-7-9", "name": "readout_length", "unit": "ns", "value": 704}], [{"date": "2021-7-9", "name": "T1", "unit": "us", "value": 122.40121676354748}, {"date": "2021-7-9", "name": "T2", "unit": "us", "value": 116.18476322694478}, {"date": "2021-7-9", "name": "frequency", "unit": "GHz", "value": 5.099343003886462}, {"date": "2021-7-9", "name": "anharmonicity", "unit": "GHz", "value": -0.3432484042938357}, {"date": "2021-7-9", "name": "readout_error", "unit": "", "value": 0.006666666666666599}, {"date": "2021-7-9", "name": "prob_meas0_prep1", "unit": "", "value": 0.013333333333333334}, {"date": "2021-7-9", "name": "prob_meas1_prep0", "unit": "", "value": 0}, {"date": "2021-7-9", "name": "readout_length", "unit": "ns", "value": 704}], [{"date": "2021-7-9", "name": "T1", "unit": "us", "value": 116.08122424810966}, {"date": "2021-7-9", "name": "T2", "unit": "us", "value": 74.41669519667195}, {"date": "2021-7-9", "name": "frequency", "unit": "GHz", "value": 5.187841361350309}, {"date": "2021-7-9", "name": "anharmonicity", "unit": "GHz", "value": -0.3419316690031256}, {"date": "2021-7-9", "name": "readout_error", "unit": "", "value": 0.008333333333333304}, {"date": "2021-7-9", "name": "prob_meas0_prep1", "unit": "", "value": 0.01}, {"date": "2021-7-9", "name": "prob_meas1_prep0", "unit": "", "value": 0.00666666666666671}, {"date": "2021-7-9", "name": "readout_length", "unit": "ns", "value": 704}], [{"date": "2021-7-9", "name": "T1", "unit": "us", "value": 136.50103546037636}, {"date": "2021-7-9", "name": "T2", "unit": "us", "value": 133.60088077035815}, {"date": "2021-7-9", "name": "frequency", "unit": "GHz", "value": 4.986825986383104}, {"date": "2021-7-9", "name": "anharmonicity", "unit": "GHz", "value": -0.3452928861203798}, {"date": "2021-7-9", "name": "readout_error", "unit": "", "value": 0.005600000000000049}, {"date": "2021-7-9", "name": "prob_meas0_prep1", "unit": "", "value": 0.0064}, {"date": "2021-7-9", "name": "prob_meas1_prep0", "unit": "", "value": 0.0048000000000000265}, {"date": "2021-7-9", "name": "readout_length", "unit": "ns", "value": 704}], [{"date": "2021-7-9", "name": "T1", "unit": "us", "value": 130.2963463539003}, {"date": "2021-7-9", "name": "T2", "unit": "us", "value": 32.64906950747187}, {"date": "2021-7-9", "name": "frequency", "unit": "GHz", "value": 5.2852805278091175}, {"date": "2021-7-9", "name": "anharmonicity", "unit": "GHz", "value": -0.3392342674107948}, {"date": "2021-7-9", "name": "readout_error", "unit": "", "value": 0.009099999999999997}, {"date": "2021-7-9", "name": "prob_meas0_prep1", "unit": "", "value": 0.009800000000000031}, {"date": "2021-7-9", "name": "prob_meas1_prep0", "unit": "", "value": 0.0084}, {"date": "2021-7-9", "name": "readout_length", "unit": "ns", "value": 704}], [{"date": "2021-7-9", "name": "T1", "unit": "us", "value": 118.5664504159606}, {"date": "2021-7-9", "name": "T2", "unit": "us", "value": 83.43527177451017}, {"date": "2021-7-9", "name": "frequency", "unit": "GHz", "value": 5.176854153850186}, {"date": "2021-7-9", "name": "anharmonicity", "unit": "GHz", "value": -0.34079297245074963}, {"date": "2021-7-9", "name": "readout_error", "unit": "", "value": 0.010299999999999976}, {"date": "2021-7-9", "name": "prob_meas0_prep1", "unit": "", "value": 0.0104}, {"date": "2021-7-9", "name": "prob_meas1_prep0", "unit": "", "value": 0.010199999999999987}, {"date": "2021-7-9", "name": "readout_length", "unit": "ns", "value": 704}], [{"date": "2021-7-9", "name": "T1", "unit": "us", "value": 181.48237360939277}, {"date": "2021-7-9", "name": "T2", "unit": "us", "value": 137.0002824075729}, {"date": "2021-7-9", "name": "frequency", "unit": "GHz", "value": 5.064104042051134}, {"date": "2021-7-9", "name": "anharmonicity", "unit": "GHz", "value": -0.34275836537159754}, {"date": "2021-7-9", "name": "readout_error", "unit": "", "value": 0.006099999999999994}, {"date": "2021-7-9", "name": "prob_meas0_prep1", "unit": "", "value": 0.0066}, {"date": "2021-7-9", "name": "prob_meas1_prep0", "unit": "", "value": 0.005600000000000049}, {"date": "2021-7-9", "name": "readout_length", "unit": "ns", "value": 704}]], "gates": [{"qubits": [0], "gate": "id", "parameters": [{"date": "2021-7-9", "name": "gate_error", "unit": "", "value": 0.00029315232247263646}, {"date": "2021-7-9", "name": "gate_length", "unit": "ns", "value": 35.55555555555556}], "name": "id0"}, {"qubits": [1], "gate": "id", "parameters": [{"date": "2021-7-9", "name": "gate_error", "unit": "", "value": 0.00018834893708685995}, {"date": "2021-7-9", "name": "gate_length", "unit": "ns", "value": 35.55555555555556}], "name": "id1"}, {"qubits": [2], "gate": "id", "parameters": [{"date": "2021-7-9", "name": "gate_error", "unit": "", "value": 0.0001820680174294424}, {"date": "2021-7-9", "name": "gate_length", "unit": "ns", "value": 35.55555555555556}], "name": "id2"}, {"qubits": [3], "gate": "id", "parameters": [{"date": "2021-7-9", "name": "gate_error", "unit": "", "value": 0.00018461471766302188}, {"date": "2021-7-9", "name": "gate_length", "unit": "ns", "value": 35.55555555555556}], "name": "id3"}, {"qubits": [4], "gate": "id", "parameters": [{"date": "2021-7-9", "name": "gate_error", "unit": "", "value": 0.0002435817845340607}, {"date": "2021-7-9", "name": "gate_length", "unit": "ns", "value": 35.55555555555556}], "name": "id4"}, {"qubits": [5], "gate": "id", "parameters": [{"date": "2021-7-9", "name": "gate_error", "unit": "", "value": 0.00016687654259105235}, {"date": "2021-7-9", "name": "gate_length", "unit": "ns", "value": 35.55555555555556}], "name": "id5"}, {"qubits": [6], "gate": "id", "parameters": [{"date": "2021-7-9", "name": "gate_error", "unit": "", "value": 0.00015628718318978495}, {"date": "2021-7-9", "name": "gate_length", "unit": "ns", "value": 35.55555555555556}], "name": "id6"}, {"qubits": [0], "gate": "rz", "parameters": [{"date": "2021-7-9", "name": "gate_error", "unit": "", "value": 0}, {"date": "2021-7-9", "name": "gate_length", "unit": "ns", "value": 0}], "name": "rz0"}, {"qubits": [1], "gate": "rz", "parameters": [{"date": "2021-7-9", "name": "gate_error", "unit": "", "value": 0}, {"date": "2021-7-9", "name": "gate_length", "unit": "ns", "value": 0}], "name": "rz1"}, {"qubits": [2], "gate": "rz", "parameters": [{"date": "2021-7-9", "name": "gate_error", "unit": "", "value": 0}, {"date": "2021-7-9", "name": "gate_length", "unit": "ns", "value": 0}], "name": "rz2"}, {"qubits": [3], "gate": "rz", "parameters": [{"date": "2021-7-9", "name": "gate_error", "unit": "", "value": 0}, {"date": "2021-7-9", "name": "gate_length", "unit": "ns", "value": 0}], "name": "rz3"}, {"qubits": [4], "gate": "rz", "parameters": [{"date": "2021-7-9", "name": "gate_error", "unit": "", "value": 0}, {"date": "2021-7-9", "name": "gate_length", "unit": "ns", "value": 0}], "name": "rz4"}, {"qubits": [5], "gate": "rz", "parameters": [{"date": "2021-7-9", "name": "gate_error", "unit": "", "value": 0}, {"date": "2021-7-9", "name": "gate_length", "unit": "ns", "value": 0}], "name": "rz5"}, {"qubits": [6], "gate": "rz", "parameters": [{"date": "2021-7-9", "name": "gate_error", "unit": "", "value": 0}, {"date": "2021-7-9", "name": "gate_length", "unit": "ns", "value": 0}], "name": "rz6"}, {"qubits": [0], "gate": "sx", "parameters": [{"date": "2021-7-9", "name": "gate_error", "unit": "", "value": 0.00029315232247263646}, {"date": "2021-7-9", "name": "gate_length", "unit": "ns", "value": 35.55555555555556}], "name": "sx0"}, {"qubits": [1], "gate": "sx", "parameters": [{"date": "2021-7-9", "name": "gate_error", "unit": "", "value": 0.00018834893708685995}, {"date": "2021-7-9", "name": "gate_length", "unit": "ns", "value": 35.55555555555556}], "name": "sx1"}, {"qubits": [2], "gate": "sx", "parameters": [{"date": "2021-7-9", "name": "gate_error", "unit": "", "value": 0.0001820680174294424}, {"date": "2021-7-9", "name": "gate_length", "unit": "ns", "value": 35.55555555555556}], "name": "sx2"}, {"qubits": [3], "gate": "sx", "parameters": [{"date": "2021-7-9", "name": "gate_error", "unit": "", "value": 0.00018461471766302188}, {"date": "2021-7-9", "name": "gate_length", "unit": "ns", "value": 35.55555555555556}], "name": "sx3"}, {"qubits": [4], "gate": "sx", "parameters": [{"date": "2021-7-9", "name": "gate_error", "unit": "", "value": 0.0002435817845340607}, {"date": "2021-7-9", "name": "gate_length", "unit": "ns", "value": 35.55555555555556}], "name": "sx4"}, {"qubits": [5], "gate": "sx", "parameters": [{"date": "2021-7-9", "name": "gate_error", "unit": "", "value": 0.00016687654259105235}, {"date": "2021-7-9", "name": "gate_length", "unit": "ns", "value": 35.55555555555556}], "name": "sx5"}, {"qubits": [6], "gate": "sx", "parameters": [{"date": "2021-7-9", "name": "gate_error", "unit": "", "value": 0.00015628718318978495}, {"date": "2021-7-9", "name": "gate_length", "unit": "ns", "value": 35.55555555555556}], "name": "sx6"}, {"qubits": [0], "gate": "x", "parameters": [{"date": "2021-7-9", "name": "gate_error", "unit": "", "value": 0.00029315232247263646}, {"date": "2021-7-9", "name": "gate_length", "unit": "ns", "value": 35.55555555555556}], "name": "x0"}, {"qubits": [1], "gate": "x", "parameters": [{"date": "2021-7-9", "name": "gate_error", "unit": "", "value": 0.00018834893708685995}, {"date": "2021-7-9", "name": "gate_length", "unit": "ns", "value": 35.55555555555556}], "name": "x1"}, {"qubits": [2], "gate": "x", "parameters": [{"date": "2021-7-9", "name": "gate_error", "unit": "", "value": 0.0001820680174294424}, {"date": "2021-7-9", "name": "gate_length", "unit": "ns", "value": 35.55555555555556}], "name": "x2"}, {"qubits": [3], "gate": "x", "parameters": [{"date": "2021-7-9", "name": "gate_error", "unit": "", "value": 0.00018461471766302188}, {"date": "2021-7-9", "name": "gate_length", "unit": "ns", "value": 35.55555555555556}], "name": "x3"}, {"qubits": [4], "gate": "x", "parameters": [{"date": "2021-7-9", "name": "gate_error", "unit": "", "value": 0.0002435817845340607}, {"date": "2021-7-9", "name": "gate_length", "unit": "ns", "value": 35.55555555555556}], "name": "x4"}, {"qubits": [5], "gate": "x", "parameters": [{"date": "2021-7-9", "name": "gate_error", "unit": "", "value": 0.00016687654259105235}, {"date": "2021-7-9", "name": "gate_length", "unit": "ns", "value": 35.55555555555556}], "name": "x5"}, {"qubits": [6], "gate": "x", "parameters": [{"date": "2021-7-9", "name": "gate_error", "unit": "", "value": 0.00015628718318978495}, {"date": "2021-7-9", "name": "gate_length", "unit": "ns", "value": 35.55555555555556}], "name": "x6"}, {"qubits": [5, 4], "gate": "cx", "parameters": [{"date": "2021-7-9", "name": "gate_error", "unit": "", "value": 0.005303646230375825}, {"date": "2021-7-6", "name": "gate_length", "unit": "ns", "value": 327.1111111111111}], "name": "cx5_4"}, {"qubits": [4, 5], "gate": "cx", "parameters": [{"date": "2021-7-9", "name": "gate_error", "unit": "", "value": 0.005303646230375825}, {"date": "2021-7-6", "name": "gate_length", "unit": "ns", "value": 362.66666666666663}], "name": "cx4_5"}, {"qubits": [3, 1], "gate": "cx", "parameters": [{"date": "2021-7-9", "name": "gate_error", "unit": "", "value": 0.006007742326621851}, {"date": "2021-7-6", "name": "gate_length", "unit": "ns", "value": 298.66666666666663}], "name": "cx3_1"}, {"qubits": [1, 3], "gate": "cx", "parameters": [{"date": "2021-7-9", "name": "gate_error", "unit": "", "value": 0.006007742326621851}, {"date": "2021-7-6", "name": "gate_length", "unit": "ns", "value": 334.22222222222223}], "name": "cx1_3"}, {"qubits": [5, 6], "gate": "cx", "parameters": [{"date": "2021-7-9", "name": "gate_error", "unit": "", "value": 0.003748486875275292}, {"date": "2021-7-6", "name": "gate_length", "unit": "ns", "value": 256}], "name": "cx5_6"}, {"qubits": [6, 5], "gate": "cx", "parameters": [{"date": "2021-7-9", "name": "gate_error", "unit": "", "value": 0.003748486875275292}, {"date": "2021-7-6", "name": "gate_length", "unit": "ns", "value": 291.55555555555554}], "name": "cx6_5"}, {"qubits": [5, 3], "gate": "cx", "parameters": [{"date": "2021-7-9", "name": "gate_error", "unit": "", "value": 0.004259457926094085}, {"date": "2021-7-6", "name": "gate_length", "unit": "ns", "value": 298.66666666666663}], "name": "cx5_3"}, {"qubits": [3, 5], "gate": "cx", "parameters": [{"date": "2021-7-9", "name": "gate_error", "unit": "", "value": 0.004259457926094085}, {"date": "2021-7-6", "name": "gate_length", "unit": "ns", "value": 334.22222222222223}], "name": "cx3_5"}, {"qubits": [2, 1], "gate": "cx", "parameters": [{"date": "2021-7-9", "name": "gate_error", "unit": "", "value": 0.004575675103700272}, {"date": "2021-7-6", "name": "gate_length", "unit": "ns", "value": 291.55555555555554}], "name": "cx2_1"}, {"qubits": [1, 2], "gate": "cx", "parameters": [{"date": "2021-7-9", "name": "gate_error", "unit": "", "value": 0.004575675103700272}, {"date": "2021-7-6", "name": "gate_length", "unit": "ns", "value": 327.1111111111111}], "name": "cx1_2"}, {"qubits": [0, 1], "gate": "cx", "parameters": [{"date": "2021-7-9", "name": "gate_error", "unit": "", "value": 0.007891375425824104}, {"date": "2021-7-6", "name": "gate_length", "unit": "ns", "value": 305.77777777777777}], "name": "cx0_1"}, {"qubits": [1, 0], "gate": "cx", "parameters": [{"date": "2021-7-9", "name": "gate_error", "unit": "", "value": 0.007891375425824104}, {"date": "2021-7-6", "name": "gate_length", "unit": "ns", "value": 341.3333333333333}], "name": "cx1_0"}, {"qubits": [0], "gate": "reset", "parameters": [{"date": "2021-7-9", "name": "gate_length", "unit": "ns", "value": 1002.6666666666666}], "name": "reset0"}, {"qubits": [1], "gate": "reset", "parameters": [{"date": "2021-7-9", "name": "gate_length", "unit": "ns", "value": 1002.6666666666666}], "name": "reset1"}, {"qubits": [2], "gate": "reset", "parameters": [{"date": "2021-7-9", "name": "gate_length", "unit": "ns", "value": 995.5555555555555}], "name": "reset2"}, {"qubits": [3], "gate": "reset", "parameters": [{"date": "2021-7-9", "name": "gate_length", "unit": "ns", "value": 988.4444444444443}], "name": "reset3"}, {"qubits": [4], "gate": "reset", "parameters": [{"date": "2021-7-9", "name": "gate_length", "unit": "ns", "value": 1002.6666666666666}], "name": "reset4"}, {"qubits": [5], "gate": "reset", "parameters": [{"date": "2021-7-9", "name": "gate_length", "unit": "ns", "value": 1002.6666666666666}], "name": "reset5"}, {"qubits": [6], "gate": "reset", "parameters": [{"date": "2021-7-9", "name": "gate_length", "unit": "ns", "value": 988.4444444444443}], "name": "reset6"}], "general": [{"date": "2021-7-9", "name": "jq_01", "unit": "GHz", "value": 0.0017239661070310697}, {"date": "2021-7-9", "name": "zz_01", "unit": "GHz", "value": -4.1551259389276154e-05}, {"date": "2021-7-9", "name": "jq_12", "unit": "GHz", "value": 0.003306427365570105}, {"date": "2021-7-9", "name": "zz_12", "unit": "GHz", "value": -0.00013691896518548322}, {"date": "2021-7-9", "name": "jq_45", "unit": "GHz", "value": 0.0033964931013144256}, {"date": "2021-7-9", "name": "zz_45", "unit": "GHz", "value": -0.00015134337521539932}, {"date": "2021-7-9", "name": "jq_56", "unit": "GHz", "value": 0.0032394441256406383}, {"date": "2021-7-9", "name": "zz_56", "unit": "GHz", "value": -0.0001381127844927418}, {"date": "2021-7-9", "name": "jq_13", "unit": "GHz", "value": 0.003219077603102807}, {"date": "2021-7-9", "name": "zz_13", "unit": "GHz", "value": -0.00013509145307819546}, {"date": "2021-7-9", "name": "jq_35", "unit": "GHz", "value": 0.0023455196332844842}, {"date": "2021-7-9", "name": "zz_35", "unit": "GHz", "value": -9.35336850076191e-05}]}