{"backend_name": "ibm_lagos", "backend_version": "1.0.18", "last_update_date": "2021-12-19", "qubits": [[{"date": "2021-12-19", "name": "T1", "unit": "us", "value": 72.87711582387541}, {"date": "2021-12-19", "name": "T2", "unit": "us", "value": 53.58460042352916}, {"date": "2021-12-19", "name": "frequency", "unit": "GHz", "value": 5.235182355712037}, {"date": "2021-12-19", "name": "anharmonicity", "unit": "GHz", "value": -0.33986713855915607}, {"date": "2021-12-19", "name": "readout_error", "unit": "", "value": 0.019400000000000084}, {"date": "2021-12-19", "name": "prob_meas0_prep1", "unit": "", "value": 0.027}, {"date": "2021-12-19", "name": "prob_meas1_prep0", "unit": "", "value": 0.011800000000000033}, {"date": "2021-12-19", "name": "readout_length", "unit": "ns", "value": 704}], [{"date": "2021-12-19", "name": "T1", "unit": "us", "value": 122.34747836338555}, {"date": "2021-12-19", "name": "T2", "unit": "us", "value": 63.25758986745001}, {"date": "2021-12-19", "name": "frequency", "unit": "GHz", "value": 5.099604179030284}, {"date": "2021-12-19", "name": "anharmonicity", "unit": "GHz", "value": -0.3432484042938357}, {"date": "2021-12-19", "name": "readout_error", "unit": "", "value": 0.009400000000000075}, {"date": "2021-12-19", "name": "prob_meas0_prep1", "unit": "", "value": 0.0092}, {"date": "2021-12-19", "name": "prob_meas1_prep0", "unit": "", "value": 0.009600000000000053}, {"date": "2021-12-19", "name": "readout_length", "unit": "ns", "value": 704}], [{"date": "2021-12-19", "name": "T1", "unit": "us", "value": 97.43346199520764}, {"date": "2021-12-19", "name": "T2", "unit": "us", "value": 119.57208274130139}, {"date": "2021-12-19", "name": "frequency", "unit": "GHz", "value": 5.188393921934601}, {"date": "2021-12-19", "name": "anharmonicity", "unit": "GHz", "value": -0.3419316690031256}, {"date": "2021-12-19", "name": "readout_error", "unit": "", "value": 0.01529999999999998}, {"date": "2021-12-19", "name": "prob_meas0_prep1", "unit": "", "value": 0.0146}, {"date": "2021-12-19", "name": "prob_meas1_prep0", "unit": "", "value": 0.016000000000000014}, {"date": "2021-12-19", "name": "readout_length", "unit": "ns", "value": 704}], [{"date": "2021-12-19", "name": "T1", "unit": "us", "value": 188.69634511279466}, {"date": "2021-12-19", "name": "T2", "unit": "us", "value": 154.07979904774643}, {"date": "2021-12-19", "name": "frequency", "unit": "GHz", "value": 4.987467149557619}, {"date": "2021-12-19", "name": "anharmonicity", "unit": "GHz", "value": -0.3452928861203798}, {"date": "2021-12-19", "name": "readout_error", "unit": "", "value": 0.021700000000000053}, {"date": "2021-12-19", "name": "prob_meas0_prep1", "unit": "", "value": 0.0286}, {"date": "2021-12-19", "name": "prob_meas1_prep0", "unit": "", "value": 0.014800000000000035}, {"date": "2021-12-19", "name": "readout_length", "unit": "ns", "value": 704}], [{"date": "2021-12-19", "name": "T1", "unit": "us", "value": 161.84222049331328}, {"date": "2021-12-19", "name": "T2", "unit": "us", "value": 35.53461757304263}, {"date": "2021-12-19", "name": "frequency", "unit": "GHz", "value": 5.285338449576328}, {"date": "2021-12-19", "name": "anharmonicity", "unit": "GHz", "value": -0.3392342674107948}, {"date": "2021-12-19", "name": "readout_error", "unit": "", "value": 0.014899999999999913}, {"date": "2021-12-19", "name": "prob_meas0_prep1", "unit": "", "value": 0.013599999999999945}, {"date": "2021-12-19", "name": "prob_meas1_prep0", "unit": "", "value": 0.0162}, {"date": "2021-12-19", "name": "readout_length", "unit": "ns", "value": 704}], [{"date": "2021-12-19", "name": "T1", "unit": "us", "value": 177.60408817393625}, {"date": "2021-12-19", "name": "T2", "unit": "us", "value": 89.2739405489442}, {"date": "2021-12-19", "name": "frequency", "unit": "GHz", "value": 5.176178371330592}, {"date": "2021-12-19", "name": "anharmonicity", "unit": "GHz", "value": -0.34079297245074963}, {"date": "2021-12-19", "name": "readout_error", "unit": "", "value": 0.009600000000000053}, {"date": "2021-12-19", "name": "prob_meas0_prep1", "unit": "", "value": 0.01}, {"date": "2021-12-19", "name": "prob_meas1_prep0", "unit": "", "value": 0.009199999999999986}, {"date": "2021-12-19", "name": "readout_length", "unit": "ns", "value": 704}], [{"date": "2021-12-19", "name": "T1", "unit": "us", "value": 93.702063444839}, {"date": "2021-12-19", "name": "T2", "unit": "us", "value": 122.6918141885488}, {"date": "2021-12-19", "name": "frequency", "unit": "GHz", "value": 5.063934078097238}, {"date": "2021-12-19", "name": "anharmonicity", "unit": "GHz", "value": -0.34275836537159754}, {"date": "2021-12-19", "name": "readout_error", "unit": "", "value": 0.010000000000000009}, {"date": "2021-12-19", "name": "prob_meas0_prep1", "unit": "", "value": 0.013800000000000034}, {"date": "2021-12-19", "name": "prob_meas1_prep0", "unit": "", "value": 0.0062}, {"date": "2021-12-19", "name": "readout_length", "unit": "ns", "value": 704}]], "gates": [{"qubits": [0], "gate": "id", "parameters": [{"date": "2021-12-19", "name": "gate_error", "unit": "", "value": 0.00029666739021090116}, {"date": "2021-12-19", "name": "gate_length", "unit": "ns", "value": 35.55555555555556}], "name": "id0"}, {"qubits": [1], "gate": "id", "parameters": [{"date": "2021-12-19", "name": "gate_error", "unit": "", "value": 0.00025948808232585907}, {"date": "2021-12-19", "name": "gate_length", "unit": "ns", "value": 35.55555555555556}], "name": "id1"}, {"qubits": [2], "gate": "id", "parameters": [{"date": "2021-12-19", "name": "gate_error", "unit": "", "value": 0.00021086290406182253}, {"date": "2021-12-19", "name": "gate_length", "unit": "ns", "value": 35.55555555555556}], "name": "id2"}, {"qubits": [3], "gate": "id", "parameters": [{"date": "2021-12-19", "name": "gate_error", "unit": "", "value": 0.0005809517048721183}, {"date": "2021-12-19", "name": "gate_length", "unit": "ns", "value": 35.55555555555556}], "name": "id3"}, {"qubits": [4], "gate": "id", "parameters": [{"date": "2021-12-19", "name": "gate_error", "unit": "", "value": 0.000362258872029516}, {"date": "2021-12-19", "name": "gate_length", "unit": "ns", "value": 35.55555555555556}], "name": "id4"}, {"qubits": [5], "gate": "id", "parameters": [{"date": "2021-12-19", "name": "gate_error", "unit": "", "value": 0.000176150517137}, {"date": "2021-12-19", "name": "gate_length", "unit": "ns", "value": 35.55555555555556}], "name": "id5"}, {"qubits": [6], "gate": "id", "parameters": [{"date": "2021-12-19", "name": "gate_error", "unit": "", "value": 0.0001879625686358502}, {"date": "2021-12-19", "name": "gate_length", "unit": "ns", "value": 35.55555555555556}], "name": "id6"}, {"qubits": [0], "gate": "rz", "parameters": [{"date": "2021-12-19", "name": "gate_error", "unit": "", "value": 0}, {"date": "2021-12-19", "name": "gate_length", "unit": "ns", "value": 0}], "name": "rz0"}, {"qubits": [1], "gate": "rz", "parameters": [{"date": "2021-12-19", "name": "gate_error", "unit": "", "value": 0}, {"date": "2021-12-19", "name": "gate_length", "unit": "ns", "value": 0}], "name": "rz1"}, {"qubits": [2], "gate": "rz", "parameters": [{"date": "2021-12-19", "name": "gate_error", "unit": "", "value": 0}, {"date": "2021-12-19", "name": "gate_length", "unit": "ns", "value": 0}], "name": "rz2"}, {"qubits": [3], "gate": "rz", "parameters": [{"date": "2021-12-19", "name": "gate_error", "unit": "", "value": 0}, {"date": "2021-12-19", "name": "gate_length", "unit": "ns", "value": 0}], "name": "rz3"}, {"qubits": [4], "gate": "rz", "parameters": [{"date": "2021-12-19", "name": "gate_error", "unit": "", "value": 0}, {"date": "2021-12-19", "name": "gate_length", "unit": "ns", "value": 0}], "name": "rz4"}, {"qubits": [5], "gate": "rz", "parameters": [{"date": "2021-12-19", "name": "gate_error", "unit": "", "value": 0}, {"date": "2021-12-19", "name": "gate_length", "unit": "ns", "value": 0}], "name": "rz5"}, {"qubits": [6], "gate": "rz", "parameters": [{"date": "2021-12-19", "name": "gate_error", "unit": "", "value": 0}, {"date": "2021-12-19", "name": "gate_length", "unit": "ns", "value": 0}], "name": "rz6"}, {"qubits": [0], "gate": "sx", "parameters": [{"date": "2021-12-19", "name": "gate_error", "unit": "", "value": 0.00029666739021090116}, {"date": "2021-12-19", "name": "gate_length", "unit": "ns", "value": 35.55555555555556}], "name": "sx0"}, {"qubits": [1], "gate": "sx", "parameters": [{"date": "2021-12-19", "name": "gate_error", "unit": "", "value": 0.00025948808232585907}, {"date": "2021-12-19", "name": "gate_length", "unit": "ns", "value": 35.55555555555556}], "name": "sx1"}, {"qubits": [2], "gate": "sx", "parameters": [{"date": "2021-12-19", "name": "gate_error", "unit": "", "value": 0.00021086290406182253}, {"date": "2021-12-19", "name": "gate_length", "unit": "ns", "value": 35.55555555555556}], "name": "sx2"}, {"qubits": [3], "gate": "sx", "parameters": [{"date": "2021-12-19", "name": "gate_error", "unit": "", "value": 0.0005809517048721183}, {"date": "2021-12-19", "name": "gate_length", "unit": "ns", "value": 35.55555555555556}], "name": "sx3"}, {"qubits": [4], "gate": "sx", "parameters": [{"date": "2021-12-19", "name": "gate_error", "unit": "", "value": 0.000362258872029516}, {"date": "2021-12-19", "name": "gate_length", "unit": "ns", "value": 35.55555555555556}], "name": "sx4"}, {"qubits": [5], "gate": "sx", "parameters": [{"date": "2021-12-19", "name": "gate_error", "unit": "", "value": 0.000176150517137}, {"date": "2021-12-19", "name": "gate_length", "unit": "ns", "value": 35.55555555555556}], "name": "sx5"}, {"qubits": [6], "gate": "sx", "parameters": [{"date": "2021-12-19", "name": "gate_error", "unit": "", "value": 0.0001879625686358502}, {"date": "2021-12-19", "name": "gate_length", "unit": "ns", "value": 35.55555555555556}], "name": "sx6"}, {"qubits": [0], "gate": "x", "parameters": [{"date": "2021-12-19", "name": "gate_error", "unit": "", "value": 0.00029666739021090116}, {"date": "2021-12-19", "name": "gate_length", "unit": "ns", "value": 35.55555555555556}], "name": "x0"}, {"qubits": [1], "gate": "x", "parameters": [{"date": "2021-12-19", "name": "gate_error", "unit": "", "value": 0.00025948808232585907}, {"date": "2021-12-19", "name": "gate_length", "unit": "ns", "value": 35.55555555555556}], "name": "x1"}, {"qubits": [2], "gate": "x", "parameters": [{"date": "2021-12-19", "name": "gate_error", "unit": "", "value": 0.00021086290406182253}, {"date": "2021-12-19", "name": "gate_length", "unit": "ns", "value": 35.55555555555556}], "name": "x2"}, {"qubits": [3], "gate": "x", "parameters": [{"date": "2021-12-19", "name": "gate_error", "unit": "", "value": 0.0005809517048721183}, {"date": "2021-12-19", "name": "gate_length", "unit": "ns", "value": 35.55555555555556}], "name": "x3"}, {"qubits": [4], "gate": "x", "parameters": [{"date": "2021-12-19", "name": "gate_error", "unit": "", "value": 0.000362258872029516}, {"date": "2021-12-19", "name": "gate_length", "unit": "ns", "value": 35.55555555555556}], "name": "x4"}, {"qubits": [5], "gate": "x", "parameters": [{"date": "2021-12-19", "name": "gate_error", "unit": "", "value": 0.000176150517137}, {"date": "2021-12-19", "name": "gate_length", "unit": "ns", "value": 35.55555555555556}], "name": "x5"}, {"qubits": [6], "gate": "x", "parameters": [{"date": "2021-12-19", "name": "gate_error", "unit": "", "value": 0.0001879625686358502}, {"date": "2021-12-19", "name": "gate_length", "unit": "ns", "value": 35.55555555555556}], "name": "x6"}, {"qubits": [5, 4], "gate": "cx", "parameters": [{"date": "2021-12-19", "name": "gate_error", "unit": "", "value": 0.0067939237967829524}, {"date": "2021-12-16", "name": "gate_length", "unit": "ns", "value": 327.1111111111111}], "name": "cx5_4"}, {"qubits": [4, 5], "gate": "cx", "parameters": [{"date": "2021-12-19", "name": "gate_error", "unit": "", "value": 0.0067939237967829524}, {"date": "2021-12-16", "name": "gate_length", "unit": "ns", "value": 362.66666666666663}], "name": "cx4_5"}, {"qubits": [3, 1], "gate": "cx", "parameters": [{"date": "2021-12-19", "name": "gate_error", "unit": "", "value": 0.00879469102678948}, {"date": "2021-12-16", "name": "gate_length", "unit": "ns", "value": 298.66666666666663}], "name": "cx3_1"}, {"qubits": [1, 3], "gate": "cx", "parameters": [{"date": "2021-12-19", "name": "gate_error", "unit": "", "value": 0.00879469102678948}, {"date": "2021-12-16", "name": "gate_length", "unit": "ns", "value": 334.22222222222223}], "name": "cx1_3"}, {"qubits": [5, 6], "gate": "cx", "parameters": [{"date": "2021-12-19", "name": "gate_error", "unit": "", "value": 0.0052879085913194734}, {"date": "2021-12-16", "name": "gate_length", "unit": "ns", "value": 256}], "name": "cx5_6"}, {"qubits": [6, 5], "gate": "cx", "parameters": [{"date": "2021-12-19", "name": "gate_error", "unit": "", "value": 0.0052879085913194734}, {"date": "2021-12-16", "name": "gate_length", "unit": "ns", "value": 291.55555555555554}], "name": "cx6_5"}, {"qubits": [5, 3], "gate": "cx", "parameters": [{"date": "2021-12-19", "name": "gate_error", "unit": "", "value": 0.010708930428933228}, {"date": "2021-12-16", "name": "gate_length", "unit": "ns", "value": 298.66666666666663}], "name": "cx5_3"}, {"qubits": [3, 5], "gate": "cx", "parameters": [{"date": "2021-12-19", "name": "gate_error", "unit": "", "value": 0.010708930428933228}, {"date": "2021-12-16", "name": "gate_length", "unit": "ns", "value": 334.22222222222223}], "name": "cx3_5"}, {"qubits": [2, 1], "gate": "cx", "parameters": [{"date": "2021-12-19", "name": "gate_error", "unit": "", "value": 0.008964987628593046}, {"date": "2021-12-16", "name": "gate_length", "unit": "ns", "value": 291.55555555555554}], "name": "cx2_1"}, {"qubits": [1, 2], "gate": "cx", "parameters": [{"date": "2021-12-19", "name": "gate_error", "unit": "", "value": 0.008964987628593046}, {"date": "2021-12-16", "name": "gate_length", "unit": "ns", "value": 327.1111111111111}], "name": "cx1_2"}, {"qubits": [0, 1], "gate": "cx", "parameters": [{"date": "2021-12-19", "name": "gate_error", "unit": "", "value": 0.010804621784568424}, {"date": "2021-12-16", "name": "gate_length", "unit": "ns", "value": 305.77777777777777}], "name": "cx0_1"}, {"qubits": [1, 0], "gate": "cx", "parameters": [{"date": "2021-12-19", "name": "gate_error", "unit": "", "value": 0.010804621784568424}, {"date": "2021-12-16", "name": "gate_length", "unit": "ns", "value": 341.3333333333333}], "name": "cx1_0"}, {"qubits": [0], "gate": "reset", "parameters": [{"date": "2021-12-19", "name": "gate_length", "unit": "ns", "value": 1002.6666666666666}], "name": "reset0"}, {"qubits": [1], "gate": "reset", "parameters": [{"date": "2021-12-19", "name": "gate_length", "unit": "ns", "value": 1002.6666666666666}], "name": "reset1"}, {"qubits": [2], "gate": "reset", "parameters": [{"date": "2021-12-19", "name": "gate_length", "unit": "ns", "value": 995.5555555555555}], "name": "reset2"}, {"qubits": [3], "gate": "reset", "parameters": [{"date": "2021-12-19", "name": "gate_length", "unit": "ns", "value": 988.4444444444443}], "name": "reset3"}, {"qubits": [4], "gate": "reset", "parameters": [{"date": "2021-12-19", "name": "gate_length", "unit": "ns", "value": 1002.6666666666666}], "name": "reset4"}, {"qubits": [5], "gate": "reset", "parameters": [{"date": "2021-12-19", "name": "gate_length", "unit": "ns", "value": 1002.6666666666666}], "name": "reset5"}, {"qubits": [6], "gate": "reset", "parameters": [{"date": "2021-12-19", "name": "gate_length", "unit": "ns", "value": 988.4444444444443}], "name": "reset6"}], "general": [{"date": "2021-12-19", "name": "jq_01", "unit": "GHz", "value": 0.0017239661070310697}, {"date": "2021-12-19", "name": "zz_01", "unit": "GHz", "value": -4.1551259389276154e-05}, {"date": "2021-12-19", "name": "jq_12", "unit": "GHz", "value": 0.003306427365570105}, {"date": "2021-12-19", "name": "zz_12", "unit": "GHz", "value": -0.00013691896518548322}, {"date": "2021-12-19", "name": "jq_45", "unit": "GHz", "value": 0.0033964931013144256}, {"date": "2021-12-19", "name": "zz_45", "unit": "GHz", "value": -0.00015134337521539932}, {"date": "2021-12-19", "name": "jq_56", "unit": "GHz", "value": 0.0032394441256406383}, {"date": "2021-12-19", "name": "zz_56", "unit": "GHz", "value": -0.0001381127844927418}, {"date": "2021-12-19", "name": "jq_13", "unit": "GHz", "value": 0.003219077603102807}, {"date": "2021-12-19", "name": "zz_13", "unit": "GHz", "value": -0.00013509145307819546}, {"date": "2021-12-19", "name": "jq_35", "unit": "GHz", "value": 0.0023455196332844842}, {"date": "2021-12-19", "name": "zz_35", "unit": "GHz", "value": -9.35336850076191e-05}]}