{"backend_name": "ibm_lagos", "backend_version": "1.0.6", "last_update_date": "2021-10-6", "qubits": [[{"date": "2021-10-6", "name": "T1", "unit": "us", "value": 82.00802554851823}, {"date": "2021-10-6", "name": "T2", "unit": "us", "value": 37.30088837723079}, {"date": "2021-10-6", "name": "frequency", "unit": "GHz", "value": 5.235414579945857}, {"date": "2021-10-6", "name": "anharmonicity", "unit": "GHz", "value": -0.33986713855915607}, {"date": "2021-10-6", "name": "readout_error", "unit": "", "value": 0.00990000000000002}, {"date": "2021-10-6", "name": "prob_meas0_prep1", "unit": "", "value": 0.012}, {"date": "2021-10-6", "name": "prob_meas1_prep0", "unit": "", "value": 0.007800000000000029}, {"date": "2021-10-6", "name": "readout_length", "unit": "ns", "value": 704}], [{"date": "2021-10-6", "name": "T1", "unit": "us", "value": 63.74179986097112}, {"date": "2021-10-6", "name": "T2", "unit": "us", "value": 30.41895502981157}, {"date": "2021-10-6", "name": "frequency", "unit": "GHz", "value": 5.099413232810424}, {"date": "2021-10-6", "name": "anharmonicity", "unit": "GHz", "value": -0.3432484042938357}, {"date": "2021-10-6", "name": "readout_error", "unit": "", "value": 0.008333333333333304}, {"date": "2021-10-6", "name": "prob_meas0_prep1", "unit": "", "value": 0.016666666666666666}, {"date": "2021-10-6", "name": "prob_meas1_prep0", "unit": "", "value": 0}, {"date": "2021-10-6", "name": "readout_length", "unit": "ns", "value": 704}], [{"date": "2021-10-6", "name": "T1", "unit": "us", "value": 100.38246381778033}, {"date": "2021-10-6", "name": "T2", "unit": "us", "value": 109.35212341442158}, {"date": "2021-10-6", "name": "frequency", "unit": "GHz", "value": 5.187912948373337}, {"date": "2021-10-6", "name": "anharmonicity", "unit": "GHz", "value": -0.3419316690031256}, {"date": "2021-10-6", "name": "readout_error", "unit": "", "value": 0.03166666666666673}, {"date": "2021-10-6", "name": "prob_meas0_prep1", "unit": "", "value": 0.016666666666666666}, {"date": "2021-10-6", "name": "prob_meas1_prep0", "unit": "", "value": 0.046666666666666634}, {"date": "2021-10-6", "name": "readout_length", "unit": "ns", "value": 704}], [{"date": "2021-10-6", "name": "T1", "unit": "us", "value": 122.92843071595087}, {"date": "2021-10-6", "name": "T2", "unit": "us", "value": 129.73352764016076}, {"date": "2021-10-6", "name": "frequency", "unit": "GHz", "value": 4.98688004036242}, {"date": "2021-10-6", "name": "anharmonicity", "unit": "GHz", "value": -0.3452928861203798}, {"date": "2021-10-6", "name": "readout_error", "unit": "", "value": 0.04500000000000004}, {"date": "2021-10-6", "name": "prob_meas0_prep1", "unit": "", "value": 0.07333333333333333}, {"date": "2021-10-6", "name": "prob_meas1_prep0", "unit": "", "value": 0.01666666666666672}, {"date": "2021-10-6", "name": "readout_length", "unit": "ns", "value": 704}], [{"date": "2021-10-6", "name": "T1", "unit": "us", "value": 124.14971807643072}, {"date": "2021-10-6", "name": "T2", "unit": "us", "value": 32.798504698822896}, {"date": "2021-10-6", "name": "frequency", "unit": "GHz", "value": 5.285335129920313}, {"date": "2021-10-6", "name": "anharmonicity", "unit": "GHz", "value": -0.3392342674107948}, {"date": "2021-10-6", "name": "readout_error", "unit": "", "value": 0.00770000000000004}, {"date": "2021-10-6", "name": "prob_meas0_prep1", "unit": "", "value": 0.008399999999999963}, {"date": "2021-10-6", "name": "prob_meas1_prep0", "unit": "", "value": 0.007}, {"date": "2021-10-6", "name": "readout_length", "unit": "ns", "value": 704}], [{"date": "2021-10-6", "name": "T1", "unit": "us", "value": 120.28784997014482}, {"date": "2021-10-6", "name": "T2", "unit": "us", "value": 100.61191206624927}, {"date": "2021-10-6", "name": "frequency", "unit": "GHz", "value": 5.1768593846742235}, {"date": "2021-10-6", "name": "anharmonicity", "unit": "GHz", "value": -0.34079297245074963}, {"date": "2021-10-6", "name": "readout_error", "unit": "", "value": 0.016666666666666607}, {"date": "2021-10-6", "name": "prob_meas0_prep1", "unit": "", "value": 0.013333333333333334}, {"date": "2021-10-6", "name": "prob_meas1_prep0", "unit": "", "value": 0.020000000000000018}, {"date": "2021-10-6", "name": "readout_length", "unit": "ns", "value": 704}], [{"date": "2021-10-6", "name": "T1", "unit": "us", "value": 153.96092618487208}, {"date": "2021-10-6", "name": "T2", "unit": "us", "value": 114.98788125181936}, {"date": "2021-10-6", "name": "frequency", "unit": "GHz", "value": 5.064100326434795}, {"date": "2021-10-6", "name": "anharmonicity", "unit": "GHz", "value": -0.34275836537159754}, {"date": "2021-10-6", "name": "readout_error", "unit": "", "value": 0.021666666666666723}, {"date": "2021-10-6", "name": "prob_meas0_prep1", "unit": "", "value": 0.023333333333333334}, {"date": "2021-10-6", "name": "prob_meas1_prep0", "unit": "", "value": 0.020000000000000018}, {"date": "2021-10-6", "name": "readout_length", "unit": "ns", "value": 704}]], "gates": [{"qubits": [0], "gate": "id", "parameters": [{"date": "2021-10-6", "name": "gate_error", "unit": "", "value": 0.00024070331396186978}, {"date": "2021-10-6", "name": "gate_length", "unit": "ns", "value": 35.55555555555556}], "name": "id0"}, {"qubits": [1], "gate": "id", "parameters": [{"date": "2021-10-6", "name": "gate_error", "unit": "", "value": 0.0004324322388193643}, {"date": "2021-10-6", "name": "gate_length", "unit": "ns", "value": 35.55555555555556}], "name": "id1"}, {"qubits": [2], "gate": "id", "parameters": [{"date": "2021-10-6", "name": "gate_error", "unit": "", "value": 0.0002276890704114966}, {"date": "2021-10-6", "name": "gate_length", "unit": "ns", "value": 35.55555555555556}], "name": "id2"}, {"qubits": [3], "gate": "id", "parameters": [{"date": "2021-10-6", "name": "gate_error", "unit": "", "value": 0.0003848020684472893}, {"date": "2021-10-6", "name": "gate_length", "unit": "ns", "value": 35.55555555555556}], "name": "id3"}, {"qubits": [4], "gate": "id", "parameters": [{"date": "2021-10-6", "name": "gate_error", "unit": "", "value": 0.0003141699399673566}, {"date": "2021-10-6", "name": "gate_length", "unit": "ns", "value": 35.55555555555556}], "name": "id4"}, {"qubits": [5], "gate": "id", "parameters": [{"date": "2021-10-6", "name": "gate_error", "unit": "", "value": 0.00019381034257593885}, {"date": "2021-10-6", "name": "gate_length", "unit": "ns", "value": 35.55555555555556}], "name": "id5"}, {"qubits": [6], "gate": "id", "parameters": [{"date": "2021-10-6", "name": "gate_error", "unit": "", "value": 0.00018361377075294132}, {"date": "2021-10-6", "name": "gate_length", "unit": "ns", "value": 35.55555555555556}], "name": "id6"}, {"qubits": [0], "gate": "rz", "parameters": [{"date": "2021-10-6", "name": "gate_error", "unit": "", "value": 0}, {"date": "2021-10-6", "name": "gate_length", "unit": "ns", "value": 0}], "name": "rz0"}, {"qubits": [1], "gate": "rz", "parameters": [{"date": "2021-10-6", "name": "gate_error", "unit": "", "value": 0}, {"date": "2021-10-6", "name": "gate_length", "unit": "ns", "value": 0}], "name": "rz1"}, {"qubits": [2], "gate": "rz", "parameters": [{"date": "2021-10-6", "name": "gate_error", "unit": "", "value": 0}, {"date": "2021-10-6", "name": "gate_length", "unit": "ns", "value": 0}], "name": "rz2"}, {"qubits": [3], "gate": "rz", "parameters": [{"date": "2021-10-6", "name": "gate_error", "unit": "", "value": 0}, {"date": "2021-10-6", "name": "gate_length", "unit": "ns", "value": 0}], "name": "rz3"}, {"qubits": [4], "gate": "rz", "parameters": [{"date": "2021-10-6", "name": "gate_error", "unit": "", "value": 0}, {"date": "2021-10-6", "name": "gate_length", "unit": "ns", "value": 0}], "name": "rz4"}, {"qubits": [5], "gate": "rz", "parameters": [{"date": "2021-10-6", "name": "gate_error", "unit": "", "value": 0}, {"date": "2021-10-6", "name": "gate_length", "unit": "ns", "value": 0}], "name": "rz5"}, {"qubits": [6], "gate": "rz", "parameters": [{"date": "2021-10-6", "name": "gate_error", "unit": "", "value": 0}, {"date": "2021-10-6", "name": "gate_length", "unit": "ns", "value": 0}], "name": "rz6"}, {"qubits": [0], "gate": "sx", "parameters": [{"date": "2021-10-6", "name": "gate_error", "unit": "", "value": 0.00024070331396186978}, {"date": "2021-10-6", "name": "gate_length", "unit": "ns", "value": 35.55555555555556}], "name": "sx0"}, {"qubits": [1], "gate": "sx", "parameters": [{"date": "2021-10-6", "name": "gate_error", "unit": "", "value": 0.0004324322388193643}, {"date": "2021-10-6", "name": "gate_length", "unit": "ns", "value": 35.55555555555556}], "name": "sx1"}, {"qubits": [2], "gate": "sx", "parameters": [{"date": "2021-10-6", "name": "gate_error", "unit": "", "value": 0.0002276890704114966}, {"date": "2021-10-6", "name": "gate_length", "unit": "ns", "value": 35.55555555555556}], "name": "sx2"}, {"qubits": [3], "gate": "sx", "parameters": [{"date": "2021-10-6", "name": "gate_error", "unit": "", "value": 0.0003848020684472893}, {"date": "2021-10-6", "name": "gate_length", "unit": "ns", "value": 35.55555555555556}], "name": "sx3"}, {"qubits": [4], "gate": "sx", "parameters": [{"date": "2021-10-6", "name": "gate_error", "unit": "", "value": 0.0003141699399673566}, {"date": "2021-10-6", "name": "gate_length", "unit": "ns", "value": 35.55555555555556}], "name": "sx4"}, {"qubits": [5], "gate": "sx", "parameters": [{"date": "2021-10-6", "name": "gate_error", "unit": "", "value": 0.00019381034257593885}, {"date": "2021-10-6", "name": "gate_length", "unit": "ns", "value": 35.55555555555556}], "name": "sx5"}, {"qubits": [6], "gate": "sx", "parameters": [{"date": "2021-10-6", "name": "gate_error", "unit": "", "value": 0.00018361377075294132}, {"date": "2021-10-6", "name": "gate_length", "unit": "ns", "value": 35.55555555555556}], "name": "sx6"}, {"qubits": [0], "gate": "x", "parameters": [{"date": "2021-10-6", "name": "gate_error", "unit": "", "value": 0.00024070331396186978}, {"date": "2021-10-6", "name": "gate_length", "unit": "ns", "value": 35.55555555555556}], "name": "x0"}, {"qubits": [1], "gate": "x", "parameters": [{"date": "2021-10-6", "name": "gate_error", "unit": "", "value": 0.0004324322388193643}, {"date": "2021-10-6", "name": "gate_length", "unit": "ns", "value": 35.55555555555556}], "name": "x1"}, {"qubits": [2], "gate": "x", "parameters": [{"date": "2021-10-6", "name": "gate_error", "unit": "", "value": 0.0002276890704114966}, {"date": "2021-10-6", "name": "gate_length", "unit": "ns", "value": 35.55555555555556}], "name": "x2"}, {"qubits": [3], "gate": "x", "parameters": [{"date": "2021-10-6", "name": "gate_error", "unit": "", "value": 0.0003848020684472893}, {"date": "2021-10-6", "name": "gate_length", "unit": "ns", "value": 35.55555555555556}], "name": "x3"}, {"qubits": [4], "gate": "x", "parameters": [{"date": "2021-10-6", "name": "gate_error", "unit": "", "value": 0.0003141699399673566}, {"date": "2021-10-6", "name": "gate_length", "unit": "ns", "value": 35.55555555555556}], "name": "x4"}, {"qubits": [5], "gate": "x", "parameters": [{"date": "2021-10-6", "name": "gate_error", "unit": "", "value": 0.00019381034257593885}, {"date": "2021-10-6", "name": "gate_length", "unit": "ns", "value": 35.55555555555556}], "name": "x5"}, {"qubits": [6], "gate": "x", "parameters": [{"date": "2021-10-6", "name": "gate_error", "unit": "", "value": 0.00018361377075294132}, {"date": "2021-10-6", "name": "gate_length", "unit": "ns", "value": 35.55555555555556}], "name": "x6"}, {"qubits": [5, 4], "gate": "cx", "parameters": [{"date": "2021-10-6", "name": "gate_error", "unit": "", "value": 0.007442010717588349}, {"date": "2021-10-3", "name": "gate_length", "unit": "ns", "value": 327.1111111111111}], "name": "cx5_4"}, {"qubits": [4, 5], "gate": "cx", "parameters": [{"date": "2021-10-6", "name": "gate_error", "unit": "", "value": 0.007442010717588349}, {"date": "2021-10-3", "name": "gate_length", "unit": "ns", "value": 362.66666666666663}], "name": "cx4_5"}, {"qubits": [3, 1], "gate": "cx", "parameters": [{"date": "2021-10-6", "name": "gate_error", "unit": "", "value": 0.03035938567613153}, {"date": "2021-10-3", "name": "gate_length", "unit": "ns", "value": 298.66666666666663}], "name": "cx3_1"}, {"qubits": [1, 3], "gate": "cx", "parameters": [{"date": "2021-10-6", "name": "gate_error", "unit": "", "value": 0.03035938567613153}, {"date": "2021-10-3", "name": "gate_length", "unit": "ns", "value": 334.22222222222223}], "name": "cx1_3"}, {"qubits": [5, 6], "gate": "cx", "parameters": [{"date": "2021-10-6", "name": "gate_error", "unit": "", "value": 0.005250446009745807}, {"date": "2021-10-3", "name": "gate_length", "unit": "ns", "value": 256}], "name": "cx5_6"}, {"qubits": [6, 5], "gate": "cx", "parameters": [{"date": "2021-10-6", "name": "gate_error", "unit": "", "value": 0.005250446009745807}, {"date": "2021-10-3", "name": "gate_length", "unit": "ns", "value": 291.55555555555554}], "name": "cx6_5"}, {"qubits": [5, 3], "gate": "cx", "parameters": [{"date": "2021-10-6", "name": "gate_error", "unit": "", "value": 0.005088528425990196}, {"date": "2021-10-3", "name": "gate_length", "unit": "ns", "value": 298.66666666666663}], "name": "cx5_3"}, {"qubits": [3, 5], "gate": "cx", "parameters": [{"date": "2021-10-6", "name": "gate_error", "unit": "", "value": 0.005088528425990196}, {"date": "2021-10-3", "name": "gate_length", "unit": "ns", "value": 334.22222222222223}], "name": "cx3_5"}, {"qubits": [2, 1], "gate": "cx", "parameters": [{"date": "2021-10-6", "name": "gate_error", "unit": "", "value": 0.011884529361226776}, {"date": "2021-10-3", "name": "gate_length", "unit": "ns", "value": 291.55555555555554}], "name": "cx2_1"}, {"qubits": [1, 2], "gate": "cx", "parameters": [{"date": "2021-10-6", "name": "gate_error", "unit": "", "value": 0.011884529361226776}, {"date": "2021-10-3", "name": "gate_length", "unit": "ns", "value": 327.1111111111111}], "name": "cx1_2"}, {"qubits": [0, 1], "gate": "cx", "parameters": [{"date": "2021-10-6", "name": "gate_error", "unit": "", "value": 0.009159572360109725}, {"date": "2021-10-3", "name": "gate_length", "unit": "ns", "value": 305.77777777777777}], "name": "cx0_1"}, {"qubits": [1, 0], "gate": "cx", "parameters": [{"date": "2021-10-6", "name": "gate_error", "unit": "", "value": 0.009159572360109725}, {"date": "2021-10-3", "name": "gate_length", "unit": "ns", "value": 341.3333333333333}], "name": "cx1_0"}, {"qubits": [0], "gate": "reset", "parameters": [{"date": "2021-10-6", "name": "gate_length", "unit": "ns", "value": 1002.6666666666666}], "name": "reset0"}, {"qubits": [1], "gate": "reset", "parameters": [{"date": "2021-10-6", "name": "gate_length", "unit": "ns", "value": 1002.6666666666666}], "name": "reset1"}, {"qubits": [2], "gate": "reset", "parameters": [{"date": "2021-10-6", "name": "gate_length", "unit": "ns", "value": 995.5555555555555}], "name": "reset2"}, {"qubits": [3], "gate": "reset", "parameters": [{"date": "2021-10-6", "name": "gate_length", "unit": "ns", "value": 988.4444444444443}], "name": "reset3"}, {"qubits": [4], "gate": "reset", "parameters": [{"date": "2021-10-6", "name": "gate_length", "unit": "ns", "value": 1002.6666666666666}], "name": "reset4"}, {"qubits": [5], "gate": "reset", "parameters": [{"date": "2021-10-6", "name": "gate_length", "unit": "ns", "value": 1002.6666666666666}], "name": "reset5"}, {"qubits": [6], "gate": "reset", "parameters": [{"date": "2021-10-6", "name": "gate_length", "unit": "ns", "value": 988.4444444444443}], "name": "reset6"}], "general": [{"date": "2021-10-6", "name": "jq_01", "unit": "GHz", "value": 0.0017239661070310697}, {"date": "2021-10-6", "name": "zz_01", "unit": "GHz", "value": -4.1551259389276154e-05}, {"date": "2021-10-6", "name": "jq_12", "unit": "GHz", "value": 0.003306427365570105}, {"date": "2021-10-6", "name": "zz_12", "unit": "GHz", "value": -0.00013691896518548322}, {"date": "2021-10-6", "name": "jq_45", "unit": "GHz", "value": 0.0033964931013144256}, {"date": "2021-10-6", "name": "zz_45", "unit": "GHz", "value": -0.00015134337521539932}, {"date": "2021-10-6", "name": "jq_56", "unit": "GHz", "value": 0.0032394441256406383}, {"date": "2021-10-6", "name": "zz_56", "unit": "GHz", "value": -0.0001381127844927418}, {"date": "2021-10-6", "name": "jq_13", "unit": "GHz", "value": 0.003219077603102807}, {"date": "2021-10-6", "name": "zz_13", "unit": "GHz", "value": -0.00013509145307819546}, {"date": "2021-10-6", "name": "jq_35", "unit": "GHz", "value": 0.0023455196332844842}, {"date": "2021-10-6", "name": "zz_35", "unit": "GHz", "value": -9.35336850076191e-05}]}