{"backend_name": "ibm_lagos", "backend_version": "1.0.17", "last_update_date": "2021-12-5", "qubits": [[{"date": "2021-12-5", "name": "T1", "unit": "us", "value": 64.866143639284}, {"date": "2021-12-5", "name": "T2", "unit": "us", "value": 39.59935502063583}, {"date": "2021-12-5", "name": "frequency", "unit": "GHz", "value": 5.2351849280319085}, {"date": "2021-12-5", "name": "anharmonicity", "unit": "GHz", "value": -0.33986713855915607}, {"date": "2021-12-5", "name": "readout_error", "unit": "", "value": 0.014699999999999935}, {"date": "2021-12-5", "name": "prob_meas0_prep1", "unit": "", "value": 0.015}, {"date": "2021-12-5", "name": "prob_meas1_prep0", "unit": "", "value": 0.014399999999999968}, {"date": "2021-12-5", "name": "readout_length", "unit": "ns", "value": 704}], [{"date": "2021-12-5", "name": "T1", "unit": "us", "value": 90.75532639641949}, {"date": "2021-12-5", "name": "T2", "unit": "us", "value": 115.76851137889403}, {"date": "2021-12-5", "name": "frequency", "unit": "GHz", "value": 5.0995809057425285}, {"date": "2021-12-5", "name": "anharmonicity", "unit": "GHz", "value": -0.3432484042938357}, {"date": "2021-12-5", "name": "readout_error", "unit": "", "value": 0.009000000000000008}, {"date": "2021-12-5", "name": "prob_meas0_prep1", "unit": "", "value": 0.0098}, {"date": "2021-12-5", "name": "prob_meas1_prep0", "unit": "", "value": 0.008199999999999985}, {"date": "2021-12-5", "name": "readout_length", "unit": "ns", "value": 704}], [{"date": "2021-12-5", "name": "T1", "unit": "us", "value": 189.18604095564064}, {"date": "2021-12-5", "name": "T2", "unit": "us", "value": 160.50385987283957}, {"date": "2021-12-5", "name": "frequency", "unit": "GHz", "value": 5.188390243760678}, {"date": "2021-12-5", "name": "anharmonicity", "unit": "GHz", "value": -0.3419316690031256}, {"date": "2021-12-5", "name": "readout_error", "unit": "", "value": 0.005299999999999971}, {"date": "2021-12-5", "name": "prob_meas0_prep1", "unit": "", "value": 0.0064}, {"date": "2021-12-5", "name": "prob_meas1_prep0", "unit": "", "value": 0.0041999999999999815}, {"date": "2021-12-5", "name": "readout_length", "unit": "ns", "value": 704}], [{"date": "2021-12-5", "name": "T1", "unit": "us", "value": 64.5984936680218}, {"date": "2021-12-5", "name": "T2", "unit": "us", "value": 128.76286066505847}, {"date": "2021-12-5", "name": "frequency", "unit": "GHz", "value": 4.987482823284785}, {"date": "2021-12-5", "name": "anharmonicity", "unit": "GHz", "value": -0.3452928861203798}, {"date": "2021-12-5", "name": "readout_error", "unit": "", "value": 0.017100000000000004}, {"date": "2021-12-5", "name": "prob_meas0_prep1", "unit": "", "value": 0.0178}, {"date": "2021-12-5", "name": "prob_meas1_prep0", "unit": "", "value": 0.01639999999999997}, {"date": "2021-12-5", "name": "readout_length", "unit": "ns", "value": 704}], [{"date": "2021-12-5", "name": "T1", "unit": "us", "value": 133.85889235711332}, {"date": "2021-12-5", "name": "T2", "unit": "us", "value": 46.312230356967646}, {"date": "2021-12-5", "name": "frequency", "unit": "GHz", "value": 5.285332204871549}, {"date": "2021-12-5", "name": "anharmonicity", "unit": "GHz", "value": -0.3392342674107948}, {"date": "2021-12-5", "name": "readout_error", "unit": "", "value": 0.010399999999999965}, {"date": "2021-12-5", "name": "prob_meas0_prep1", "unit": "", "value": 0.011600000000000055}, {"date": "2021-12-5", "name": "prob_meas1_prep0", "unit": "", "value": 0.0092}, {"date": "2021-12-5", "name": "readout_length", "unit": "ns", "value": 704}], [{"date": "2021-12-5", "name": "T1", "unit": "us", "value": 141.44118266839592}, {"date": "2021-12-5", "name": "T2", "unit": "us", "value": 120.00279627943198}, {"date": "2021-12-5", "name": "frequency", "unit": "GHz", "value": 5.176177179143162}, {"date": "2021-12-5", "name": "anharmonicity", "unit": "GHz", "value": -0.34079297245074963}, {"date": "2021-12-5", "name": "readout_error", "unit": "", "value": 0.010099999999999998}, {"date": "2021-12-5", "name": "prob_meas0_prep1", "unit": "", "value": 0.012}, {"date": "2021-12-5", "name": "prob_meas1_prep0", "unit": "", "value": 0.008199999999999985}, {"date": "2021-12-5", "name": "readout_length", "unit": "ns", "value": 704}], [{"date": "2021-12-5", "name": "T1", "unit": "us", "value": 46.011505707336184}, {"date": "2021-12-5", "name": "T2", "unit": "us", "value": 121.95399912168897}, {"date": "2021-12-5", "name": "frequency", "unit": "GHz", "value": 5.06378857472821}, {"date": "2021-12-5", "name": "anharmonicity", "unit": "GHz", "value": -0.34275836537159754}, {"date": "2021-12-5", "name": "readout_error", "unit": "", "value": 0.03380000000000005}, {"date": "2021-12-5", "name": "prob_meas0_prep1", "unit": "", "value": 0.061799999999999966}, {"date": "2021-12-5", "name": "prob_meas1_prep0", "unit": "", "value": 0.0058}, {"date": "2021-12-5", "name": "readout_length", "unit": "ns", "value": 704}]], "gates": [{"qubits": [0], "gate": "id", "parameters": [{"date": "2021-12-5", "name": "gate_error", "unit": "", "value": 0.0002565758921660931}, {"date": "2021-12-5", "name": "gate_length", "unit": "ns", "value": 35.55555555555556}], "name": "id0"}, {"qubits": [1], "gate": "id", "parameters": [{"date": "2021-12-5", "name": "gate_error", "unit": "", "value": 0.0002708662779795144}, {"date": "2021-12-5", "name": "gate_length", "unit": "ns", "value": 35.55555555555556}], "name": "id1"}, {"qubits": [2], "gate": "id", "parameters": [{"date": "2021-12-5", "name": "gate_error", "unit": "", "value": 0.00018089474461895744}, {"date": "2021-12-5", "name": "gate_length", "unit": "ns", "value": 35.55555555555556}], "name": "id2"}, {"qubits": [3], "gate": "id", "parameters": [{"date": "2021-12-5", "name": "gate_error", "unit": "", "value": 0.0001770575652967433}, {"date": "2021-12-5", "name": "gate_length", "unit": "ns", "value": 35.55555555555556}], "name": "id3"}, {"qubits": [4], "gate": "id", "parameters": [{"date": "2021-12-5", "name": "gate_error", "unit": "", "value": 0.0002250076680656799}, {"date": "2021-12-5", "name": "gate_length", "unit": "ns", "value": 35.55555555555556}], "name": "id4"}, {"qubits": [5], "gate": "id", "parameters": [{"date": "2021-12-5", "name": "gate_error", "unit": "", "value": 0.0002106521138413088}, {"date": "2021-12-5", "name": "gate_length", "unit": "ns", "value": 35.55555555555556}], "name": "id5"}, {"qubits": [6], "gate": "id", "parameters": [{"date": "2021-12-5", "name": "gate_error", "unit": "", "value": 0.025873466939670246}, {"date": "2021-12-5", "name": "gate_length", "unit": "ns", "value": 35.55555555555556}], "name": "id6"}, {"qubits": [0], "gate": "rz", "parameters": [{"date": "2021-12-5", "name": "gate_error", "unit": "", "value": 0}, {"date": "2021-12-5", "name": "gate_length", "unit": "ns", "value": 0}], "name": "rz0"}, {"qubits": [1], "gate": "rz", "parameters": [{"date": "2021-12-5", "name": "gate_error", "unit": "", "value": 0}, {"date": "2021-12-5", "name": "gate_length", "unit": "ns", "value": 0}], "name": "rz1"}, {"qubits": [2], "gate": "rz", "parameters": [{"date": "2021-12-5", "name": "gate_error", "unit": "", "value": 0}, {"date": "2021-12-5", "name": "gate_length", "unit": "ns", "value": 0}], "name": "rz2"}, {"qubits": [3], "gate": "rz", "parameters": [{"date": "2021-12-5", "name": "gate_error", "unit": "", "value": 0}, {"date": "2021-12-5", "name": "gate_length", "unit": "ns", "value": 0}], "name": "rz3"}, {"qubits": [4], "gate": "rz", "parameters": [{"date": "2021-12-5", "name": "gate_error", "unit": "", "value": 0}, {"date": "2021-12-5", "name": "gate_length", "unit": "ns", "value": 0}], "name": "rz4"}, {"qubits": [5], "gate": "rz", "parameters": [{"date": "2021-12-5", "name": "gate_error", "unit": "", "value": 0}, {"date": "2021-12-5", "name": "gate_length", "unit": "ns", "value": 0}], "name": "rz5"}, {"qubits": [6], "gate": "rz", "parameters": [{"date": "2021-12-5", "name": "gate_error", "unit": "", "value": 0}, {"date": "2021-12-5", "name": "gate_length", "unit": "ns", "value": 0}], "name": "rz6"}, {"qubits": [0], "gate": "sx", "parameters": [{"date": "2021-12-5", "name": "gate_error", "unit": "", "value": 0.0002565758921660931}, {"date": "2021-12-5", "name": "gate_length", "unit": "ns", "value": 35.55555555555556}], "name": "sx0"}, {"qubits": [1], "gate": "sx", "parameters": [{"date": "2021-12-5", "name": "gate_error", "unit": "", "value": 0.0002708662779795144}, {"date": "2021-12-5", "name": "gate_length", "unit": "ns", "value": 35.55555555555556}], "name": "sx1"}, {"qubits": [2], "gate": "sx", "parameters": [{"date": "2021-12-5", "name": "gate_error", "unit": "", "value": 0.00018089474461895744}, {"date": "2021-12-5", "name": "gate_length", "unit": "ns", "value": 35.55555555555556}], "name": "sx2"}, {"qubits": [3], "gate": "sx", "parameters": [{"date": "2021-12-5", "name": "gate_error", "unit": "", "value": 0.0001770575652967433}, {"date": "2021-12-5", "name": "gate_length", "unit": "ns", "value": 35.55555555555556}], "name": "sx3"}, {"qubits": [4], "gate": "sx", "parameters": [{"date": "2021-12-5", "name": "gate_error", "unit": "", "value": 0.0002250076680656799}, {"date": "2021-12-5", "name": "gate_length", "unit": "ns", "value": 35.55555555555556}], "name": "sx4"}, {"qubits": [5], "gate": "sx", "parameters": [{"date": "2021-12-5", "name": "gate_error", "unit": "", "value": 0.0002106521138413088}, {"date": "2021-12-5", "name": "gate_length", "unit": "ns", "value": 35.55555555555556}], "name": "sx5"}, {"qubits": [6], "gate": "sx", "parameters": [{"date": "2021-12-5", "name": "gate_error", "unit": "", "value": 0.025873466939670246}, {"date": "2021-12-5", "name": "gate_length", "unit": "ns", "value": 35.55555555555556}], "name": "sx6"}, {"qubits": [0], "gate": "x", "parameters": [{"date": "2021-12-5", "name": "gate_error", "unit": "", "value": 0.0002565758921660931}, {"date": "2021-12-5", "name": "gate_length", "unit": "ns", "value": 35.55555555555556}], "name": "x0"}, {"qubits": [1], "gate": "x", "parameters": [{"date": "2021-12-5", "name": "gate_error", "unit": "", "value": 0.0002708662779795144}, {"date": "2021-12-5", "name": "gate_length", "unit": "ns", "value": 35.55555555555556}], "name": "x1"}, {"qubits": [2], "gate": "x", "parameters": [{"date": "2021-12-5", "name": "gate_error", "unit": "", "value": 0.00018089474461895744}, {"date": "2021-12-5", "name": "gate_length", "unit": "ns", "value": 35.55555555555556}], "name": "x2"}, {"qubits": [3], "gate": "x", "parameters": [{"date": "2021-12-5", "name": "gate_error", "unit": "", "value": 0.0001770575652967433}, {"date": "2021-12-5", "name": "gate_length", "unit": "ns", "value": 35.55555555555556}], "name": "x3"}, {"qubits": [4], "gate": "x", "parameters": [{"date": "2021-12-5", "name": "gate_error", "unit": "", "value": 0.0002250076680656799}, {"date": "2021-12-5", "name": "gate_length", "unit": "ns", "value": 35.55555555555556}], "name": "x4"}, {"qubits": [5], "gate": "x", "parameters": [{"date": "2021-12-5", "name": "gate_error", "unit": "", "value": 0.0002106521138413088}, {"date": "2021-12-5", "name": "gate_length", "unit": "ns", "value": 35.55555555555556}], "name": "x5"}, {"qubits": [6], "gate": "x", "parameters": [{"date": "2021-12-5", "name": "gate_error", "unit": "", "value": 0.025873466939670246}, {"date": "2021-12-5", "name": "gate_length", "unit": "ns", "value": 35.55555555555556}], "name": "x6"}, {"qubits": [5, 4], "gate": "cx", "parameters": [{"date": "2021-12-5", "name": "gate_error", "unit": "", "value": 0.005846477088932017}, {"date": "2021-12-2", "name": "gate_length", "unit": "ns", "value": 327.1111111111111}], "name": "cx5_4"}, {"qubits": [4, 5], "gate": "cx", "parameters": [{"date": "2021-12-5", "name": "gate_error", "unit": "", "value": 0.005846477088932017}, {"date": "2021-12-2", "name": "gate_length", "unit": "ns", "value": 362.66666666666663}], "name": "cx4_5"}, {"qubits": [3, 1], "gate": "cx", "parameters": [{"date": "2021-12-5", "name": "gate_error", "unit": "", "value": 0.005021067576969518}, {"date": "2021-12-2", "name": "gate_length", "unit": "ns", "value": 298.66666666666663}], "name": "cx3_1"}, {"qubits": [1, 3], "gate": "cx", "parameters": [{"date": "2021-12-5", "name": "gate_error", "unit": "", "value": 0.005021067576969518}, {"date": "2021-12-2", "name": "gate_length", "unit": "ns", "value": 334.22222222222223}], "name": "cx1_3"}, {"qubits": [5, 6], "gate": "cx", "parameters": [{"date": "2021-12-5", "name": "gate_error", "unit": "", "value": 0.04322123492630242}, {"date": "2021-12-2", "name": "gate_length", "unit": "ns", "value": 256}], "name": "cx5_6"}, {"qubits": [6, 5], "gate": "cx", "parameters": [{"date": "2021-12-5", "name": "gate_error", "unit": "", "value": 0.04322123492630242}, {"date": "2021-12-2", "name": "gate_length", "unit": "ns", "value": 291.55555555555554}], "name": "cx6_5"}, {"qubits": [5, 3], "gate": "cx", "parameters": [{"date": "2021-12-5", "name": "gate_error", "unit": "", "value": 0.008278557980555101}, {"date": "2021-12-2", "name": "gate_length", "unit": "ns", "value": 298.66666666666663}], "name": "cx5_3"}, {"qubits": [3, 5], "gate": "cx", "parameters": [{"date": "2021-12-5", "name": "gate_error", "unit": "", "value": 0.008278557980555101}, {"date": "2021-12-2", "name": "gate_length", "unit": "ns", "value": 334.22222222222223}], "name": "cx3_5"}, {"qubits": [2, 1], "gate": "cx", "parameters": [{"date": "2021-12-5", "name": "gate_error", "unit": "", "value": 0.005605225735232006}, {"date": "2021-12-2", "name": "gate_length", "unit": "ns", "value": 291.55555555555554}], "name": "cx2_1"}, {"qubits": [1, 2], "gate": "cx", "parameters": [{"date": "2021-12-5", "name": "gate_error", "unit": "", "value": 0.005605225735232006}, {"date": "2021-12-2", "name": "gate_length", "unit": "ns", "value": 327.1111111111111}], "name": "cx1_2"}, {"qubits": [0, 1], "gate": "cx", "parameters": [{"date": "2021-12-5", "name": "gate_error", "unit": "", "value": 0.008382589479172559}, {"date": "2021-12-2", "name": "gate_length", "unit": "ns", "value": 305.77777777777777}], "name": "cx0_1"}, {"qubits": [1, 0], "gate": "cx", "parameters": [{"date": "2021-12-5", "name": "gate_error", "unit": "", "value": 0.008382589479172559}, {"date": "2021-12-2", "name": "gate_length", "unit": "ns", "value": 341.3333333333333}], "name": "cx1_0"}, {"qubits": [0], "gate": "reset", "parameters": [{"date": "2021-12-5", "name": "gate_length", "unit": "ns", "value": 1002.6666666666666}], "name": "reset0"}, {"qubits": [1], "gate": "reset", "parameters": [{"date": "2021-12-5", "name": "gate_length", "unit": "ns", "value": 1002.6666666666666}], "name": "reset1"}, {"qubits": [2], "gate": "reset", "parameters": [{"date": "2021-12-5", "name": "gate_length", "unit": "ns", "value": 995.5555555555555}], "name": "reset2"}, {"qubits": [3], "gate": "reset", "parameters": [{"date": "2021-12-5", "name": "gate_length", "unit": "ns", "value": 988.4444444444443}], "name": "reset3"}, {"qubits": [4], "gate": "reset", "parameters": [{"date": "2021-12-5", "name": "gate_length", "unit": "ns", "value": 1002.6666666666666}], "name": "reset4"}, {"qubits": [5], "gate": "reset", "parameters": [{"date": "2021-12-5", "name": "gate_length", "unit": "ns", "value": 1002.6666666666666}], "name": "reset5"}, {"qubits": [6], "gate": "reset", "parameters": [{"date": "2021-12-5", "name": "gate_length", "unit": "ns", "value": 988.4444444444443}], "name": "reset6"}], "general": [{"date": "2021-12-5", "name": "jq_01", "unit": "GHz", "value": 0.0017239661070310697}, {"date": "2021-12-5", "name": "zz_01", "unit": "GHz", "value": -4.1551259389276154e-05}, {"date": "2021-12-5", "name": "jq_12", "unit": "GHz", "value": 0.003306427365570105}, {"date": "2021-12-5", "name": "zz_12", "unit": "GHz", "value": -0.00013691896518548322}, {"date": "2021-12-5", "name": "jq_45", "unit": "GHz", "value": 0.0033964931013144256}, {"date": "2021-12-5", "name": "zz_45", "unit": "GHz", "value": -0.00015134337521539932}, {"date": "2021-12-5", "name": "jq_56", "unit": "GHz", "value": 0.0032394441256406383}, {"date": "2021-12-5", "name": "zz_56", "unit": "GHz", "value": -0.0001381127844927418}, {"date": "2021-12-5", "name": "jq_13", "unit": "GHz", "value": 0.003219077603102807}, {"date": "2021-12-5", "name": "zz_13", "unit": "GHz", "value": -0.00013509145307819546}, {"date": "2021-12-5", "name": "jq_35", "unit": "GHz", "value": 0.0023455196332844842}, {"date": "2021-12-5", "name": "zz_35", "unit": "GHz", "value": -9.35336850076191e-05}]}