{"backend_name": "ibm_lagos", "backend_version": "1.0.2", "last_update_date": "2021-8-11", "qubits": [[{"date": "2021-8-11", "name": "T1", "unit": "us", "value": 153.49535097152784}, {"date": "2021-8-11", "name": "T2", "unit": "us", "value": 34.852351753023754}, {"date": "2021-8-11", "name": "frequency", "unit": "GHz", "value": 5.23532791381832}, {"date": "2021-8-11", "name": "anharmonicity", "unit": "GHz", "value": -0.33986713855915607}, {"date": "2021-8-11", "name": "readout_error", "unit": "", "value": 0.03166666666666673}, {"date": "2021-8-11", "name": "prob_meas0_prep1", "unit": "", "value": 0.023333333333333334}, {"date": "2021-8-11", "name": "prob_meas1_prep0", "unit": "", "value": 0.040000000000000036}, {"date": "2021-8-11", "name": "readout_length", "unit": "ns", "value": 704}], [{"date": "2021-8-11", "name": "T1", "unit": "us", "value": 77.48050314556167}, {"date": "2021-8-11", "name": "T2", "unit": "us", "value": 91.8652900566271}, {"date": "2021-8-11", "name": "frequency", "unit": "GHz", "value": 5.099392418801799}, {"date": "2021-8-11", "name": "anharmonicity", "unit": "GHz", "value": -0.3432484042938357}, {"date": "2021-8-11", "name": "readout_error", "unit": "", "value": 0.030000000000000027}, {"date": "2021-8-11", "name": "prob_meas0_prep1", "unit": "", "value": 0.03333333333333333}, {"date": "2021-8-11", "name": "prob_meas1_prep0", "unit": "", "value": 0.026666666666666616}, {"date": "2021-8-11", "name": "readout_length", "unit": "ns", "value": 704}], [{"date": "2021-8-11", "name": "T1", "unit": "us", "value": 84.06275339369293}, {"date": "2021-8-11", "name": "T2", "unit": "us", "value": 50.32508652853607}, {"date": "2021-8-11", "name": "frequency", "unit": "GHz", "value": 5.187856931035947}, {"date": "2021-8-11", "name": "anharmonicity", "unit": "GHz", "value": -0.3419316690031256}, {"date": "2021-8-11", "name": "readout_error", "unit": "", "value": 0.01333333333333342}, {"date": "2021-8-11", "name": "prob_meas0_prep1", "unit": "", "value": 0.016666666666666666}, {"date": "2021-8-11", "name": "prob_meas1_prep0", "unit": "", "value": 0.010000000000000009}, {"date": "2021-8-11", "name": "readout_length", "unit": "ns", "value": 704}], [{"date": "2021-8-11", "name": "T1", "unit": "us", "value": 187.2075826609848}, {"date": "2021-8-11", "name": "T2", "unit": "us", "value": 108.79379030837273}, {"date": "2021-8-11", "name": "frequency", "unit": "GHz", "value": 4.9868515226728665}, {"date": "2021-8-11", "name": "anharmonicity", "unit": "GHz", "value": -0.3452928861203798}, {"date": "2021-8-11", "name": "readout_error", "unit": "", "value": 0.010000000000000009}, {"date": "2021-8-11", "name": "prob_meas0_prep1", "unit": "", "value": 0.013333333333333334}, {"date": "2021-8-11", "name": "prob_meas1_prep0", "unit": "", "value": 0.00666666666666671}, {"date": "2021-8-11", "name": "readout_length", "unit": "ns", "value": 704}], [{"date": "2021-8-11", "name": "T1", "unit": "us", "value": 126.89487190441}, {"date": "2021-8-11", "name": "T2", "unit": "us", "value": 28.699966072471433}, {"date": "2021-8-11", "name": "frequency", "unit": "GHz", "value": 5.285341008317551}, {"date": "2021-8-11", "name": "anharmonicity", "unit": "GHz", "value": -0.3392342674107948}, {"date": "2021-8-11", "name": "readout_error", "unit": "", "value": 0.01666666666666672}, {"date": "2021-8-11", "name": "prob_meas0_prep1", "unit": "", "value": 0.01666666666666672}, {"date": "2021-8-11", "name": "prob_meas1_prep0", "unit": "", "value": 0.016666666666666666}, {"date": "2021-8-11", "name": "readout_length", "unit": "ns", "value": 704}], [{"date": "2021-8-11", "name": "T1", "unit": "us", "value": 108.08238396919467}, {"date": "2021-8-11", "name": "T2", "unit": "us", "value": 71.83388627127964}, {"date": "2021-8-11", "name": "frequency", "unit": "GHz", "value": 5.176861841954687}, {"date": "2021-8-11", "name": "anharmonicity", "unit": "GHz", "value": -0.34079297245074963}, {"date": "2021-8-11", "name": "readout_error", "unit": "", "value": 0.015000000000000013}, {"date": "2021-8-11", "name": "prob_meas0_prep1", "unit": "", "value": 0.016666666666666666}, {"date": "2021-8-11", "name": "prob_meas1_prep0", "unit": "", "value": 0.013333333333333308}, {"date": "2021-8-11", "name": "readout_length", "unit": "ns", "value": 704}], [{"date": "2021-8-11", "name": "T1", "unit": "us", "value": 101.73519720194953}, {"date": "2021-8-11", "name": "T2", "unit": "us", "value": 108.22193965007013}, {"date": "2021-8-11", "name": "frequency", "unit": "GHz", "value": 5.064101213756744}, {"date": "2021-8-11", "name": "anharmonicity", "unit": "GHz", "value": -0.34275836537159754}, {"date": "2021-8-11", "name": "readout_error", "unit": "", "value": 0.015000000000000013}, {"date": "2021-8-11", "name": "prob_meas0_prep1", "unit": "", "value": 0.020000000000000018}, {"date": "2021-8-11", "name": "prob_meas1_prep0", "unit": "", "value": 0.01}, {"date": "2021-8-11", "name": "readout_length", "unit": "ns", "value": 704}]], "gates": [{"qubits": [0], "gate": "id", "parameters": [{"date": "2021-8-11", "name": "gate_error", "unit": "", "value": 0.0003671569445447919}, {"date": "2021-8-11", "name": "gate_length", "unit": "ns", "value": 35.55555555555556}], "name": "id0"}, {"qubits": [1], "gate": "id", "parameters": [{"date": "2021-8-11", "name": "gate_error", "unit": "", "value": 0.00030916915879427204}, {"date": "2021-8-11", "name": "gate_length", "unit": "ns", "value": 35.55555555555556}], "name": "id1"}, {"qubits": [2], "gate": "id", "parameters": [{"date": "2021-8-11", "name": "gate_error", "unit": "", "value": 0.0004898683000747305}, {"date": "2021-8-11", "name": "gate_length", "unit": "ns", "value": 35.55555555555556}], "name": "id2"}, {"qubits": [3], "gate": "id", "parameters": [{"date": "2021-8-11", "name": "gate_error", "unit": "", "value": 0.00019617333677958497}, {"date": "2021-8-11", "name": "gate_length", "unit": "ns", "value": 35.55555555555556}], "name": "id3"}, {"qubits": [4], "gate": "id", "parameters": [{"date": "2021-8-11", "name": "gate_error", "unit": "", "value": 0.0002020578815669084}, {"date": "2021-8-11", "name": "gate_length", "unit": "ns", "value": 35.55555555555556}], "name": "id4"}, {"qubits": [5], "gate": "id", "parameters": [{"date": "2021-8-11", "name": "gate_error", "unit": "", "value": 0.00017267935167416656}, {"date": "2021-8-11", "name": "gate_length", "unit": "ns", "value": 35.55555555555556}], "name": "id5"}, {"qubits": [6], "gate": "id", "parameters": [{"date": "2021-8-11", "name": "gate_error", "unit": "", "value": 0.00033850382812365004}, {"date": "2021-8-11", "name": "gate_length", "unit": "ns", "value": 35.55555555555556}], "name": "id6"}, {"qubits": [0], "gate": "rz", "parameters": [{"date": "2021-8-11", "name": "gate_error", "unit": "", "value": 0}, {"date": "2021-8-11", "name": "gate_length", "unit": "ns", "value": 0}], "name": "rz0"}, {"qubits": [1], "gate": "rz", "parameters": [{"date": "2021-8-11", "name": "gate_error", "unit": "", "value": 0}, {"date": "2021-8-11", "name": "gate_length", "unit": "ns", "value": 0}], "name": "rz1"}, {"qubits": [2], "gate": "rz", "parameters": [{"date": "2021-8-11", "name": "gate_error", "unit": "", "value": 0}, {"date": "2021-8-11", "name": "gate_length", "unit": "ns", "value": 0}], "name": "rz2"}, {"qubits": [3], "gate": "rz", "parameters": [{"date": "2021-8-11", "name": "gate_error", "unit": "", "value": 0}, {"date": "2021-8-11", "name": "gate_length", "unit": "ns", "value": 0}], "name": "rz3"}, {"qubits": [4], "gate": "rz", "parameters": [{"date": "2021-8-11", "name": "gate_error", "unit": "", "value": 0}, {"date": "2021-8-11", "name": "gate_length", "unit": "ns", "value": 0}], "name": "rz4"}, {"qubits": [5], "gate": "rz", "parameters": [{"date": "2021-8-11", "name": "gate_error", "unit": "", "value": 0}, {"date": "2021-8-11", "name": "gate_length", "unit": "ns", "value": 0}], "name": "rz5"}, {"qubits": [6], "gate": "rz", "parameters": [{"date": "2021-8-11", "name": "gate_error", "unit": "", "value": 0}, {"date": "2021-8-11", "name": "gate_length", "unit": "ns", "value": 0}], "name": "rz6"}, {"qubits": [0], "gate": "sx", "parameters": [{"date": "2021-8-11", "name": "gate_error", "unit": "", "value": 0.0003671569445447919}, {"date": "2021-8-11", "name": "gate_length", "unit": "ns", "value": 35.55555555555556}], "name": "sx0"}, {"qubits": [1], "gate": "sx", "parameters": [{"date": "2021-8-11", "name": "gate_error", "unit": "", "value": 0.00030916915879427204}, {"date": "2021-8-11", "name": "gate_length", "unit": "ns", "value": 35.55555555555556}], "name": "sx1"}, {"qubits": [2], "gate": "sx", "parameters": [{"date": "2021-8-11", "name": "gate_error", "unit": "", "value": 0.0004898683000747305}, {"date": "2021-8-11", "name": "gate_length", "unit": "ns", "value": 35.55555555555556}], "name": "sx2"}, {"qubits": [3], "gate": "sx", "parameters": [{"date": "2021-8-11", "name": "gate_error", "unit": "", "value": 0.00019617333677958497}, {"date": "2021-8-11", "name": "gate_length", "unit": "ns", "value": 35.55555555555556}], "name": "sx3"}, {"qubits": [4], "gate": "sx", "parameters": [{"date": "2021-8-11", "name": "gate_error", "unit": "", "value": 0.0002020578815669084}, {"date": "2021-8-11", "name": "gate_length", "unit": "ns", "value": 35.55555555555556}], "name": "sx4"}, {"qubits": [5], "gate": "sx", "parameters": [{"date": "2021-8-11", "name": "gate_error", "unit": "", "value": 0.00017267935167416656}, {"date": "2021-8-11", "name": "gate_length", "unit": "ns", "value": 35.55555555555556}], "name": "sx5"}, {"qubits": [6], "gate": "sx", "parameters": [{"date": "2021-8-11", "name": "gate_error", "unit": "", "value": 0.00033850382812365004}, {"date": "2021-8-11", "name": "gate_length", "unit": "ns", "value": 35.55555555555556}], "name": "sx6"}, {"qubits": [0], "gate": "x", "parameters": [{"date": "2021-8-11", "name": "gate_error", "unit": "", "value": 0.0003671569445447919}, {"date": "2021-8-11", "name": "gate_length", "unit": "ns", "value": 35.55555555555556}], "name": "x0"}, {"qubits": [1], "gate": "x", "parameters": [{"date": "2021-8-11", "name": "gate_error", "unit": "", "value": 0.00030916915879427204}, {"date": "2021-8-11", "name": "gate_length", "unit": "ns", "value": 35.55555555555556}], "name": "x1"}, {"qubits": [2], "gate": "x", "parameters": [{"date": "2021-8-11", "name": "gate_error", "unit": "", "value": 0.0004898683000747305}, {"date": "2021-8-11", "name": "gate_length", "unit": "ns", "value": 35.55555555555556}], "name": "x2"}, {"qubits": [3], "gate": "x", "parameters": [{"date": "2021-8-11", "name": "gate_error", "unit": "", "value": 0.00019617333677958497}, {"date": "2021-8-11", "name": "gate_length", "unit": "ns", "value": 35.55555555555556}], "name": "x3"}, {"qubits": [4], "gate": "x", "parameters": [{"date": "2021-8-11", "name": "gate_error", "unit": "", "value": 0.0002020578815669084}, {"date": "2021-8-11", "name": "gate_length", "unit": "ns", "value": 35.55555555555556}], "name": "x4"}, {"qubits": [5], "gate": "x", "parameters": [{"date": "2021-8-11", "name": "gate_error", "unit": "", "value": 0.00017267935167416656}, {"date": "2021-8-11", "name": "gate_length", "unit": "ns", "value": 35.55555555555556}], "name": "x5"}, {"qubits": [6], "gate": "x", "parameters": [{"date": "2021-8-11", "name": "gate_error", "unit": "", "value": 0.00033850382812365004}, {"date": "2021-8-11", "name": "gate_length", "unit": "ns", "value": 35.55555555555556}], "name": "x6"}, {"qubits": [5, 4], "gate": "cx", "parameters": [{"date": "2021-8-11", "name": "gate_error", "unit": "", "value": 0.004965470333277239}, {"date": "2021-8-8", "name": "gate_length", "unit": "ns", "value": 327.1111111111111}], "name": "cx5_4"}, {"qubits": [4, 5], "gate": "cx", "parameters": [{"date": "2021-8-11", "name": "gate_error", "unit": "", "value": 0.004965470333277239}, {"date": "2021-8-8", "name": "gate_length", "unit": "ns", "value": 362.66666666666663}], "name": "cx4_5"}, {"qubits": [3, 1], "gate": "cx", "parameters": [{"date": "2021-8-11", "name": "gate_error", "unit": "", "value": 0.006038609616749346}, {"date": "2021-8-8", "name": "gate_length", "unit": "ns", "value": 298.66666666666663}], "name": "cx3_1"}, {"qubits": [1, 3], "gate": "cx", "parameters": [{"date": "2021-8-11", "name": "gate_error", "unit": "", "value": 0.006038609616749346}, {"date": "2021-8-8", "name": "gate_length", "unit": "ns", "value": 334.22222222222223}], "name": "cx1_3"}, {"qubits": [5, 6], "gate": "cx", "parameters": [{"date": "2021-8-11", "name": "gate_error", "unit": "", "value": 0.004909476078400726}, {"date": "2021-8-8", "name": "gate_length", "unit": "ns", "value": 256}], "name": "cx5_6"}, {"qubits": [6, 5], "gate": "cx", "parameters": [{"date": "2021-8-11", "name": "gate_error", "unit": "", "value": 0.004909476078400726}, {"date": "2021-8-8", "name": "gate_length", "unit": "ns", "value": 291.55555555555554}], "name": "cx6_5"}, {"qubits": [5, 3], "gate": "cx", "parameters": [{"date": "2021-8-11", "name": "gate_error", "unit": "", "value": 0.004233077584657935}, {"date": "2021-8-8", "name": "gate_length", "unit": "ns", "value": 298.66666666666663}], "name": "cx5_3"}, {"qubits": [3, 5], "gate": "cx", "parameters": [{"date": "2021-8-11", "name": "gate_error", "unit": "", "value": 0.004233077584657935}, {"date": "2021-8-8", "name": "gate_length", "unit": "ns", "value": 334.22222222222223}], "name": "cx3_5"}, {"qubits": [2, 1], "gate": "cx", "parameters": [{"date": "2021-8-11", "name": "gate_error", "unit": "", "value": 0.014113079479158908}, {"date": "2021-8-8", "name": "gate_length", "unit": "ns", "value": 291.55555555555554}], "name": "cx2_1"}, {"qubits": [1, 2], "gate": "cx", "parameters": [{"date": "2021-8-11", "name": "gate_error", "unit": "", "value": 0.014113079479158908}, {"date": "2021-8-8", "name": "gate_length", "unit": "ns", "value": 327.1111111111111}], "name": "cx1_2"}, {"qubits": [0, 1], "gate": "cx", "parameters": [{"date": "2021-8-11", "name": "gate_error", "unit": "", "value": 0.007472796272573662}, {"date": "2021-8-8", "name": "gate_length", "unit": "ns", "value": 305.77777777777777}], "name": "cx0_1"}, {"qubits": [1, 0], "gate": "cx", "parameters": [{"date": "2021-8-11", "name": "gate_error", "unit": "", "value": 0.007472796272573662}, {"date": "2021-8-8", "name": "gate_length", "unit": "ns", "value": 341.3333333333333}], "name": "cx1_0"}, {"qubits": [0], "gate": "reset", "parameters": [{"date": "2021-8-11", "name": "gate_length", "unit": "ns", "value": 1002.6666666666666}], "name": "reset0"}, {"qubits": [1], "gate": "reset", "parameters": [{"date": "2021-8-11", "name": "gate_length", "unit": "ns", "value": 1002.6666666666666}], "name": "reset1"}, {"qubits": [2], "gate": "reset", "parameters": [{"date": "2021-8-11", "name": "gate_length", "unit": "ns", "value": 995.5555555555555}], "name": "reset2"}, {"qubits": [3], "gate": "reset", "parameters": [{"date": "2021-8-11", "name": "gate_length", "unit": "ns", "value": 988.4444444444443}], "name": "reset3"}, {"qubits": [4], "gate": "reset", "parameters": [{"date": "2021-8-11", "name": "gate_length", "unit": "ns", "value": 1002.6666666666666}], "name": "reset4"}, {"qubits": [5], "gate": "reset", "parameters": [{"date": "2021-8-11", "name": "gate_length", "unit": "ns", "value": 1002.6666666666666}], "name": "reset5"}, {"qubits": [6], "gate": "reset", "parameters": [{"date": "2021-8-11", "name": "gate_length", "unit": "ns", "value": 988.4444444444443}], "name": "reset6"}], "general": [{"date": "2021-8-11", "name": "jq_01", "unit": "GHz", "value": 0.0017239661070310697}, {"date": "2021-8-11", "name": "zz_01", "unit": "GHz", "value": -4.1551259389276154e-05}, {"date": "2021-8-11", "name": "jq_12", "unit": "GHz", "value": 0.003306427365570105}, {"date": "2021-8-11", "name": "zz_12", "unit": "GHz", "value": -0.00013691896518548322}, {"date": "2021-8-11", "name": "jq_45", "unit": "GHz", "value": 0.0033964931013144256}, {"date": "2021-8-11", "name": "zz_45", "unit": "GHz", "value": -0.00015134337521539932}, {"date": "2021-8-11", "name": "jq_56", "unit": "GHz", "value": 0.0032394441256406383}, {"date": "2021-8-11", "name": "zz_56", "unit": "GHz", "value": -0.0001381127844927418}, {"date": "2021-8-11", "name": "jq_13", "unit": "GHz", "value": 0.003219077603102807}, {"date": "2021-8-11", "name": "zz_13", "unit": "GHz", "value": -0.00013509145307819546}, {"date": "2021-8-11", "name": "jq_35", "unit": "GHz", "value": 0.0023455196332844842}, {"date": "2021-8-11", "name": "zz_35", "unit": "GHz", "value": -9.35336850076191e-05}]}