{"backend_name": "ibm_lagos", "backend_version": "1.0.4", "last_update_date": "2021-9-14", "qubits": [[{"date": "2021-9-14", "name": "T1", "unit": "us", "value": 116.24077477328694}, {"date": "2021-9-14", "name": "T2", "unit": "us", "value": 32.89767619516427}, {"date": "2021-9-14", "name": "frequency", "unit": "GHz", "value": 5.235397293350038}, {"date": "2021-9-14", "name": "anharmonicity", "unit": "GHz", "value": -0.33986713855915607}, {"date": "2021-9-14", "name": "readout_error", "unit": "", "value": 0.019100000000000006}, {"date": "2021-9-14", "name": "prob_meas0_prep1", "unit": "", "value": 0.0126}, {"date": "2021-9-14", "name": "prob_meas1_prep0", "unit": "", "value": 0.025599999999999956}, {"date": "2021-9-14", "name": "readout_length", "unit": "ns", "value": 704}], [{"date": "2021-9-14", "name": "T1", "unit": "us", "value": 73.66489557678192}, {"date": "2021-9-14", "name": "T2", "unit": "us", "value": 64.11014393652134}, {"date": "2021-9-14", "name": "frequency", "unit": "GHz", "value": 5.099399083336294}, {"date": "2021-9-14", "name": "anharmonicity", "unit": "GHz", "value": -0.3432484042938357}, {"date": "2021-9-14", "name": "readout_error", "unit": "", "value": 0.011800000000000033}, {"date": "2021-9-14", "name": "prob_meas0_prep1", "unit": "", "value": 0.018}, {"date": "2021-9-14", "name": "prob_meas1_prep0", "unit": "", "value": 0.005600000000000049}, {"date": "2021-9-14", "name": "readout_length", "unit": "ns", "value": 704}], [{"date": "2021-9-14", "name": "T1", "unit": "us", "value": 97.28237082845475}, {"date": "2021-9-14", "name": "T2", "unit": "us", "value": 84.91042346993197}, {"date": "2021-9-14", "name": "frequency", "unit": "GHz", "value": 5.187898642238705}, {"date": "2021-9-14", "name": "anharmonicity", "unit": "GHz", "value": -0.3419316690031256}, {"date": "2021-9-14", "name": "readout_error", "unit": "", "value": 0.00770000000000004}, {"date": "2021-9-14", "name": "prob_meas0_prep1", "unit": "", "value": 0.0116}, {"date": "2021-9-14", "name": "prob_meas1_prep0", "unit": "", "value": 0.0038000000000000256}, {"date": "2021-9-14", "name": "readout_length", "unit": "ns", "value": 704}], [{"date": "2021-9-14", "name": "T1", "unit": "us", "value": 138.37540063442398}, {"date": "2021-9-14", "name": "T2", "unit": "us", "value": 117.67514361622625}, {"date": "2021-9-14", "name": "frequency", "unit": "GHz", "value": 4.986860693741455}, {"date": "2021-9-14", "name": "anharmonicity", "unit": "GHz", "value": -0.3452928861203798}, {"date": "2021-9-14", "name": "readout_error", "unit": "", "value": 0.005800000000000027}, {"date": "2021-9-14", "name": "prob_meas0_prep1", "unit": "", "value": 0.0076}, {"date": "2021-9-14", "name": "prob_meas1_prep0", "unit": "", "value": 0.0040000000000000036}, {"date": "2021-9-14", "name": "readout_length", "unit": "ns", "value": 704}], [{"date": "2021-9-14", "name": "T1", "unit": "us", "value": 76.11773005419282}, {"date": "2021-9-14", "name": "T2", "unit": "us", "value": 30.553448892431888}, {"date": "2021-9-14", "name": "frequency", "unit": "GHz", "value": 5.285323495082155}, {"date": "2021-9-14", "name": "anharmonicity", "unit": "GHz", "value": -0.3392342674107948}, {"date": "2021-9-14", "name": "readout_error", "unit": "", "value": 0.006900000000000017}, {"date": "2021-9-14", "name": "prob_meas0_prep1", "unit": "", "value": 0.006800000000000028}, {"date": "2021-9-14", "name": "prob_meas1_prep0", "unit": "", "value": 0.007}, {"date": "2021-9-14", "name": "readout_length", "unit": "ns", "value": 704}], [{"date": "2021-9-14", "name": "T1", "unit": "us", "value": 69.60893142657136}, {"date": "2021-9-14", "name": "T2", "unit": "us", "value": 44.00685197038874}, {"date": "2021-9-14", "name": "frequency", "unit": "GHz", "value": 5.1768582742178335}, {"date": "2021-9-14", "name": "anharmonicity", "unit": "GHz", "value": -0.34079297245074963}, {"date": "2021-9-14", "name": "readout_error", "unit": "", "value": 0.013400000000000079}, {"date": "2021-9-14", "name": "prob_meas0_prep1", "unit": "", "value": 0.0162}, {"date": "2021-9-14", "name": "prob_meas1_prep0", "unit": "", "value": 0.010600000000000054}, {"date": "2021-9-14", "name": "readout_length", "unit": "ns", "value": 704}], [{"date": "2021-9-14", "name": "T1", "unit": "us", "value": 130.778191807786}, {"date": "2021-9-14", "name": "T2", "unit": "us", "value": 97.38760047991047}, {"date": "2021-9-14", "name": "frequency", "unit": "GHz", "value": 5.064097874942173}, {"date": "2021-9-14", "name": "anharmonicity", "unit": "GHz", "value": -0.34275836537159754}, {"date": "2021-9-14", "name": "readout_error", "unit": "", "value": 0.007800000000000029}, {"date": "2021-9-14", "name": "prob_meas0_prep1", "unit": "", "value": 0.0082}, {"date": "2021-9-14", "name": "prob_meas1_prep0", "unit": "", "value": 0.007399999999999962}, {"date": "2021-9-14", "name": "readout_length", "unit": "ns", "value": 704}]], "gates": [{"qubits": [0], "gate": "id", "parameters": [{"date": "2021-9-14", "name": "gate_error", "unit": "", "value": 0.0003570868969356686}, {"date": "2021-9-14", "name": "gate_length", "unit": "ns", "value": 35.55555555555556}], "name": "id0"}, {"qubits": [1], "gate": "id", "parameters": [{"date": "2021-9-14", "name": "gate_error", "unit": "", "value": 0.0006255667148266964}, {"date": "2021-9-14", "name": "gate_length", "unit": "ns", "value": 35.55555555555556}], "name": "id1"}, {"qubits": [2], "gate": "id", "parameters": [{"date": "2021-9-14", "name": "gate_error", "unit": "", "value": 0.0011172256947654647}, {"date": "2021-9-14", "name": "gate_length", "unit": "ns", "value": 35.55555555555556}], "name": "id2"}, {"qubits": [3], "gate": "id", "parameters": [{"date": "2021-9-14", "name": "gate_error", "unit": "", "value": 0.000238789269224461}, {"date": "2021-9-14", "name": "gate_length", "unit": "ns", "value": 35.55555555555556}], "name": "id3"}, {"qubits": [4], "gate": "id", "parameters": [{"date": "2021-9-14", "name": "gate_error", "unit": "", "value": 0.00016765122383447667}, {"date": "2021-9-14", "name": "gate_length", "unit": "ns", "value": 35.55555555555556}], "name": "id4"}, {"qubits": [5], "gate": "id", "parameters": [{"date": "2021-9-14", "name": "gate_error", "unit": "", "value": 0.00022680598796976961}, {"date": "2021-9-14", "name": "gate_length", "unit": "ns", "value": 35.55555555555556}], "name": "id5"}, {"qubits": [6], "gate": "id", "parameters": [{"date": "2021-9-14", "name": "gate_error", "unit": "", "value": 0.00017950143853303553}, {"date": "2021-9-14", "name": "gate_length", "unit": "ns", "value": 35.55555555555556}], "name": "id6"}, {"qubits": [0], "gate": "rz", "parameters": [{"date": "2021-9-14", "name": "gate_error", "unit": "", "value": 0}, {"date": "2021-9-14", "name": "gate_length", "unit": "ns", "value": 0}], "name": "rz0"}, {"qubits": [1], "gate": "rz", "parameters": [{"date": "2021-9-14", "name": "gate_error", "unit": "", "value": 0}, {"date": "2021-9-14", "name": "gate_length", "unit": "ns", "value": 0}], "name": "rz1"}, {"qubits": [2], "gate": "rz", "parameters": [{"date": "2021-9-14", "name": "gate_error", "unit": "", "value": 0}, {"date": "2021-9-14", "name": "gate_length", "unit": "ns", "value": 0}], "name": "rz2"}, {"qubits": [3], "gate": "rz", "parameters": [{"date": "2021-9-14", "name": "gate_error", "unit": "", "value": 0}, {"date": "2021-9-14", "name": "gate_length", "unit": "ns", "value": 0}], "name": "rz3"}, {"qubits": [4], "gate": "rz", "parameters": [{"date": "2021-9-14", "name": "gate_error", "unit": "", "value": 0}, {"date": "2021-9-14", "name": "gate_length", "unit": "ns", "value": 0}], "name": "rz4"}, {"qubits": [5], "gate": "rz", "parameters": [{"date": "2021-9-14", "name": "gate_error", "unit": "", "value": 0}, {"date": "2021-9-14", "name": "gate_length", "unit": "ns", "value": 0}], "name": "rz5"}, {"qubits": [6], "gate": "rz", "parameters": [{"date": "2021-9-14", "name": "gate_error", "unit": "", "value": 0}, {"date": "2021-9-14", "name": "gate_length", "unit": "ns", "value": 0}], "name": "rz6"}, {"qubits": [0], "gate": "sx", "parameters": [{"date": "2021-9-14", "name": "gate_error", "unit": "", "value": 0.0003570868969356686}, {"date": "2021-9-14", "name": "gate_length", "unit": "ns", "value": 35.55555555555556}], "name": "sx0"}, {"qubits": [1], "gate": "sx", "parameters": [{"date": "2021-9-14", "name": "gate_error", "unit": "", "value": 0.0006255667148266964}, {"date": "2021-9-14", "name": "gate_length", "unit": "ns", "value": 35.55555555555556}], "name": "sx1"}, {"qubits": [2], "gate": "sx", "parameters": [{"date": "2021-9-14", "name": "gate_error", "unit": "", "value": 0.0011172256947654647}, {"date": "2021-9-14", "name": "gate_length", "unit": "ns", "value": 35.55555555555556}], "name": "sx2"}, {"qubits": [3], "gate": "sx", "parameters": [{"date": "2021-9-14", "name": "gate_error", "unit": "", "value": 0.000238789269224461}, {"date": "2021-9-14", "name": "gate_length", "unit": "ns", "value": 35.55555555555556}], "name": "sx3"}, {"qubits": [4], "gate": "sx", "parameters": [{"date": "2021-9-14", "name": "gate_error", "unit": "", "value": 0.00016765122383447667}, {"date": "2021-9-14", "name": "gate_length", "unit": "ns", "value": 35.55555555555556}], "name": "sx4"}, {"qubits": [5], "gate": "sx", "parameters": [{"date": "2021-9-14", "name": "gate_error", "unit": "", "value": 0.00022680598796976961}, {"date": "2021-9-14", "name": "gate_length", "unit": "ns", "value": 35.55555555555556}], "name": "sx5"}, {"qubits": [6], "gate": "sx", "parameters": [{"date": "2021-9-14", "name": "gate_error", "unit": "", "value": 0.00017950143853303553}, {"date": "2021-9-14", "name": "gate_length", "unit": "ns", "value": 35.55555555555556}], "name": "sx6"}, {"qubits": [0], "gate": "x", "parameters": [{"date": "2021-9-14", "name": "gate_error", "unit": "", "value": 0.0003570868969356686}, {"date": "2021-9-14", "name": "gate_length", "unit": "ns", "value": 35.55555555555556}], "name": "x0"}, {"qubits": [1], "gate": "x", "parameters": [{"date": "2021-9-14", "name": "gate_error", "unit": "", "value": 0.0006255667148266964}, {"date": "2021-9-14", "name": "gate_length", "unit": "ns", "value": 35.55555555555556}], "name": "x1"}, {"qubits": [2], "gate": "x", "parameters": [{"date": "2021-9-14", "name": "gate_error", "unit": "", "value": 0.0011172256947654647}, {"date": "2021-9-14", "name": "gate_length", "unit": "ns", "value": 35.55555555555556}], "name": "x2"}, {"qubits": [3], "gate": "x", "parameters": [{"date": "2021-9-14", "name": "gate_error", "unit": "", "value": 0.000238789269224461}, {"date": "2021-9-14", "name": "gate_length", "unit": "ns", "value": 35.55555555555556}], "name": "x3"}, {"qubits": [4], "gate": "x", "parameters": [{"date": "2021-9-14", "name": "gate_error", "unit": "", "value": 0.00016765122383447667}, {"date": "2021-9-14", "name": "gate_length", "unit": "ns", "value": 35.55555555555556}], "name": "x4"}, {"qubits": [5], "gate": "x", "parameters": [{"date": "2021-9-14", "name": "gate_error", "unit": "", "value": 0.00022680598796976961}, {"date": "2021-9-14", "name": "gate_length", "unit": "ns", "value": 35.55555555555556}], "name": "x5"}, {"qubits": [6], "gate": "x", "parameters": [{"date": "2021-9-14", "name": "gate_error", "unit": "", "value": 0.00017950143853303553}, {"date": "2021-9-14", "name": "gate_length", "unit": "ns", "value": 35.55555555555556}], "name": "x6"}, {"qubits": [5, 4], "gate": "cx", "parameters": [{"date": "2021-9-14", "name": "gate_error", "unit": "", "value": 0.005633433541030269}, {"date": "2021-9-11", "name": "gate_length", "unit": "ns", "value": 327.1111111111111}], "name": "cx5_4"}, {"qubits": [4, 5], "gate": "cx", "parameters": [{"date": "2021-9-14", "name": "gate_error", "unit": "", "value": 0.005633433541030269}, {"date": "2021-9-11", "name": "gate_length", "unit": "ns", "value": 362.66666666666663}], "name": "cx4_5"}, {"qubits": [3, 1], "gate": "cx", "parameters": [{"date": "2021-9-14", "name": "gate_error", "unit": "", "value": 0.013523803220487018}, {"date": "2021-9-11", "name": "gate_length", "unit": "ns", "value": 298.66666666666663}], "name": "cx3_1"}, {"qubits": [1, 3], "gate": "cx", "parameters": [{"date": "2021-9-14", "name": "gate_error", "unit": "", "value": 0.013523803220487018}, {"date": "2021-9-11", "name": "gate_length", "unit": "ns", "value": 334.22222222222223}], "name": "cx1_3"}, {"qubits": [5, 6], "gate": "cx", "parameters": [{"date": "2021-9-14", "name": "gate_error", "unit": "", "value": 0.004806498314053553}, {"date": "2021-9-11", "name": "gate_length", "unit": "ns", "value": 256}], "name": "cx5_6"}, {"qubits": [6, 5], "gate": "cx", "parameters": [{"date": "2021-9-14", "name": "gate_error", "unit": "", "value": 0.004806498314053553}, {"date": "2021-9-11", "name": "gate_length", "unit": "ns", "value": 291.55555555555554}], "name": "cx6_5"}, {"qubits": [5, 3], "gate": "cx", "parameters": [{"date": "2021-9-14", "name": "gate_error", "unit": "", "value": 0.005810126250304831}, {"date": "2021-9-11", "name": "gate_length", "unit": "ns", "value": 298.66666666666663}], "name": "cx5_3"}, {"qubits": [3, 5], "gate": "cx", "parameters": [{"date": "2021-9-14", "name": "gate_error", "unit": "", "value": 0.005810126250304831}, {"date": "2021-9-11", "name": "gate_length", "unit": "ns", "value": 334.22222222222223}], "name": "cx3_5"}, {"qubits": [2, 1], "gate": "cx", "parameters": [{"date": "2021-9-14", "name": "gate_error", "unit": "", "value": 0.012664081149300982}, {"date": "2021-9-11", "name": "gate_length", "unit": "ns", "value": 291.55555555555554}], "name": "cx2_1"}, {"qubits": [1, 2], "gate": "cx", "parameters": [{"date": "2021-9-14", "name": "gate_error", "unit": "", "value": 0.012664081149300982}, {"date": "2021-9-11", "name": "gate_length", "unit": "ns", "value": 327.1111111111111}], "name": "cx1_2"}, {"qubits": [0, 1], "gate": "cx", "parameters": [{"date": "2021-9-14", "name": "gate_error", "unit": "", "value": 0.009698913122978853}, {"date": "2021-9-11", "name": "gate_length", "unit": "ns", "value": 305.77777777777777}], "name": "cx0_1"}, {"qubits": [1, 0], "gate": "cx", "parameters": [{"date": "2021-9-14", "name": "gate_error", "unit": "", "value": 0.009698913122978853}, {"date": "2021-9-11", "name": "gate_length", "unit": "ns", "value": 341.3333333333333}], "name": "cx1_0"}, {"qubits": [0], "gate": "reset", "parameters": [{"date": "2021-9-14", "name": "gate_length", "unit": "ns", "value": 1002.6666666666666}], "name": "reset0"}, {"qubits": [1], "gate": "reset", "parameters": [{"date": "2021-9-14", "name": "gate_length", "unit": "ns", "value": 1002.6666666666666}], "name": "reset1"}, {"qubits": [2], "gate": "reset", "parameters": [{"date": "2021-9-14", "name": "gate_length", "unit": "ns", "value": 995.5555555555555}], "name": "reset2"}, {"qubits": [3], "gate": "reset", "parameters": [{"date": "2021-9-14", "name": "gate_length", "unit": "ns", "value": 988.4444444444443}], "name": "reset3"}, {"qubits": [4], "gate": "reset", "parameters": [{"date": "2021-9-14", "name": "gate_length", "unit": "ns", "value": 1002.6666666666666}], "name": "reset4"}, {"qubits": [5], "gate": "reset", "parameters": [{"date": "2021-9-14", "name": "gate_length", "unit": "ns", "value": 1002.6666666666666}], "name": "reset5"}, {"qubits": [6], "gate": "reset", "parameters": [{"date": "2021-9-14", "name": "gate_length", "unit": "ns", "value": 988.4444444444443}], "name": "reset6"}], "general": [{"date": "2021-9-14", "name": "jq_01", "unit": "GHz", "value": 0.0017239661070310697}, {"date": "2021-9-14", "name": "zz_01", "unit": "GHz", "value": -4.1551259389276154e-05}, {"date": "2021-9-14", "name": "jq_12", "unit": "GHz", "value": 0.003306427365570105}, {"date": "2021-9-14", "name": "zz_12", "unit": "GHz", "value": -0.00013691896518548322}, {"date": "2021-9-14", "name": "jq_45", "unit": "GHz", "value": 0.0033964931013144256}, {"date": "2021-9-14", "name": "zz_45", "unit": "GHz", "value": -0.00015134337521539932}, {"date": "2021-9-14", "name": "jq_56", "unit": "GHz", "value": 0.0032394441256406383}, {"date": "2021-9-14", "name": "zz_56", "unit": "GHz", "value": -0.0001381127844927418}, {"date": "2021-9-14", "name": "jq_13", "unit": "GHz", "value": 0.003219077603102807}, {"date": "2021-9-14", "name": "zz_13", "unit": "GHz", "value": -0.00013509145307819546}, {"date": "2021-9-14", "name": "jq_35", "unit": "GHz", "value": 0.0023455196332844842}, {"date": "2021-9-14", "name": "zz_35", "unit": "GHz", "value": -9.35336850076191e-05}]}