{"backend_name": "ibm_lagos", "backend_version": "1.0.4", "last_update_date": "2021-9-24", "qubits": [[{"date": "2021-9-24", "name": "T1", "unit": "us", "value": 73.72308897834374}, {"date": "2021-9-24", "name": "T2", "unit": "us", "value": 32.50588063495744}, {"date": "2021-9-24", "name": "frequency", "unit": "GHz", "value": 5.235403023393895}, {"date": "2021-9-24", "name": "anharmonicity", "unit": "GHz", "value": -0.33986713855915607}, {"date": "2021-9-24", "name": "readout_error", "unit": "", "value": 0.011400000000000077}, {"date": "2021-9-24", "name": "prob_meas0_prep1", "unit": "", "value": 0.013}, {"date": "2021-9-24", "name": "prob_meas1_prep0", "unit": "", "value": 0.009800000000000031}, {"date": "2021-9-24", "name": "readout_length", "unit": "ns", "value": 704}], [{"date": "2021-9-24", "name": "T1", "unit": "us", "value": 126.5269421725019}, {"date": "2021-9-24", "name": "T2", "unit": "us", "value": 90.07376397915738}, {"date": "2021-9-24", "name": "frequency", "unit": "GHz", "value": 5.099414569065391}, {"date": "2021-9-24", "name": "anharmonicity", "unit": "GHz", "value": -0.3432484042938357}, {"date": "2021-9-24", "name": "readout_error", "unit": "", "value": 0.01089999999999991}, {"date": "2021-9-24", "name": "prob_meas0_prep1", "unit": "", "value": 0.0156}, {"date": "2021-9-24", "name": "prob_meas1_prep0", "unit": "", "value": 0.006199999999999983}, {"date": "2021-9-24", "name": "readout_length", "unit": "ns", "value": 704}], [{"date": "2021-9-24", "name": "T1", "unit": "us", "value": 167.6614311173199}, {"date": "2021-9-24", "name": "T2", "unit": "us", "value": 128.86736371265687}, {"date": "2021-9-24", "name": "frequency", "unit": "GHz", "value": 5.187916193863056}, {"date": "2021-9-24", "name": "anharmonicity", "unit": "GHz", "value": -0.3419316690031256}, {"date": "2021-9-24", "name": "readout_error", "unit": "", "value": 0.005099999999999993}, {"date": "2021-9-24", "name": "prob_meas0_prep1", "unit": "", "value": 0.0062}, {"date": "2021-9-24", "name": "prob_meas1_prep0", "unit": "", "value": 0.0040000000000000036}, {"date": "2021-9-24", "name": "readout_length", "unit": "ns", "value": 704}], [{"date": "2021-9-24", "name": "T1", "unit": "us", "value": 128.92623544989814}, {"date": "2021-9-24", "name": "T2", "unit": "us", "value": 129.64895975285876}, {"date": "2021-9-24", "name": "frequency", "unit": "GHz", "value": 4.986869734581043}, {"date": "2021-9-24", "name": "anharmonicity", "unit": "GHz", "value": -0.3452928861203798}, {"date": "2021-9-24", "name": "readout_error", "unit": "", "value": 0.0121}, {"date": "2021-9-24", "name": "prob_meas0_prep1", "unit": "", "value": 0.0164}, {"date": "2021-9-24", "name": "prob_meas1_prep0", "unit": "", "value": 0.007800000000000029}, {"date": "2021-9-24", "name": "readout_length", "unit": "ns", "value": 704}], [{"date": "2021-9-24", "name": "T1", "unit": "us", "value": 139.29864907095495}, {"date": "2021-9-24", "name": "T2", "unit": "us", "value": 29.035235296627206}, {"date": "2021-9-24", "name": "frequency", "unit": "GHz", "value": 5.285329695714621}, {"date": "2021-9-24", "name": "anharmonicity", "unit": "GHz", "value": -0.3392342674107948}, {"date": "2021-9-24", "name": "readout_error", "unit": "", "value": 0.007099999999999995}, {"date": "2021-9-24", "name": "prob_meas0_prep1", "unit": "", "value": 0.007399999999999962}, {"date": "2021-9-24", "name": "prob_meas1_prep0", "unit": "", "value": 0.0068}, {"date": "2021-9-24", "name": "readout_length", "unit": "ns", "value": 704}], [{"date": "2021-9-24", "name": "T1", "unit": "us", "value": 111.46509126108779}, {"date": "2021-9-24", "name": "T2", "unit": "us", "value": 73.48044880066216}, {"date": "2021-9-24", "name": "frequency", "unit": "GHz", "value": 5.176865719585894}, {"date": "2021-9-24", "name": "anharmonicity", "unit": "GHz", "value": -0.34079297245074963}, {"date": "2021-9-24", "name": "readout_error", "unit": "", "value": 0.010800000000000032}, {"date": "2021-9-24", "name": "prob_meas0_prep1", "unit": "", "value": 0.0116}, {"date": "2021-9-24", "name": "prob_meas1_prep0", "unit": "", "value": 0.010000000000000009}, {"date": "2021-9-24", "name": "readout_length", "unit": "ns", "value": 704}], [{"date": "2021-9-24", "name": "T1", "unit": "us", "value": 106.85802299189787}, {"date": "2021-9-24", "name": "T2", "unit": "us", "value": 117.74392030924732}, {"date": "2021-9-24", "name": "frequency", "unit": "GHz", "value": 5.064082457819196}, {"date": "2021-9-24", "name": "anharmonicity", "unit": "GHz", "value": -0.34275836537159754}, {"date": "2021-9-24", "name": "readout_error", "unit": "", "value": 0.007100000000000106}, {"date": "2021-9-24", "name": "prob_meas0_prep1", "unit": "", "value": 0.0076}, {"date": "2021-9-24", "name": "prob_meas1_prep0", "unit": "", "value": 0.00660000000000005}, {"date": "2021-9-24", "name": "readout_length", "unit": "ns", "value": 704}]], "gates": [{"qubits": [0], "gate": "id", "parameters": [{"date": "2021-9-24", "name": "gate_error", "unit": "", "value": 0.00025660143672715283}, {"date": "2021-9-24", "name": "gate_length", "unit": "ns", "value": 35.55555555555556}], "name": "id0"}, {"qubits": [1], "gate": "id", "parameters": [{"date": "2021-9-24", "name": "gate_error", "unit": "", "value": 0.00024243943539452664}, {"date": "2021-9-24", "name": "gate_length", "unit": "ns", "value": 35.55555555555556}], "name": "id1"}, {"qubits": [2], "gate": "id", "parameters": [{"date": "2021-9-24", "name": "gate_error", "unit": "", "value": 0.00018238898795804043}, {"date": "2021-9-24", "name": "gate_length", "unit": "ns", "value": 35.55555555555556}], "name": "id2"}, {"qubits": [3], "gate": "id", "parameters": [{"date": "2021-9-24", "name": "gate_error", "unit": "", "value": 0.00017479632732668693}, {"date": "2021-9-24", "name": "gate_length", "unit": "ns", "value": 35.55555555555556}], "name": "id3"}, {"qubits": [4], "gate": "id", "parameters": [{"date": "2021-9-24", "name": "gate_error", "unit": "", "value": 0.00014913691256256974}, {"date": "2021-9-24", "name": "gate_length", "unit": "ns", "value": 35.55555555555556}], "name": "id4"}, {"qubits": [5], "gate": "id", "parameters": [{"date": "2021-9-24", "name": "gate_error", "unit": "", "value": 0.0003348403242886186}, {"date": "2021-9-24", "name": "gate_length", "unit": "ns", "value": 35.55555555555556}], "name": "id5"}, {"qubits": [6], "gate": "id", "parameters": [{"date": "2021-9-24", "name": "gate_error", "unit": "", "value": 0.0001903800638515115}, {"date": "2021-9-24", "name": "gate_length", "unit": "ns", "value": 35.55555555555556}], "name": "id6"}, {"qubits": [0], "gate": "rz", "parameters": [{"date": "2021-9-24", "name": "gate_error", "unit": "", "value": 0}, {"date": "2021-9-24", "name": "gate_length", "unit": "ns", "value": 0}], "name": "rz0"}, {"qubits": [1], "gate": "rz", "parameters": [{"date": "2021-9-24", "name": "gate_error", "unit": "", "value": 0}, {"date": "2021-9-24", "name": "gate_length", "unit": "ns", "value": 0}], "name": "rz1"}, {"qubits": [2], "gate": "rz", "parameters": [{"date": "2021-9-24", "name": "gate_error", "unit": "", "value": 0}, {"date": "2021-9-24", "name": "gate_length", "unit": "ns", "value": 0}], "name": "rz2"}, {"qubits": [3], "gate": "rz", "parameters": [{"date": "2021-9-24", "name": "gate_error", "unit": "", "value": 0}, {"date": "2021-9-24", "name": "gate_length", "unit": "ns", "value": 0}], "name": "rz3"}, {"qubits": [4], "gate": "rz", "parameters": [{"date": "2021-9-24", "name": "gate_error", "unit": "", "value": 0}, {"date": "2021-9-24", "name": "gate_length", "unit": "ns", "value": 0}], "name": "rz4"}, {"qubits": [5], "gate": "rz", "parameters": [{"date": "2021-9-24", "name": "gate_error", "unit": "", "value": 0}, {"date": "2021-9-24", "name": "gate_length", "unit": "ns", "value": 0}], "name": "rz5"}, {"qubits": [6], "gate": "rz", "parameters": [{"date": "2021-9-24", "name": "gate_error", "unit": "", "value": 0}, {"date": "2021-9-24", "name": "gate_length", "unit": "ns", "value": 0}], "name": "rz6"}, {"qubits": [0], "gate": "sx", "parameters": [{"date": "2021-9-24", "name": "gate_error", "unit": "", "value": 0.00025660143672715283}, {"date": "2021-9-24", "name": "gate_length", "unit": "ns", "value": 35.55555555555556}], "name": "sx0"}, {"qubits": [1], "gate": "sx", "parameters": [{"date": "2021-9-24", "name": "gate_error", "unit": "", "value": 0.00024243943539452664}, {"date": "2021-9-24", "name": "gate_length", "unit": "ns", "value": 35.55555555555556}], "name": "sx1"}, {"qubits": [2], "gate": "sx", "parameters": [{"date": "2021-9-24", "name": "gate_error", "unit": "", "value": 0.00018238898795804043}, {"date": "2021-9-24", "name": "gate_length", "unit": "ns", "value": 35.55555555555556}], "name": "sx2"}, {"qubits": [3], "gate": "sx", "parameters": [{"date": "2021-9-24", "name": "gate_error", "unit": "", "value": 0.00017479632732668693}, {"date": "2021-9-24", "name": "gate_length", "unit": "ns", "value": 35.55555555555556}], "name": "sx3"}, {"qubits": [4], "gate": "sx", "parameters": [{"date": "2021-9-24", "name": "gate_error", "unit": "", "value": 0.00014913691256256974}, {"date": "2021-9-24", "name": "gate_length", "unit": "ns", "value": 35.55555555555556}], "name": "sx4"}, {"qubits": [5], "gate": "sx", "parameters": [{"date": "2021-9-24", "name": "gate_error", "unit": "", "value": 0.0003348403242886186}, {"date": "2021-9-24", "name": "gate_length", "unit": "ns", "value": 35.55555555555556}], "name": "sx5"}, {"qubits": [6], "gate": "sx", "parameters": [{"date": "2021-9-24", "name": "gate_error", "unit": "", "value": 0.0001903800638515115}, {"date": "2021-9-24", "name": "gate_length", "unit": "ns", "value": 35.55555555555556}], "name": "sx6"}, {"qubits": [0], "gate": "x", "parameters": [{"date": "2021-9-24", "name": "gate_error", "unit": "", "value": 0.00025660143672715283}, {"date": "2021-9-24", "name": "gate_length", "unit": "ns", "value": 35.55555555555556}], "name": "x0"}, {"qubits": [1], "gate": "x", "parameters": [{"date": "2021-9-24", "name": "gate_error", "unit": "", "value": 0.00024243943539452664}, {"date": "2021-9-24", "name": "gate_length", "unit": "ns", "value": 35.55555555555556}], "name": "x1"}, {"qubits": [2], "gate": "x", "parameters": [{"date": "2021-9-24", "name": "gate_error", "unit": "", "value": 0.00018238898795804043}, {"date": "2021-9-24", "name": "gate_length", "unit": "ns", "value": 35.55555555555556}], "name": "x2"}, {"qubits": [3], "gate": "x", "parameters": [{"date": "2021-9-24", "name": "gate_error", "unit": "", "value": 0.00017479632732668693}, {"date": "2021-9-24", "name": "gate_length", "unit": "ns", "value": 35.55555555555556}], "name": "x3"}, {"qubits": [4], "gate": "x", "parameters": [{"date": "2021-9-24", "name": "gate_error", "unit": "", "value": 0.00014913691256256974}, {"date": "2021-9-24", "name": "gate_length", "unit": "ns", "value": 35.55555555555556}], "name": "x4"}, {"qubits": [5], "gate": "x", "parameters": [{"date": "2021-9-24", "name": "gate_error", "unit": "", "value": 0.0003348403242886186}, {"date": "2021-9-24", "name": "gate_length", "unit": "ns", "value": 35.55555555555556}], "name": "x5"}, {"qubits": [6], "gate": "x", "parameters": [{"date": "2021-9-24", "name": "gate_error", "unit": "", "value": 0.0001903800638515115}, {"date": "2021-9-24", "name": "gate_length", "unit": "ns", "value": 35.55555555555556}], "name": "x6"}, {"qubits": [5, 4], "gate": "cx", "parameters": [{"date": "2021-9-24", "name": "gate_error", "unit": "", "value": 0.005773744480870258}, {"date": "2021-9-21", "name": "gate_length", "unit": "ns", "value": 327.1111111111111}], "name": "cx5_4"}, {"qubits": [4, 5], "gate": "cx", "parameters": [{"date": "2021-9-24", "name": "gate_error", "unit": "", "value": 0.005773744480870258}, {"date": "2021-9-21", "name": "gate_length", "unit": "ns", "value": 362.66666666666663}], "name": "cx4_5"}, {"qubits": [3, 1], "gate": "cx", "parameters": [{"date": "2021-9-24", "name": "gate_error", "unit": "", "value": 0.007549550581659542}, {"date": "2021-9-21", "name": "gate_length", "unit": "ns", "value": 298.66666666666663}], "name": "cx3_1"}, {"qubits": [1, 3], "gate": "cx", "parameters": [{"date": "2021-9-24", "name": "gate_error", "unit": "", "value": 0.007549550581659542}, {"date": "2021-9-21", "name": "gate_length", "unit": "ns", "value": 334.22222222222223}], "name": "cx1_3"}, {"qubits": [5, 6], "gate": "cx", "parameters": [{"date": "2021-9-24", "name": "gate_error", "unit": "", "value": 0.006956971644382887}, {"date": "2021-9-21", "name": "gate_length", "unit": "ns", "value": 256}], "name": "cx5_6"}, {"qubits": [6, 5], "gate": "cx", "parameters": [{"date": "2021-9-24", "name": "gate_error", "unit": "", "value": 0.006956971644382887}, {"date": "2021-9-21", "name": "gate_length", "unit": "ns", "value": 291.55555555555554}], "name": "cx6_5"}, {"qubits": [5, 3], "gate": "cx", "parameters": [{"date": "2021-9-24", "name": "gate_error", "unit": "", "value": 0.007136360195023034}, {"date": "2021-9-21", "name": "gate_length", "unit": "ns", "value": 298.66666666666663}], "name": "cx5_3"}, {"qubits": [3, 5], "gate": "cx", "parameters": [{"date": "2021-9-24", "name": "gate_error", "unit": "", "value": 0.007136360195023034}, {"date": "2021-9-21", "name": "gate_length", "unit": "ns", "value": 334.22222222222223}], "name": "cx3_5"}, {"qubits": [2, 1], "gate": "cx", "parameters": [{"date": "2021-9-24", "name": "gate_error", "unit": "", "value": 0.005558646124977723}, {"date": "2021-9-21", "name": "gate_length", "unit": "ns", "value": 291.55555555555554}], "name": "cx2_1"}, {"qubits": [1, 2], "gate": "cx", "parameters": [{"date": "2021-9-24", "name": "gate_error", "unit": "", "value": 0.005558646124977723}, {"date": "2021-9-21", "name": "gate_length", "unit": "ns", "value": 327.1111111111111}], "name": "cx1_2"}, {"qubits": [0, 1], "gate": "cx", "parameters": [{"date": "2021-9-24", "name": "gate_error", "unit": "", "value": 0.008906393785707317}, {"date": "2021-9-21", "name": "gate_length", "unit": "ns", "value": 305.77777777777777}], "name": "cx0_1"}, {"qubits": [1, 0], "gate": "cx", "parameters": [{"date": "2021-9-24", "name": "gate_error", "unit": "", "value": 0.008906393785707317}, {"date": "2021-9-21", "name": "gate_length", "unit": "ns", "value": 341.3333333333333}], "name": "cx1_0"}, {"qubits": [0], "gate": "reset", "parameters": [{"date": "2021-9-24", "name": "gate_length", "unit": "ns", "value": 1002.6666666666666}], "name": "reset0"}, {"qubits": [1], "gate": "reset", "parameters": [{"date": "2021-9-24", "name": "gate_length", "unit": "ns", "value": 1002.6666666666666}], "name": "reset1"}, {"qubits": [2], "gate": "reset", "parameters": [{"date": "2021-9-24", "name": "gate_length", "unit": "ns", "value": 995.5555555555555}], "name": "reset2"}, {"qubits": [3], "gate": "reset", "parameters": [{"date": "2021-9-24", "name": "gate_length", "unit": "ns", "value": 988.4444444444443}], "name": "reset3"}, {"qubits": [4], "gate": "reset", "parameters": [{"date": "2021-9-24", "name": "gate_length", "unit": "ns", "value": 1002.6666666666666}], "name": "reset4"}, {"qubits": [5], "gate": "reset", "parameters": [{"date": "2021-9-24", "name": "gate_length", "unit": "ns", "value": 1002.6666666666666}], "name": "reset5"}, {"qubits": [6], "gate": "reset", "parameters": [{"date": "2021-9-24", "name": "gate_length", "unit": "ns", "value": 988.4444444444443}], "name": "reset6"}], "general": [{"date": "2021-9-24", "name": "jq_01", "unit": "GHz", "value": 0.0017239661070310697}, {"date": "2021-9-24", "name": "zz_01", "unit": "GHz", "value": -4.1551259389276154e-05}, {"date": "2021-9-24", "name": "jq_12", "unit": "GHz", "value": 0.003306427365570105}, {"date": "2021-9-24", "name": "zz_12", "unit": "GHz", "value": -0.00013691896518548322}, {"date": "2021-9-24", "name": "jq_45", "unit": "GHz", "value": 0.0033964931013144256}, {"date": "2021-9-24", "name": "zz_45", "unit": "GHz", "value": -0.00015134337521539932}, {"date": "2021-9-24", "name": "jq_56", "unit": "GHz", "value": 0.0032394441256406383}, {"date": "2021-9-24", "name": "zz_56", "unit": "GHz", "value": -0.0001381127844927418}, {"date": "2021-9-24", "name": "jq_13", "unit": "GHz", "value": 0.003219077603102807}, {"date": "2021-9-24", "name": "zz_13", "unit": "GHz", "value": -0.00013509145307819546}, {"date": "2021-9-24", "name": "jq_35", "unit": "GHz", "value": 0.0023455196332844842}, {"date": "2021-9-24", "name": "zz_35", "unit": "GHz", "value": -9.35336850076191e-05}]}