{"backend_name": "ibm_lagos", "backend_version": "1.0.19", "last_update_date": "2021-12-28", "qubits": [[{"date": "2021-12-28", "name": "T1", "unit": "us", "value": 133.64161783115824}, {"date": "2021-12-28", "name": "T2", "unit": "us", "value": 40.05891242730462}, {"date": "2021-12-28", "name": "frequency", "unit": "GHz", "value": 5.235183606997836}, {"date": "2021-12-28", "name": "anharmonicity", "unit": "GHz", "value": -0.33986713855915607}, {"date": "2021-12-28", "name": "readout_error", "unit": "", "value": 0.0252}, {"date": "2021-12-28", "name": "prob_meas0_prep1", "unit": "", "value": 0.024}, {"date": "2021-12-28", "name": "prob_meas1_prep0", "unit": "", "value": 0.02639999999999998}, {"date": "2021-12-28", "name": "readout_length", "unit": "ns", "value": 704}], [{"date": "2021-12-28", "name": "T1", "unit": "us", "value": 111.14224358260283}, {"date": "2021-12-28", "name": "T2", "unit": "us", "value": 89.52411304963951}, {"date": "2021-12-28", "name": "frequency", "unit": "GHz", "value": 5.09959295030658}, {"date": "2021-12-28", "name": "anharmonicity", "unit": "GHz", "value": -0.3432484042938357}, {"date": "2021-12-28", "name": "readout_error", "unit": "", "value": 0.011099999999999999}, {"date": "2021-12-28", "name": "prob_meas0_prep1", "unit": "", "value": 0.0114}, {"date": "2021-12-28", "name": "prob_meas1_prep0", "unit": "", "value": 0.010800000000000032}, {"date": "2021-12-28", "name": "readout_length", "unit": "ns", "value": 704}], [{"date": "2021-12-28", "name": "T1", "unit": "us", "value": 81.73934311862017}, {"date": "2021-12-28", "name": "T2", "unit": "us", "value": 206.75493883593458}, {"date": "2021-12-28", "name": "frequency", "unit": "GHz", "value": 5.188389172958862}, {"date": "2021-12-28", "name": "anharmonicity", "unit": "GHz", "value": -0.3419316690031256}, {"date": "2021-12-28", "name": "readout_error", "unit": "", "value": 0.005099999999999993}, {"date": "2021-12-28", "name": "prob_meas0_prep1", "unit": "", "value": 0.007}, {"date": "2021-12-28", "name": "prob_meas1_prep0", "unit": "", "value": 0.0031999999999999806}, {"date": "2021-12-28", "name": "readout_length", "unit": "ns", "value": 704}], [{"date": "2021-12-28", "name": "T1", "unit": "us", "value": 116.8186231320798}, {"date": "2021-12-28", "name": "T2", "unit": "us", "value": 103.10423900175614}, {"date": "2021-12-28", "name": "frequency", "unit": "GHz", "value": 4.987484978583297}, {"date": "2021-12-28", "name": "anharmonicity", "unit": "GHz", "value": -0.3452928861203798}, {"date": "2021-12-28", "name": "readout_error", "unit": "", "value": 0.016599999999999948}, {"date": "2021-12-28", "name": "prob_meas0_prep1", "unit": "", "value": 0.0144}, {"date": "2021-12-28", "name": "prob_meas1_prep0", "unit": "", "value": 0.01880000000000004}, {"date": "2021-12-28", "name": "readout_length", "unit": "ns", "value": 704}], [{"date": "2021-12-28", "name": "T1", "unit": "us", "value": 149.2886264575222}, {"date": "2021-12-28", "name": "T2", "unit": "us", "value": 51.01125189665496}, {"date": "2021-12-28", "name": "frequency", "unit": "GHz", "value": 5.285333057879655}, {"date": "2021-12-28", "name": "anharmonicity", "unit": "GHz", "value": -0.3392342674107948}, {"date": "2021-12-28", "name": "readout_error", "unit": "", "value": 0.01200000000000001}, {"date": "2021-12-28", "name": "prob_meas0_prep1", "unit": "", "value": 0.011600000000000055}, {"date": "2021-12-28", "name": "prob_meas1_prep0", "unit": "", "value": 0.0124}, {"date": "2021-12-28", "name": "readout_length", "unit": "ns", "value": 704}], [{"date": "2021-12-28", "name": "T1", "unit": "us", "value": 128.29647304870014}, {"date": "2021-12-28", "name": "T2", "unit": "us", "value": 89.98035031018031}, {"date": "2021-12-28", "name": "frequency", "unit": "GHz", "value": 5.17617109539051}, {"date": "2021-12-28", "name": "anharmonicity", "unit": "GHz", "value": -0.34079297245074963}, {"date": "2021-12-28", "name": "readout_error", "unit": "", "value": 0.012199999999999989}, {"date": "2021-12-28", "name": "prob_meas0_prep1", "unit": "", "value": 0.0136}, {"date": "2021-12-28", "name": "prob_meas1_prep0", "unit": "", "value": 0.010800000000000032}, {"date": "2021-12-28", "name": "readout_length", "unit": "ns", "value": 704}], [{"date": "2021-12-28", "name": "T1", "unit": "us", "value": 109.00982296917655}, {"date": "2021-12-28", "name": "T2", "unit": "us", "value": 161.90741706073894}, {"date": "2021-12-28", "name": "frequency", "unit": "GHz", "value": 5.063927537452038}, {"date": "2021-12-28", "name": "anharmonicity", "unit": "GHz", "value": -0.34275836537159754}, {"date": "2021-12-28", "name": "readout_error", "unit": "", "value": 0.007300000000000084}, {"date": "2021-12-28", "name": "prob_meas0_prep1", "unit": "", "value": 0.00880000000000003}, {"date": "2021-12-28", "name": "prob_meas1_prep0", "unit": "", "value": 0.0058}, {"date": "2021-12-28", "name": "readout_length", "unit": "ns", "value": 704}]], "gates": [{"qubits": [0], "gate": "id", "parameters": [{"date": "2021-12-28", "name": "gate_error", "unit": "", "value": 0.000301842687108212}, {"date": "2021-12-28", "name": "gate_length", "unit": "ns", "value": 35.55555555555556}], "name": "id0"}, {"qubits": [1], "gate": "id", "parameters": [{"date": "2021-12-28", "name": "gate_error", "unit": "", "value": 0.00021934525864957265}, {"date": "2021-12-28", "name": "gate_length", "unit": "ns", "value": 35.55555555555556}], "name": "id1"}, {"qubits": [2], "gate": "id", "parameters": [{"date": "2021-12-28", "name": "gate_error", "unit": "", "value": 0.00014342072839547266}, {"date": "2021-12-28", "name": "gate_length", "unit": "ns", "value": 35.55555555555556}], "name": "id2"}, {"qubits": [3], "gate": "id", "parameters": [{"date": "2021-12-28", "name": "gate_error", "unit": "", "value": 0.0002067106999950776}, {"date": "2021-12-28", "name": "gate_length", "unit": "ns", "value": 35.55555555555556}], "name": "id3"}, {"qubits": [4], "gate": "id", "parameters": [{"date": "2021-12-28", "name": "gate_error", "unit": "", "value": 0.00019923149677098594}, {"date": "2021-12-28", "name": "gate_length", "unit": "ns", "value": 35.55555555555556}], "name": "id4"}, {"qubits": [5], "gate": "id", "parameters": [{"date": "2021-12-28", "name": "gate_error", "unit": "", "value": 0.00015186803277790503}, {"date": "2021-12-28", "name": "gate_length", "unit": "ns", "value": 35.55555555555556}], "name": "id5"}, {"qubits": [6], "gate": "id", "parameters": [{"date": "2021-12-28", "name": "gate_error", "unit": "", "value": 0.0001822951216036521}, {"date": "2021-12-28", "name": "gate_length", "unit": "ns", "value": 35.55555555555556}], "name": "id6"}, {"qubits": [0], "gate": "rz", "parameters": [{"date": "2021-12-28", "name": "gate_error", "unit": "", "value": 0}, {"date": "2021-12-28", "name": "gate_length", "unit": "ns", "value": 0}], "name": "rz0"}, {"qubits": [1], "gate": "rz", "parameters": [{"date": "2021-12-28", "name": "gate_error", "unit": "", "value": 0}, {"date": "2021-12-28", "name": "gate_length", "unit": "ns", "value": 0}], "name": "rz1"}, {"qubits": [2], "gate": "rz", "parameters": [{"date": "2021-12-28", "name": "gate_error", "unit": "", "value": 0}, {"date": "2021-12-28", "name": "gate_length", "unit": "ns", "value": 0}], "name": "rz2"}, {"qubits": [3], "gate": "rz", "parameters": [{"date": "2021-12-28", "name": "gate_error", "unit": "", "value": 0}, {"date": "2021-12-28", "name": "gate_length", "unit": "ns", "value": 0}], "name": "rz3"}, {"qubits": [4], "gate": "rz", "parameters": [{"date": "2021-12-28", "name": "gate_error", "unit": "", "value": 0}, {"date": "2021-12-28", "name": "gate_length", "unit": "ns", "value": 0}], "name": "rz4"}, {"qubits": [5], "gate": "rz", "parameters": [{"date": "2021-12-28", "name": "gate_error", "unit": "", "value": 0}, {"date": "2021-12-28", "name": "gate_length", "unit": "ns", "value": 0}], "name": "rz5"}, {"qubits": [6], "gate": "rz", "parameters": [{"date": "2021-12-28", "name": "gate_error", "unit": "", "value": 0}, {"date": "2021-12-28", "name": "gate_length", "unit": "ns", "value": 0}], "name": "rz6"}, {"qubits": [0], "gate": "sx", "parameters": [{"date": "2021-12-28", "name": "gate_error", "unit": "", "value": 0.000301842687108212}, {"date": "2021-12-28", "name": "gate_length", "unit": "ns", "value": 35.55555555555556}], "name": "sx0"}, {"qubits": [1], "gate": "sx", "parameters": [{"date": "2021-12-28", "name": "gate_error", "unit": "", "value": 0.00021934525864957265}, {"date": "2021-12-28", "name": "gate_length", "unit": "ns", "value": 35.55555555555556}], "name": "sx1"}, {"qubits": [2], "gate": "sx", "parameters": [{"date": "2021-12-28", "name": "gate_error", "unit": "", "value": 0.00014342072839547266}, {"date": "2021-12-28", "name": "gate_length", "unit": "ns", "value": 35.55555555555556}], "name": "sx2"}, {"qubits": [3], "gate": "sx", "parameters": [{"date": "2021-12-28", "name": "gate_error", "unit": "", "value": 0.0002067106999950776}, {"date": "2021-12-28", "name": "gate_length", "unit": "ns", "value": 35.55555555555556}], "name": "sx3"}, {"qubits": [4], "gate": "sx", "parameters": [{"date": "2021-12-28", "name": "gate_error", "unit": "", "value": 0.00019923149677098594}, {"date": "2021-12-28", "name": "gate_length", "unit": "ns", "value": 35.55555555555556}], "name": "sx4"}, {"qubits": [5], "gate": "sx", "parameters": [{"date": "2021-12-28", "name": "gate_error", "unit": "", "value": 0.00015186803277790503}, {"date": "2021-12-28", "name": "gate_length", "unit": "ns", "value": 35.55555555555556}], "name": "sx5"}, {"qubits": [6], "gate": "sx", "parameters": [{"date": "2021-12-28", "name": "gate_error", "unit": "", "value": 0.0001822951216036521}, {"date": "2021-12-28", "name": "gate_length", "unit": "ns", "value": 35.55555555555556}], "name": "sx6"}, {"qubits": [0], "gate": "x", "parameters": [{"date": "2021-12-28", "name": "gate_error", "unit": "", "value": 0.000301842687108212}, {"date": "2021-12-28", "name": "gate_length", "unit": "ns", "value": 35.55555555555556}], "name": "x0"}, {"qubits": [1], "gate": "x", "parameters": [{"date": "2021-12-28", "name": "gate_error", "unit": "", "value": 0.00021934525864957265}, {"date": "2021-12-28", "name": "gate_length", "unit": "ns", "value": 35.55555555555556}], "name": "x1"}, {"qubits": [2], "gate": "x", "parameters": [{"date": "2021-12-28", "name": "gate_error", "unit": "", "value": 0.00014342072839547266}, {"date": "2021-12-28", "name": "gate_length", "unit": "ns", "value": 35.55555555555556}], "name": "x2"}, {"qubits": [3], "gate": "x", "parameters": [{"date": "2021-12-28", "name": "gate_error", "unit": "", "value": 0.0002067106999950776}, {"date": "2021-12-28", "name": "gate_length", "unit": "ns", "value": 35.55555555555556}], "name": "x3"}, {"qubits": [4], "gate": "x", "parameters": [{"date": "2021-12-28", "name": "gate_error", "unit": "", "value": 0.00019923149677098594}, {"date": "2021-12-28", "name": "gate_length", "unit": "ns", "value": 35.55555555555556}], "name": "x4"}, {"qubits": [5], "gate": "x", "parameters": [{"date": "2021-12-28", "name": "gate_error", "unit": "", "value": 0.00015186803277790503}, {"date": "2021-12-28", "name": "gate_length", "unit": "ns", "value": 35.55555555555556}], "name": "x5"}, {"qubits": [6], "gate": "x", "parameters": [{"date": "2021-12-28", "name": "gate_error", "unit": "", "value": 0.0001822951216036521}, {"date": "2021-12-28", "name": "gate_length", "unit": "ns", "value": 35.55555555555556}], "name": "x6"}, {"qubits": [5, 4], "gate": "cx", "parameters": [{"date": "2021-12-28", "name": "gate_error", "unit": "", "value": 0.004967897374601515}, {"date": "2021-12-25", "name": "gate_length", "unit": "ns", "value": 327.1111111111111}], "name": "cx5_4"}, {"qubits": [4, 5], "gate": "cx", "parameters": [{"date": "2021-12-28", "name": "gate_error", "unit": "", "value": 0.004967897374601515}, {"date": "2021-12-25", "name": "gate_length", "unit": "ns", "value": 362.66666666666663}], "name": "cx4_5"}, {"qubits": [3, 1], "gate": "cx", "parameters": [{"date": "2021-12-28", "name": "gate_error", "unit": "", "value": 0.006111843469416511}, {"date": "2021-12-25", "name": "gate_length", "unit": "ns", "value": 298.66666666666663}], "name": "cx3_1"}, {"qubits": [1, 3], "gate": "cx", "parameters": [{"date": "2021-12-28", "name": "gate_error", "unit": "", "value": 0.006111843469416511}, {"date": "2021-12-25", "name": "gate_length", "unit": "ns", "value": 334.22222222222223}], "name": "cx1_3"}, {"qubits": [5, 6], "gate": "cx", "parameters": [{"date": "2021-12-28", "name": "gate_error", "unit": "", "value": 0.00552165607036717}, {"date": "2021-12-25", "name": "gate_length", "unit": "ns", "value": 256}], "name": "cx5_6"}, {"qubits": [6, 5], "gate": "cx", "parameters": [{"date": "2021-12-28", "name": "gate_error", "unit": "", "value": 0.00552165607036717}, {"date": "2021-12-25", "name": "gate_length", "unit": "ns", "value": 291.55555555555554}], "name": "cx6_5"}, {"qubits": [5, 3], "gate": "cx", "parameters": [{"date": "2021-12-28", "name": "gate_error", "unit": "", "value": 0.008982638712201202}, {"date": "2021-12-25", "name": "gate_length", "unit": "ns", "value": 298.66666666666663}], "name": "cx5_3"}, {"qubits": [3, 5], "gate": "cx", "parameters": [{"date": "2021-12-28", "name": "gate_error", "unit": "", "value": 0.008982638712201202}, {"date": "2021-12-25", "name": "gate_length", "unit": "ns", "value": 334.22222222222223}], "name": "cx3_5"}, {"qubits": [2, 1], "gate": "cx", "parameters": [{"date": "2021-12-28", "name": "gate_error", "unit": "", "value": 0.005068261966209298}, {"date": "2021-12-25", "name": "gate_length", "unit": "ns", "value": 291.55555555555554}], "name": "cx2_1"}, {"qubits": [1, 2], "gate": "cx", "parameters": [{"date": "2021-12-28", "name": "gate_error", "unit": "", "value": 0.005068261966209298}, {"date": "2021-12-25", "name": "gate_length", "unit": "ns", "value": 327.1111111111111}], "name": "cx1_2"}, {"qubits": [0, 1], "gate": "cx", "parameters": [{"date": "2021-12-28", "name": "gate_error", "unit": "", "value": 0.007812644007417185}, {"date": "2021-12-25", "name": "gate_length", "unit": "ns", "value": 305.77777777777777}], "name": "cx0_1"}, {"qubits": [1, 0], "gate": "cx", "parameters": [{"date": "2021-12-28", "name": "gate_error", "unit": "", "value": 0.007812644007417185}, {"date": "2021-12-25", "name": "gate_length", "unit": "ns", "value": 341.3333333333333}], "name": "cx1_0"}, {"qubits": [0], "gate": "reset", "parameters": [{"date": "2021-12-28", "name": "gate_length", "unit": "ns", "value": 1002.6666666666666}], "name": "reset0"}, {"qubits": [1], "gate": "reset", "parameters": [{"date": "2021-12-28", "name": "gate_length", "unit": "ns", "value": 1002.6666666666666}], "name": "reset1"}, {"qubits": [2], "gate": "reset", "parameters": [{"date": "2021-12-28", "name": "gate_length", "unit": "ns", "value": 995.5555555555555}], "name": "reset2"}, {"qubits": [3], "gate": "reset", "parameters": [{"date": "2021-12-28", "name": "gate_length", "unit": "ns", "value": 988.4444444444443}], "name": "reset3"}, {"qubits": [4], "gate": "reset", "parameters": [{"date": "2021-12-28", "name": "gate_length", "unit": "ns", "value": 1002.6666666666666}], "name": "reset4"}, {"qubits": [5], "gate": "reset", "parameters": [{"date": "2021-12-28", "name": "gate_length", "unit": "ns", "value": 1002.6666666666666}], "name": "reset5"}, {"qubits": [6], "gate": "reset", "parameters": [{"date": "2021-12-28", "name": "gate_length", "unit": "ns", "value": 988.4444444444443}], "name": "reset6"}], "general": [{"date": "2021-12-28", "name": "jq_01", "unit": "GHz", "value": 0.0017239661070310697}, {"date": "2021-12-28", "name": "zz_01", "unit": "GHz", "value": -4.1551259389276154e-05}, {"date": "2021-12-28", "name": "jq_12", "unit": "GHz", "value": 0.003306427365570105}, {"date": "2021-12-28", "name": "zz_12", "unit": "GHz", "value": -0.00013691896518548322}, {"date": "2021-12-28", "name": "jq_45", "unit": "GHz", "value": 0.0033964931013144256}, {"date": "2021-12-28", "name": "zz_45", "unit": "GHz", "value": -0.00015134337521539932}, {"date": "2021-12-28", "name": "jq_56", "unit": "GHz", "value": 0.0032394441256406383}, {"date": "2021-12-28", "name": "zz_56", "unit": "GHz", "value": -0.0001381127844927418}, {"date": "2021-12-28", "name": "jq_13", "unit": "GHz", "value": 0.003219077603102807}, {"date": "2021-12-28", "name": "zz_13", "unit": "GHz", "value": -0.00013509145307819546}, {"date": "2021-12-28", "name": "jq_35", "unit": "GHz", "value": 0.0023455196332844842}, {"date": "2021-12-28", "name": "zz_35", "unit": "GHz", "value": -9.35336850076191e-05}]}