{"backend_name": "ibm_lagos", "backend_version": "1.0.3", "last_update_date": "2021-8-28", "qubits": [[{"date": "2021-8-28", "name": "T1", "unit": "us", "value": 75.60477360975011}, {"date": "2021-8-28", "name": "T2", "unit": "us", "value": 43.32558929083257}, {"date": "2021-8-28", "name": "frequency", "unit": "GHz", "value": 5.235286898036931}, {"date": "2021-8-28", "name": "anharmonicity", "unit": "GHz", "value": -0.33986713855915607}, {"date": "2021-8-28", "name": "readout_error", "unit": "", "value": 0.013400000000000079}, {"date": "2021-8-28", "name": "prob_meas0_prep1", "unit": "", "value": 0.016}, {"date": "2021-8-28", "name": "prob_meas1_prep0", "unit": "", "value": 0.010800000000000032}, {"date": "2021-8-28", "name": "readout_length", "unit": "ns", "value": 704}], [{"date": "2021-8-28", "name": "T1", "unit": "us", "value": 128.95064389107316}, {"date": "2021-8-28", "name": "T2", "unit": "us", "value": 109.59998629180805}, {"date": "2021-8-28", "name": "frequency", "unit": "GHz", "value": 5.099376491648921}, {"date": "2021-8-28", "name": "anharmonicity", "unit": "GHz", "value": -0.3432484042938357}, {"date": "2021-8-28", "name": "readout_error", "unit": "", "value": 0.007900000000000018}, {"date": "2021-8-28", "name": "prob_meas0_prep1", "unit": "", "value": 0.0108}, {"date": "2021-8-28", "name": "prob_meas1_prep0", "unit": "", "value": 0.0050000000000000044}, {"date": "2021-8-28", "name": "readout_length", "unit": "ns", "value": 704}], [{"date": "2021-8-28", "name": "T1", "unit": "us", "value": 148.08936835500344}, {"date": "2021-8-28", "name": "T2", "unit": "us", "value": 92.60608537429266}, {"date": "2021-8-28", "name": "frequency", "unit": "GHz", "value": 5.187876966601762}, {"date": "2021-8-28", "name": "anharmonicity", "unit": "GHz", "value": -0.3419316690031256}, {"date": "2021-8-28", "name": "readout_error", "unit": "", "value": 0.007400000000000073}, {"date": "2021-8-28", "name": "prob_meas0_prep1", "unit": "", "value": 0.0076}, {"date": "2021-8-28", "name": "prob_meas1_prep0", "unit": "", "value": 0.007199999999999984}, {"date": "2021-8-28", "name": "readout_length", "unit": "ns", "value": 704}], [{"date": "2021-8-28", "name": "T1", "unit": "us", "value": 112.84359106928414}, {"date": "2021-8-28", "name": "T2", "unit": "us", "value": 128.6936830273116}, {"date": "2021-8-28", "name": "frequency", "unit": "GHz", "value": 4.986852984469265}, {"date": "2021-8-28", "name": "anharmonicity", "unit": "GHz", "value": -0.3452928861203798}, {"date": "2021-8-28", "name": "readout_error", "unit": "", "value": 0.01100000000000001}, {"date": "2021-8-28", "name": "prob_meas0_prep1", "unit": "", "value": 0.0158}, {"date": "2021-8-28", "name": "prob_meas1_prep0", "unit": "", "value": 0.006199999999999983}, {"date": "2021-8-28", "name": "readout_length", "unit": "ns", "value": 704}], [{"date": "2021-8-28", "name": "T1", "unit": "us", "value": 96.37090617154426}, {"date": "2021-8-28", "name": "T2", "unit": "us", "value": 31.38120007137234}, {"date": "2021-8-28", "name": "frequency", "unit": "GHz", "value": 5.285336352990244}, {"date": "2021-8-28", "name": "anharmonicity", "unit": "GHz", "value": -0.3392342674107948}, {"date": "2021-8-28", "name": "readout_error", "unit": "", "value": 0.009199999999999986}, {"date": "2021-8-28", "name": "prob_meas0_prep1", "unit": "", "value": 0.010000000000000009}, {"date": "2021-8-28", "name": "prob_meas1_prep0", "unit": "", "value": 0.0084}, {"date": "2021-8-28", "name": "readout_length", "unit": "ns", "value": 704}], [{"date": "2021-8-28", "name": "T1", "unit": "us", "value": 132.05487792072086}, {"date": "2021-8-28", "name": "T2", "unit": "us", "value": 75.1880448540682}, {"date": "2021-8-28", "name": "frequency", "unit": "GHz", "value": 5.176856478483995}, {"date": "2021-8-28", "name": "anharmonicity", "unit": "GHz", "value": -0.34079297245074963}, {"date": "2021-8-28", "name": "readout_error", "unit": "", "value": 0.01100000000000001}, {"date": "2021-8-28", "name": "prob_meas0_prep1", "unit": "", "value": 0.0112}, {"date": "2021-8-28", "name": "prob_meas1_prep0", "unit": "", "value": 0.010800000000000032}, {"date": "2021-8-28", "name": "readout_length", "unit": "ns", "value": 704}], [{"date": "2021-8-28", "name": "T1", "unit": "us", "value": 212.67547688345635}, {"date": "2021-8-28", "name": "T2", "unit": "us", "value": 108.87332372459575}, {"date": "2021-8-28", "name": "frequency", "unit": "GHz", "value": 5.064037338510658}, {"date": "2021-8-28", "name": "anharmonicity", "unit": "GHz", "value": -0.34275836537159754}, {"date": "2021-8-28", "name": "readout_error", "unit": "", "value": 0.008099999999999996}, {"date": "2021-8-28", "name": "prob_meas0_prep1", "unit": "", "value": 0.008}, {"date": "2021-8-28", "name": "prob_meas1_prep0", "unit": "", "value": 0.008199999999999985}, {"date": "2021-8-28", "name": "readout_length", "unit": "ns", "value": 704}]], "gates": [{"qubits": [0], "gate": "id", "parameters": [{"date": "2021-8-28", "name": "gate_error", "unit": "", "value": 0.00031912642781745007}, {"date": "2021-8-28", "name": "gate_length", "unit": "ns", "value": 35.55555555555556}], "name": "id0"}, {"qubits": [1], "gate": "id", "parameters": [{"date": "2021-8-28", "name": "gate_error", "unit": "", "value": 0.0001922165488414753}, {"date": "2021-8-28", "name": "gate_length", "unit": "ns", "value": 35.55555555555556}], "name": "id1"}, {"qubits": [2], "gate": "id", "parameters": [{"date": "2021-8-28", "name": "gate_error", "unit": "", "value": 0.00016681930656840374}, {"date": "2021-8-28", "name": "gate_length", "unit": "ns", "value": 35.55555555555556}], "name": "id2"}, {"qubits": [3], "gate": "id", "parameters": [{"date": "2021-8-28", "name": "gate_error", "unit": "", "value": 0.00035688927222907147}, {"date": "2021-8-28", "name": "gate_length", "unit": "ns", "value": 35.55555555555556}], "name": "id3"}, {"qubits": [4], "gate": "id", "parameters": [{"date": "2021-8-28", "name": "gate_error", "unit": "", "value": 0.00017517177187165303}, {"date": "2021-8-28", "name": "gate_length", "unit": "ns", "value": 35.55555555555556}], "name": "id4"}, {"qubits": [5], "gate": "id", "parameters": [{"date": "2021-8-28", "name": "gate_error", "unit": "", "value": 0.00022265405563494942}, {"date": "2021-8-28", "name": "gate_length", "unit": "ns", "value": 35.55555555555556}], "name": "id5"}, {"qubits": [6], "gate": "id", "parameters": [{"date": "2021-8-28", "name": "gate_error", "unit": "", "value": 0.00016684719046721846}, {"date": "2021-8-28", "name": "gate_length", "unit": "ns", "value": 35.55555555555556}], "name": "id6"}, {"qubits": [0], "gate": "rz", "parameters": [{"date": "2021-8-28", "name": "gate_error", "unit": "", "value": 0}, {"date": "2021-8-28", "name": "gate_length", "unit": "ns", "value": 0}], "name": "rz0"}, {"qubits": [1], "gate": "rz", "parameters": [{"date": "2021-8-28", "name": "gate_error", "unit": "", "value": 0}, {"date": "2021-8-28", "name": "gate_length", "unit": "ns", "value": 0}], "name": "rz1"}, {"qubits": [2], "gate": "rz", "parameters": [{"date": "2021-8-28", "name": "gate_error", "unit": "", "value": 0}, {"date": "2021-8-28", "name": "gate_length", "unit": "ns", "value": 0}], "name": "rz2"}, {"qubits": [3], "gate": "rz", "parameters": [{"date": "2021-8-28", "name": "gate_error", "unit": "", "value": 0}, {"date": "2021-8-28", "name": "gate_length", "unit": "ns", "value": 0}], "name": "rz3"}, {"qubits": [4], "gate": "rz", "parameters": [{"date": "2021-8-28", "name": "gate_error", "unit": "", "value": 0}, {"date": "2021-8-28", "name": "gate_length", "unit": "ns", "value": 0}], "name": "rz4"}, {"qubits": [5], "gate": "rz", "parameters": [{"date": "2021-8-28", "name": "gate_error", "unit": "", "value": 0}, {"date": "2021-8-28", "name": "gate_length", "unit": "ns", "value": 0}], "name": "rz5"}, {"qubits": [6], "gate": "rz", "parameters": [{"date": "2021-8-28", "name": "gate_error", "unit": "", "value": 0}, {"date": "2021-8-28", "name": "gate_length", "unit": "ns", "value": 0}], "name": "rz6"}, {"qubits": [0], "gate": "sx", "parameters": [{"date": "2021-8-28", "name": "gate_error", "unit": "", "value": 0.00031912642781745007}, {"date": "2021-8-28", "name": "gate_length", "unit": "ns", "value": 35.55555555555556}], "name": "sx0"}, {"qubits": [1], "gate": "sx", "parameters": [{"date": "2021-8-28", "name": "gate_error", "unit": "", "value": 0.0001922165488414753}, {"date": "2021-8-28", "name": "gate_length", "unit": "ns", "value": 35.55555555555556}], "name": "sx1"}, {"qubits": [2], "gate": "sx", "parameters": [{"date": "2021-8-28", "name": "gate_error", "unit": "", "value": 0.00016681930656840374}, {"date": "2021-8-28", "name": "gate_length", "unit": "ns", "value": 35.55555555555556}], "name": "sx2"}, {"qubits": [3], "gate": "sx", "parameters": [{"date": "2021-8-28", "name": "gate_error", "unit": "", "value": 0.00035688927222907147}, {"date": "2021-8-28", "name": "gate_length", "unit": "ns", "value": 35.55555555555556}], "name": "sx3"}, {"qubits": [4], "gate": "sx", "parameters": [{"date": "2021-8-28", "name": "gate_error", "unit": "", "value": 0.00017517177187165303}, {"date": "2021-8-28", "name": "gate_length", "unit": "ns", "value": 35.55555555555556}], "name": "sx4"}, {"qubits": [5], "gate": "sx", "parameters": [{"date": "2021-8-28", "name": "gate_error", "unit": "", "value": 0.00022265405563494942}, {"date": "2021-8-28", "name": "gate_length", "unit": "ns", "value": 35.55555555555556}], "name": "sx5"}, {"qubits": [6], "gate": "sx", "parameters": [{"date": "2021-8-28", "name": "gate_error", "unit": "", "value": 0.00016684719046721846}, {"date": "2021-8-28", "name": "gate_length", "unit": "ns", "value": 35.55555555555556}], "name": "sx6"}, {"qubits": [0], "gate": "x", "parameters": [{"date": "2021-8-28", "name": "gate_error", "unit": "", "value": 0.00031912642781745007}, {"date": "2021-8-28", "name": "gate_length", "unit": "ns", "value": 35.55555555555556}], "name": "x0"}, {"qubits": [1], "gate": "x", "parameters": [{"date": "2021-8-28", "name": "gate_error", "unit": "", "value": 0.0001922165488414753}, {"date": "2021-8-28", "name": "gate_length", "unit": "ns", "value": 35.55555555555556}], "name": "x1"}, {"qubits": [2], "gate": "x", "parameters": [{"date": "2021-8-28", "name": "gate_error", "unit": "", "value": 0.00016681930656840374}, {"date": "2021-8-28", "name": "gate_length", "unit": "ns", "value": 35.55555555555556}], "name": "x2"}, {"qubits": [3], "gate": "x", "parameters": [{"date": "2021-8-28", "name": "gate_error", "unit": "", "value": 0.00035688927222907147}, {"date": "2021-8-28", "name": "gate_length", "unit": "ns", "value": 35.55555555555556}], "name": "x3"}, {"qubits": [4], "gate": "x", "parameters": [{"date": "2021-8-28", "name": "gate_error", "unit": "", "value": 0.00017517177187165303}, {"date": "2021-8-28", "name": "gate_length", "unit": "ns", "value": 35.55555555555556}], "name": "x4"}, {"qubits": [5], "gate": "x", "parameters": [{"date": "2021-8-28", "name": "gate_error", "unit": "", "value": 0.00022265405563494942}, {"date": "2021-8-28", "name": "gate_length", "unit": "ns", "value": 35.55555555555556}], "name": "x5"}, {"qubits": [6], "gate": "x", "parameters": [{"date": "2021-8-28", "name": "gate_error", "unit": "", "value": 0.00016684719046721846}, {"date": "2021-8-28", "name": "gate_length", "unit": "ns", "value": 35.55555555555556}], "name": "x6"}, {"qubits": [5, 4], "gate": "cx", "parameters": [{"date": "2021-8-28", "name": "gate_error", "unit": "", "value": 0.00611113716982753}, {"date": "2021-8-25", "name": "gate_length", "unit": "ns", "value": 327.1111111111111}], "name": "cx5_4"}, {"qubits": [4, 5], "gate": "cx", "parameters": [{"date": "2021-8-28", "name": "gate_error", "unit": "", "value": 0.00611113716982753}, {"date": "2021-8-25", "name": "gate_length", "unit": "ns", "value": 362.66666666666663}], "name": "cx4_5"}, {"qubits": [3, 1], "gate": "cx", "parameters": [{"date": "2021-8-28", "name": "gate_error", "unit": "", "value": 0.007444325983659933}, {"date": "2021-8-25", "name": "gate_length", "unit": "ns", "value": 298.66666666666663}], "name": "cx3_1"}, {"qubits": [1, 3], "gate": "cx", "parameters": [{"date": "2021-8-28", "name": "gate_error", "unit": "", "value": 0.007444325983659933}, {"date": "2021-8-25", "name": "gate_length", "unit": "ns", "value": 334.22222222222223}], "name": "cx1_3"}, {"qubits": [5, 6], "gate": "cx", "parameters": [{"date": "2021-8-28", "name": "gate_error", "unit": "", "value": 0.00444907493557653}, {"date": "2021-8-25", "name": "gate_length", "unit": "ns", "value": 256}], "name": "cx5_6"}, {"qubits": [6, 5], "gate": "cx", "parameters": [{"date": "2021-8-28", "name": "gate_error", "unit": "", "value": 0.00444907493557653}, {"date": "2021-8-25", "name": "gate_length", "unit": "ns", "value": 291.55555555555554}], "name": "cx6_5"}, {"qubits": [5, 3], "gate": "cx", "parameters": [{"date": "2021-8-28", "name": "gate_error", "unit": "", "value": 0.006691877801989349}, {"date": "2021-8-25", "name": "gate_length", "unit": "ns", "value": 298.66666666666663}], "name": "cx5_3"}, {"qubits": [3, 5], "gate": "cx", "parameters": [{"date": "2021-8-28", "name": "gate_error", "unit": "", "value": 0.006691877801989349}, {"date": "2021-8-25", "name": "gate_length", "unit": "ns", "value": 334.22222222222223}], "name": "cx3_5"}, {"qubits": [2, 1], "gate": "cx", "parameters": [{"date": "2021-8-28", "name": "gate_error", "unit": "", "value": 0.004383356697918173}, {"date": "2021-8-25", "name": "gate_length", "unit": "ns", "value": 291.55555555555554}], "name": "cx2_1"}, {"qubits": [1, 2], "gate": "cx", "parameters": [{"date": "2021-8-28", "name": "gate_error", "unit": "", "value": 0.004383356697918173}, {"date": "2021-8-25", "name": "gate_length", "unit": "ns", "value": 327.1111111111111}], "name": "cx1_2"}, {"qubits": [0, 1], "gate": "cx", "parameters": [{"date": "2021-8-28", "name": "gate_error", "unit": "", "value": 0.007345870853501274}, {"date": "2021-8-25", "name": "gate_length", "unit": "ns", "value": 305.77777777777777}], "name": "cx0_1"}, {"qubits": [1, 0], "gate": "cx", "parameters": [{"date": "2021-8-28", "name": "gate_error", "unit": "", "value": 0.007345870853501274}, {"date": "2021-8-25", "name": "gate_length", "unit": "ns", "value": 341.3333333333333}], "name": "cx1_0"}, {"qubits": [0], "gate": "reset", "parameters": [{"date": "2021-8-28", "name": "gate_length", "unit": "ns", "value": 1002.6666666666666}], "name": "reset0"}, {"qubits": [1], "gate": "reset", "parameters": [{"date": "2021-8-28", "name": "gate_length", "unit": "ns", "value": 1002.6666666666666}], "name": "reset1"}, {"qubits": [2], "gate": "reset", "parameters": [{"date": "2021-8-28", "name": "gate_length", "unit": "ns", "value": 995.5555555555555}], "name": "reset2"}, {"qubits": [3], "gate": "reset", "parameters": [{"date": "2021-8-28", "name": "gate_length", "unit": "ns", "value": 988.4444444444443}], "name": "reset3"}, {"qubits": [4], "gate": "reset", "parameters": [{"date": "2021-8-28", "name": "gate_length", "unit": "ns", "value": 1002.6666666666666}], "name": "reset4"}, {"qubits": [5], "gate": "reset", "parameters": [{"date": "2021-8-28", "name": "gate_length", "unit": "ns", "value": 1002.6666666666666}], "name": "reset5"}, {"qubits": [6], "gate": "reset", "parameters": [{"date": "2021-8-28", "name": "gate_length", "unit": "ns", "value": 988.4444444444443}], "name": "reset6"}], "general": [{"date": "2021-8-28", "name": "jq_01", "unit": "GHz", "value": 0.0017239661070310697}, {"date": "2021-8-28", "name": "zz_01", "unit": "GHz", "value": -4.1551259389276154e-05}, {"date": "2021-8-28", "name": "jq_12", "unit": "GHz", "value": 0.003306427365570105}, {"date": "2021-8-28", "name": "zz_12", "unit": "GHz", "value": -0.00013691896518548322}, {"date": "2021-8-28", "name": "jq_45", "unit": "GHz", "value": 0.0033964931013144256}, {"date": "2021-8-28", "name": "zz_45", "unit": "GHz", "value": -0.00015134337521539932}, {"date": "2021-8-28", "name": "jq_56", "unit": "GHz", "value": 0.0032394441256406383}, {"date": "2021-8-28", "name": "zz_56", "unit": "GHz", "value": -0.0001381127844927418}, {"date": "2021-8-28", "name": "jq_13", "unit": "GHz", "value": 0.003219077603102807}, {"date": "2021-8-28", "name": "zz_13", "unit": "GHz", "value": -0.00013509145307819546}, {"date": "2021-8-28", "name": "jq_35", "unit": "GHz", "value": 0.0023455196332844842}, {"date": "2021-8-28", "name": "zz_35", "unit": "GHz", "value": -9.35336850076191e-05}]}