{"backend_name": "ibm_lagos", "backend_version": "1.0.7", "last_update_date": "2021-10-17", "qubits": [[{"date": "2021-10-17", "name": "T1", "unit": "us", "value": 78.84396119496655}, {"date": "2021-10-17", "name": "T2", "unit": "us", "value": 32.61272130132558}, {"date": "2021-10-17", "name": "frequency", "unit": "GHz", "value": 5.235460743138794}, {"date": "2021-10-17", "name": "anharmonicity", "unit": "GHz", "value": -0.33986713855915607}, {"date": "2021-10-17", "name": "readout_error", "unit": "", "value": 0.006900000000000017}, {"date": "2021-10-17", "name": "prob_meas0_prep1", "unit": "", "value": 0.007}, {"date": "2021-10-17", "name": "prob_meas1_prep0", "unit": "", "value": 0.006800000000000028}, {"date": "2021-10-17", "name": "readout_length", "unit": "ns", "value": 704}], [{"date": "2021-10-17", "name": "T1", "unit": "us", "value": 85.27924645051267}, {"date": "2021-10-17", "name": "T2", "unit": "us", "value": 78.90678669123191}, {"date": "2021-10-17", "name": "frequency", "unit": "GHz", "value": 5.099418977478991}, {"date": "2021-10-17", "name": "anharmonicity", "unit": "GHz", "value": -0.3432484042938357}, {"date": "2021-10-17", "name": "readout_error", "unit": "", "value": 0.014799999999999924}, {"date": "2021-10-17", "name": "prob_meas0_prep1", "unit": "", "value": 0.0214}, {"date": "2021-10-17", "name": "prob_meas1_prep0", "unit": "", "value": 0.008199999999999985}, {"date": "2021-10-17", "name": "readout_length", "unit": "ns", "value": 704}], [{"date": "2021-10-17", "name": "T1", "unit": "us", "value": 124.78704299495197}, {"date": "2021-10-17", "name": "T2", "unit": "us", "value": 90.35378711473282}, {"date": "2021-10-17", "name": "frequency", "unit": "GHz", "value": 5.187911903484575}, {"date": "2021-10-17", "name": "anharmonicity", "unit": "GHz", "value": -0.3419316690031256}, {"date": "2021-10-17", "name": "readout_error", "unit": "", "value": 0.008900000000000019}, {"date": "2021-10-17", "name": "prob_meas0_prep1", "unit": "", "value": 0.015}, {"date": "2021-10-17", "name": "prob_meas1_prep0", "unit": "", "value": 0.0028000000000000247}, {"date": "2021-10-17", "name": "readout_length", "unit": "ns", "value": 704}], [{"date": "2021-10-17", "name": "T1", "unit": "us", "value": 128.62063577461103}, {"date": "2021-10-17", "name": "T2", "unit": "us", "value": 131.56060388987305}, {"date": "2021-10-17", "name": "frequency", "unit": "GHz", "value": 4.986866836213337}, {"date": "2021-10-17", "name": "anharmonicity", "unit": "GHz", "value": -0.3452928861203798}, {"date": "2021-10-17", "name": "readout_error", "unit": "", "value": 0.013600000000000056}, {"date": "2021-10-17", "name": "prob_meas0_prep1", "unit": "", "value": 0.0168}, {"date": "2021-10-17", "name": "prob_meas1_prep0", "unit": "", "value": 0.010399999999999965}, {"date": "2021-10-17", "name": "readout_length", "unit": "ns", "value": 704}], [{"date": "2021-10-17", "name": "T1", "unit": "us", "value": 125.6216495732862}, {"date": "2021-10-17", "name": "T2", "unit": "us", "value": 26.349333983625744}, {"date": "2021-10-17", "name": "frequency", "unit": "GHz", "value": 5.285339071561661}, {"date": "2021-10-17", "name": "anharmonicity", "unit": "GHz", "value": -0.3392342674107948}, {"date": "2021-10-17", "name": "readout_error", "unit": "", "value": 0.010399999999999965}, {"date": "2021-10-17", "name": "prob_meas0_prep1", "unit": "", "value": 0.010600000000000054}, {"date": "2021-10-17", "name": "prob_meas1_prep0", "unit": "", "value": 0.0102}, {"date": "2021-10-17", "name": "readout_length", "unit": "ns", "value": 704}], [{"date": "2021-10-17", "name": "T1", "unit": "us", "value": 139.95021633938967}, {"date": "2021-10-17", "name": "T2", "unit": "us", "value": 104.6632105597069}, {"date": "2021-10-17", "name": "frequency", "unit": "GHz", "value": 5.176862000946209}, {"date": "2021-10-17", "name": "anharmonicity", "unit": "GHz", "value": -0.34079297245074963}, {"date": "2021-10-17", "name": "readout_error", "unit": "", "value": 0.01200000000000001}, {"date": "2021-10-17", "name": "prob_meas0_prep1", "unit": "", "value": 0.0138}, {"date": "2021-10-17", "name": "prob_meas1_prep0", "unit": "", "value": 0.010199999999999987}, {"date": "2021-10-17", "name": "readout_length", "unit": "ns", "value": 704}], [{"date": "2021-10-17", "name": "T1", "unit": "us", "value": 170.2948157414911}, {"date": "2021-10-17", "name": "T2", "unit": "us", "value": 124.9051235619317}, {"date": "2021-10-17", "name": "frequency", "unit": "GHz", "value": 5.064027666717194}, {"date": "2021-10-17", "name": "anharmonicity", "unit": "GHz", "value": -0.34275836537159754}, {"date": "2021-10-17", "name": "readout_error", "unit": "", "value": 0.007100000000000106}, {"date": "2021-10-17", "name": "prob_meas0_prep1", "unit": "", "value": 0.0066}, {"date": "2021-10-17", "name": "prob_meas1_prep0", "unit": "", "value": 0.007600000000000051}, {"date": "2021-10-17", "name": "readout_length", "unit": "ns", "value": 704}]], "gates": [{"qubits": [0], "gate": "id", "parameters": [{"date": "2021-10-17", "name": "gate_error", "unit": "", "value": 0.00029291690803408244}, {"date": "2021-10-17", "name": "gate_length", "unit": "ns", "value": 35.55555555555556}], "name": "id0"}, {"qubits": [1], "gate": "id", "parameters": [{"date": "2021-10-17", "name": "gate_error", "unit": "", "value": 0.0007218184926661216}, {"date": "2021-10-17", "name": "gate_length", "unit": "ns", "value": 35.55555555555556}], "name": "id1"}, {"qubits": [2], "gate": "id", "parameters": [{"date": "2021-10-17", "name": "gate_error", "unit": "", "value": 0.0003172903773887462}, {"date": "2021-10-17", "name": "gate_length", "unit": "ns", "value": 35.55555555555556}], "name": "id2"}, {"qubits": [3], "gate": "id", "parameters": [{"date": "2021-10-17", "name": "gate_error", "unit": "", "value": 0.0001663211016578638}, {"date": "2021-10-17", "name": "gate_length", "unit": "ns", "value": 35.55555555555556}], "name": "id3"}, {"qubits": [4], "gate": "id", "parameters": [{"date": "2021-10-17", "name": "gate_error", "unit": "", "value": 0.0002565683062016017}, {"date": "2021-10-17", "name": "gate_length", "unit": "ns", "value": 35.55555555555556}], "name": "id4"}, {"qubits": [5], "gate": "id", "parameters": [{"date": "2021-10-17", "name": "gate_error", "unit": "", "value": 0.00015501045148001903}, {"date": "2021-10-17", "name": "gate_length", "unit": "ns", "value": 35.55555555555556}], "name": "id5"}, {"qubits": [6], "gate": "id", "parameters": [{"date": "2021-10-17", "name": "gate_error", "unit": "", "value": 0.0002173045555646484}, {"date": "2021-10-17", "name": "gate_length", "unit": "ns", "value": 35.55555555555556}], "name": "id6"}, {"qubits": [0], "gate": "rz", "parameters": [{"date": "2021-10-17", "name": "gate_error", "unit": "", "value": 0}, {"date": "2021-10-17", "name": "gate_length", "unit": "ns", "value": 0}], "name": "rz0"}, {"qubits": [1], "gate": "rz", "parameters": [{"date": "2021-10-17", "name": "gate_error", "unit": "", "value": 0}, {"date": "2021-10-17", "name": "gate_length", "unit": "ns", "value": 0}], "name": "rz1"}, {"qubits": [2], "gate": "rz", "parameters": [{"date": "2021-10-17", "name": "gate_error", "unit": "", "value": 0}, {"date": "2021-10-17", "name": "gate_length", "unit": "ns", "value": 0}], "name": "rz2"}, {"qubits": [3], "gate": "rz", "parameters": [{"date": "2021-10-17", "name": "gate_error", "unit": "", "value": 0}, {"date": "2021-10-17", "name": "gate_length", "unit": "ns", "value": 0}], "name": "rz3"}, {"qubits": [4], "gate": "rz", "parameters": [{"date": "2021-10-17", "name": "gate_error", "unit": "", "value": 0}, {"date": "2021-10-17", "name": "gate_length", "unit": "ns", "value": 0}], "name": "rz4"}, {"qubits": [5], "gate": "rz", "parameters": [{"date": "2021-10-17", "name": "gate_error", "unit": "", "value": 0}, {"date": "2021-10-17", "name": "gate_length", "unit": "ns", "value": 0}], "name": "rz5"}, {"qubits": [6], "gate": "rz", "parameters": [{"date": "2021-10-17", "name": "gate_error", "unit": "", "value": 0}, {"date": "2021-10-17", "name": "gate_length", "unit": "ns", "value": 0}], "name": "rz6"}, {"qubits": [0], "gate": "sx", "parameters": [{"date": "2021-10-17", "name": "gate_error", "unit": "", "value": 0.00029291690803408244}, {"date": "2021-10-17", "name": "gate_length", "unit": "ns", "value": 35.55555555555556}], "name": "sx0"}, {"qubits": [1], "gate": "sx", "parameters": [{"date": "2021-10-17", "name": "gate_error", "unit": "", "value": 0.0007218184926661216}, {"date": "2021-10-17", "name": "gate_length", "unit": "ns", "value": 35.55555555555556}], "name": "sx1"}, {"qubits": [2], "gate": "sx", "parameters": [{"date": "2021-10-17", "name": "gate_error", "unit": "", "value": 0.0003172903773887462}, {"date": "2021-10-17", "name": "gate_length", "unit": "ns", "value": 35.55555555555556}], "name": "sx2"}, {"qubits": [3], "gate": "sx", "parameters": [{"date": "2021-10-17", "name": "gate_error", "unit": "", "value": 0.0001663211016578638}, {"date": "2021-10-17", "name": "gate_length", "unit": "ns", "value": 35.55555555555556}], "name": "sx3"}, {"qubits": [4], "gate": "sx", "parameters": [{"date": "2021-10-17", "name": "gate_error", "unit": "", "value": 0.0002565683062016017}, {"date": "2021-10-17", "name": "gate_length", "unit": "ns", "value": 35.55555555555556}], "name": "sx4"}, {"qubits": [5], "gate": "sx", "parameters": [{"date": "2021-10-17", "name": "gate_error", "unit": "", "value": 0.00015501045148001903}, {"date": "2021-10-17", "name": "gate_length", "unit": "ns", "value": 35.55555555555556}], "name": "sx5"}, {"qubits": [6], "gate": "sx", "parameters": [{"date": "2021-10-17", "name": "gate_error", "unit": "", "value": 0.0002173045555646484}, {"date": "2021-10-17", "name": "gate_length", "unit": "ns", "value": 35.55555555555556}], "name": "sx6"}, {"qubits": [0], "gate": "x", "parameters": [{"date": "2021-10-17", "name": "gate_error", "unit": "", "value": 0.00029291690803408244}, {"date": "2021-10-17", "name": "gate_length", "unit": "ns", "value": 35.55555555555556}], "name": "x0"}, {"qubits": [1], "gate": "x", "parameters": [{"date": "2021-10-17", "name": "gate_error", "unit": "", "value": 0.0007218184926661216}, {"date": "2021-10-17", "name": "gate_length", "unit": "ns", "value": 35.55555555555556}], "name": "x1"}, {"qubits": [2], "gate": "x", "parameters": [{"date": "2021-10-17", "name": "gate_error", "unit": "", "value": 0.0003172903773887462}, {"date": "2021-10-17", "name": "gate_length", "unit": "ns", "value": 35.55555555555556}], "name": "x2"}, {"qubits": [3], "gate": "x", "parameters": [{"date": "2021-10-17", "name": "gate_error", "unit": "", "value": 0.0001663211016578638}, {"date": "2021-10-17", "name": "gate_length", "unit": "ns", "value": 35.55555555555556}], "name": "x3"}, {"qubits": [4], "gate": "x", "parameters": [{"date": "2021-10-17", "name": "gate_error", "unit": "", "value": 0.0002565683062016017}, {"date": "2021-10-17", "name": "gate_length", "unit": "ns", "value": 35.55555555555556}], "name": "x4"}, {"qubits": [5], "gate": "x", "parameters": [{"date": "2021-10-17", "name": "gate_error", "unit": "", "value": 0.00015501045148001903}, {"date": "2021-10-17", "name": "gate_length", "unit": "ns", "value": 35.55555555555556}], "name": "x5"}, {"qubits": [6], "gate": "x", "parameters": [{"date": "2021-10-17", "name": "gate_error", "unit": "", "value": 0.0002173045555646484}, {"date": "2021-10-17", "name": "gate_length", "unit": "ns", "value": 35.55555555555556}], "name": "x6"}, {"qubits": [5, 4], "gate": "cx", "parameters": [{"date": "2021-10-17", "name": "gate_error", "unit": "", "value": 0.012321891117446554}, {"date": "2021-10-14", "name": "gate_length", "unit": "ns", "value": 327.1111111111111}], "name": "cx5_4"}, {"qubits": [4, 5], "gate": "cx", "parameters": [{"date": "2021-10-17", "name": "gate_error", "unit": "", "value": 0.012321891117446554}, {"date": "2021-10-14", "name": "gate_length", "unit": "ns", "value": 362.66666666666663}], "name": "cx4_5"}, {"qubits": [3, 1], "gate": "cx", "parameters": [{"date": "2021-10-17", "name": "gate_error", "unit": "", "value": 0.009376813147703694}, {"date": "2021-10-14", "name": "gate_length", "unit": "ns", "value": 298.66666666666663}], "name": "cx3_1"}, {"qubits": [1, 3], "gate": "cx", "parameters": [{"date": "2021-10-17", "name": "gate_error", "unit": "", "value": 0.009376813147703694}, {"date": "2021-10-14", "name": "gate_length", "unit": "ns", "value": 334.22222222222223}], "name": "cx1_3"}, {"qubits": [5, 6], "gate": "cx", "parameters": [{"date": "2021-10-17", "name": "gate_error", "unit": "", "value": 0.007681618621013214}, {"date": "2021-10-14", "name": "gate_length", "unit": "ns", "value": 256}], "name": "cx5_6"}, {"qubits": [6, 5], "gate": "cx", "parameters": [{"date": "2021-10-17", "name": "gate_error", "unit": "", "value": 0.007681618621013214}, {"date": "2021-10-14", "name": "gate_length", "unit": "ns", "value": 291.55555555555554}], "name": "cx6_5"}, {"qubits": [5, 3], "gate": "cx", "parameters": [{"date": "2021-10-17", "name": "gate_error", "unit": "", "value": 0.00848103966562827}, {"date": "2021-10-14", "name": "gate_length", "unit": "ns", "value": 298.66666666666663}], "name": "cx5_3"}, {"qubits": [3, 5], "gate": "cx", "parameters": [{"date": "2021-10-17", "name": "gate_error", "unit": "", "value": 0.00848103966562827}, {"date": "2021-10-14", "name": "gate_length", "unit": "ns", "value": 334.22222222222223}], "name": "cx3_5"}, {"qubits": [2, 1], "gate": "cx", "parameters": [{"date": "2021-10-17", "name": "gate_error", "unit": "", "value": 0.015694642076505727}, {"date": "2021-10-14", "name": "gate_length", "unit": "ns", "value": 291.55555555555554}], "name": "cx2_1"}, {"qubits": [1, 2], "gate": "cx", "parameters": [{"date": "2021-10-17", "name": "gate_error", "unit": "", "value": 0.015694642076505727}, {"date": "2021-10-14", "name": "gate_length", "unit": "ns", "value": 327.1111111111111}], "name": "cx1_2"}, {"qubits": [0, 1], "gate": "cx", "parameters": [{"date": "2021-10-17", "name": "gate_error", "unit": "", "value": 0.014979895203147936}, {"date": "2021-10-14", "name": "gate_length", "unit": "ns", "value": 305.77777777777777}], "name": "cx0_1"}, {"qubits": [1, 0], "gate": "cx", "parameters": [{"date": "2021-10-17", "name": "gate_error", "unit": "", "value": 0.014979895203147936}, {"date": "2021-10-14", "name": "gate_length", "unit": "ns", "value": 341.3333333333333}], "name": "cx1_0"}, {"qubits": [0], "gate": "reset", "parameters": [{"date": "2021-10-17", "name": "gate_length", "unit": "ns", "value": 1002.6666666666666}], "name": "reset0"}, {"qubits": [1], "gate": "reset", "parameters": [{"date": "2021-10-17", "name": "gate_length", "unit": "ns", "value": 1002.6666666666666}], "name": "reset1"}, {"qubits": [2], "gate": "reset", "parameters": [{"date": "2021-10-17", "name": "gate_length", "unit": "ns", "value": 995.5555555555555}], "name": "reset2"}, {"qubits": [3], "gate": "reset", "parameters": [{"date": "2021-10-17", "name": "gate_length", "unit": "ns", "value": 988.4444444444443}], "name": "reset3"}, {"qubits": [4], "gate": "reset", "parameters": [{"date": "2021-10-17", "name": "gate_length", "unit": "ns", "value": 1002.6666666666666}], "name": "reset4"}, {"qubits": [5], "gate": "reset", "parameters": [{"date": "2021-10-17", "name": "gate_length", "unit": "ns", "value": 1002.6666666666666}], "name": "reset5"}, {"qubits": [6], "gate": "reset", "parameters": [{"date": "2021-10-17", "name": "gate_length", "unit": "ns", "value": 988.4444444444443}], "name": "reset6"}], "general": [{"date": "2021-10-17", "name": "jq_01", "unit": "GHz", "value": 0.0017239661070310697}, {"date": "2021-10-17", "name": "zz_01", "unit": "GHz", "value": -4.1551259389276154e-05}, {"date": "2021-10-17", "name": "jq_12", "unit": "GHz", "value": 0.003306427365570105}, {"date": "2021-10-17", "name": "zz_12", "unit": "GHz", "value": -0.00013691896518548322}, {"date": "2021-10-17", "name": "jq_45", "unit": "GHz", "value": 0.0033964931013144256}, {"date": "2021-10-17", "name": "zz_45", "unit": "GHz", "value": -0.00015134337521539932}, {"date": "2021-10-17", "name": "jq_56", "unit": "GHz", "value": 0.0032394441256406383}, {"date": "2021-10-17", "name": "zz_56", "unit": "GHz", "value": -0.0001381127844927418}, {"date": "2021-10-17", "name": "jq_13", "unit": "GHz", "value": 0.003219077603102807}, {"date": "2021-10-17", "name": "zz_13", "unit": "GHz", "value": -0.00013509145307819546}, {"date": "2021-10-17", "name": "jq_35", "unit": "GHz", "value": 0.0023455196332844842}, {"date": "2021-10-17", "name": "zz_35", "unit": "GHz", "value": -9.35336850076191e-05}]}