{"backend_name": "ibm_lagos", "backend_version": "1.0.18", "last_update_date": "2021-12-22", "qubits": [[{"date": "2021-12-22", "name": "T1", "unit": "us", "value": 17.753438921498116}, {"date": "2021-12-22", "name": "T2", "unit": "us", "value": 39.961286616541294}, {"date": "2021-12-22", "name": "frequency", "unit": "GHz", "value": 5.235190026803265}, {"date": "2021-12-22", "name": "anharmonicity", "unit": "GHz", "value": -0.33986713855915607}, {"date": "2021-12-22", "name": "readout_error", "unit": "", "value": 0.018999999999999906}, {"date": "2021-12-22", "name": "prob_meas0_prep1", "unit": "", "value": 0.0166}, {"date": "2021-12-22", "name": "prob_meas1_prep0", "unit": "", "value": 0.021399999999999975}, {"date": "2021-12-22", "name": "readout_length", "unit": "ns", "value": 704}], [{"date": "2021-12-22", "name": "T1", "unit": "us", "value": 124.34429036055441}, {"date": "2021-12-22", "name": "T2", "unit": "us", "value": 106.1008760464999}, {"date": "2021-12-22", "name": "frequency", "unit": "GHz", "value": 5.099603149156017}, {"date": "2021-12-22", "name": "anharmonicity", "unit": "GHz", "value": -0.3432484042938357}, {"date": "2021-12-22", "name": "readout_error", "unit": "", "value": 0.009800000000000031}, {"date": "2021-12-22", "name": "prob_meas0_prep1", "unit": "", "value": 0.0108}, {"date": "2021-12-22", "name": "prob_meas1_prep0", "unit": "", "value": 0.00880000000000003}, {"date": "2021-12-22", "name": "readout_length", "unit": "ns", "value": 704}], [{"date": "2021-12-22", "name": "T1", "unit": "us", "value": 129.21439824289584}, {"date": "2021-12-22", "name": "T2", "unit": "us", "value": 151.64548677647605}, {"date": "2021-12-22", "name": "frequency", "unit": "GHz", "value": 5.18839020974458}, {"date": "2021-12-22", "name": "anharmonicity", "unit": "GHz", "value": -0.3419316690031256}, {"date": "2021-12-22", "name": "readout_error", "unit": "", "value": 0.005600000000000049}, {"date": "2021-12-22", "name": "prob_meas0_prep1", "unit": "", "value": 0.0074}, {"date": "2021-12-22", "name": "prob_meas1_prep0", "unit": "", "value": 0.0038000000000000256}, {"date": "2021-12-22", "name": "readout_length", "unit": "ns", "value": 704}], [{"date": "2021-12-22", "name": "T1", "unit": "us", "value": 164.4185921614987}, {"date": "2021-12-20", "name": "T2", "unit": "us", "value": 143.56140871775895}, {"date": "2021-12-22", "name": "frequency", "unit": "GHz", "value": 4.987481293101381}, {"date": "2021-12-22", "name": "anharmonicity", "unit": "GHz", "value": -0.3452928861203798}, {"date": "2021-12-22", "name": "readout_error", "unit": "", "value": 0.019299999999999984}, {"date": "2021-12-22", "name": "prob_meas0_prep1", "unit": "", "value": 0.0194}, {"date": "2021-12-22", "name": "prob_meas1_prep0", "unit": "", "value": 0.019199999999999995}, {"date": "2021-12-22", "name": "readout_length", "unit": "ns", "value": 704}], [{"date": "2021-12-22", "name": "T1", "unit": "us", "value": 110.15028302454624}, {"date": "2021-12-22", "name": "T2", "unit": "us", "value": 33.960695284730726}, {"date": "2021-12-22", "name": "frequency", "unit": "GHz", "value": 5.285338949424118}, {"date": "2021-12-22", "name": "anharmonicity", "unit": "GHz", "value": -0.3392342674107948}, {"date": "2021-12-22", "name": "readout_error", "unit": "", "value": 0.011600000000000055}, {"date": "2021-12-22", "name": "prob_meas0_prep1", "unit": "", "value": 0.010000000000000009}, {"date": "2021-12-22", "name": "prob_meas1_prep0", "unit": "", "value": 0.0132}, {"date": "2021-12-22", "name": "readout_length", "unit": "ns", "value": 704}], [{"date": "2021-12-22", "name": "T1", "unit": "us", "value": 86.65573520877194}, {"date": "2021-12-22", "name": "T2", "unit": "us", "value": 19.523984989190136}, {"date": "2021-12-22", "name": "frequency", "unit": "GHz", "value": 5.176175031310611}, {"date": "2021-12-22", "name": "anharmonicity", "unit": "GHz", "value": -0.34079297245074963}, {"date": "2021-12-22", "name": "readout_error", "unit": "", "value": 0.01750000000000007}, {"date": "2021-12-22", "name": "prob_meas0_prep1", "unit": "", "value": 0.0178}, {"date": "2021-12-22", "name": "prob_meas1_prep0", "unit": "", "value": 0.017199999999999993}, {"date": "2021-12-22", "name": "readout_length", "unit": "ns", "value": 704}], [{"date": "2021-12-22", "name": "T1", "unit": "us", "value": 193.24585384971118}, {"date": "2021-12-22", "name": "T2", "unit": "us", "value": 101.16440793044838}, {"date": "2021-12-22", "name": "frequency", "unit": "GHz", "value": 5.063932157298282}, {"date": "2021-12-22", "name": "anharmonicity", "unit": "GHz", "value": -0.34275836537159754}, {"date": "2021-12-22", "name": "readout_error", "unit": "", "value": 0.007300000000000084}, {"date": "2021-12-22", "name": "prob_meas0_prep1", "unit": "", "value": 0.009000000000000008}, {"date": "2021-12-22", "name": "prob_meas1_prep0", "unit": "", "value": 0.0056}, {"date": "2021-12-22", "name": "readout_length", "unit": "ns", "value": 704}]], "gates": [{"qubits": [0], "gate": "id", "parameters": [{"date": "2021-12-22", "name": "gate_error", "unit": "", "value": 0.00026672012576728045}, {"date": "2021-12-22", "name": "gate_length", "unit": "ns", "value": 35.55555555555556}], "name": "id0"}, {"qubits": [1], "gate": "id", "parameters": [{"date": "2021-12-22", "name": "gate_error", "unit": "", "value": 0.00019420822704951842}, {"date": "2021-12-22", "name": "gate_length", "unit": "ns", "value": 35.55555555555556}], "name": "id1"}, {"qubits": [2], "gate": "id", "parameters": [{"date": "2021-12-22", "name": "gate_error", "unit": "", "value": 0.0002616110702192861}, {"date": "2021-12-22", "name": "gate_length", "unit": "ns", "value": 35.55555555555556}], "name": "id2"}, {"qubits": [3], "gate": "id", "parameters": [{"date": "2021-12-22", "name": "gate_error", "unit": "", "value": 0.0007570531404533486}, {"date": "2021-12-22", "name": "gate_length", "unit": "ns", "value": 35.55555555555556}], "name": "id3"}, {"qubits": [4], "gate": "id", "parameters": [{"date": "2021-12-22", "name": "gate_error", "unit": "", "value": 0.00037304030876774303}, {"date": "2021-12-22", "name": "gate_length", "unit": "ns", "value": 35.55555555555556}], "name": "id4"}, {"qubits": [5], "gate": "id", "parameters": [{"date": "2021-12-22", "name": "gate_error", "unit": "", "value": 0.0002268444932121084}, {"date": "2021-12-22", "name": "gate_length", "unit": "ns", "value": 35.55555555555556}], "name": "id5"}, {"qubits": [6], "gate": "id", "parameters": [{"date": "2021-12-22", "name": "gate_error", "unit": "", "value": 0.0004185642701905945}, {"date": "2021-12-22", "name": "gate_length", "unit": "ns", "value": 35.55555555555556}], "name": "id6"}, {"qubits": [0], "gate": "rz", "parameters": [{"date": "2021-12-22", "name": "gate_error", "unit": "", "value": 0}, {"date": "2021-12-22", "name": "gate_length", "unit": "ns", "value": 0}], "name": "rz0"}, {"qubits": [1], "gate": "rz", "parameters": [{"date": "2021-12-22", "name": "gate_error", "unit": "", "value": 0}, {"date": "2021-12-22", "name": "gate_length", "unit": "ns", "value": 0}], "name": "rz1"}, {"qubits": [2], "gate": "rz", "parameters": [{"date": "2021-12-22", "name": "gate_error", "unit": "", "value": 0}, {"date": "2021-12-22", "name": "gate_length", "unit": "ns", "value": 0}], "name": "rz2"}, {"qubits": [3], "gate": "rz", "parameters": [{"date": "2021-12-22", "name": "gate_error", "unit": "", "value": 0}, {"date": "2021-12-22", "name": "gate_length", "unit": "ns", "value": 0}], "name": "rz3"}, {"qubits": [4], "gate": "rz", "parameters": [{"date": "2021-12-22", "name": "gate_error", "unit": "", "value": 0}, {"date": "2021-12-22", "name": "gate_length", "unit": "ns", "value": 0}], "name": "rz4"}, {"qubits": [5], "gate": "rz", "parameters": [{"date": "2021-12-22", "name": "gate_error", "unit": "", "value": 0}, {"date": "2021-12-22", "name": "gate_length", "unit": "ns", "value": 0}], "name": "rz5"}, {"qubits": [6], "gate": "rz", "parameters": [{"date": "2021-12-22", "name": "gate_error", "unit": "", "value": 0}, {"date": "2021-12-22", "name": "gate_length", "unit": "ns", "value": 0}], "name": "rz6"}, {"qubits": [0], "gate": "sx", "parameters": [{"date": "2021-12-22", "name": "gate_error", "unit": "", "value": 0.00026672012576728045}, {"date": "2021-12-22", "name": "gate_length", "unit": "ns", "value": 35.55555555555556}], "name": "sx0"}, {"qubits": [1], "gate": "sx", "parameters": [{"date": "2021-12-22", "name": "gate_error", "unit": "", "value": 0.00019420822704951842}, {"date": "2021-12-22", "name": "gate_length", "unit": "ns", "value": 35.55555555555556}], "name": "sx1"}, {"qubits": [2], "gate": "sx", "parameters": [{"date": "2021-12-22", "name": "gate_error", "unit": "", "value": 0.0002616110702192861}, {"date": "2021-12-22", "name": "gate_length", "unit": "ns", "value": 35.55555555555556}], "name": "sx2"}, {"qubits": [3], "gate": "sx", "parameters": [{"date": "2021-12-22", "name": "gate_error", "unit": "", "value": 0.0007570531404533486}, {"date": "2021-12-22", "name": "gate_length", "unit": "ns", "value": 35.55555555555556}], "name": "sx3"}, {"qubits": [4], "gate": "sx", "parameters": [{"date": "2021-12-22", "name": "gate_error", "unit": "", "value": 0.00037304030876774303}, {"date": "2021-12-22", "name": "gate_length", "unit": "ns", "value": 35.55555555555556}], "name": "sx4"}, {"qubits": [5], "gate": "sx", "parameters": [{"date": "2021-12-22", "name": "gate_error", "unit": "", "value": 0.0002268444932121084}, {"date": "2021-12-22", "name": "gate_length", "unit": "ns", "value": 35.55555555555556}], "name": "sx5"}, {"qubits": [6], "gate": "sx", "parameters": [{"date": "2021-12-22", "name": "gate_error", "unit": "", "value": 0.0004185642701905945}, {"date": "2021-12-22", "name": "gate_length", "unit": "ns", "value": 35.55555555555556}], "name": "sx6"}, {"qubits": [0], "gate": "x", "parameters": [{"date": "2021-12-22", "name": "gate_error", "unit": "", "value": 0.00026672012576728045}, {"date": "2021-12-22", "name": "gate_length", "unit": "ns", "value": 35.55555555555556}], "name": "x0"}, {"qubits": [1], "gate": "x", "parameters": [{"date": "2021-12-22", "name": "gate_error", "unit": "", "value": 0.00019420822704951842}, {"date": "2021-12-22", "name": "gate_length", "unit": "ns", "value": 35.55555555555556}], "name": "x1"}, {"qubits": [2], "gate": "x", "parameters": [{"date": "2021-12-22", "name": "gate_error", "unit": "", "value": 0.0002616110702192861}, {"date": "2021-12-22", "name": "gate_length", "unit": "ns", "value": 35.55555555555556}], "name": "x2"}, {"qubits": [3], "gate": "x", "parameters": [{"date": "2021-12-22", "name": "gate_error", "unit": "", "value": 0.0007570531404533486}, {"date": "2021-12-22", "name": "gate_length", "unit": "ns", "value": 35.55555555555556}], "name": "x3"}, {"qubits": [4], "gate": "x", "parameters": [{"date": "2021-12-22", "name": "gate_error", "unit": "", "value": 0.00037304030876774303}, {"date": "2021-12-22", "name": "gate_length", "unit": "ns", "value": 35.55555555555556}], "name": "x4"}, {"qubits": [5], "gate": "x", "parameters": [{"date": "2021-12-22", "name": "gate_error", "unit": "", "value": 0.0002268444932121084}, {"date": "2021-12-22", "name": "gate_length", "unit": "ns", "value": 35.55555555555556}], "name": "x5"}, {"qubits": [6], "gate": "x", "parameters": [{"date": "2021-12-22", "name": "gate_error", "unit": "", "value": 0.0004185642701905945}, {"date": "2021-12-22", "name": "gate_length", "unit": "ns", "value": 35.55555555555556}], "name": "x6"}, {"qubits": [5, 4], "gate": "cx", "parameters": [{"date": "2021-12-22", "name": "gate_error", "unit": "", "value": 0.006988123126711654}, {"date": "2021-12-19", "name": "gate_length", "unit": "ns", "value": 327.1111111111111}], "name": "cx5_4"}, {"qubits": [4, 5], "gate": "cx", "parameters": [{"date": "2021-12-22", "name": "gate_error", "unit": "", "value": 0.006988123126711654}, {"date": "2021-12-19", "name": "gate_length", "unit": "ns", "value": 362.66666666666663}], "name": "cx4_5"}, {"qubits": [3, 1], "gate": "cx", "parameters": [{"date": "2021-12-22", "name": "gate_error", "unit": "", "value": 0.007208824530884145}, {"date": "2021-12-19", "name": "gate_length", "unit": "ns", "value": 298.66666666666663}], "name": "cx3_1"}, {"qubits": [1, 3], "gate": "cx", "parameters": [{"date": "2021-12-22", "name": "gate_error", "unit": "", "value": 0.007208824530884145}, {"date": "2021-12-19", "name": "gate_length", "unit": "ns", "value": 334.22222222222223}], "name": "cx1_3"}, {"qubits": [5, 6], "gate": "cx", "parameters": [{"date": "2021-12-22", "name": "gate_error", "unit": "", "value": 0.00639705316034106}, {"date": "2021-12-19", "name": "gate_length", "unit": "ns", "value": 256}], "name": "cx5_6"}, {"qubits": [6, 5], "gate": "cx", "parameters": [{"date": "2021-12-22", "name": "gate_error", "unit": "", "value": 0.00639705316034106}, {"date": "2021-12-19", "name": "gate_length", "unit": "ns", "value": 291.55555555555554}], "name": "cx6_5"}, {"qubits": [5, 3], "gate": "cx", "parameters": [{"date": "2021-12-22", "name": "gate_error", "unit": "", "value": 0.0254308993758956}, {"date": "2021-12-19", "name": "gate_length", "unit": "ns", "value": 298.66666666666663}], "name": "cx5_3"}, {"qubits": [3, 5], "gate": "cx", "parameters": [{"date": "2021-12-22", "name": "gate_error", "unit": "", "value": 0.0254308993758956}, {"date": "2021-12-19", "name": "gate_length", "unit": "ns", "value": 334.22222222222223}], "name": "cx3_5"}, {"qubits": [2, 1], "gate": "cx", "parameters": [{"date": "2021-12-22", "name": "gate_error", "unit": "", "value": 0.005690205333564485}, {"date": "2021-12-19", "name": "gate_length", "unit": "ns", "value": 291.55555555555554}], "name": "cx2_1"}, {"qubits": [1, 2], "gate": "cx", "parameters": [{"date": "2021-12-22", "name": "gate_error", "unit": "", "value": 0.005690205333564485}, {"date": "2021-12-19", "name": "gate_length", "unit": "ns", "value": 327.1111111111111}], "name": "cx1_2"}, {"qubits": [0, 1], "gate": "cx", "parameters": [{"date": "2021-12-22", "name": "gate_error", "unit": "", "value": 0.007610462692122871}, {"date": "2021-12-19", "name": "gate_length", "unit": "ns", "value": 305.77777777777777}], "name": "cx0_1"}, {"qubits": [1, 0], "gate": "cx", "parameters": [{"date": "2021-12-22", "name": "gate_error", "unit": "", "value": 0.007610462692122871}, {"date": "2021-12-19", "name": "gate_length", "unit": "ns", "value": 341.3333333333333}], "name": "cx1_0"}, {"qubits": [0], "gate": "reset", "parameters": [{"date": "2021-12-22", "name": "gate_length", "unit": "ns", "value": 1002.6666666666666}], "name": "reset0"}, {"qubits": [1], "gate": "reset", "parameters": [{"date": "2021-12-22", "name": "gate_length", "unit": "ns", "value": 1002.6666666666666}], "name": "reset1"}, {"qubits": [2], "gate": "reset", "parameters": [{"date": "2021-12-22", "name": "gate_length", "unit": "ns", "value": 995.5555555555555}], "name": "reset2"}, {"qubits": [3], "gate": "reset", "parameters": [{"date": "2021-12-22", "name": "gate_length", "unit": "ns", "value": 988.4444444444443}], "name": "reset3"}, {"qubits": [4], "gate": "reset", "parameters": [{"date": "2021-12-22", "name": "gate_length", "unit": "ns", "value": 1002.6666666666666}], "name": "reset4"}, {"qubits": [5], "gate": "reset", "parameters": [{"date": "2021-12-22", "name": "gate_length", "unit": "ns", "value": 1002.6666666666666}], "name": "reset5"}, {"qubits": [6], "gate": "reset", "parameters": [{"date": "2021-12-22", "name": "gate_length", "unit": "ns", "value": 988.4444444444443}], "name": "reset6"}], "general": [{"date": "2021-12-22", "name": "jq_01", "unit": "GHz", "value": 0.0017239661070310697}, {"date": "2021-12-22", "name": "zz_01", "unit": "GHz", "value": -4.1551259389276154e-05}, {"date": "2021-12-22", "name": "jq_12", "unit": "GHz", "value": 0.003306427365570105}, {"date": "2021-12-22", "name": "zz_12", "unit": "GHz", "value": -0.00013691896518548322}, {"date": "2021-12-22", "name": "jq_45", "unit": "GHz", "value": 0.0033964931013144256}, {"date": "2021-12-22", "name": "zz_45", "unit": "GHz", "value": -0.00015134337521539932}, {"date": "2021-12-22", "name": "jq_56", "unit": "GHz", "value": 0.0032394441256406383}, {"date": "2021-12-22", "name": "zz_56", "unit": "GHz", "value": -0.0001381127844927418}, {"date": "2021-12-22", "name": "jq_13", "unit": "GHz", "value": 0.003219077603102807}, {"date": "2021-12-22", "name": "zz_13", "unit": "GHz", "value": -0.00013509145307819546}, {"date": "2021-12-22", "name": "jq_35", "unit": "GHz", "value": 0.0023455196332844842}, {"date": "2021-12-22", "name": "zz_35", "unit": "GHz", "value": -9.35336850076191e-05}]}