{"backend_name": "ibm_lagos", "backend_version": "1.0.1", "last_update_date": "2021-7-22", "qubits": [[{"date": "2021-7-22", "name": "T1", "unit": "us", "value": 118.26589191151687}, {"date": "2021-7-21", "name": "T2", "unit": "us", "value": 40.77904745189857}, {"date": "2021-7-22", "name": "frequency", "unit": "GHz", "value": 5.235343877736811}, {"date": "2021-7-22", "name": "anharmonicity", "unit": "GHz", "value": -0.33986713855915607}, {"date": "2021-7-22", "name": "readout_error", "unit": "", "value": 0.05610000000000004}, {"date": "2021-7-22", "name": "prob_meas0_prep1", "unit": "", "value": 0.1048}, {"date": "2021-7-22", "name": "prob_meas1_prep0", "unit": "", "value": 0.007399999999999962}, {"date": "2021-7-22", "name": "readout_length", "unit": "ns", "value": 704}], [{"date": "2021-7-22", "name": "T1", "unit": "us", "value": 128.50710600437077}, {"date": "2021-7-22", "name": "T2", "unit": "us", "value": 88.7014677931842}, {"date": "2021-7-22", "name": "frequency", "unit": "GHz", "value": 5.099402543516401}, {"date": "2021-7-22", "name": "anharmonicity", "unit": "GHz", "value": -0.3432484042938357}, {"date": "2021-7-22", "name": "readout_error", "unit": "", "value": 0.007200000000000095}, {"date": "2021-7-22", "name": "prob_meas0_prep1", "unit": "", "value": 0.0086}, {"date": "2021-7-22", "name": "prob_meas1_prep0", "unit": "", "value": 0.005800000000000027}, {"date": "2021-7-22", "name": "readout_length", "unit": "ns", "value": 704}], [{"date": "2021-7-22", "name": "T1", "unit": "us", "value": 126.18279567889763}, {"date": "2021-7-22", "name": "T2", "unit": "us", "value": 66.86357436190433}, {"date": "2021-7-22", "name": "frequency", "unit": "GHz", "value": 5.18783187564351}, {"date": "2021-7-22", "name": "anharmonicity", "unit": "GHz", "value": -0.3419316690031256}, {"date": "2021-7-22", "name": "readout_error", "unit": "", "value": 0.01980000000000004}, {"date": "2021-7-22", "name": "prob_meas0_prep1", "unit": "", "value": 0.0152}, {"date": "2021-7-22", "name": "prob_meas1_prep0", "unit": "", "value": 0.024399999999999977}, {"date": "2021-7-22", "name": "readout_length", "unit": "ns", "value": 704}], [{"date": "2021-7-22", "name": "T1", "unit": "us", "value": 159.6208368048973}, {"date": "2021-7-22", "name": "T2", "unit": "us", "value": 134.72986094527425}, {"date": "2021-7-22", "name": "frequency", "unit": "GHz", "value": 4.986839678171284}, {"date": "2021-7-22", "name": "anharmonicity", "unit": "GHz", "value": -0.3452928861203798}, {"date": "2021-7-22", "name": "readout_error", "unit": "", "value": 0.00649999999999995}, {"date": "2021-7-22", "name": "prob_meas0_prep1", "unit": "", "value": 0.0088}, {"date": "2021-7-22", "name": "prob_meas1_prep0", "unit": "", "value": 0.0041999999999999815}, {"date": "2021-7-22", "name": "readout_length", "unit": "ns", "value": 704}], [{"date": "2021-7-22", "name": "T1", "unit": "us", "value": 72.86716488641777}, {"date": "2021-7-22", "name": "T2", "unit": "us", "value": 27.84717627378844}, {"date": "2021-7-22", "name": "frequency", "unit": "GHz", "value": 5.285285763433163}, {"date": "2021-7-22", "name": "anharmonicity", "unit": "GHz", "value": -0.3392342674107948}, {"date": "2021-7-22", "name": "readout_error", "unit": "", "value": 0.020299999999999985}, {"date": "2021-7-22", "name": "prob_meas0_prep1", "unit": "", "value": 0.017199999999999993}, {"date": "2021-7-22", "name": "prob_meas1_prep0", "unit": "", "value": 0.0234}, {"date": "2021-7-22", "name": "readout_length", "unit": "ns", "value": 704}], [{"date": "2021-7-22", "name": "T1", "unit": "us", "value": 105.40529799339176}, {"date": "2021-7-22", "name": "T2", "unit": "us", "value": 78.04246573873083}, {"date": "2021-7-22", "name": "frequency", "unit": "GHz", "value": 5.1768589625068175}, {"date": "2021-7-22", "name": "anharmonicity", "unit": "GHz", "value": -0.34079297245074963}, {"date": "2021-7-22", "name": "readout_error", "unit": "", "value": 0.013400000000000079}, {"date": "2021-7-22", "name": "prob_meas0_prep1", "unit": "", "value": 0.015}, {"date": "2021-7-22", "name": "prob_meas1_prep0", "unit": "", "value": 0.011800000000000033}, {"date": "2021-7-22", "name": "readout_length", "unit": "ns", "value": 704}], [{"date": "2021-7-22", "name": "T1", "unit": "us", "value": 135.0821454615035}, {"date": "2021-7-22", "name": "T2", "unit": "us", "value": 115.66956202766119}, {"date": "2021-7-22", "name": "frequency", "unit": "GHz", "value": 5.064104952159064}, {"date": "2021-7-22", "name": "anharmonicity", "unit": "GHz", "value": -0.34275836537159754}, {"date": "2021-7-22", "name": "readout_error", "unit": "", "value": 0.008599999999999941}, {"date": "2021-7-22", "name": "prob_meas0_prep1", "unit": "", "value": 0.0112}, {"date": "2021-7-22", "name": "prob_meas1_prep0", "unit": "", "value": 0.006000000000000005}, {"date": "2021-7-22", "name": "readout_length", "unit": "ns", "value": 704}]], "gates": [{"qubits": [0], "gate": "id", "parameters": [{"date": "2021-7-22", "name": "gate_error", "unit": "", "value": 0.003026081878609107}, {"date": "2021-7-22", "name": "gate_length", "unit": "ns", "value": 35.55555555555556}], "name": "id0"}, {"qubits": [1], "gate": "id", "parameters": [{"date": "2021-7-22", "name": "gate_error", "unit": "", "value": 0.0002247795619490635}, {"date": "2021-7-22", "name": "gate_length", "unit": "ns", "value": 35.55555555555556}], "name": "id1"}, {"qubits": [2], "gate": "id", "parameters": [{"date": "2021-7-22", "name": "gate_error", "unit": "", "value": 0.00018403752607142006}, {"date": "2021-7-22", "name": "gate_length", "unit": "ns", "value": 35.55555555555556}], "name": "id2"}, {"qubits": [3], "gate": "id", "parameters": [{"date": "2021-7-22", "name": "gate_error", "unit": "", "value": 0.0002957716901257998}, {"date": "2021-7-22", "name": "gate_length", "unit": "ns", "value": 35.55555555555556}], "name": "id3"}, {"qubits": [4], "gate": "id", "parameters": [{"date": "2021-7-22", "name": "gate_error", "unit": "", "value": 0.00021805359105002376}, {"date": "2021-7-22", "name": "gate_length", "unit": "ns", "value": 35.55555555555556}], "name": "id4"}, {"qubits": [5], "gate": "id", "parameters": [{"date": "2021-7-22", "name": "gate_error", "unit": "", "value": 0.00021244947010650553}, {"date": "2021-7-22", "name": "gate_length", "unit": "ns", "value": 35.55555555555556}], "name": "id5"}, {"qubits": [6], "gate": "id", "parameters": [{"date": "2021-7-22", "name": "gate_error", "unit": "", "value": 0.00026239388279300415}, {"date": "2021-7-22", "name": "gate_length", "unit": "ns", "value": 35.55555555555556}], "name": "id6"}, {"qubits": [0], "gate": "rz", "parameters": [{"date": "2021-7-22", "name": "gate_error", "unit": "", "value": 0}, {"date": "2021-7-22", "name": "gate_length", "unit": "ns", "value": 0}], "name": "rz0"}, {"qubits": [1], "gate": "rz", "parameters": [{"date": "2021-7-22", "name": "gate_error", "unit": "", "value": 0}, {"date": "2021-7-22", "name": "gate_length", "unit": "ns", "value": 0}], "name": "rz1"}, {"qubits": [2], "gate": "rz", "parameters": [{"date": "2021-7-22", "name": "gate_error", "unit": "", "value": 0}, {"date": "2021-7-22", "name": "gate_length", "unit": "ns", "value": 0}], "name": "rz2"}, {"qubits": [3], "gate": "rz", "parameters": [{"date": "2021-7-22", "name": "gate_error", "unit": "", "value": 0}, {"date": "2021-7-22", "name": "gate_length", "unit": "ns", "value": 0}], "name": "rz3"}, {"qubits": [4], "gate": "rz", "parameters": [{"date": "2021-7-22", "name": "gate_error", "unit": "", "value": 0}, {"date": "2021-7-22", "name": "gate_length", "unit": "ns", "value": 0}], "name": "rz4"}, {"qubits": [5], "gate": "rz", "parameters": [{"date": "2021-7-22", "name": "gate_error", "unit": "", "value": 0}, {"date": "2021-7-22", "name": "gate_length", "unit": "ns", "value": 0}], "name": "rz5"}, {"qubits": [6], "gate": "rz", "parameters": [{"date": "2021-7-22", "name": "gate_error", "unit": "", "value": 0}, {"date": "2021-7-22", "name": "gate_length", "unit": "ns", "value": 0}], "name": "rz6"}, {"qubits": [0], "gate": "sx", "parameters": [{"date": "2021-7-22", "name": "gate_error", "unit": "", "value": 0.003026081878609107}, {"date": "2021-7-22", "name": "gate_length", "unit": "ns", "value": 35.55555555555556}], "name": "sx0"}, {"qubits": [1], "gate": "sx", "parameters": [{"date": "2021-7-22", "name": "gate_error", "unit": "", "value": 0.0002247795619490635}, {"date": "2021-7-22", "name": "gate_length", "unit": "ns", "value": 35.55555555555556}], "name": "sx1"}, {"qubits": [2], "gate": "sx", "parameters": [{"date": "2021-7-22", "name": "gate_error", "unit": "", "value": 0.00018403752607142006}, {"date": "2021-7-22", "name": "gate_length", "unit": "ns", "value": 35.55555555555556}], "name": "sx2"}, {"qubits": [3], "gate": "sx", "parameters": [{"date": "2021-7-22", "name": "gate_error", "unit": "", "value": 0.0002957716901257998}, {"date": "2021-7-22", "name": "gate_length", "unit": "ns", "value": 35.55555555555556}], "name": "sx3"}, {"qubits": [4], "gate": "sx", "parameters": [{"date": "2021-7-22", "name": "gate_error", "unit": "", "value": 0.00021805359105002376}, {"date": "2021-7-22", "name": "gate_length", "unit": "ns", "value": 35.55555555555556}], "name": "sx4"}, {"qubits": [5], "gate": "sx", "parameters": [{"date": "2021-7-22", "name": "gate_error", "unit": "", "value": 0.00021244947010650553}, {"date": "2021-7-22", "name": "gate_length", "unit": "ns", "value": 35.55555555555556}], "name": "sx5"}, {"qubits": [6], "gate": "sx", "parameters": [{"date": "2021-7-22", "name": "gate_error", "unit": "", "value": 0.00026239388279300415}, {"date": "2021-7-22", "name": "gate_length", "unit": "ns", "value": 35.55555555555556}], "name": "sx6"}, {"qubits": [0], "gate": "x", "parameters": [{"date": "2021-7-22", "name": "gate_error", "unit": "", "value": 0.003026081878609107}, {"date": "2021-7-22", "name": "gate_length", "unit": "ns", "value": 35.55555555555556}], "name": "x0"}, {"qubits": [1], "gate": "x", "parameters": [{"date": "2021-7-22", "name": "gate_error", "unit": "", "value": 0.0002247795619490635}, {"date": "2021-7-22", "name": "gate_length", "unit": "ns", "value": 35.55555555555556}], "name": "x1"}, {"qubits": [2], "gate": "x", "parameters": [{"date": "2021-7-22", "name": "gate_error", "unit": "", "value": 0.00018403752607142006}, {"date": "2021-7-22", "name": "gate_length", "unit": "ns", "value": 35.55555555555556}], "name": "x2"}, {"qubits": [3], "gate": "x", "parameters": [{"date": "2021-7-22", "name": "gate_error", "unit": "", "value": 0.0002957716901257998}, {"date": "2021-7-22", "name": "gate_length", "unit": "ns", "value": 35.55555555555556}], "name": "x3"}, {"qubits": [4], "gate": "x", "parameters": [{"date": "2021-7-22", "name": "gate_error", "unit": "", "value": 0.00021805359105002376}, {"date": "2021-7-22", "name": "gate_length", "unit": "ns", "value": 35.55555555555556}], "name": "x4"}, {"qubits": [5], "gate": "x", "parameters": [{"date": "2021-7-22", "name": "gate_error", "unit": "", "value": 0.00021244947010650553}, {"date": "2021-7-22", "name": "gate_length", "unit": "ns", "value": 35.55555555555556}], "name": "x5"}, {"qubits": [6], "gate": "x", "parameters": [{"date": "2021-7-22", "name": "gate_error", "unit": "", "value": 0.00026239388279300415}, {"date": "2021-7-22", "name": "gate_length", "unit": "ns", "value": 35.55555555555556}], "name": "x6"}, {"qubits": [5, 4], "gate": "cx", "parameters": [{"date": "2021-7-22", "name": "gate_error", "unit": "", "value": 0.007812900713426912}, {"date": "2021-7-19", "name": "gate_length", "unit": "ns", "value": 327.1111111111111}], "name": "cx5_4"}, {"qubits": [4, 5], "gate": "cx", "parameters": [{"date": "2021-7-22", "name": "gate_error", "unit": "", "value": 0.007812900713426912}, {"date": "2021-7-19", "name": "gate_length", "unit": "ns", "value": 362.66666666666663}], "name": "cx4_5"}, {"qubits": [3, 1], "gate": "cx", "parameters": [{"date": "2021-7-22", "name": "gate_error", "unit": "", "value": 0.007162464028380222}, {"date": "2021-7-19", "name": "gate_length", "unit": "ns", "value": 298.66666666666663}], "name": "cx3_1"}, {"qubits": [1, 3], "gate": "cx", "parameters": [{"date": "2021-7-22", "name": "gate_error", "unit": "", "value": 0.007162464028380222}, {"date": "2021-7-19", "name": "gate_length", "unit": "ns", "value": 334.22222222222223}], "name": "cx1_3"}, {"qubits": [5, 6], "gate": "cx", "parameters": [{"date": "2021-7-22", "name": "gate_error", "unit": "", "value": 0.005305956648314847}, {"date": "2021-7-19", "name": "gate_length", "unit": "ns", "value": 256}], "name": "cx5_6"}, {"qubits": [6, 5], "gate": "cx", "parameters": [{"date": "2021-7-22", "name": "gate_error", "unit": "", "value": 0.005305956648314847}, {"date": "2021-7-19", "name": "gate_length", "unit": "ns", "value": 291.55555555555554}], "name": "cx6_5"}, {"qubits": [5, 3], "gate": "cx", "parameters": [{"date": "2021-7-22", "name": "gate_error", "unit": "", "value": 0.005269877835935494}, {"date": "2021-7-19", "name": "gate_length", "unit": "ns", "value": 298.66666666666663}], "name": "cx5_3"}, {"qubits": [3, 5], "gate": "cx", "parameters": [{"date": "2021-7-22", "name": "gate_error", "unit": "", "value": 0.005269877835935494}, {"date": "2021-7-19", "name": "gate_length", "unit": "ns", "value": 334.22222222222223}], "name": "cx3_5"}, {"qubits": [2, 1], "gate": "cx", "parameters": [{"date": "2021-7-22", "name": "gate_error", "unit": "", "value": 0.005557251451595191}, {"date": "2021-7-19", "name": "gate_length", "unit": "ns", "value": 291.55555555555554}], "name": "cx2_1"}, {"qubits": [1, 2], "gate": "cx", "parameters": [{"date": "2021-7-22", "name": "gate_error", "unit": "", "value": 0.005557251451595191}, {"date": "2021-7-19", "name": "gate_length", "unit": "ns", "value": 327.1111111111111}], "name": "cx1_2"}, {"qubits": [0, 1], "gate": "cx", "parameters": [{"date": "2021-7-22", "name": "gate_error", "unit": "", "value": 0.012572927473635864}, {"date": "2021-7-19", "name": "gate_length", "unit": "ns", "value": 305.77777777777777}], "name": "cx0_1"}, {"qubits": [1, 0], "gate": "cx", "parameters": [{"date": "2021-7-22", "name": "gate_error", "unit": "", "value": 0.012572927473635864}, {"date": "2021-7-19", "name": "gate_length", "unit": "ns", "value": 341.3333333333333}], "name": "cx1_0"}, {"qubits": [0], "gate": "reset", "parameters": [{"date": "2021-7-22", "name": "gate_length", "unit": "ns", "value": 1002.6666666666666}], "name": "reset0"}, {"qubits": [1], "gate": "reset", "parameters": [{"date": "2021-7-22", "name": "gate_length", "unit": "ns", "value": 1002.6666666666666}], "name": "reset1"}, {"qubits": [2], "gate": "reset", "parameters": [{"date": "2021-7-22", "name": "gate_length", "unit": "ns", "value": 995.5555555555555}], "name": "reset2"}, {"qubits": [3], "gate": "reset", "parameters": [{"date": "2021-7-22", "name": "gate_length", "unit": "ns", "value": 988.4444444444443}], "name": "reset3"}, {"qubits": [4], "gate": "reset", "parameters": [{"date": "2021-7-22", "name": "gate_length", "unit": "ns", "value": 1002.6666666666666}], "name": "reset4"}, {"qubits": [5], "gate": "reset", "parameters": [{"date": "2021-7-22", "name": "gate_length", "unit": "ns", "value": 1002.6666666666666}], "name": "reset5"}, {"qubits": [6], "gate": "reset", "parameters": [{"date": "2021-7-22", "name": "gate_length", "unit": "ns", "value": 988.4444444444443}], "name": "reset6"}], "general": [{"date": "2021-7-22", "name": "jq_01", "unit": "GHz", "value": 0.0017239661070310697}, {"date": "2021-7-22", "name": "zz_01", "unit": "GHz", "value": -4.1551259389276154e-05}, {"date": "2021-7-22", "name": "jq_12", "unit": "GHz", "value": 0.003306427365570105}, {"date": "2021-7-22", "name": "zz_12", "unit": "GHz", "value": -0.00013691896518548322}, {"date": "2021-7-22", "name": "jq_45", "unit": "GHz", "value": 0.0033964931013144256}, {"date": "2021-7-22", "name": "zz_45", "unit": "GHz", "value": -0.00015134337521539932}, {"date": "2021-7-22", "name": "jq_56", "unit": "GHz", "value": 0.0032394441256406383}, {"date": "2021-7-22", "name": "zz_56", "unit": "GHz", "value": -0.0001381127844927418}, {"date": "2021-7-22", "name": "jq_13", "unit": "GHz", "value": 0.003219077603102807}, {"date": "2021-7-22", "name": "zz_13", "unit": "GHz", "value": -0.00013509145307819546}, {"date": "2021-7-22", "name": "jq_35", "unit": "GHz", "value": 0.0023455196332844842}, {"date": "2021-7-22", "name": "zz_35", "unit": "GHz", "value": -9.35336850076191e-05}]}