{"backend_name": "ibm_lagos", "backend_version": "1.0.16", "last_update_date": "2021-11-30", "qubits": [[{"date": "2021-11-30", "name": "T1", "unit": "us", "value": 103.97196405511895}, {"date": "2021-11-30", "name": "T2", "unit": "us", "value": 42.82706704820101}, {"date": "2021-11-30", "name": "frequency", "unit": "GHz", "value": 5.235186550040153}, {"date": "2021-11-30", "name": "anharmonicity", "unit": "GHz", "value": -0.33986713855915607}, {"date": "2021-11-30", "name": "readout_error", "unit": "", "value": 0.01770000000000005}, {"date": "2021-11-30", "name": "prob_meas0_prep1", "unit": "", "value": 0.0176}, {"date": "2021-11-30", "name": "prob_meas1_prep0", "unit": "", "value": 0.017800000000000038}, {"date": "2021-11-30", "name": "readout_length", "unit": "ns", "value": 704}], [{"date": "2021-11-30", "name": "T1", "unit": "us", "value": 120.91861574364206}, {"date": "2021-11-30", "name": "T2", "unit": "us", "value": 91.97328612658609}, {"date": "2021-11-30", "name": "frequency", "unit": "GHz", "value": 5.099584036849083}, {"date": "2021-11-30", "name": "anharmonicity", "unit": "GHz", "value": -0.3432484042938357}, {"date": "2021-11-30", "name": "readout_error", "unit": "", "value": 0.007800000000000029}, {"date": "2021-11-30", "name": "prob_meas0_prep1", "unit": "", "value": 0.0082}, {"date": "2021-11-30", "name": "prob_meas1_prep0", "unit": "", "value": 0.007399999999999962}, {"date": "2021-11-30", "name": "readout_length", "unit": "ns", "value": 704}], [{"date": "2021-11-30", "name": "T1", "unit": "us", "value": 137.2898452384867}, {"date": "2021-11-30", "name": "T2", "unit": "us", "value": 160.2534322027015}, {"date": "2021-11-30", "name": "frequency", "unit": "GHz", "value": 5.188396815717655}, {"date": "2021-11-30", "name": "anharmonicity", "unit": "GHz", "value": -0.3419316690031256}, {"date": "2021-11-30", "name": "readout_error", "unit": "", "value": 0.0040999999999999925}, {"date": "2021-11-30", "name": "prob_meas0_prep1", "unit": "", "value": 0.0052}, {"date": "2021-11-30", "name": "prob_meas1_prep0", "unit": "", "value": 0.0030000000000000027}, {"date": "2021-11-30", "name": "readout_length", "unit": "ns", "value": 704}], [{"date": "2021-11-30", "name": "T1", "unit": "us", "value": 104.49566748575484}, {"date": "2021-11-30", "name": "T2", "unit": "us", "value": 131.9016638292703}, {"date": "2021-11-30", "name": "frequency", "unit": "GHz", "value": 4.987484516936201}, {"date": "2021-11-30", "name": "anharmonicity", "unit": "GHz", "value": -0.3452928861203798}, {"date": "2021-11-30", "name": "readout_error", "unit": "", "value": 0.018100000000000005}, {"date": "2021-11-30", "name": "prob_meas0_prep1", "unit": "", "value": 0.0146}, {"date": "2021-11-30", "name": "prob_meas1_prep0", "unit": "", "value": 0.021599999999999953}, {"date": "2021-11-30", "name": "readout_length", "unit": "ns", "value": 704}], [{"date": "2021-11-30", "name": "T1", "unit": "us", "value": 104.12479952111444}, {"date": "2021-11-30", "name": "T2", "unit": "us", "value": 14.53379609531433}, {"date": "2021-11-30", "name": "frequency", "unit": "GHz", "value": 5.285338121962467}, {"date": "2021-11-30", "name": "anharmonicity", "unit": "GHz", "value": -0.3392342674107948}, {"date": "2021-11-30", "name": "readout_error", "unit": "", "value": 0.012499999999999956}, {"date": "2021-11-30", "name": "prob_meas0_prep1", "unit": "", "value": 0.012800000000000034}, {"date": "2021-11-30", "name": "prob_meas1_prep0", "unit": "", "value": 0.0122}, {"date": "2021-11-30", "name": "readout_length", "unit": "ns", "value": 704}], [{"date": "2021-11-30", "name": "T1", "unit": "us", "value": 125.75472107736131}, {"date": "2021-11-30", "name": "T2", "unit": "us", "value": 83.7543837440664}, {"date": "2021-11-30", "name": "frequency", "unit": "GHz", "value": 5.176177103631858}, {"date": "2021-11-30", "name": "anharmonicity", "unit": "GHz", "value": -0.34079297245074963}, {"date": "2021-11-30", "name": "readout_error", "unit": "", "value": 0.011500000000000066}, {"date": "2021-11-30", "name": "prob_meas0_prep1", "unit": "", "value": 0.0132}, {"date": "2021-11-30", "name": "prob_meas1_prep0", "unit": "", "value": 0.009800000000000031}, {"date": "2021-11-30", "name": "readout_length", "unit": "ns", "value": 704}], [{"date": "2021-11-30", "name": "T1", "unit": "us", "value": 67.03382249014075}, {"date": "2021-11-30", "name": "T2", "unit": "us", "value": 224.86687741402585}, {"date": "2021-11-30", "name": "frequency", "unit": "GHz", "value": 5.0639670587400465}, {"date": "2021-11-30", "name": "anharmonicity", "unit": "GHz", "value": -0.34275836537159754}, {"date": "2021-11-30", "name": "readout_error", "unit": "", "value": 0.06659999999999999}, {"date": "2021-11-30", "name": "prob_meas0_prep1", "unit": "", "value": 0.11739999999999995}, {"date": "2021-11-30", "name": "prob_meas1_prep0", "unit": "", "value": 0.0158}, {"date": "2021-11-30", "name": "readout_length", "unit": "ns", "value": 704}]], "gates": [{"qubits": [0], "gate": "id", "parameters": [{"date": "2021-11-30", "name": "gate_error", "unit": "", "value": 0.0002628708048862362}, {"date": "2021-11-30", "name": "gate_length", "unit": "ns", "value": 35.55555555555556}], "name": "id0"}, {"qubits": [1], "gate": "id", "parameters": [{"date": "2021-11-30", "name": "gate_error", "unit": "", "value": 0.000287632125819601}, {"date": "2021-11-30", "name": "gate_length", "unit": "ns", "value": 35.55555555555556}], "name": "id1"}, {"qubits": [2], "gate": "id", "parameters": [{"date": "2021-11-30", "name": "gate_error", "unit": "", "value": 0.00015500685749199105}, {"date": "2021-11-30", "name": "gate_length", "unit": "ns", "value": 35.55555555555556}], "name": "id2"}, {"qubits": [3], "gate": "id", "parameters": [{"date": "2021-11-30", "name": "gate_error", "unit": "", "value": 0.0002019265729103057}, {"date": "2021-11-30", "name": "gate_length", "unit": "ns", "value": 35.55555555555556}], "name": "id3"}, {"qubits": [4], "gate": "id", "parameters": [{"date": "2021-11-30", "name": "gate_error", "unit": "", "value": 0.000580708615143102}, {"date": "2021-11-30", "name": "gate_length", "unit": "ns", "value": 35.55555555555556}], "name": "id4"}, {"qubits": [5], "gate": "id", "parameters": [{"date": "2021-11-30", "name": "gate_error", "unit": "", "value": 0.0001860499348924782}, {"date": "2021-11-30", "name": "gate_length", "unit": "ns", "value": 35.55555555555556}], "name": "id5"}, {"qubits": [6], "gate": "id", "parameters": [{"date": "2021-11-30", "name": "gate_error", "unit": "", "value": 0.0007912785882473729}, {"date": "2021-11-30", "name": "gate_length", "unit": "ns", "value": 35.55555555555556}], "name": "id6"}, {"qubits": [0], "gate": "rz", "parameters": [{"date": "2021-11-30", "name": "gate_error", "unit": "", "value": 0}, {"date": "2021-11-30", "name": "gate_length", "unit": "ns", "value": 0}], "name": "rz0"}, {"qubits": [1], "gate": "rz", "parameters": [{"date": "2021-11-30", "name": "gate_error", "unit": "", "value": 0}, {"date": "2021-11-30", "name": "gate_length", "unit": "ns", "value": 0}], "name": "rz1"}, {"qubits": [2], "gate": "rz", "parameters": [{"date": "2021-11-30", "name": "gate_error", "unit": "", "value": 0}, {"date": "2021-11-30", "name": "gate_length", "unit": "ns", "value": 0}], "name": "rz2"}, {"qubits": [3], "gate": "rz", "parameters": [{"date": "2021-11-30", "name": "gate_error", "unit": "", "value": 0}, {"date": "2021-11-30", "name": "gate_length", "unit": "ns", "value": 0}], "name": "rz3"}, {"qubits": [4], "gate": "rz", "parameters": [{"date": "2021-11-30", "name": "gate_error", "unit": "", "value": 0}, {"date": "2021-11-30", "name": "gate_length", "unit": "ns", "value": 0}], "name": "rz4"}, {"qubits": [5], "gate": "rz", "parameters": [{"date": "2021-11-30", "name": "gate_error", "unit": "", "value": 0}, {"date": "2021-11-30", "name": "gate_length", "unit": "ns", "value": 0}], "name": "rz5"}, {"qubits": [6], "gate": "rz", "parameters": [{"date": "2021-11-30", "name": "gate_error", "unit": "", "value": 0}, {"date": "2021-11-30", "name": "gate_length", "unit": "ns", "value": 0}], "name": "rz6"}, {"qubits": [0], "gate": "sx", "parameters": [{"date": "2021-11-30", "name": "gate_error", "unit": "", "value": 0.0002628708048862362}, {"date": "2021-11-30", "name": "gate_length", "unit": "ns", "value": 35.55555555555556}], "name": "sx0"}, {"qubits": [1], "gate": "sx", "parameters": [{"date": "2021-11-30", "name": "gate_error", "unit": "", "value": 0.000287632125819601}, {"date": "2021-11-30", "name": "gate_length", "unit": "ns", "value": 35.55555555555556}], "name": "sx1"}, {"qubits": [2], "gate": "sx", "parameters": [{"date": "2021-11-30", "name": "gate_error", "unit": "", "value": 0.00015500685749199105}, {"date": "2021-11-30", "name": "gate_length", "unit": "ns", "value": 35.55555555555556}], "name": "sx2"}, {"qubits": [3], "gate": "sx", "parameters": [{"date": "2021-11-30", "name": "gate_error", "unit": "", "value": 0.0002019265729103057}, {"date": "2021-11-30", "name": "gate_length", "unit": "ns", "value": 35.55555555555556}], "name": "sx3"}, {"qubits": [4], "gate": "sx", "parameters": [{"date": "2021-11-30", "name": "gate_error", "unit": "", "value": 0.000580708615143102}, {"date": "2021-11-30", "name": "gate_length", "unit": "ns", "value": 35.55555555555556}], "name": "sx4"}, {"qubits": [5], "gate": "sx", "parameters": [{"date": "2021-11-30", "name": "gate_error", "unit": "", "value": 0.0001860499348924782}, {"date": "2021-11-30", "name": "gate_length", "unit": "ns", "value": 35.55555555555556}], "name": "sx5"}, {"qubits": [6], "gate": "sx", "parameters": [{"date": "2021-11-30", "name": "gate_error", "unit": "", "value": 0.0007912785882473729}, {"date": "2021-11-30", "name": "gate_length", "unit": "ns", "value": 35.55555555555556}], "name": "sx6"}, {"qubits": [0], "gate": "x", "parameters": [{"date": "2021-11-30", "name": "gate_error", "unit": "", "value": 0.0002628708048862362}, {"date": "2021-11-30", "name": "gate_length", "unit": "ns", "value": 35.55555555555556}], "name": "x0"}, {"qubits": [1], "gate": "x", "parameters": [{"date": "2021-11-30", "name": "gate_error", "unit": "", "value": 0.000287632125819601}, {"date": "2021-11-30", "name": "gate_length", "unit": "ns", "value": 35.55555555555556}], "name": "x1"}, {"qubits": [2], "gate": "x", "parameters": [{"date": "2021-11-30", "name": "gate_error", "unit": "", "value": 0.00015500685749199105}, {"date": "2021-11-30", "name": "gate_length", "unit": "ns", "value": 35.55555555555556}], "name": "x2"}, {"qubits": [3], "gate": "x", "parameters": [{"date": "2021-11-30", "name": "gate_error", "unit": "", "value": 0.0002019265729103057}, {"date": "2021-11-30", "name": "gate_length", "unit": "ns", "value": 35.55555555555556}], "name": "x3"}, {"qubits": [4], "gate": "x", "parameters": [{"date": "2021-11-30", "name": "gate_error", "unit": "", "value": 0.000580708615143102}, {"date": "2021-11-30", "name": "gate_length", "unit": "ns", "value": 35.55555555555556}], "name": "x4"}, {"qubits": [5], "gate": "x", "parameters": [{"date": "2021-11-30", "name": "gate_error", "unit": "", "value": 0.0001860499348924782}, {"date": "2021-11-30", "name": "gate_length", "unit": "ns", "value": 35.55555555555556}], "name": "x5"}, {"qubits": [6], "gate": "x", "parameters": [{"date": "2021-11-30", "name": "gate_error", "unit": "", "value": 0.0007912785882473729}, {"date": "2021-11-30", "name": "gate_length", "unit": "ns", "value": 35.55555555555556}], "name": "x6"}, {"qubits": [5, 4], "gate": "cx", "parameters": [{"date": "2021-11-30", "name": "gate_error", "unit": "", "value": 0.014569492499285713}, {"date": "2021-11-27", "name": "gate_length", "unit": "ns", "value": 327.1111111111111}], "name": "cx5_4"}, {"qubits": [4, 5], "gate": "cx", "parameters": [{"date": "2021-11-30", "name": "gate_error", "unit": "", "value": 0.014569492499285713}, {"date": "2021-11-27", "name": "gate_length", "unit": "ns", "value": 362.66666666666663}], "name": "cx4_5"}, {"qubits": [3, 1], "gate": "cx", "parameters": [{"date": "2021-11-30", "name": "gate_error", "unit": "", "value": 0.006082548774196256}, {"date": "2021-11-27", "name": "gate_length", "unit": "ns", "value": 298.66666666666663}], "name": "cx3_1"}, {"qubits": [1, 3], "gate": "cx", "parameters": [{"date": "2021-11-30", "name": "gate_error", "unit": "", "value": 0.006082548774196256}, {"date": "2021-11-27", "name": "gate_length", "unit": "ns", "value": 334.22222222222223}], "name": "cx1_3"}, {"qubits": [5, 6], "gate": "cx", "parameters": [{"date": "2021-11-30", "name": "gate_error", "unit": "", "value": 0.010023326610797523}, {"date": "2021-11-27", "name": "gate_length", "unit": "ns", "value": 256}], "name": "cx5_6"}, {"qubits": [6, 5], "gate": "cx", "parameters": [{"date": "2021-11-30", "name": "gate_error", "unit": "", "value": 0.010023326610797523}, {"date": "2021-11-27", "name": "gate_length", "unit": "ns", "value": 291.55555555555554}], "name": "cx6_5"}, {"qubits": [5, 3], "gate": "cx", "parameters": [{"date": "2021-11-30", "name": "gate_error", "unit": "", "value": 0.008781032280513884}, {"date": "2021-11-27", "name": "gate_length", "unit": "ns", "value": 298.66666666666663}], "name": "cx5_3"}, {"qubits": [3, 5], "gate": "cx", "parameters": [{"date": "2021-11-30", "name": "gate_error", "unit": "", "value": 0.008781032280513884}, {"date": "2021-11-27", "name": "gate_length", "unit": "ns", "value": 334.22222222222223}], "name": "cx3_5"}, {"qubits": [2, 1], "gate": "cx", "parameters": [{"date": "2021-11-30", "name": "gate_error", "unit": "", "value": 0.0059025269768171185}, {"date": "2021-11-27", "name": "gate_length", "unit": "ns", "value": 291.55555555555554}], "name": "cx2_1"}, {"qubits": [1, 2], "gate": "cx", "parameters": [{"date": "2021-11-30", "name": "gate_error", "unit": "", "value": 0.0059025269768171185}, {"date": "2021-11-27", "name": "gate_length", "unit": "ns", "value": 327.1111111111111}], "name": "cx1_2"}, {"qubits": [0, 1], "gate": "cx", "parameters": [{"date": "2021-11-30", "name": "gate_error", "unit": "", "value": 0.008443774628074802}, {"date": "2021-11-27", "name": "gate_length", "unit": "ns", "value": 305.77777777777777}], "name": "cx0_1"}, {"qubits": [1, 0], "gate": "cx", "parameters": [{"date": "2021-11-30", "name": "gate_error", "unit": "", "value": 0.008443774628074802}, {"date": "2021-11-27", "name": "gate_length", "unit": "ns", "value": 341.3333333333333}], "name": "cx1_0"}, {"qubits": [0], "gate": "reset", "parameters": [{"date": "2021-11-30", "name": "gate_length", "unit": "ns", "value": 1002.6666666666666}], "name": "reset0"}, {"qubits": [1], "gate": "reset", "parameters": [{"date": "2021-11-30", "name": "gate_length", "unit": "ns", "value": 1002.6666666666666}], "name": "reset1"}, {"qubits": [2], "gate": "reset", "parameters": [{"date": "2021-11-30", "name": "gate_length", "unit": "ns", "value": 995.5555555555555}], "name": "reset2"}, {"qubits": [3], "gate": "reset", "parameters": [{"date": "2021-11-30", "name": "gate_length", "unit": "ns", "value": 988.4444444444443}], "name": "reset3"}, {"qubits": [4], "gate": "reset", "parameters": [{"date": "2021-11-30", "name": "gate_length", "unit": "ns", "value": 1002.6666666666666}], "name": "reset4"}, {"qubits": [5], "gate": "reset", "parameters": [{"date": "2021-11-30", "name": "gate_length", "unit": "ns", "value": 1002.6666666666666}], "name": "reset5"}, {"qubits": [6], "gate": "reset", "parameters": [{"date": "2021-11-30", "name": "gate_length", "unit": "ns", "value": 988.4444444444443}], "name": "reset6"}], "general": [{"date": "2021-11-30", "name": "jq_01", "unit": "GHz", "value": 0.0017239661070310697}, {"date": "2021-11-30", "name": "zz_01", "unit": "GHz", "value": -4.1551259389276154e-05}, {"date": "2021-11-30", "name": "jq_12", "unit": "GHz", "value": 0.003306427365570105}, {"date": "2021-11-30", "name": "zz_12", "unit": "GHz", "value": -0.00013691896518548322}, {"date": "2021-11-30", "name": "jq_45", "unit": "GHz", "value": 0.0033964931013144256}, {"date": "2021-11-30", "name": "zz_45", "unit": "GHz", "value": -0.00015134337521539932}, {"date": "2021-11-30", "name": "jq_56", "unit": "GHz", "value": 0.0032394441256406383}, {"date": "2021-11-30", "name": "zz_56", "unit": "GHz", "value": -0.0001381127844927418}, {"date": "2021-11-30", "name": "jq_13", "unit": "GHz", "value": 0.003219077603102807}, {"date": "2021-11-30", "name": "zz_13", "unit": "GHz", "value": -0.00013509145307819546}, {"date": "2021-11-30", "name": "jq_35", "unit": "GHz", "value": 0.0023455196332844842}, {"date": "2021-11-30", "name": "zz_35", "unit": "GHz", "value": -9.35336850076191e-05}]}