{"backend_name": "ibm_lagos", "backend_version": "1.0.3", "last_update_date": "2021-8-29", "qubits": [[{"date": "2021-8-29", "name": "T1", "unit": "us", "value": 62.186811235226905}, {"date": "2021-8-29", "name": "T2", "unit": "us", "value": 42.155924571657174}, {"date": "2021-8-29", "name": "frequency", "unit": "GHz", "value": 5.235285509036242}, {"date": "2021-8-29", "name": "anharmonicity", "unit": "GHz", "value": -0.33986713855915607}, {"date": "2021-8-29", "name": "readout_error", "unit": "", "value": 0.010499999999999954}, {"date": "2021-8-29", "name": "prob_meas0_prep1", "unit": "", "value": 0.0104}, {"date": "2021-8-29", "name": "prob_meas1_prep0", "unit": "", "value": 0.010600000000000054}, {"date": "2021-8-29", "name": "readout_length", "unit": "ns", "value": 704}], [{"date": "2021-8-29", "name": "T1", "unit": "us", "value": 105.03841373044617}, {"date": "2021-8-29", "name": "T2", "unit": "us", "value": 83.56900810328979}, {"date": "2021-8-29", "name": "frequency", "unit": "GHz", "value": 5.099380074753082}, {"date": "2021-8-29", "name": "anharmonicity", "unit": "GHz", "value": -0.3432484042938357}, {"date": "2021-8-29", "name": "readout_error", "unit": "", "value": 0.006900000000000017}, {"date": "2021-8-29", "name": "prob_meas0_prep1", "unit": "", "value": 0.0076}, {"date": "2021-8-29", "name": "prob_meas1_prep0", "unit": "", "value": 0.006199999999999983}, {"date": "2021-8-29", "name": "readout_length", "unit": "ns", "value": 704}], [{"date": "2021-8-29", "name": "T1", "unit": "us", "value": 131.5358235789879}, {"date": "2021-8-29", "name": "T2", "unit": "us", "value": 105.61156945406273}, {"date": "2021-8-29", "name": "frequency", "unit": "GHz", "value": 5.187881856840763}, {"date": "2021-8-29", "name": "anharmonicity", "unit": "GHz", "value": -0.3419316690031256}, {"date": "2021-8-29", "name": "readout_error", "unit": "", "value": 0.01869999999999994}, {"date": "2021-8-29", "name": "prob_meas0_prep1", "unit": "", "value": 0.0108}, {"date": "2021-8-29", "name": "prob_meas1_prep0", "unit": "", "value": 0.026599999999999957}, {"date": "2021-8-29", "name": "readout_length", "unit": "ns", "value": 704}], [{"date": "2021-8-29", "name": "T1", "unit": "us", "value": 139.98886821126686}, {"date": "2021-8-29", "name": "T2", "unit": "us", "value": 102.59309200640571}, {"date": "2021-8-29", "name": "frequency", "unit": "GHz", "value": 4.986867084805638}, {"date": "2021-8-29", "name": "anharmonicity", "unit": "GHz", "value": -0.3452928861203798}, {"date": "2021-8-29", "name": "readout_error", "unit": "", "value": 0.028299999999999992}, {"date": "2021-8-29", "name": "prob_meas0_prep1", "unit": "", "value": 0.0494}, {"date": "2021-8-29", "name": "prob_meas1_prep0", "unit": "", "value": 0.007199999999999984}, {"date": "2021-8-29", "name": "readout_length", "unit": "ns", "value": 704}], [{"date": "2021-8-29", "name": "T1", "unit": "us", "value": 101.3225395943305}, {"date": "2021-8-29", "name": "T2", "unit": "us", "value": 26.934435426690552}, {"date": "2021-8-29", "name": "frequency", "unit": "GHz", "value": 5.2853493479872125}, {"date": "2021-8-29", "name": "anharmonicity", "unit": "GHz", "value": -0.3392342674107948}, {"date": "2021-8-29", "name": "readout_error", "unit": "", "value": 0.00869999999999993}, {"date": "2021-8-29", "name": "prob_meas0_prep1", "unit": "", "value": 0.008399999999999963}, {"date": "2021-8-29", "name": "prob_meas1_prep0", "unit": "", "value": 0.009}, {"date": "2021-8-29", "name": "readout_length", "unit": "ns", "value": 704}], [{"date": "2021-8-29", "name": "T1", "unit": "us", "value": 69.21895731857296}, {"date": "2021-8-29", "name": "T2", "unit": "us", "value": 97.27349130703918}, {"date": "2021-8-29", "name": "frequency", "unit": "GHz", "value": 5.176862389099072}, {"date": "2021-8-29", "name": "anharmonicity", "unit": "GHz", "value": -0.34079297245074963}, {"date": "2021-8-29", "name": "readout_error", "unit": "", "value": 0.010000000000000009}, {"date": "2021-8-29", "name": "prob_meas0_prep1", "unit": "", "value": 0.0118}, {"date": "2021-8-29", "name": "prob_meas1_prep0", "unit": "", "value": 0.008199999999999985}, {"date": "2021-8-29", "name": "readout_length", "unit": "ns", "value": 704}], [{"date": "2021-8-29", "name": "T1", "unit": "us", "value": 123.37304001560793}, {"date": "2021-8-29", "name": "T2", "unit": "us", "value": 106.31493543354334}, {"date": "2021-8-29", "name": "frequency", "unit": "GHz", "value": 5.064040622452455}, {"date": "2021-8-29", "name": "anharmonicity", "unit": "GHz", "value": -0.34275836537159754}, {"date": "2021-8-29", "name": "readout_error", "unit": "", "value": 0.006800000000000028}, {"date": "2021-8-29", "name": "prob_meas0_prep1", "unit": "", "value": 0.01}, {"date": "2021-8-29", "name": "prob_meas1_prep0", "unit": "", "value": 0.0036000000000000476}, {"date": "2021-8-29", "name": "readout_length", "unit": "ns", "value": 704}]], "gates": [{"qubits": [0], "gate": "id", "parameters": [{"date": "2021-8-29", "name": "gate_error", "unit": "", "value": 0.000269100696592714}, {"date": "2021-8-29", "name": "gate_length", "unit": "ns", "value": 35.55555555555556}], "name": "id0"}, {"qubits": [1], "gate": "id", "parameters": [{"date": "2021-8-29", "name": "gate_error", "unit": "", "value": 0.00022415961265877908}, {"date": "2021-8-29", "name": "gate_length", "unit": "ns", "value": 35.55555555555556}], "name": "id1"}, {"qubits": [2], "gate": "id", "parameters": [{"date": "2021-8-29", "name": "gate_error", "unit": "", "value": 0.0001658770095212099}, {"date": "2021-8-29", "name": "gate_length", "unit": "ns", "value": 35.55555555555556}], "name": "id2"}, {"qubits": [3], "gate": "id", "parameters": [{"date": "2021-8-29", "name": "gate_error", "unit": "", "value": 0.0002859918404824546}, {"date": "2021-8-29", "name": "gate_length", "unit": "ns", "value": 35.55555555555556}], "name": "id3"}, {"qubits": [4], "gate": "id", "parameters": [{"date": "2021-8-29", "name": "gate_error", "unit": "", "value": 0.00018103467187975913}, {"date": "2021-8-29", "name": "gate_length", "unit": "ns", "value": 35.55555555555556}], "name": "id4"}, {"qubits": [5], "gate": "id", "parameters": [{"date": "2021-8-29", "name": "gate_error", "unit": "", "value": 0.00016142627246664755}, {"date": "2021-8-29", "name": "gate_length", "unit": "ns", "value": 35.55555555555556}], "name": "id5"}, {"qubits": [6], "gate": "id", "parameters": [{"date": "2021-8-29", "name": "gate_error", "unit": "", "value": 0.0002125598903683406}, {"date": "2021-8-29", "name": "gate_length", "unit": "ns", "value": 35.55555555555556}], "name": "id6"}, {"qubits": [0], "gate": "rz", "parameters": [{"date": "2021-8-29", "name": "gate_error", "unit": "", "value": 0}, {"date": "2021-8-29", "name": "gate_length", "unit": "ns", "value": 0}], "name": "rz0"}, {"qubits": [1], "gate": "rz", "parameters": [{"date": "2021-8-29", "name": "gate_error", "unit": "", "value": 0}, {"date": "2021-8-29", "name": "gate_length", "unit": "ns", "value": 0}], "name": "rz1"}, {"qubits": [2], "gate": "rz", "parameters": [{"date": "2021-8-29", "name": "gate_error", "unit": "", "value": 0}, {"date": "2021-8-29", "name": "gate_length", "unit": "ns", "value": 0}], "name": "rz2"}, {"qubits": [3], "gate": "rz", "parameters": [{"date": "2021-8-29", "name": "gate_error", "unit": "", "value": 0}, {"date": "2021-8-29", "name": "gate_length", "unit": "ns", "value": 0}], "name": "rz3"}, {"qubits": [4], "gate": "rz", "parameters": [{"date": "2021-8-29", "name": "gate_error", "unit": "", "value": 0}, {"date": "2021-8-29", "name": "gate_length", "unit": "ns", "value": 0}], "name": "rz4"}, {"qubits": [5], "gate": "rz", "parameters": [{"date": "2021-8-29", "name": "gate_error", "unit": "", "value": 0}, {"date": "2021-8-29", "name": "gate_length", "unit": "ns", "value": 0}], "name": "rz5"}, {"qubits": [6], "gate": "rz", "parameters": [{"date": "2021-8-29", "name": "gate_error", "unit": "", "value": 0}, {"date": "2021-8-29", "name": "gate_length", "unit": "ns", "value": 0}], "name": "rz6"}, {"qubits": [0], "gate": "sx", "parameters": [{"date": "2021-8-29", "name": "gate_error", "unit": "", "value": 0.000269100696592714}, {"date": "2021-8-29", "name": "gate_length", "unit": "ns", "value": 35.55555555555556}], "name": "sx0"}, {"qubits": [1], "gate": "sx", "parameters": [{"date": "2021-8-29", "name": "gate_error", "unit": "", "value": 0.00022415961265877908}, {"date": "2021-8-29", "name": "gate_length", "unit": "ns", "value": 35.55555555555556}], "name": "sx1"}, {"qubits": [2], "gate": "sx", "parameters": [{"date": "2021-8-29", "name": "gate_error", "unit": "", "value": 0.0001658770095212099}, {"date": "2021-8-29", "name": "gate_length", "unit": "ns", "value": 35.55555555555556}], "name": "sx2"}, {"qubits": [3], "gate": "sx", "parameters": [{"date": "2021-8-29", "name": "gate_error", "unit": "", "value": 0.0002859918404824546}, {"date": "2021-8-29", "name": "gate_length", "unit": "ns", "value": 35.55555555555556}], "name": "sx3"}, {"qubits": [4], "gate": "sx", "parameters": [{"date": "2021-8-29", "name": "gate_error", "unit": "", "value": 0.00018103467187975913}, {"date": "2021-8-29", "name": "gate_length", "unit": "ns", "value": 35.55555555555556}], "name": "sx4"}, {"qubits": [5], "gate": "sx", "parameters": [{"date": "2021-8-29", "name": "gate_error", "unit": "", "value": 0.00016142627246664755}, {"date": "2021-8-29", "name": "gate_length", "unit": "ns", "value": 35.55555555555556}], "name": "sx5"}, {"qubits": [6], "gate": "sx", "parameters": [{"date": "2021-8-29", "name": "gate_error", "unit": "", "value": 0.0002125598903683406}, {"date": "2021-8-29", "name": "gate_length", "unit": "ns", "value": 35.55555555555556}], "name": "sx6"}, {"qubits": [0], "gate": "x", "parameters": [{"date": "2021-8-29", "name": "gate_error", "unit": "", "value": 0.000269100696592714}, {"date": "2021-8-29", "name": "gate_length", "unit": "ns", "value": 35.55555555555556}], "name": "x0"}, {"qubits": [1], "gate": "x", "parameters": [{"date": "2021-8-29", "name": "gate_error", "unit": "", "value": 0.00022415961265877908}, {"date": "2021-8-29", "name": "gate_length", "unit": "ns", "value": 35.55555555555556}], "name": "x1"}, {"qubits": [2], "gate": "x", "parameters": [{"date": "2021-8-29", "name": "gate_error", "unit": "", "value": 0.0001658770095212099}, {"date": "2021-8-29", "name": "gate_length", "unit": "ns", "value": 35.55555555555556}], "name": "x2"}, {"qubits": [3], "gate": "x", "parameters": [{"date": "2021-8-29", "name": "gate_error", "unit": "", "value": 0.0002859918404824546}, {"date": "2021-8-29", "name": "gate_length", "unit": "ns", "value": 35.55555555555556}], "name": "x3"}, {"qubits": [4], "gate": "x", "parameters": [{"date": "2021-8-29", "name": "gate_error", "unit": "", "value": 0.00018103467187975913}, {"date": "2021-8-29", "name": "gate_length", "unit": "ns", "value": 35.55555555555556}], "name": "x4"}, {"qubits": [5], "gate": "x", "parameters": [{"date": "2021-8-29", "name": "gate_error", "unit": "", "value": 0.00016142627246664755}, {"date": "2021-8-29", "name": "gate_length", "unit": "ns", "value": 35.55555555555556}], "name": "x5"}, {"qubits": [6], "gate": "x", "parameters": [{"date": "2021-8-29", "name": "gate_error", "unit": "", "value": 0.0002125598903683406}, {"date": "2021-8-29", "name": "gate_length", "unit": "ns", "value": 35.55555555555556}], "name": "x6"}, {"qubits": [5, 4], "gate": "cx", "parameters": [{"date": "2021-8-29", "name": "gate_error", "unit": "", "value": 0.00533369907267689}, {"date": "2021-8-26", "name": "gate_length", "unit": "ns", "value": 327.1111111111111}], "name": "cx5_4"}, {"qubits": [4, 5], "gate": "cx", "parameters": [{"date": "2021-8-29", "name": "gate_error", "unit": "", "value": 0.00533369907267689}, {"date": "2021-8-26", "name": "gate_length", "unit": "ns", "value": 362.66666666666663}], "name": "cx4_5"}, {"qubits": [3, 1], "gate": "cx", "parameters": [{"date": "2021-8-29", "name": "gate_error", "unit": "", "value": 0.026255412398353994}, {"date": "2021-8-26", "name": "gate_length", "unit": "ns", "value": 298.66666666666663}], "name": "cx3_1"}, {"qubits": [1, 3], "gate": "cx", "parameters": [{"date": "2021-8-29", "name": "gate_error", "unit": "", "value": 0.026255412398353994}, {"date": "2021-8-26", "name": "gate_length", "unit": "ns", "value": 334.22222222222223}], "name": "cx1_3"}, {"qubits": [5, 6], "gate": "cx", "parameters": [{"date": "2021-8-29", "name": "gate_error", "unit": "", "value": 0.004921380109048301}, {"date": "2021-8-26", "name": "gate_length", "unit": "ns", "value": 256}], "name": "cx5_6"}, {"qubits": [6, 5], "gate": "cx", "parameters": [{"date": "2021-8-29", "name": "gate_error", "unit": "", "value": 0.004921380109048301}, {"date": "2021-8-26", "name": "gate_length", "unit": "ns", "value": 291.55555555555554}], "name": "cx6_5"}, {"qubits": [5, 3], "gate": "cx", "parameters": [{"date": "2021-8-29", "name": "gate_error", "unit": "", "value": 0.00857267732215003}, {"date": "2021-8-26", "name": "gate_length", "unit": "ns", "value": 298.66666666666663}], "name": "cx5_3"}, {"qubits": [3, 5], "gate": "cx", "parameters": [{"date": "2021-8-29", "name": "gate_error", "unit": "", "value": 0.00857267732215003}, {"date": "2021-8-26", "name": "gate_length", "unit": "ns", "value": 334.22222222222223}], "name": "cx3_5"}, {"qubits": [2, 1], "gate": "cx", "parameters": [{"date": "2021-8-29", "name": "gate_error", "unit": "", "value": 0.005043012093620847}, {"date": "2021-8-26", "name": "gate_length", "unit": "ns", "value": 291.55555555555554}], "name": "cx2_1"}, {"qubits": [1, 2], "gate": "cx", "parameters": [{"date": "2021-8-29", "name": "gate_error", "unit": "", "value": 0.005043012093620847}, {"date": "2021-8-26", "name": "gate_length", "unit": "ns", "value": 327.1111111111111}], "name": "cx1_2"}, {"qubits": [0, 1], "gate": "cx", "parameters": [{"date": "2021-8-29", "name": "gate_error", "unit": "", "value": 0.00808514552076936}, {"date": "2021-8-26", "name": "gate_length", "unit": "ns", "value": 305.77777777777777}], "name": "cx0_1"}, {"qubits": [1, 0], "gate": "cx", "parameters": [{"date": "2021-8-29", "name": "gate_error", "unit": "", "value": 0.00808514552076936}, {"date": "2021-8-26", "name": "gate_length", "unit": "ns", "value": 341.3333333333333}], "name": "cx1_0"}, {"qubits": [0], "gate": "reset", "parameters": [{"date": "2021-8-29", "name": "gate_length", "unit": "ns", "value": 1002.6666666666666}], "name": "reset0"}, {"qubits": [1], "gate": "reset", "parameters": [{"date": "2021-8-29", "name": "gate_length", "unit": "ns", "value": 1002.6666666666666}], "name": "reset1"}, {"qubits": [2], "gate": "reset", "parameters": [{"date": "2021-8-29", "name": "gate_length", "unit": "ns", "value": 995.5555555555555}], "name": "reset2"}, {"qubits": [3], "gate": "reset", "parameters": [{"date": "2021-8-29", "name": "gate_length", "unit": "ns", "value": 988.4444444444443}], "name": "reset3"}, {"qubits": [4], "gate": "reset", "parameters": [{"date": "2021-8-29", "name": "gate_length", "unit": "ns", "value": 1002.6666666666666}], "name": "reset4"}, {"qubits": [5], "gate": "reset", "parameters": [{"date": "2021-8-29", "name": "gate_length", "unit": "ns", "value": 1002.6666666666666}], "name": "reset5"}, {"qubits": [6], "gate": "reset", "parameters": [{"date": "2021-8-29", "name": "gate_length", "unit": "ns", "value": 988.4444444444443}], "name": "reset6"}], "general": [{"date": "2021-8-29", "name": "jq_01", "unit": "GHz", "value": 0.0017239661070310697}, {"date": "2021-8-29", "name": "zz_01", "unit": "GHz", "value": -4.1551259389276154e-05}, {"date": "2021-8-29", "name": "jq_12", "unit": "GHz", "value": 0.003306427365570105}, {"date": "2021-8-29", "name": "zz_12", "unit": "GHz", "value": -0.00013691896518548322}, {"date": "2021-8-29", "name": "jq_45", "unit": "GHz", "value": 0.0033964931013144256}, {"date": "2021-8-29", "name": "zz_45", "unit": "GHz", "value": -0.00015134337521539932}, {"date": "2021-8-29", "name": "jq_56", "unit": "GHz", "value": 0.0032394441256406383}, {"date": "2021-8-29", "name": "zz_56", "unit": "GHz", "value": -0.0001381127844927418}, {"date": "2021-8-29", "name": "jq_13", "unit": "GHz", "value": 0.003219077603102807}, {"date": "2021-8-29", "name": "zz_13", "unit": "GHz", "value": -0.00013509145307819546}, {"date": "2021-8-29", "name": "jq_35", "unit": "GHz", "value": 0.0023455196332844842}, {"date": "2021-8-29", "name": "zz_35", "unit": "GHz", "value": -9.35336850076191e-05}]}