{"backend_name": "ibm_lagos", "backend_version": "1.0.1", "last_update_date": "2021-8-3", "qubits": [[{"date": "2021-8-3", "name": "T1", "unit": "us", "value": 90.7595179992385}, {"date": "2021-8-3", "name": "T2", "unit": "us", "value": 46.266988761875865}, {"date": "2021-8-3", "name": "frequency", "unit": "GHz", "value": 5.235309264909621}, {"date": "2021-8-3", "name": "anharmonicity", "unit": "GHz", "value": -0.33986713855915607}, {"date": "2021-8-3", "name": "readout_error", "unit": "", "value": 0.012800000000000034}, {"date": "2021-8-3", "name": "prob_meas0_prep1", "unit": "", "value": 0.0168}, {"date": "2021-8-3", "name": "prob_meas1_prep0", "unit": "", "value": 0.00880000000000003}, {"date": "2021-8-3", "name": "readout_length", "unit": "ns", "value": 704}], [{"date": "2021-8-3", "name": "T1", "unit": "us", "value": 75.84814649169051}, {"date": "2021-8-3", "name": "T2", "unit": "us", "value": 95.223396308132}, {"date": "2021-8-3", "name": "frequency", "unit": "GHz", "value": 5.099404921092063}, {"date": "2021-8-3", "name": "anharmonicity", "unit": "GHz", "value": -0.3432484042938357}, {"date": "2021-8-3", "name": "readout_error", "unit": "", "value": 0.006699999999999928}, {"date": "2021-8-3", "name": "prob_meas0_prep1", "unit": "", "value": 0.0094}, {"date": "2021-8-3", "name": "prob_meas1_prep0", "unit": "", "value": 0.0040000000000000036}, {"date": "2021-8-3", "name": "readout_length", "unit": "ns", "value": 704}], [{"date": "2021-8-3", "name": "T1", "unit": "us", "value": 142.95779084687902}, {"date": "2021-8-3", "name": "T2", "unit": "us", "value": 97.02637686251961}, {"date": "2021-8-3", "name": "frequency", "unit": "GHz", "value": 5.187856335384511}, {"date": "2021-8-3", "name": "anharmonicity", "unit": "GHz", "value": -0.3419316690031256}, {"date": "2021-8-3", "name": "readout_error", "unit": "", "value": 0.005900000000000016}, {"date": "2021-8-3", "name": "prob_meas0_prep1", "unit": "", "value": 0.005}, {"date": "2021-8-3", "name": "prob_meas1_prep0", "unit": "", "value": 0.006800000000000028}, {"date": "2021-8-3", "name": "readout_length", "unit": "ns", "value": 704}], [{"date": "2021-8-3", "name": "T1", "unit": "us", "value": 101.33827281087973}, {"date": "2021-8-3", "name": "T2", "unit": "us", "value": 94.81227021570041}, {"date": "2021-8-3", "name": "frequency", "unit": "GHz", "value": 4.986847157938329}, {"date": "2021-8-3", "name": "anharmonicity", "unit": "GHz", "value": -0.3452928861203798}, {"date": "2021-8-3", "name": "readout_error", "unit": "", "value": 0.013400000000000079}, {"date": "2021-8-3", "name": "prob_meas0_prep1", "unit": "", "value": 0.0168}, {"date": "2021-8-3", "name": "prob_meas1_prep0", "unit": "", "value": 0.010000000000000009}, {"date": "2021-8-3", "name": "readout_length", "unit": "ns", "value": 704}], [{"date": "2021-8-3", "name": "T1", "unit": "us", "value": 84.70206491726181}, {"date": "2021-8-3", "name": "T2", "unit": "us", "value": 29.96938114999167}, {"date": "2021-8-3", "name": "frequency", "unit": "GHz", "value": 5.285314048466147}, {"date": "2021-8-3", "name": "anharmonicity", "unit": "GHz", "value": -0.3392342674107948}, {"date": "2021-8-3", "name": "readout_error", "unit": "", "value": 0.02629999999999999}, {"date": "2021-8-3", "name": "prob_meas0_prep1", "unit": "", "value": 0.04379999999999995}, {"date": "2021-8-3", "name": "prob_meas1_prep0", "unit": "", "value": 0.0088}, {"date": "2021-8-3", "name": "readout_length", "unit": "ns", "value": 704}], [{"date": "2021-8-3", "name": "T1", "unit": "us", "value": 94.896612234606}, {"date": "2021-8-3", "name": "T2", "unit": "us", "value": 56.5450390474622}, {"date": "2021-8-3", "name": "frequency", "unit": "GHz", "value": 5.17685331752509}, {"date": "2021-8-3", "name": "anharmonicity", "unit": "GHz", "value": -0.34079297245074963}, {"date": "2021-8-3", "name": "readout_error", "unit": "", "value": 0.014100000000000001}, {"date": "2021-8-3", "name": "prob_meas0_prep1", "unit": "", "value": 0.0188}, {"date": "2021-8-3", "name": "prob_meas1_prep0", "unit": "", "value": 0.009399999999999964}, {"date": "2021-8-3", "name": "readout_length", "unit": "ns", "value": 704}], [{"date": "2021-8-3", "name": "T1", "unit": "us", "value": 177.56809690913045}, {"date": "2021-8-3", "name": "T2", "unit": "us", "value": 103.01702209985513}, {"date": "2021-8-3", "name": "frequency", "unit": "GHz", "value": 5.064038469087993}, {"date": "2021-8-3", "name": "anharmonicity", "unit": "GHz", "value": -0.34275836537159754}, {"date": "2021-8-3", "name": "readout_error", "unit": "", "value": 0.008099999999999996}, {"date": "2021-8-3", "name": "prob_meas0_prep1", "unit": "", "value": 0.0094}, {"date": "2021-8-3", "name": "prob_meas1_prep0", "unit": "", "value": 0.006800000000000028}, {"date": "2021-8-3", "name": "readout_length", "unit": "ns", "value": 704}]], "gates": [{"qubits": [0], "gate": "id", "parameters": [{"date": "2021-8-3", "name": "gate_error", "unit": "", "value": 0.0002135703885308457}, {"date": "2021-8-3", "name": "gate_length", "unit": "ns", "value": 35.55555555555556}], "name": "id0"}, {"qubits": [1], "gate": "id", "parameters": [{"date": "2021-8-3", "name": "gate_error", "unit": "", "value": 0.0002105696047844884}, {"date": "2021-8-3", "name": "gate_length", "unit": "ns", "value": 35.55555555555556}], "name": "id1"}, {"qubits": [2], "gate": "id", "parameters": [{"date": "2021-8-3", "name": "gate_error", "unit": "", "value": 0.0001722378162909568}, {"date": "2021-8-3", "name": "gate_length", "unit": "ns", "value": 35.55555555555556}], "name": "id2"}, {"qubits": [3], "gate": "id", "parameters": [{"date": "2021-8-3", "name": "gate_error", "unit": "", "value": 0.0009924318091703475}, {"date": "2021-8-3", "name": "gate_length", "unit": "ns", "value": 35.55555555555556}], "name": "id3"}, {"qubits": [4], "gate": "id", "parameters": [{"date": "2021-8-3", "name": "gate_error", "unit": "", "value": 0.0007413323677411432}, {"date": "2021-8-3", "name": "gate_length", "unit": "ns", "value": 35.55555555555556}], "name": "id4"}, {"qubits": [5], "gate": "id", "parameters": [{"date": "2021-8-3", "name": "gate_error", "unit": "", "value": 0.00021186470813181087}, {"date": "2021-8-3", "name": "gate_length", "unit": "ns", "value": 35.55555555555556}], "name": "id5"}, {"qubits": [6], "gate": "id", "parameters": [{"date": "2021-8-3", "name": "gate_error", "unit": "", "value": 0.00018001716668071912}, {"date": "2021-8-3", "name": "gate_length", "unit": "ns", "value": 35.55555555555556}], "name": "id6"}, {"qubits": [0], "gate": "rz", "parameters": [{"date": "2021-8-3", "name": "gate_error", "unit": "", "value": 0}, {"date": "2021-8-3", "name": "gate_length", "unit": "ns", "value": 0}], "name": "rz0"}, {"qubits": [1], "gate": "rz", "parameters": [{"date": "2021-8-3", "name": "gate_error", "unit": "", "value": 0}, {"date": "2021-8-3", "name": "gate_length", "unit": "ns", "value": 0}], "name": "rz1"}, {"qubits": [2], "gate": "rz", "parameters": [{"date": "2021-8-3", "name": "gate_error", "unit": "", "value": 0}, {"date": "2021-8-3", "name": "gate_length", "unit": "ns", "value": 0}], "name": "rz2"}, {"qubits": [3], "gate": "rz", "parameters": [{"date": "2021-8-3", "name": "gate_error", "unit": "", "value": 0}, {"date": "2021-8-3", "name": "gate_length", "unit": "ns", "value": 0}], "name": "rz3"}, {"qubits": [4], "gate": "rz", "parameters": [{"date": "2021-8-3", "name": "gate_error", "unit": "", "value": 0}, {"date": "2021-8-3", "name": "gate_length", "unit": "ns", "value": 0}], "name": "rz4"}, {"qubits": [5], "gate": "rz", "parameters": [{"date": "2021-8-3", "name": "gate_error", "unit": "", "value": 0}, {"date": "2021-8-3", "name": "gate_length", "unit": "ns", "value": 0}], "name": "rz5"}, {"qubits": [6], "gate": "rz", "parameters": [{"date": "2021-8-3", "name": "gate_error", "unit": "", "value": 0}, {"date": "2021-8-3", "name": "gate_length", "unit": "ns", "value": 0}], "name": "rz6"}, {"qubits": [0], "gate": "sx", "parameters": [{"date": "2021-8-3", "name": "gate_error", "unit": "", "value": 0.0002135703885308457}, {"date": "2021-8-3", "name": "gate_length", "unit": "ns", "value": 35.55555555555556}], "name": "sx0"}, {"qubits": [1], "gate": "sx", "parameters": [{"date": "2021-8-3", "name": "gate_error", "unit": "", "value": 0.0002105696047844884}, {"date": "2021-8-3", "name": "gate_length", "unit": "ns", "value": 35.55555555555556}], "name": "sx1"}, {"qubits": [2], "gate": "sx", "parameters": [{"date": "2021-8-3", "name": "gate_error", "unit": "", "value": 0.0001722378162909568}, {"date": "2021-8-3", "name": "gate_length", "unit": "ns", "value": 35.55555555555556}], "name": "sx2"}, {"qubits": [3], "gate": "sx", "parameters": [{"date": "2021-8-3", "name": "gate_error", "unit": "", "value": 0.0009924318091703475}, {"date": "2021-8-3", "name": "gate_length", "unit": "ns", "value": 35.55555555555556}], "name": "sx3"}, {"qubits": [4], "gate": "sx", "parameters": [{"date": "2021-8-3", "name": "gate_error", "unit": "", "value": 0.0007413323677411432}, {"date": "2021-8-3", "name": "gate_length", "unit": "ns", "value": 35.55555555555556}], "name": "sx4"}, {"qubits": [5], "gate": "sx", "parameters": [{"date": "2021-8-3", "name": "gate_error", "unit": "", "value": 0.00021186470813181087}, {"date": "2021-8-3", "name": "gate_length", "unit": "ns", "value": 35.55555555555556}], "name": "sx5"}, {"qubits": [6], "gate": "sx", "parameters": [{"date": "2021-8-3", "name": "gate_error", "unit": "", "value": 0.00018001716668071912}, {"date": "2021-8-3", "name": "gate_length", "unit": "ns", "value": 35.55555555555556}], "name": "sx6"}, {"qubits": [0], "gate": "x", "parameters": [{"date": "2021-8-3", "name": "gate_error", "unit": "", "value": 0.0002135703885308457}, {"date": "2021-8-3", "name": "gate_length", "unit": "ns", "value": 35.55555555555556}], "name": "x0"}, {"qubits": [1], "gate": "x", "parameters": [{"date": "2021-8-3", "name": "gate_error", "unit": "", "value": 0.0002105696047844884}, {"date": "2021-8-3", "name": "gate_length", "unit": "ns", "value": 35.55555555555556}], "name": "x1"}, {"qubits": [2], "gate": "x", "parameters": [{"date": "2021-8-3", "name": "gate_error", "unit": "", "value": 0.0001722378162909568}, {"date": "2021-8-3", "name": "gate_length", "unit": "ns", "value": 35.55555555555556}], "name": "x2"}, {"qubits": [3], "gate": "x", "parameters": [{"date": "2021-8-3", "name": "gate_error", "unit": "", "value": 0.0009924318091703475}, {"date": "2021-8-3", "name": "gate_length", "unit": "ns", "value": 35.55555555555556}], "name": "x3"}, {"qubits": [4], "gate": "x", "parameters": [{"date": "2021-8-3", "name": "gate_error", "unit": "", "value": 0.0007413323677411432}, {"date": "2021-8-3", "name": "gate_length", "unit": "ns", "value": 35.55555555555556}], "name": "x4"}, {"qubits": [5], "gate": "x", "parameters": [{"date": "2021-8-3", "name": "gate_error", "unit": "", "value": 0.00021186470813181087}, {"date": "2021-8-3", "name": "gate_length", "unit": "ns", "value": 35.55555555555556}], "name": "x5"}, {"qubits": [6], "gate": "x", "parameters": [{"date": "2021-8-3", "name": "gate_error", "unit": "", "value": 0.00018001716668071912}, {"date": "2021-8-3", "name": "gate_length", "unit": "ns", "value": 35.55555555555556}], "name": "x6"}, {"qubits": [5, 4], "gate": "cx", "parameters": [{"date": "2021-8-3", "name": "gate_error", "unit": "", "value": 0.014445725204018128}, {"date": "2021-7-31", "name": "gate_length", "unit": "ns", "value": 327.1111111111111}], "name": "cx5_4"}, {"qubits": [4, 5], "gate": "cx", "parameters": [{"date": "2021-8-3", "name": "gate_error", "unit": "", "value": 0.014445725204018128}, {"date": "2021-7-31", "name": "gate_length", "unit": "ns", "value": 362.66666666666663}], "name": "cx4_5"}, {"qubits": [3, 1], "gate": "cx", "parameters": [{"date": "2021-8-3", "name": "gate_error", "unit": "", "value": 0.0065587092867713526}, {"date": "2021-7-31", "name": "gate_length", "unit": "ns", "value": 298.66666666666663}], "name": "cx3_1"}, {"qubits": [1, 3], "gate": "cx", "parameters": [{"date": "2021-8-3", "name": "gate_error", "unit": "", "value": 0.0065587092867713526}, {"date": "2021-7-31", "name": "gate_length", "unit": "ns", "value": 334.22222222222223}], "name": "cx1_3"}, {"qubits": [5, 6], "gate": "cx", "parameters": [{"date": "2021-8-3", "name": "gate_error", "unit": "", "value": 0.0044465155244118315}, {"date": "2021-7-31", "name": "gate_length", "unit": "ns", "value": 256}], "name": "cx5_6"}, {"qubits": [6, 5], "gate": "cx", "parameters": [{"date": "2021-8-3", "name": "gate_error", "unit": "", "value": 0.0044465155244118315}, {"date": "2021-7-31", "name": "gate_length", "unit": "ns", "value": 291.55555555555554}], "name": "cx6_5"}, {"qubits": [5, 3], "gate": "cx", "parameters": [{"date": "2021-8-3", "name": "gate_error", "unit": "", "value": 0.030085593832201107}, {"date": "2021-7-31", "name": "gate_length", "unit": "ns", "value": 298.66666666666663}], "name": "cx5_3"}, {"qubits": [3, 5], "gate": "cx", "parameters": [{"date": "2021-8-3", "name": "gate_error", "unit": "", "value": 0.030085593832201107}, {"date": "2021-7-31", "name": "gate_length", "unit": "ns", "value": 334.22222222222223}], "name": "cx3_5"}, {"qubits": [2, 1], "gate": "cx", "parameters": [{"date": "2021-8-3", "name": "gate_error", "unit": "", "value": 0.005622541380015}, {"date": "2021-7-31", "name": "gate_length", "unit": "ns", "value": 291.55555555555554}], "name": "cx2_1"}, {"qubits": [1, 2], "gate": "cx", "parameters": [{"date": "2021-8-3", "name": "gate_error", "unit": "", "value": 0.005622541380015}, {"date": "2021-7-31", "name": "gate_length", "unit": "ns", "value": 327.1111111111111}], "name": "cx1_2"}, {"qubits": [0, 1], "gate": "cx", "parameters": [{"date": "2021-8-3", "name": "gate_error", "unit": "", "value": 0.007897566197296008}, {"date": "2021-7-31", "name": "gate_length", "unit": "ns", "value": 305.77777777777777}], "name": "cx0_1"}, {"qubits": [1, 0], "gate": "cx", "parameters": [{"date": "2021-8-3", "name": "gate_error", "unit": "", "value": 0.007897566197296008}, {"date": "2021-7-31", "name": "gate_length", "unit": "ns", "value": 341.3333333333333}], "name": "cx1_0"}, {"qubits": [0], "gate": "reset", "parameters": [{"date": "2021-8-3", "name": "gate_length", "unit": "ns", "value": 1002.6666666666666}], "name": "reset0"}, {"qubits": [1], "gate": "reset", "parameters": [{"date": "2021-8-3", "name": "gate_length", "unit": "ns", "value": 1002.6666666666666}], "name": "reset1"}, {"qubits": [2], "gate": "reset", "parameters": [{"date": "2021-8-3", "name": "gate_length", "unit": "ns", "value": 995.5555555555555}], "name": "reset2"}, {"qubits": [3], "gate": "reset", "parameters": [{"date": "2021-8-3", "name": "gate_length", "unit": "ns", "value": 988.4444444444443}], "name": "reset3"}, {"qubits": [4], "gate": "reset", "parameters": [{"date": "2021-8-3", "name": "gate_length", "unit": "ns", "value": 1002.6666666666666}], "name": "reset4"}, {"qubits": [5], "gate": "reset", "parameters": [{"date": "2021-8-3", "name": "gate_length", "unit": "ns", "value": 1002.6666666666666}], "name": "reset5"}, {"qubits": [6], "gate": "reset", "parameters": [{"date": "2021-8-3", "name": "gate_length", "unit": "ns", "value": 988.4444444444443}], "name": "reset6"}], "general": [{"date": "2021-8-3", "name": "jq_01", "unit": "GHz", "value": 0.0017239661070310697}, {"date": "2021-8-3", "name": "zz_01", "unit": "GHz", "value": -4.1551259389276154e-05}, {"date": "2021-8-3", "name": "jq_12", "unit": "GHz", "value": 0.003306427365570105}, {"date": "2021-8-3", "name": "zz_12", "unit": "GHz", "value": -0.00013691896518548322}, {"date": "2021-8-3", "name": "jq_45", "unit": "GHz", "value": 0.0033964931013144256}, {"date": "2021-8-3", "name": "zz_45", "unit": "GHz", "value": -0.00015134337521539932}, {"date": "2021-8-3", "name": "jq_56", "unit": "GHz", "value": 0.0032394441256406383}, {"date": "2021-8-3", "name": "zz_56", "unit": "GHz", "value": -0.0001381127844927418}, {"date": "2021-8-3", "name": "jq_13", "unit": "GHz", "value": 0.003219077603102807}, {"date": "2021-8-3", "name": "zz_13", "unit": "GHz", "value": -0.00013509145307819546}, {"date": "2021-8-3", "name": "jq_35", "unit": "GHz", "value": 0.0023455196332844842}, {"date": "2021-8-3", "name": "zz_35", "unit": "GHz", "value": -9.35336850076191e-05}]}