{"backend_name": "ibm_lagos", "backend_version": "1.0.17", "last_update_date": "2021-12-11", "qubits": [[{"date": "2021-12-11", "name": "T1", "unit": "us", "value": 124.55453784849519}, {"date": "2021-12-11", "name": "T2", "unit": "us", "value": 52.67583286441557}, {"date": "2021-12-11", "name": "frequency", "unit": "GHz", "value": 5.235189123366272}, {"date": "2021-12-11", "name": "anharmonicity", "unit": "GHz", "value": -0.33986713855915607}, {"date": "2021-12-11", "name": "readout_error", "unit": "", "value": 0.011800000000000033}, {"date": "2021-12-11", "name": "prob_meas0_prep1", "unit": "", "value": 0.014}, {"date": "2021-12-11", "name": "prob_meas1_prep0", "unit": "", "value": 0.009600000000000053}, {"date": "2021-12-11", "name": "readout_length", "unit": "ns", "value": 704}], [{"date": "2021-12-11", "name": "T1", "unit": "us", "value": 91.18820104665969}, {"date": "2021-12-11", "name": "T2", "unit": "us", "value": 120.72315419536243}, {"date": "2021-12-11", "name": "frequency", "unit": "GHz", "value": 5.09957832759059}, {"date": "2021-12-11", "name": "anharmonicity", "unit": "GHz", "value": -0.3432484042938357}, {"date": "2021-12-11", "name": "readout_error", "unit": "", "value": 0.009500000000000064}, {"date": "2021-12-11", "name": "prob_meas0_prep1", "unit": "", "value": 0.01}, {"date": "2021-12-11", "name": "prob_meas1_prep0", "unit": "", "value": 0.009000000000000008}, {"date": "2021-12-11", "name": "readout_length", "unit": "ns", "value": 704}], [{"date": "2021-12-11", "name": "T1", "unit": "us", "value": 137.36489985615836}, {"date": "2021-12-11", "name": "T2", "unit": "us", "value": 221.63561191650172}, {"date": "2021-12-11", "name": "frequency", "unit": "GHz", "value": 5.188397615204572}, {"date": "2021-12-11", "name": "anharmonicity", "unit": "GHz", "value": -0.3419316690031256}, {"date": "2021-12-11", "name": "readout_error", "unit": "", "value": 0.005700000000000038}, {"date": "2021-12-11", "name": "prob_meas0_prep1", "unit": "", "value": 0.007}, {"date": "2021-12-11", "name": "prob_meas1_prep0", "unit": "", "value": 0.0043999999999999595}, {"date": "2021-12-11", "name": "readout_length", "unit": "ns", "value": 704}], [{"date": "2021-12-11", "name": "T1", "unit": "us", "value": 168.85482720351894}, {"date": "2021-12-11", "name": "T2", "unit": "us", "value": 105.98240165417481}, {"date": "2021-12-11", "name": "frequency", "unit": "GHz", "value": 4.987481845874514}, {"date": "2021-12-11", "name": "anharmonicity", "unit": "GHz", "value": -0.3452928861203798}, {"date": "2021-12-11", "name": "readout_error", "unit": "", "value": 0.017900000000000027}, {"date": "2021-12-11", "name": "prob_meas0_prep1", "unit": "", "value": 0.0192}, {"date": "2021-12-11", "name": "prob_meas1_prep0", "unit": "", "value": 0.016599999999999948}, {"date": "2021-12-11", "name": "readout_length", "unit": "ns", "value": 704}], [{"date": "2021-12-11", "name": "T1", "unit": "us", "value": 113.95932665995367}, {"date": "2021-12-11", "name": "T2", "unit": "us", "value": 45.70883850767747}, {"date": "2021-12-11", "name": "frequency", "unit": "GHz", "value": 5.285340698452738}, {"date": "2021-12-11", "name": "anharmonicity", "unit": "GHz", "value": -0.3392342674107948}, {"date": "2021-12-11", "name": "readout_error", "unit": "", "value": 0.012399999999999967}, {"date": "2021-12-11", "name": "prob_meas0_prep1", "unit": "", "value": 0.012199999999999989}, {"date": "2021-12-11", "name": "prob_meas1_prep0", "unit": "", "value": 0.0126}, {"date": "2021-12-11", "name": "readout_length", "unit": "ns", "value": 704}], [{"date": "2021-12-11", "name": "T1", "unit": "us", "value": 147.87498588902696}, {"date": "2021-12-11", "name": "T2", "unit": "us", "value": 81.93285021012049}, {"date": "2021-12-11", "name": "frequency", "unit": "GHz", "value": 5.176178605655037}, {"date": "2021-12-11", "name": "anharmonicity", "unit": "GHz", "value": -0.34079297245074963}, {"date": "2021-12-11", "name": "readout_error", "unit": "", "value": 0.012900000000000023}, {"date": "2021-12-11", "name": "prob_meas0_prep1", "unit": "", "value": 0.0162}, {"date": "2021-12-11", "name": "prob_meas1_prep0", "unit": "", "value": 0.009600000000000053}, {"date": "2021-12-11", "name": "readout_length", "unit": "ns", "value": 704}], [{"date": "2021-12-11", "name": "T1", "unit": "us", "value": 139.20986798786342}, {"date": "2021-12-11", "name": "T2", "unit": "us", "value": 175.58499453154423}, {"date": "2021-12-11", "name": "frequency", "unit": "GHz", "value": 5.063892181991115}, {"date": "2021-12-11", "name": "anharmonicity", "unit": "GHz", "value": -0.34275836537159754}, {"date": "2021-12-11", "name": "readout_error", "unit": "", "value": 0.007299999999999973}, {"date": "2021-12-11", "name": "prob_meas0_prep1", "unit": "", "value": 0.008199999999999985}, {"date": "2021-12-11", "name": "prob_meas1_prep0", "unit": "", "value": 0.0064}, {"date": "2021-12-11", "name": "readout_length", "unit": "ns", "value": 704}]], "gates": [{"qubits": [0], "gate": "id", "parameters": [{"date": "2021-12-11", "name": "gate_error", "unit": "", "value": 0.0001719492104206077}, {"date": "2021-12-11", "name": "gate_length", "unit": "ns", "value": 35.55555555555556}], "name": "id0"}, {"qubits": [1], "gate": "id", "parameters": [{"date": "2021-12-11", "name": "gate_error", "unit": "", "value": 0.00015441202571632527}, {"date": "2021-12-11", "name": "gate_length", "unit": "ns", "value": 35.55555555555556}], "name": "id1"}, {"qubits": [2], "gate": "id", "parameters": [{"date": "2021-12-11", "name": "gate_error", "unit": "", "value": 0.00036315375298250936}, {"date": "2021-12-11", "name": "gate_length", "unit": "ns", "value": 35.55555555555556}], "name": "id2"}, {"qubits": [3], "gate": "id", "parameters": [{"date": "2021-12-11", "name": "gate_error", "unit": "", "value": 0.00024539976781499365}, {"date": "2021-12-11", "name": "gate_length", "unit": "ns", "value": 35.55555555555556}], "name": "id3"}, {"qubits": [4], "gate": "id", "parameters": [{"date": "2021-12-11", "name": "gate_error", "unit": "", "value": 0.00023221722021343665}, {"date": "2021-12-11", "name": "gate_length", "unit": "ns", "value": 35.55555555555556}], "name": "id4"}, {"qubits": [5], "gate": "id", "parameters": [{"date": "2021-12-11", "name": "gate_error", "unit": "", "value": 0.00019767050263559582}, {"date": "2021-12-11", "name": "gate_length", "unit": "ns", "value": 35.55555555555556}], "name": "id5"}, {"qubits": [6], "gate": "id", "parameters": [{"date": "2021-12-11", "name": "gate_error", "unit": "", "value": 0.0009031078129782966}, {"date": "2021-12-11", "name": "gate_length", "unit": "ns", "value": 35.55555555555556}], "name": "id6"}, {"qubits": [0], "gate": "rz", "parameters": [{"date": "2021-12-11", "name": "gate_error", "unit": "", "value": 0}, {"date": "2021-12-11", "name": "gate_length", "unit": "ns", "value": 0}], "name": "rz0"}, {"qubits": [1], "gate": "rz", "parameters": [{"date": "2021-12-11", "name": "gate_error", "unit": "", "value": 0}, {"date": "2021-12-11", "name": "gate_length", "unit": "ns", "value": 0}], "name": "rz1"}, {"qubits": [2], "gate": "rz", "parameters": [{"date": "2021-12-11", "name": "gate_error", "unit": "", "value": 0}, {"date": "2021-12-11", "name": "gate_length", "unit": "ns", "value": 0}], "name": "rz2"}, {"qubits": [3], "gate": "rz", "parameters": [{"date": "2021-12-11", "name": "gate_error", "unit": "", "value": 0}, {"date": "2021-12-11", "name": "gate_length", "unit": "ns", "value": 0}], "name": "rz3"}, {"qubits": [4], "gate": "rz", "parameters": [{"date": "2021-12-11", "name": "gate_error", "unit": "", "value": 0}, {"date": "2021-12-11", "name": "gate_length", "unit": "ns", "value": 0}], "name": "rz4"}, {"qubits": [5], "gate": "rz", "parameters": [{"date": "2021-12-11", "name": "gate_error", "unit": "", "value": 0}, {"date": "2021-12-11", "name": "gate_length", "unit": "ns", "value": 0}], "name": "rz5"}, {"qubits": [6], "gate": "rz", "parameters": [{"date": "2021-12-11", "name": "gate_error", "unit": "", "value": 0}, {"date": "2021-12-11", "name": "gate_length", "unit": "ns", "value": 0}], "name": "rz6"}, {"qubits": [0], "gate": "sx", "parameters": [{"date": "2021-12-11", "name": "gate_error", "unit": "", "value": 0.0001719492104206077}, {"date": "2021-12-11", "name": "gate_length", "unit": "ns", "value": 35.55555555555556}], "name": "sx0"}, {"qubits": [1], "gate": "sx", "parameters": [{"date": "2021-12-11", "name": "gate_error", "unit": "", "value": 0.00015441202571632527}, {"date": "2021-12-11", "name": "gate_length", "unit": "ns", "value": 35.55555555555556}], "name": "sx1"}, {"qubits": [2], "gate": "sx", "parameters": [{"date": "2021-12-11", "name": "gate_error", "unit": "", "value": 0.00036315375298250936}, {"date": "2021-12-11", "name": "gate_length", "unit": "ns", "value": 35.55555555555556}], "name": "sx2"}, {"qubits": [3], "gate": "sx", "parameters": [{"date": "2021-12-11", "name": "gate_error", "unit": "", "value": 0.00024539976781499365}, {"date": "2021-12-11", "name": "gate_length", "unit": "ns", "value": 35.55555555555556}], "name": "sx3"}, {"qubits": [4], "gate": "sx", "parameters": [{"date": "2021-12-11", "name": "gate_error", "unit": "", "value": 0.00023221722021343665}, {"date": "2021-12-11", "name": "gate_length", "unit": "ns", "value": 35.55555555555556}], "name": "sx4"}, {"qubits": [5], "gate": "sx", "parameters": [{"date": "2021-12-11", "name": "gate_error", "unit": "", "value": 0.00019767050263559582}, {"date": "2021-12-11", "name": "gate_length", "unit": "ns", "value": 35.55555555555556}], "name": "sx5"}, {"qubits": [6], "gate": "sx", "parameters": [{"date": "2021-12-11", "name": "gate_error", "unit": "", "value": 0.0009031078129782966}, {"date": "2021-12-11", "name": "gate_length", "unit": "ns", "value": 35.55555555555556}], "name": "sx6"}, {"qubits": [0], "gate": "x", "parameters": [{"date": "2021-12-11", "name": "gate_error", "unit": "", "value": 0.0001719492104206077}, {"date": "2021-12-11", "name": "gate_length", "unit": "ns", "value": 35.55555555555556}], "name": "x0"}, {"qubits": [1], "gate": "x", "parameters": [{"date": "2021-12-11", "name": "gate_error", "unit": "", "value": 0.00015441202571632527}, {"date": "2021-12-11", "name": "gate_length", "unit": "ns", "value": 35.55555555555556}], "name": "x1"}, {"qubits": [2], "gate": "x", "parameters": [{"date": "2021-12-11", "name": "gate_error", "unit": "", "value": 0.00036315375298250936}, {"date": "2021-12-11", "name": "gate_length", "unit": "ns", "value": 35.55555555555556}], "name": "x2"}, {"qubits": [3], "gate": "x", "parameters": [{"date": "2021-12-11", "name": "gate_error", "unit": "", "value": 0.00024539976781499365}, {"date": "2021-12-11", "name": "gate_length", "unit": "ns", "value": 35.55555555555556}], "name": "x3"}, {"qubits": [4], "gate": "x", "parameters": [{"date": "2021-12-11", "name": "gate_error", "unit": "", "value": 0.00023221722021343665}, {"date": "2021-12-11", "name": "gate_length", "unit": "ns", "value": 35.55555555555556}], "name": "x4"}, {"qubits": [5], "gate": "x", "parameters": [{"date": "2021-12-11", "name": "gate_error", "unit": "", "value": 0.00019767050263559582}, {"date": "2021-12-11", "name": "gate_length", "unit": "ns", "value": 35.55555555555556}], "name": "x5"}, {"qubits": [6], "gate": "x", "parameters": [{"date": "2021-12-11", "name": "gate_error", "unit": "", "value": 0.0009031078129782966}, {"date": "2021-12-11", "name": "gate_length", "unit": "ns", "value": 35.55555555555556}], "name": "x6"}, {"qubits": [5, 4], "gate": "cx", "parameters": [{"date": "2021-12-11", "name": "gate_error", "unit": "", "value": 0.006100887766494256}, {"date": "2021-12-8", "name": "gate_length", "unit": "ns", "value": 327.1111111111111}], "name": "cx5_4"}, {"qubits": [4, 5], "gate": "cx", "parameters": [{"date": "2021-12-11", "name": "gate_error", "unit": "", "value": 0.006100887766494256}, {"date": "2021-12-8", "name": "gate_length", "unit": "ns", "value": 362.66666666666663}], "name": "cx4_5"}, {"qubits": [3, 1], "gate": "cx", "parameters": [{"date": "2021-12-11", "name": "gate_error", "unit": "", "value": 0.005070483205263321}, {"date": "2021-12-8", "name": "gate_length", "unit": "ns", "value": 298.66666666666663}], "name": "cx3_1"}, {"qubits": [1, 3], "gate": "cx", "parameters": [{"date": "2021-12-11", "name": "gate_error", "unit": "", "value": 0.005070483205263321}, {"date": "2021-12-8", "name": "gate_length", "unit": "ns", "value": 334.22222222222223}], "name": "cx1_3"}, {"qubits": [5, 6], "gate": "cx", "parameters": [{"date": "2021-12-11", "name": "gate_error", "unit": "", "value": 0.009588624660056694}, {"date": "2021-12-8", "name": "gate_length", "unit": "ns", "value": 256}], "name": "cx5_6"}, {"qubits": [6, 5], "gate": "cx", "parameters": [{"date": "2021-12-11", "name": "gate_error", "unit": "", "value": 0.009588624660056694}, {"date": "2021-12-8", "name": "gate_length", "unit": "ns", "value": 291.55555555555554}], "name": "cx6_5"}, {"qubits": [5, 3], "gate": "cx", "parameters": [{"date": "2021-12-11", "name": "gate_error", "unit": "", "value": 0.008755530154783808}, {"date": "2021-12-8", "name": "gate_length", "unit": "ns", "value": 298.66666666666663}], "name": "cx5_3"}, {"qubits": [3, 5], "gate": "cx", "parameters": [{"date": "2021-12-11", "name": "gate_error", "unit": "", "value": 0.008755530154783808}, {"date": "2021-12-8", "name": "gate_length", "unit": "ns", "value": 334.22222222222223}], "name": "cx3_5"}, {"qubits": [2, 1], "gate": "cx", "parameters": [{"date": "2021-12-11", "name": "gate_error", "unit": "", "value": 0.0054360683829875744}, {"date": "2021-12-8", "name": "gate_length", "unit": "ns", "value": 291.55555555555554}], "name": "cx2_1"}, {"qubits": [1, 2], "gate": "cx", "parameters": [{"date": "2021-12-11", "name": "gate_error", "unit": "", "value": 0.0054360683829875744}, {"date": "2021-12-8", "name": "gate_length", "unit": "ns", "value": 327.1111111111111}], "name": "cx1_2"}, {"qubits": [0, 1], "gate": "cx", "parameters": [{"date": "2021-12-11", "name": "gate_error", "unit": "", "value": 0.006609601304817414}, {"date": "2021-12-8", "name": "gate_length", "unit": "ns", "value": 305.77777777777777}], "name": "cx0_1"}, {"qubits": [1, 0], "gate": "cx", "parameters": [{"date": "2021-12-11", "name": "gate_error", "unit": "", "value": 0.006609601304817414}, {"date": "2021-12-8", "name": "gate_length", "unit": "ns", "value": 341.3333333333333}], "name": "cx1_0"}, {"qubits": [0], "gate": "reset", "parameters": [{"date": "2021-12-11", "name": "gate_length", "unit": "ns", "value": 1002.6666666666666}], "name": "reset0"}, {"qubits": [1], "gate": "reset", "parameters": [{"date": "2021-12-11", "name": "gate_length", "unit": "ns", "value": 1002.6666666666666}], "name": "reset1"}, {"qubits": [2], "gate": "reset", "parameters": [{"date": "2021-12-11", "name": "gate_length", "unit": "ns", "value": 995.5555555555555}], "name": "reset2"}, {"qubits": [3], "gate": "reset", "parameters": [{"date": "2021-12-11", "name": "gate_length", "unit": "ns", "value": 988.4444444444443}], "name": "reset3"}, {"qubits": [4], "gate": "reset", "parameters": [{"date": "2021-12-11", "name": "gate_length", "unit": "ns", "value": 1002.6666666666666}], "name": "reset4"}, {"qubits": [5], "gate": "reset", "parameters": [{"date": "2021-12-11", "name": "gate_length", "unit": "ns", "value": 1002.6666666666666}], "name": "reset5"}, {"qubits": [6], "gate": "reset", "parameters": [{"date": "2021-12-11", "name": "gate_length", "unit": "ns", "value": 988.4444444444443}], "name": "reset6"}], "general": [{"date": "2021-12-11", "name": "jq_01", "unit": "GHz", "value": 0.0017239661070310697}, {"date": "2021-12-11", "name": "zz_01", "unit": "GHz", "value": -4.1551259389276154e-05}, {"date": "2021-12-11", "name": "jq_12", "unit": "GHz", "value": 0.003306427365570105}, {"date": "2021-12-11", "name": "zz_12", "unit": "GHz", "value": -0.00013691896518548322}, {"date": "2021-12-11", "name": "jq_45", "unit": "GHz", "value": 0.0033964931013144256}, {"date": "2021-12-11", "name": "zz_45", "unit": "GHz", "value": -0.00015134337521539932}, {"date": "2021-12-11", "name": "jq_56", "unit": "GHz", "value": 0.0032394441256406383}, {"date": "2021-12-11", "name": "zz_56", "unit": "GHz", "value": -0.0001381127844927418}, {"date": "2021-12-11", "name": "jq_13", "unit": "GHz", "value": 0.003219077603102807}, {"date": "2021-12-11", "name": "zz_13", "unit": "GHz", "value": -0.00013509145307819546}, {"date": "2021-12-11", "name": "jq_35", "unit": "GHz", "value": 0.0023455196332844842}, {"date": "2021-12-11", "name": "zz_35", "unit": "GHz", "value": -9.35336850076191e-05}]}