{"backend_name": "ibm_lagos", "backend_version": "1.0.7", "last_update_date": "2021-10-15", "qubits": [[{"date": "2021-10-15", "name": "T1", "unit": "us", "value": 162.12859132343394}, {"date": "2021-10-15", "name": "T2", "unit": "us", "value": 28.08668883138041}, {"date": "2021-10-15", "name": "frequency", "unit": "GHz", "value": 5.235457256848144}, {"date": "2021-10-15", "name": "anharmonicity", "unit": "GHz", "value": -0.33986713855915607}, {"date": "2021-10-15", "name": "readout_error", "unit": "", "value": 0.008000000000000007}, {"date": "2021-10-15", "name": "prob_meas0_prep1", "unit": "", "value": 0.009}, {"date": "2021-10-15", "name": "prob_meas1_prep0", "unit": "", "value": 0.007000000000000006}, {"date": "2021-10-15", "name": "readout_length", "unit": "ns", "value": 704}], [{"date": "2021-10-15", "name": "T1", "unit": "us", "value": 89.38070840789922}, {"date": "2021-10-15", "name": "T2", "unit": "us", "value": 67.19484757824276}, {"date": "2021-10-15", "name": "frequency", "unit": "GHz", "value": 5.09940992810183}, {"date": "2021-10-15", "name": "anharmonicity", "unit": "GHz", "value": -0.3432484042938357}, {"date": "2021-10-15", "name": "readout_error", "unit": "", "value": 0.011600000000000055}, {"date": "2021-10-15", "name": "prob_meas0_prep1", "unit": "", "value": 0.0164}, {"date": "2021-10-15", "name": "prob_meas1_prep0", "unit": "", "value": 0.006800000000000028}, {"date": "2021-10-15", "name": "readout_length", "unit": "ns", "value": 704}], [{"date": "2021-10-15", "name": "T1", "unit": "us", "value": 179.19464375434563}, {"date": "2021-10-15", "name": "T2", "unit": "us", "value": 123.00186194619673}, {"date": "2021-10-15", "name": "frequency", "unit": "GHz", "value": 5.187916090413325}, {"date": "2021-10-15", "name": "anharmonicity", "unit": "GHz", "value": -0.3419316690031256}, {"date": "2021-10-15", "name": "readout_error", "unit": "", "value": 0.005299999999999971}, {"date": "2021-10-15", "name": "prob_meas0_prep1", "unit": "", "value": 0.0072}, {"date": "2021-10-15", "name": "prob_meas1_prep0", "unit": "", "value": 0.0033999999999999586}, {"date": "2021-10-15", "name": "readout_length", "unit": "ns", "value": 704}], [{"date": "2021-10-15", "name": "T1", "unit": "us", "value": 248.40487972338542}, {"date": "2021-10-15", "name": "T2", "unit": "us", "value": 132.3152384210212}, {"date": "2021-10-15", "name": "frequency", "unit": "GHz", "value": 4.986865500812273}, {"date": "2021-10-15", "name": "anharmonicity", "unit": "GHz", "value": -0.3452928861203798}, {"date": "2021-10-15", "name": "readout_error", "unit": "", "value": 0.014599999999999946}, {"date": "2021-10-15", "name": "prob_meas0_prep1", "unit": "", "value": 0.0182}, {"date": "2021-10-15", "name": "prob_meas1_prep0", "unit": "", "value": 0.01100000000000001}, {"date": "2021-10-15", "name": "readout_length", "unit": "ns", "value": 704}], [{"date": "2021-10-15", "name": "T1", "unit": "us", "value": 118.53437192890854}, {"date": "2021-10-15", "name": "T2", "unit": "us", "value": 29.2015071810172}, {"date": "2021-10-15", "name": "frequency", "unit": "GHz", "value": 5.285332131714978}, {"date": "2021-10-15", "name": "anharmonicity", "unit": "GHz", "value": -0.3392342674107948}, {"date": "2021-10-15", "name": "readout_error", "unit": "", "value": 0.009500000000000064}, {"date": "2021-10-15", "name": "prob_meas0_prep1", "unit": "", "value": 0.010399999999999965}, {"date": "2021-10-15", "name": "prob_meas1_prep0", "unit": "", "value": 0.0086}, {"date": "2021-10-15", "name": "readout_length", "unit": "ns", "value": 704}], [{"date": "2021-10-15", "name": "T1", "unit": "us", "value": 144.25598333692287}, {"date": "2021-10-15", "name": "T2", "unit": "us", "value": 85.04033441371108}, {"date": "2021-10-15", "name": "frequency", "unit": "GHz", "value": 5.176862503379552}, {"date": "2021-10-15", "name": "anharmonicity", "unit": "GHz", "value": -0.34079297245074963}, {"date": "2021-10-15", "name": "readout_error", "unit": "", "value": 0.012499999999999956}, {"date": "2021-10-15", "name": "prob_meas0_prep1", "unit": "", "value": 0.0116}, {"date": "2021-10-15", "name": "prob_meas1_prep0", "unit": "", "value": 0.013399999999999967}, {"date": "2021-10-15", "name": "readout_length", "unit": "ns", "value": 704}], [{"date": "2021-10-15", "name": "T1", "unit": "us", "value": 170.4503974168786}, {"date": "2021-10-15", "name": "T2", "unit": "us", "value": 122.66865349683864}, {"date": "2021-10-15", "name": "frequency", "unit": "GHz", "value": 5.064096385844395}, {"date": "2021-10-15", "name": "anharmonicity", "unit": "GHz", "value": -0.34275836537159754}, {"date": "2021-10-15", "name": "readout_error", "unit": "", "value": 0.007199999999999984}, {"date": "2021-10-15", "name": "prob_meas0_prep1", "unit": "", "value": 0.0102}, {"date": "2021-10-15", "name": "prob_meas1_prep0", "unit": "", "value": 0.0041999999999999815}, {"date": "2021-10-15", "name": "readout_length", "unit": "ns", "value": 704}]], "gates": [{"qubits": [0], "gate": "id", "parameters": [{"date": "2021-10-15", "name": "gate_error", "unit": "", "value": 0.00023629879608255244}, {"date": "2021-10-15", "name": "gate_length", "unit": "ns", "value": 35.55555555555556}], "name": "id0"}, {"qubits": [1], "gate": "id", "parameters": [{"date": "2021-10-15", "name": "gate_error", "unit": "", "value": 0.0004199095686415982}, {"date": "2021-10-15", "name": "gate_length", "unit": "ns", "value": 35.55555555555556}], "name": "id1"}, {"qubits": [2], "gate": "id", "parameters": [{"date": "2021-10-15", "name": "gate_error", "unit": "", "value": 0.0002092147612185086}, {"date": "2021-10-15", "name": "gate_length", "unit": "ns", "value": 35.55555555555556}], "name": "id2"}, {"qubits": [3], "gate": "id", "parameters": [{"date": "2021-10-15", "name": "gate_error", "unit": "", "value": 0.0001751161411932884}, {"date": "2021-10-15", "name": "gate_length", "unit": "ns", "value": 35.55555555555556}], "name": "id3"}, {"qubits": [4], "gate": "id", "parameters": [{"date": "2021-10-15", "name": "gate_error", "unit": "", "value": 0.00024612185531271613}, {"date": "2021-10-15", "name": "gate_length", "unit": "ns", "value": 35.55555555555556}], "name": "id4"}, {"qubits": [5], "gate": "id", "parameters": [{"date": "2021-10-15", "name": "gate_error", "unit": "", "value": 0.00024022892476533646}, {"date": "2021-10-15", "name": "gate_length", "unit": "ns", "value": 35.55555555555556}], "name": "id5"}, {"qubits": [6], "gate": "id", "parameters": [{"date": "2021-10-15", "name": "gate_error", "unit": "", "value": 0.00019642472504920996}, {"date": "2021-10-15", "name": "gate_length", "unit": "ns", "value": 35.55555555555556}], "name": "id6"}, {"qubits": [0], "gate": "rz", "parameters": [{"date": "2021-10-15", "name": "gate_error", "unit": "", "value": 0}, {"date": "2021-10-15", "name": "gate_length", "unit": "ns", "value": 0}], "name": "rz0"}, {"qubits": [1], "gate": "rz", "parameters": [{"date": "2021-10-15", "name": "gate_error", "unit": "", "value": 0}, {"date": "2021-10-15", "name": "gate_length", "unit": "ns", "value": 0}], "name": "rz1"}, {"qubits": [2], "gate": "rz", "parameters": [{"date": "2021-10-15", "name": "gate_error", "unit": "", "value": 0}, {"date": "2021-10-15", "name": "gate_length", "unit": "ns", "value": 0}], "name": "rz2"}, {"qubits": [3], "gate": "rz", "parameters": [{"date": "2021-10-15", "name": "gate_error", "unit": "", "value": 0}, {"date": "2021-10-15", "name": "gate_length", "unit": "ns", "value": 0}], "name": "rz3"}, {"qubits": [4], "gate": "rz", "parameters": [{"date": "2021-10-15", "name": "gate_error", "unit": "", "value": 0}, {"date": "2021-10-15", "name": "gate_length", "unit": "ns", "value": 0}], "name": "rz4"}, {"qubits": [5], "gate": "rz", "parameters": [{"date": "2021-10-15", "name": "gate_error", "unit": "", "value": 0}, {"date": "2021-10-15", "name": "gate_length", "unit": "ns", "value": 0}], "name": "rz5"}, {"qubits": [6], "gate": "rz", "parameters": [{"date": "2021-10-15", "name": "gate_error", "unit": "", "value": 0}, {"date": "2021-10-15", "name": "gate_length", "unit": "ns", "value": 0}], "name": "rz6"}, {"qubits": [0], "gate": "sx", "parameters": [{"date": "2021-10-15", "name": "gate_error", "unit": "", "value": 0.00023629879608255244}, {"date": "2021-10-15", "name": "gate_length", "unit": "ns", "value": 35.55555555555556}], "name": "sx0"}, {"qubits": [1], "gate": "sx", "parameters": [{"date": "2021-10-15", "name": "gate_error", "unit": "", "value": 0.0004199095686415982}, {"date": "2021-10-15", "name": "gate_length", "unit": "ns", "value": 35.55555555555556}], "name": "sx1"}, {"qubits": [2], "gate": "sx", "parameters": [{"date": "2021-10-15", "name": "gate_error", "unit": "", "value": 0.0002092147612185086}, {"date": "2021-10-15", "name": "gate_length", "unit": "ns", "value": 35.55555555555556}], "name": "sx2"}, {"qubits": [3], "gate": "sx", "parameters": [{"date": "2021-10-15", "name": "gate_error", "unit": "", "value": 0.0001751161411932884}, {"date": "2021-10-15", "name": "gate_length", "unit": "ns", "value": 35.55555555555556}], "name": "sx3"}, {"qubits": [4], "gate": "sx", "parameters": [{"date": "2021-10-15", "name": "gate_error", "unit": "", "value": 0.00024612185531271613}, {"date": "2021-10-15", "name": "gate_length", "unit": "ns", "value": 35.55555555555556}], "name": "sx4"}, {"qubits": [5], "gate": "sx", "parameters": [{"date": "2021-10-15", "name": "gate_error", "unit": "", "value": 0.00024022892476533646}, {"date": "2021-10-15", "name": "gate_length", "unit": "ns", "value": 35.55555555555556}], "name": "sx5"}, {"qubits": [6], "gate": "sx", "parameters": [{"date": "2021-10-15", "name": "gate_error", "unit": "", "value": 0.00019642472504920996}, {"date": "2021-10-15", "name": "gate_length", "unit": "ns", "value": 35.55555555555556}], "name": "sx6"}, {"qubits": [0], "gate": "x", "parameters": [{"date": "2021-10-15", "name": "gate_error", "unit": "", "value": 0.00023629879608255244}, {"date": "2021-10-15", "name": "gate_length", "unit": "ns", "value": 35.55555555555556}], "name": "x0"}, {"qubits": [1], "gate": "x", "parameters": [{"date": "2021-10-15", "name": "gate_error", "unit": "", "value": 0.0004199095686415982}, {"date": "2021-10-15", "name": "gate_length", "unit": "ns", "value": 35.55555555555556}], "name": "x1"}, {"qubits": [2], "gate": "x", "parameters": [{"date": "2021-10-15", "name": "gate_error", "unit": "", "value": 0.0002092147612185086}, {"date": "2021-10-15", "name": "gate_length", "unit": "ns", "value": 35.55555555555556}], "name": "x2"}, {"qubits": [3], "gate": "x", "parameters": [{"date": "2021-10-15", "name": "gate_error", "unit": "", "value": 0.0001751161411932884}, {"date": "2021-10-15", "name": "gate_length", "unit": "ns", "value": 35.55555555555556}], "name": "x3"}, {"qubits": [4], "gate": "x", "parameters": [{"date": "2021-10-15", "name": "gate_error", "unit": "", "value": 0.00024612185531271613}, {"date": "2021-10-15", "name": "gate_length", "unit": "ns", "value": 35.55555555555556}], "name": "x4"}, {"qubits": [5], "gate": "x", "parameters": [{"date": "2021-10-15", "name": "gate_error", "unit": "", "value": 0.00024022892476533646}, {"date": "2021-10-15", "name": "gate_length", "unit": "ns", "value": 35.55555555555556}], "name": "x5"}, {"qubits": [6], "gate": "x", "parameters": [{"date": "2021-10-15", "name": "gate_error", "unit": "", "value": 0.00019642472504920996}, {"date": "2021-10-15", "name": "gate_length", "unit": "ns", "value": 35.55555555555556}], "name": "x6"}, {"qubits": [5, 4], "gate": "cx", "parameters": [{"date": "2021-10-15", "name": "gate_error", "unit": "", "value": 0.005594735569535242}, {"date": "2021-10-12", "name": "gate_length", "unit": "ns", "value": 327.1111111111111}], "name": "cx5_4"}, {"qubits": [4, 5], "gate": "cx", "parameters": [{"date": "2021-10-15", "name": "gate_error", "unit": "", "value": 0.005594735569535242}, {"date": "2021-10-12", "name": "gate_length", "unit": "ns", "value": 362.66666666666663}], "name": "cx4_5"}, {"qubits": [3, 1], "gate": "cx", "parameters": [{"date": "2021-10-15", "name": "gate_error", "unit": "", "value": 0.008707084411866628}, {"date": "2021-10-12", "name": "gate_length", "unit": "ns", "value": 298.66666666666663}], "name": "cx3_1"}, {"qubits": [1, 3], "gate": "cx", "parameters": [{"date": "2021-10-15", "name": "gate_error", "unit": "", "value": 0.008707084411866628}, {"date": "2021-10-12", "name": "gate_length", "unit": "ns", "value": 334.22222222222223}], "name": "cx1_3"}, {"qubits": [5, 6], "gate": "cx", "parameters": [{"date": "2021-10-15", "name": "gate_error", "unit": "", "value": 0.004687085932011337}, {"date": "2021-10-12", "name": "gate_length", "unit": "ns", "value": 256}], "name": "cx5_6"}, {"qubits": [6, 5], "gate": "cx", "parameters": [{"date": "2021-10-15", "name": "gate_error", "unit": "", "value": 0.004687085932011337}, {"date": "2021-10-12", "name": "gate_length", "unit": "ns", "value": 291.55555555555554}], "name": "cx6_5"}, {"qubits": [5, 3], "gate": "cx", "parameters": [{"date": "2021-10-15", "name": "gate_error", "unit": "", "value": 0.005027676729035785}, {"date": "2021-10-12", "name": "gate_length", "unit": "ns", "value": 298.66666666666663}], "name": "cx5_3"}, {"qubits": [3, 5], "gate": "cx", "parameters": [{"date": "2021-10-15", "name": "gate_error", "unit": "", "value": 0.005027676729035785}, {"date": "2021-10-12", "name": "gate_length", "unit": "ns", "value": 334.22222222222223}], "name": "cx3_5"}, {"qubits": [2, 1], "gate": "cx", "parameters": [{"date": "2021-10-15", "name": "gate_error", "unit": "", "value": 0.006793792707242952}, {"date": "2021-10-12", "name": "gate_length", "unit": "ns", "value": 291.55555555555554}], "name": "cx2_1"}, {"qubits": [1, 2], "gate": "cx", "parameters": [{"date": "2021-10-15", "name": "gate_error", "unit": "", "value": 0.006793792707242952}, {"date": "2021-10-12", "name": "gate_length", "unit": "ns", "value": 327.1111111111111}], "name": "cx1_2"}, {"qubits": [0, 1], "gate": "cx", "parameters": [{"date": "2021-10-15", "name": "gate_error", "unit": "", "value": 0.009102751179473761}, {"date": "2021-10-12", "name": "gate_length", "unit": "ns", "value": 305.77777777777777}], "name": "cx0_1"}, {"qubits": [1, 0], "gate": "cx", "parameters": [{"date": "2021-10-15", "name": "gate_error", "unit": "", "value": 0.009102751179473761}, {"date": "2021-10-12", "name": "gate_length", "unit": "ns", "value": 341.3333333333333}], "name": "cx1_0"}, {"qubits": [0], "gate": "reset", "parameters": [{"date": "2021-10-15", "name": "gate_length", "unit": "ns", "value": 1002.6666666666666}], "name": "reset0"}, {"qubits": [1], "gate": "reset", "parameters": [{"date": "2021-10-15", "name": "gate_length", "unit": "ns", "value": 1002.6666666666666}], "name": "reset1"}, {"qubits": [2], "gate": "reset", "parameters": [{"date": "2021-10-15", "name": "gate_length", "unit": "ns", "value": 995.5555555555555}], "name": "reset2"}, {"qubits": [3], "gate": "reset", "parameters": [{"date": "2021-10-15", "name": "gate_length", "unit": "ns", "value": 988.4444444444443}], "name": "reset3"}, {"qubits": [4], "gate": "reset", "parameters": [{"date": "2021-10-15", "name": "gate_length", "unit": "ns", "value": 1002.6666666666666}], "name": "reset4"}, {"qubits": [5], "gate": "reset", "parameters": [{"date": "2021-10-15", "name": "gate_length", "unit": "ns", "value": 1002.6666666666666}], "name": "reset5"}, {"qubits": [6], "gate": "reset", "parameters": [{"date": "2021-10-15", "name": "gate_length", "unit": "ns", "value": 988.4444444444443}], "name": "reset6"}], "general": [{"date": "2021-10-15", "name": "jq_01", "unit": "GHz", "value": 0.0017239661070310697}, {"date": "2021-10-15", "name": "zz_01", "unit": "GHz", "value": -4.1551259389276154e-05}, {"date": "2021-10-15", "name": "jq_12", "unit": "GHz", "value": 0.003306427365570105}, {"date": "2021-10-15", "name": "zz_12", "unit": "GHz", "value": -0.00013691896518548322}, {"date": "2021-10-15", "name": "jq_45", "unit": "GHz", "value": 0.0033964931013144256}, {"date": "2021-10-15", "name": "zz_45", "unit": "GHz", "value": -0.00015134337521539932}, {"date": "2021-10-15", "name": "jq_56", "unit": "GHz", "value": 0.0032394441256406383}, {"date": "2021-10-15", "name": "zz_56", "unit": "GHz", "value": -0.0001381127844927418}, {"date": "2021-10-15", "name": "jq_13", "unit": "GHz", "value": 0.003219077603102807}, {"date": "2021-10-15", "name": "zz_13", "unit": "GHz", "value": -0.00013509145307819546}, {"date": "2021-10-15", "name": "jq_35", "unit": "GHz", "value": 0.0023455196332844842}, {"date": "2021-10-15", "name": "zz_35", "unit": "GHz", "value": -9.35336850076191e-05}]}