{"backend_name": "ibm_lagos", "backend_version": "1.0.3", "last_update_date": "2021-9-2", "qubits": [[{"date": "2021-9-2", "name": "T1", "unit": "us", "value": 148.9748282717106}, {"date": "2021-9-2", "name": "T2", "unit": "us", "value": 35.53920465130819}, {"date": "2021-9-2", "name": "frequency", "unit": "GHz", "value": 5.2352831269467766}, {"date": "2021-9-2", "name": "anharmonicity", "unit": "GHz", "value": -0.33986713855915607}, {"date": "2021-9-2", "name": "readout_error", "unit": "", "value": 0.059900000000000064}, {"date": "2021-9-2", "name": "prob_meas0_prep1", "unit": "", "value": 0.048}, {"date": "2021-9-2", "name": "prob_meas1_prep0", "unit": "", "value": 0.07179999999999997}, {"date": "2021-9-2", "name": "readout_length", "unit": "ns", "value": 704}], [{"date": "2021-9-2", "name": "T1", "unit": "us", "value": 92.92395435668027}, {"date": "2021-9-2", "name": "T2", "unit": "us", "value": 75.09648701762468}, {"date": "2021-9-2", "name": "frequency", "unit": "GHz", "value": 5.099401602589216}, {"date": "2021-9-2", "name": "anharmonicity", "unit": "GHz", "value": -0.3432484042938357}, {"date": "2021-9-2", "name": "readout_error", "unit": "", "value": 0.007500000000000062}, {"date": "2021-9-2", "name": "prob_meas0_prep1", "unit": "", "value": 0.0098}, {"date": "2021-9-2", "name": "prob_meas1_prep0", "unit": "", "value": 0.005199999999999982}, {"date": "2021-9-2", "name": "readout_length", "unit": "ns", "value": 704}], [{"date": "2021-9-2", "name": "T1", "unit": "us", "value": 83.10372259594186}, {"date": "2021-9-2", "name": "T2", "unit": "us", "value": 73.25128614710785}, {"date": "2021-9-2", "name": "frequency", "unit": "GHz", "value": 5.187911940686053}, {"date": "2021-9-2", "name": "anharmonicity", "unit": "GHz", "value": -0.3419316690031256}, {"date": "2021-9-2", "name": "readout_error", "unit": "", "value": 0.005099999999999993}, {"date": "2021-9-2", "name": "prob_meas0_prep1", "unit": "", "value": 0.007}, {"date": "2021-9-2", "name": "prob_meas1_prep0", "unit": "", "value": 0.0031999999999999806}, {"date": "2021-9-2", "name": "readout_length", "unit": "ns", "value": 704}], [{"date": "2021-9-2", "name": "T1", "unit": "us", "value": 140.309471060093}, {"date": "2021-9-2", "name": "T2", "unit": "us", "value": 155.58280900851534}, {"date": "2021-9-2", "name": "frequency", "unit": "GHz", "value": 4.986858298728747}, {"date": "2021-9-2", "name": "anharmonicity", "unit": "GHz", "value": -0.3452928861203798}, {"date": "2021-9-2", "name": "readout_error", "unit": "", "value": 0.005600000000000049}, {"date": "2021-9-2", "name": "prob_meas0_prep1", "unit": "", "value": 0.0072}, {"date": "2021-9-2", "name": "prob_meas1_prep0", "unit": "", "value": 0.0040000000000000036}, {"date": "2021-9-2", "name": "readout_length", "unit": "ns", "value": 704}], [{"date": "2021-9-2", "name": "T1", "unit": "us", "value": 136.56755301125403}, {"date": "2021-9-2", "name": "T2", "unit": "us", "value": 30.23327493986128}, {"date": "2021-9-2", "name": "frequency", "unit": "GHz", "value": 5.285347827964502}, {"date": "2021-9-2", "name": "anharmonicity", "unit": "GHz", "value": -0.3392342674107948}, {"date": "2021-9-2", "name": "readout_error", "unit": "", "value": 0.008000000000000007}, {"date": "2021-9-2", "name": "prob_meas0_prep1", "unit": "", "value": 0.008000000000000007}, {"date": "2021-9-2", "name": "prob_meas1_prep0", "unit": "", "value": 0.008}, {"date": "2021-9-2", "name": "readout_length", "unit": "ns", "value": 704}], [{"date": "2021-9-2", "name": "T1", "unit": "us", "value": 129.7247909438417}, {"date": "2021-9-2", "name": "T2", "unit": "us", "value": 72.55840220451137}, {"date": "2021-9-2", "name": "frequency", "unit": "GHz", "value": 5.176864802042388}, {"date": "2021-9-2", "name": "anharmonicity", "unit": "GHz", "value": -0.34079297245074963}, {"date": "2021-9-2", "name": "readout_error", "unit": "", "value": 0.0131}, {"date": "2021-9-2", "name": "prob_meas0_prep1", "unit": "", "value": 0.0134}, {"date": "2021-9-2", "name": "prob_meas1_prep0", "unit": "", "value": 0.012800000000000034}, {"date": "2021-9-2", "name": "readout_length", "unit": "ns", "value": 704}], [{"date": "2021-9-2", "name": "T1", "unit": "us", "value": 154.59441883668725}, {"date": "2021-9-2", "name": "T2", "unit": "us", "value": 120.48077602619989}, {"date": "2021-9-2", "name": "frequency", "unit": "GHz", "value": 5.064039276745479}, {"date": "2021-9-2", "name": "anharmonicity", "unit": "GHz", "value": -0.34275836537159754}, {"date": "2021-9-2", "name": "readout_error", "unit": "", "value": 0.007300000000000084}, {"date": "2021-9-2", "name": "prob_meas0_prep1", "unit": "", "value": 0.0096}, {"date": "2021-9-2", "name": "prob_meas1_prep0", "unit": "", "value": 0.0050000000000000044}, {"date": "2021-9-2", "name": "readout_length", "unit": "ns", "value": 704}]], "gates": [{"qubits": [0], "gate": "id", "parameters": [{"date": "2021-9-2", "name": "gate_error", "unit": "", "value": 0.00024231086480452506}, {"date": "2021-9-2", "name": "gate_length", "unit": "ns", "value": 35.55555555555556}], "name": "id0"}, {"qubits": [1], "gate": "id", "parameters": [{"date": "2021-9-2", "name": "gate_error", "unit": "", "value": 0.0001782438166977864}, {"date": "2021-9-2", "name": "gate_length", "unit": "ns", "value": 35.55555555555556}], "name": "id1"}, {"qubits": [2], "gate": "id", "parameters": [{"date": "2021-9-2", "name": "gate_error", "unit": "", "value": 0.00020588901731069122}, {"date": "2021-9-2", "name": "gate_length", "unit": "ns", "value": 35.55555555555556}], "name": "id2"}, {"qubits": [3], "gate": "id", "parameters": [{"date": "2021-9-2", "name": "gate_error", "unit": "", "value": 0.00013707619195520949}, {"date": "2021-9-2", "name": "gate_length", "unit": "ns", "value": 35.55555555555556}], "name": "id3"}, {"qubits": [4], "gate": "id", "parameters": [{"date": "2021-9-2", "name": "gate_error", "unit": "", "value": 0.00025746821650573083}, {"date": "2021-9-2", "name": "gate_length", "unit": "ns", "value": 35.55555555555556}], "name": "id4"}, {"qubits": [5], "gate": "id", "parameters": [{"date": "2021-9-2", "name": "gate_error", "unit": "", "value": 0.00018241339401784925}, {"date": "2021-9-2", "name": "gate_length", "unit": "ns", "value": 35.55555555555556}], "name": "id5"}, {"qubits": [6], "gate": "id", "parameters": [{"date": "2021-9-2", "name": "gate_error", "unit": "", "value": 0.00018666976229497482}, {"date": "2021-9-2", "name": "gate_length", "unit": "ns", "value": 35.55555555555556}], "name": "id6"}, {"qubits": [0], "gate": "rz", "parameters": [{"date": "2021-9-2", "name": "gate_error", "unit": "", "value": 0}, {"date": "2021-9-2", "name": "gate_length", "unit": "ns", "value": 0}], "name": "rz0"}, {"qubits": [1], "gate": "rz", "parameters": [{"date": "2021-9-2", "name": "gate_error", "unit": "", "value": 0}, {"date": "2021-9-2", "name": "gate_length", "unit": "ns", "value": 0}], "name": "rz1"}, {"qubits": [2], "gate": "rz", "parameters": [{"date": "2021-9-2", "name": "gate_error", "unit": "", "value": 0}, {"date": "2021-9-2", "name": "gate_length", "unit": "ns", "value": 0}], "name": "rz2"}, {"qubits": [3], "gate": "rz", "parameters": [{"date": "2021-9-2", "name": "gate_error", "unit": "", "value": 0}, {"date": "2021-9-2", "name": "gate_length", "unit": "ns", "value": 0}], "name": "rz3"}, {"qubits": [4], "gate": "rz", "parameters": [{"date": "2021-9-2", "name": "gate_error", "unit": "", "value": 0}, {"date": "2021-9-2", "name": "gate_length", "unit": "ns", "value": 0}], "name": "rz4"}, {"qubits": [5], "gate": "rz", "parameters": [{"date": "2021-9-2", "name": "gate_error", "unit": "", "value": 0}, {"date": "2021-9-2", "name": "gate_length", "unit": "ns", "value": 0}], "name": "rz5"}, {"qubits": [6], "gate": "rz", "parameters": [{"date": "2021-9-2", "name": "gate_error", "unit": "", "value": 0}, {"date": "2021-9-2", "name": "gate_length", "unit": "ns", "value": 0}], "name": "rz6"}, {"qubits": [0], "gate": "sx", "parameters": [{"date": "2021-9-2", "name": "gate_error", "unit": "", "value": 0.00024231086480452506}, {"date": "2021-9-2", "name": "gate_length", "unit": "ns", "value": 35.55555555555556}], "name": "sx0"}, {"qubits": [1], "gate": "sx", "parameters": [{"date": "2021-9-2", "name": "gate_error", "unit": "", "value": 0.0001782438166977864}, {"date": "2021-9-2", "name": "gate_length", "unit": "ns", "value": 35.55555555555556}], "name": "sx1"}, {"qubits": [2], "gate": "sx", "parameters": [{"date": "2021-9-2", "name": "gate_error", "unit": "", "value": 0.00020588901731069122}, {"date": "2021-9-2", "name": "gate_length", "unit": "ns", "value": 35.55555555555556}], "name": "sx2"}, {"qubits": [3], "gate": "sx", "parameters": [{"date": "2021-9-2", "name": "gate_error", "unit": "", "value": 0.00013707619195520949}, {"date": "2021-9-2", "name": "gate_length", "unit": "ns", "value": 35.55555555555556}], "name": "sx3"}, {"qubits": [4], "gate": "sx", "parameters": [{"date": "2021-9-2", "name": "gate_error", "unit": "", "value": 0.00025746821650573083}, {"date": "2021-9-2", "name": "gate_length", "unit": "ns", "value": 35.55555555555556}], "name": "sx4"}, {"qubits": [5], "gate": "sx", "parameters": [{"date": "2021-9-2", "name": "gate_error", "unit": "", "value": 0.00018241339401784925}, {"date": "2021-9-2", "name": "gate_length", "unit": "ns", "value": 35.55555555555556}], "name": "sx5"}, {"qubits": [6], "gate": "sx", "parameters": [{"date": "2021-9-2", "name": "gate_error", "unit": "", "value": 0.00018666976229497482}, {"date": "2021-9-2", "name": "gate_length", "unit": "ns", "value": 35.55555555555556}], "name": "sx6"}, {"qubits": [0], "gate": "x", "parameters": [{"date": "2021-9-2", "name": "gate_error", "unit": "", "value": 0.00024231086480452506}, {"date": "2021-9-2", "name": "gate_length", "unit": "ns", "value": 35.55555555555556}], "name": "x0"}, {"qubits": [1], "gate": "x", "parameters": [{"date": "2021-9-2", "name": "gate_error", "unit": "", "value": 0.0001782438166977864}, {"date": "2021-9-2", "name": "gate_length", "unit": "ns", "value": 35.55555555555556}], "name": "x1"}, {"qubits": [2], "gate": "x", "parameters": [{"date": "2021-9-2", "name": "gate_error", "unit": "", "value": 0.00020588901731069122}, {"date": "2021-9-2", "name": "gate_length", "unit": "ns", "value": 35.55555555555556}], "name": "x2"}, {"qubits": [3], "gate": "x", "parameters": [{"date": "2021-9-2", "name": "gate_error", "unit": "", "value": 0.00013707619195520949}, {"date": "2021-9-2", "name": "gate_length", "unit": "ns", "value": 35.55555555555556}], "name": "x3"}, {"qubits": [4], "gate": "x", "parameters": [{"date": "2021-9-2", "name": "gate_error", "unit": "", "value": 0.00025746821650573083}, {"date": "2021-9-2", "name": "gate_length", "unit": "ns", "value": 35.55555555555556}], "name": "x4"}, {"qubits": [5], "gate": "x", "parameters": [{"date": "2021-9-2", "name": "gate_error", "unit": "", "value": 0.00018241339401784925}, {"date": "2021-9-2", "name": "gate_length", "unit": "ns", "value": 35.55555555555556}], "name": "x5"}, {"qubits": [6], "gate": "x", "parameters": [{"date": "2021-9-2", "name": "gate_error", "unit": "", "value": 0.00018666976229497482}, {"date": "2021-9-2", "name": "gate_length", "unit": "ns", "value": 35.55555555555556}], "name": "x6"}, {"qubits": [5, 4], "gate": "cx", "parameters": [{"date": "2021-9-2", "name": "gate_error", "unit": "", "value": 0.005502081177709617}, {"date": "2021-8-30", "name": "gate_length", "unit": "ns", "value": 327.1111111111111}], "name": "cx5_4"}, {"qubits": [4, 5], "gate": "cx", "parameters": [{"date": "2021-9-2", "name": "gate_error", "unit": "", "value": 0.005502081177709617}, {"date": "2021-8-30", "name": "gate_length", "unit": "ns", "value": 362.66666666666663}], "name": "cx4_5"}, {"qubits": [3, 1], "gate": "cx", "parameters": [{"date": "2021-9-2", "name": "gate_error", "unit": "", "value": 0.004770981623903575}, {"date": "2021-8-30", "name": "gate_length", "unit": "ns", "value": 298.66666666666663}], "name": "cx3_1"}, {"qubits": [1, 3], "gate": "cx", "parameters": [{"date": "2021-9-2", "name": "gate_error", "unit": "", "value": 0.004770981623903575}, {"date": "2021-8-30", "name": "gate_length", "unit": "ns", "value": 334.22222222222223}], "name": "cx1_3"}, {"qubits": [5, 6], "gate": "cx", "parameters": [{"date": "2021-9-2", "name": "gate_error", "unit": "", "value": 0.005267018851054239}, {"date": "2021-8-30", "name": "gate_length", "unit": "ns", "value": 256}], "name": "cx5_6"}, {"qubits": [6, 5], "gate": "cx", "parameters": [{"date": "2021-9-2", "name": "gate_error", "unit": "", "value": 0.005267018851054239}, {"date": "2021-8-30", "name": "gate_length", "unit": "ns", "value": 291.55555555555554}], "name": "cx6_5"}, {"qubits": [5, 3], "gate": "cx", "parameters": [{"date": "2021-9-2", "name": "gate_error", "unit": "", "value": 0.004361014710572819}, {"date": "2021-8-30", "name": "gate_length", "unit": "ns", "value": 298.66666666666663}], "name": "cx5_3"}, {"qubits": [3, 5], "gate": "cx", "parameters": [{"date": "2021-9-2", "name": "gate_error", "unit": "", "value": 0.004361014710572819}, {"date": "2021-8-30", "name": "gate_length", "unit": "ns", "value": 334.22222222222223}], "name": "cx3_5"}, {"qubits": [2, 1], "gate": "cx", "parameters": [{"date": "2021-9-2", "name": "gate_error", "unit": "", "value": 0.005236837378145898}, {"date": "2021-8-30", "name": "gate_length", "unit": "ns", "value": 291.55555555555554}], "name": "cx2_1"}, {"qubits": [1, 2], "gate": "cx", "parameters": [{"date": "2021-9-2", "name": "gate_error", "unit": "", "value": 0.005236837378145898}, {"date": "2021-8-30", "name": "gate_length", "unit": "ns", "value": 327.1111111111111}], "name": "cx1_2"}, {"qubits": [0, 1], "gate": "cx", "parameters": [{"date": "2021-9-2", "name": "gate_error", "unit": "", "value": 0.0069364972250523516}, {"date": "2021-8-30", "name": "gate_length", "unit": "ns", "value": 305.77777777777777}], "name": "cx0_1"}, {"qubits": [1, 0], "gate": "cx", "parameters": [{"date": "2021-9-2", "name": "gate_error", "unit": "", "value": 0.0069364972250523516}, {"date": "2021-8-30", "name": "gate_length", "unit": "ns", "value": 341.3333333333333}], "name": "cx1_0"}, {"qubits": [0], "gate": "reset", "parameters": [{"date": "2021-9-2", "name": "gate_length", "unit": "ns", "value": 1002.6666666666666}], "name": "reset0"}, {"qubits": [1], "gate": "reset", "parameters": [{"date": "2021-9-2", "name": "gate_length", "unit": "ns", "value": 1002.6666666666666}], "name": "reset1"}, {"qubits": [2], "gate": "reset", "parameters": [{"date": "2021-9-2", "name": "gate_length", "unit": "ns", "value": 995.5555555555555}], "name": "reset2"}, {"qubits": [3], "gate": "reset", "parameters": [{"date": "2021-9-2", "name": "gate_length", "unit": "ns", "value": 988.4444444444443}], "name": "reset3"}, {"qubits": [4], "gate": "reset", "parameters": [{"date": "2021-9-2", "name": "gate_length", "unit": "ns", "value": 1002.6666666666666}], "name": "reset4"}, {"qubits": [5], "gate": "reset", "parameters": [{"date": "2021-9-2", "name": "gate_length", "unit": "ns", "value": 1002.6666666666666}], "name": "reset5"}, {"qubits": [6], "gate": "reset", "parameters": [{"date": "2021-9-2", "name": "gate_length", "unit": "ns", "value": 988.4444444444443}], "name": "reset6"}], "general": [{"date": "2021-9-2", "name": "jq_01", "unit": "GHz", "value": 0.0017239661070310697}, {"date": "2021-9-2", "name": "zz_01", "unit": "GHz", "value": -4.1551259389276154e-05}, {"date": "2021-9-2", "name": "jq_12", "unit": "GHz", "value": 0.003306427365570105}, {"date": "2021-9-2", "name": "zz_12", "unit": "GHz", "value": -0.00013691896518548322}, {"date": "2021-9-2", "name": "jq_45", "unit": "GHz", "value": 0.0033964931013144256}, {"date": "2021-9-2", "name": "zz_45", "unit": "GHz", "value": -0.00015134337521539932}, {"date": "2021-9-2", "name": "jq_56", "unit": "GHz", "value": 0.0032394441256406383}, {"date": "2021-9-2", "name": "zz_56", "unit": "GHz", "value": -0.0001381127844927418}, {"date": "2021-9-2", "name": "jq_13", "unit": "GHz", "value": 0.003219077603102807}, {"date": "2021-9-2", "name": "zz_13", "unit": "GHz", "value": -0.00013509145307819546}, {"date": "2021-9-2", "name": "jq_35", "unit": "GHz", "value": 0.0023455196332844842}, {"date": "2021-9-2", "name": "zz_35", "unit": "GHz", "value": -9.35336850076191e-05}]}