{"backend_name": "ibm_lagos", "backend_version": "1.0.14", "last_update_date": "2021-11-9", "qubits": [[{"date": "2021-11-9", "name": "T1", "unit": "us", "value": 118.07456952035378}, {"date": "2021-11-9", "name": "T2", "unit": "us", "value": 21.70676072790202}, {"date": "2021-11-9", "name": "frequency", "unit": "GHz", "value": 5.23521400751751}, {"date": "2021-11-9", "name": "anharmonicity", "unit": "GHz", "value": -0.33986713855915607}, {"date": "2021-11-9", "name": "readout_error", "unit": "", "value": 0.01539999999999997}, {"date": "2021-11-9", "name": "prob_meas0_prep1", "unit": "", "value": 0.0172}, {"date": "2021-11-9", "name": "prob_meas1_prep0", "unit": "", "value": 0.013599999999999945}, {"date": "2021-11-9", "name": "readout_length", "unit": "ns", "value": 704}], [{"date": "2021-11-9", "name": "T1", "unit": "us", "value": 150.20696778867526}, {"date": "2021-11-9", "name": "T2", "unit": "us", "value": 82.17300571876551}, {"date": "2021-11-9", "name": "frequency", "unit": "GHz", "value": 5.09958281973903}, {"date": "2021-11-9", "name": "anharmonicity", "unit": "GHz", "value": -0.3432484042938357}, {"date": "2021-11-9", "name": "readout_error", "unit": "", "value": 0.00869999999999993}, {"date": "2021-11-9", "name": "prob_meas0_prep1", "unit": "", "value": 0.009}, {"date": "2021-11-9", "name": "prob_meas1_prep0", "unit": "", "value": 0.008399999999999963}, {"date": "2021-11-9", "name": "readout_length", "unit": "ns", "value": 704}], [{"date": "2021-11-9", "name": "T1", "unit": "us", "value": 169.60841466281934}, {"date": "2021-11-9", "name": "T2", "unit": "us", "value": 113.10863660197498}, {"date": "2021-11-9", "name": "frequency", "unit": "GHz", "value": 5.188312910166379}, {"date": "2021-11-9", "name": "anharmonicity", "unit": "GHz", "value": -0.3419316690031256}, {"date": "2021-11-9", "name": "readout_error", "unit": "", "value": 0.005300000000000082}, {"date": "2021-11-9", "name": "prob_meas0_prep1", "unit": "", "value": 0.0048}, {"date": "2021-11-9", "name": "prob_meas1_prep0", "unit": "", "value": 0.005800000000000027}, {"date": "2021-11-9", "name": "readout_length", "unit": "ns", "value": 704}], [{"date": "2021-11-9", "name": "T1", "unit": "us", "value": 147.23294069545767}, {"date": "2021-11-9", "name": "T2", "unit": "us", "value": 108.54739670404756}, {"date": "2021-11-9", "name": "frequency", "unit": "GHz", "value": 4.987486846879485}, {"date": "2021-11-9", "name": "anharmonicity", "unit": "GHz", "value": -0.3452928861203798}, {"date": "2021-11-9", "name": "readout_error", "unit": "", "value": 0.016699999999999937}, {"date": "2021-11-9", "name": "prob_meas0_prep1", "unit": "", "value": 0.0162}, {"date": "2021-11-9", "name": "prob_meas1_prep0", "unit": "", "value": 0.017199999999999993}, {"date": "2021-11-9", "name": "readout_length", "unit": "ns", "value": 704}], [{"date": "2021-11-9", "name": "T1", "unit": "us", "value": 116.18103490326486}, {"date": "2021-11-9", "name": "T2", "unit": "us", "value": 35.67429084421648}, {"date": "2021-11-9", "name": "frequency", "unit": "GHz", "value": 5.2853919051069145}, {"date": "2021-11-9", "name": "anharmonicity", "unit": "GHz", "value": -0.3392342674107948}, {"date": "2021-11-9", "name": "readout_error", "unit": "", "value": 0.01759999999999995}, {"date": "2021-11-9", "name": "prob_meas0_prep1", "unit": "", "value": 0.01859999999999995}, {"date": "2021-11-9", "name": "prob_meas1_prep0", "unit": "", "value": 0.0166}, {"date": "2021-11-9", "name": "readout_length", "unit": "ns", "value": 704}], [{"date": "2021-11-9", "name": "T1", "unit": "us", "value": 17.38837268379029}, {"date": "2021-11-9", "name": "T2", "unit": "us", "value": 60.83934194470363}, {"date": "2021-11-9", "name": "frequency", "unit": "GHz", "value": 5.176190495685626}, {"date": "2021-11-9", "name": "anharmonicity", "unit": "GHz", "value": -0.34079297245074963}, {"date": "2021-11-9", "name": "readout_error", "unit": "", "value": 0.016599999999999948}, {"date": "2021-11-9", "name": "prob_meas0_prep1", "unit": "", "value": 0.0216}, {"date": "2021-11-9", "name": "prob_meas1_prep0", "unit": "", "value": 0.011600000000000055}, {"date": "2021-11-9", "name": "readout_length", "unit": "ns", "value": 704}], [{"date": "2021-11-9", "name": "T1", "unit": "us", "value": 135.8906095745816}, {"date": "2021-11-9", "name": "T2", "unit": "us", "value": 101.20473800742303}, {"date": "2021-11-9", "name": "frequency", "unit": "GHz", "value": 5.063876264886747}, {"date": "2021-11-9", "name": "anharmonicity", "unit": "GHz", "value": -0.34275836537159754}, {"date": "2021-11-9", "name": "readout_error", "unit": "", "value": 0.009700000000000042}, {"date": "2021-11-9", "name": "prob_meas0_prep1", "unit": "", "value": 0.014399999999999968}, {"date": "2021-11-9", "name": "prob_meas1_prep0", "unit": "", "value": 0.005}, {"date": "2021-11-9", "name": "readout_length", "unit": "ns", "value": 704}]], "gates": [{"qubits": [0], "gate": "id", "parameters": [{"date": "2021-11-9", "name": "gate_error", "unit": "", "value": 0.0005570636941576627}, {"date": "2021-11-9", "name": "gate_length", "unit": "ns", "value": 35.55555555555556}], "name": "id0"}, {"qubits": [1], "gate": "id", "parameters": [{"date": "2021-11-9", "name": "gate_error", "unit": "", "value": 0.0001877095990685355}, {"date": "2021-11-9", "name": "gate_length", "unit": "ns", "value": 35.55555555555556}], "name": "id1"}, {"qubits": [2], "gate": "id", "parameters": [{"date": "2021-11-9", "name": "gate_error", "unit": "", "value": 0.00017114623979243393}, {"date": "2021-11-9", "name": "gate_length", "unit": "ns", "value": 35.55555555555556}], "name": "id2"}, {"qubits": [3], "gate": "id", "parameters": [{"date": "2021-11-9", "name": "gate_error", "unit": "", "value": 0.00020823999982194473}, {"date": "2021-11-9", "name": "gate_length", "unit": "ns", "value": 35.55555555555556}], "name": "id3"}, {"qubits": [4], "gate": "id", "parameters": [{"date": "2021-11-9", "name": "gate_error", "unit": "", "value": 0.00028139747423644234}, {"date": "2021-11-9", "name": "gate_length", "unit": "ns", "value": 35.55555555555556}], "name": "id4"}, {"qubits": [5], "gate": "id", "parameters": [{"date": "2021-11-9", "name": "gate_error", "unit": "", "value": 0.0003541555224957397}, {"date": "2021-11-9", "name": "gate_length", "unit": "ns", "value": 35.55555555555556}], "name": "id5"}, {"qubits": [6], "gate": "id", "parameters": [{"date": "2021-11-9", "name": "gate_error", "unit": "", "value": 0.0023862612076603544}, {"date": "2021-11-9", "name": "gate_length", "unit": "ns", "value": 35.55555555555556}], "name": "id6"}, {"qubits": [0], "gate": "rz", "parameters": [{"date": "2021-11-9", "name": "gate_error", "unit": "", "value": 0}, {"date": "2021-11-9", "name": "gate_length", "unit": "ns", "value": 0}], "name": "rz0"}, {"qubits": [1], "gate": "rz", "parameters": [{"date": "2021-11-9", "name": "gate_error", "unit": "", "value": 0}, {"date": "2021-11-9", "name": "gate_length", "unit": "ns", "value": 0}], "name": "rz1"}, {"qubits": [2], "gate": "rz", "parameters": [{"date": "2021-11-9", "name": "gate_error", "unit": "", "value": 0}, {"date": "2021-11-9", "name": "gate_length", "unit": "ns", "value": 0}], "name": "rz2"}, {"qubits": [3], "gate": "rz", "parameters": [{"date": "2021-11-9", "name": "gate_error", "unit": "", "value": 0}, {"date": "2021-11-9", "name": "gate_length", "unit": "ns", "value": 0}], "name": "rz3"}, {"qubits": [4], "gate": "rz", "parameters": [{"date": "2021-11-9", "name": "gate_error", "unit": "", "value": 0}, {"date": "2021-11-9", "name": "gate_length", "unit": "ns", "value": 0}], "name": "rz4"}, {"qubits": [5], "gate": "rz", "parameters": [{"date": "2021-11-9", "name": "gate_error", "unit": "", "value": 0}, {"date": "2021-11-9", "name": "gate_length", "unit": "ns", "value": 0}], "name": "rz5"}, {"qubits": [6], "gate": "rz", "parameters": [{"date": "2021-11-9", "name": "gate_error", "unit": "", "value": 0}, {"date": "2021-11-9", "name": "gate_length", "unit": "ns", "value": 0}], "name": "rz6"}, {"qubits": [0], "gate": "sx", "parameters": [{"date": "2021-11-9", "name": "gate_error", "unit": "", "value": 0.0005570636941576627}, {"date": "2021-11-9", "name": "gate_length", "unit": "ns", "value": 35.55555555555556}], "name": "sx0"}, {"qubits": [1], "gate": "sx", "parameters": [{"date": "2021-11-9", "name": "gate_error", "unit": "", "value": 0.0001877095990685355}, {"date": "2021-11-9", "name": "gate_length", "unit": "ns", "value": 35.55555555555556}], "name": "sx1"}, {"qubits": [2], "gate": "sx", "parameters": [{"date": "2021-11-9", "name": "gate_error", "unit": "", "value": 0.00017114623979243393}, {"date": "2021-11-9", "name": "gate_length", "unit": "ns", "value": 35.55555555555556}], "name": "sx2"}, {"qubits": [3], "gate": "sx", "parameters": [{"date": "2021-11-9", "name": "gate_error", "unit": "", "value": 0.00020823999982194473}, {"date": "2021-11-9", "name": "gate_length", "unit": "ns", "value": 35.55555555555556}], "name": "sx3"}, {"qubits": [4], "gate": "sx", "parameters": [{"date": "2021-11-9", "name": "gate_error", "unit": "", "value": 0.00028139747423644234}, {"date": "2021-11-9", "name": "gate_length", "unit": "ns", "value": 35.55555555555556}], "name": "sx4"}, {"qubits": [5], "gate": "sx", "parameters": [{"date": "2021-11-9", "name": "gate_error", "unit": "", "value": 0.0003541555224957397}, {"date": "2021-11-9", "name": "gate_length", "unit": "ns", "value": 35.55555555555556}], "name": "sx5"}, {"qubits": [6], "gate": "sx", "parameters": [{"date": "2021-11-9", "name": "gate_error", "unit": "", "value": 0.0023862612076603544}, {"date": "2021-11-9", "name": "gate_length", "unit": "ns", "value": 35.55555555555556}], "name": "sx6"}, {"qubits": [0], "gate": "x", "parameters": [{"date": "2021-11-9", "name": "gate_error", "unit": "", "value": 0.0005570636941576627}, {"date": "2021-11-9", "name": "gate_length", "unit": "ns", "value": 35.55555555555556}], "name": "x0"}, {"qubits": [1], "gate": "x", "parameters": [{"date": "2021-11-9", "name": "gate_error", "unit": "", "value": 0.0001877095990685355}, {"date": "2021-11-9", "name": "gate_length", "unit": "ns", "value": 35.55555555555556}], "name": "x1"}, {"qubits": [2], "gate": "x", "parameters": [{"date": "2021-11-9", "name": "gate_error", "unit": "", "value": 0.00017114623979243393}, {"date": "2021-11-9", "name": "gate_length", "unit": "ns", "value": 35.55555555555556}], "name": "x2"}, {"qubits": [3], "gate": "x", "parameters": [{"date": "2021-11-9", "name": "gate_error", "unit": "", "value": 0.00020823999982194473}, {"date": "2021-11-9", "name": "gate_length", "unit": "ns", "value": 35.55555555555556}], "name": "x3"}, {"qubits": [4], "gate": "x", "parameters": [{"date": "2021-11-9", "name": "gate_error", "unit": "", "value": 0.00028139747423644234}, {"date": "2021-11-9", "name": "gate_length", "unit": "ns", "value": 35.55555555555556}], "name": "x4"}, {"qubits": [5], "gate": "x", "parameters": [{"date": "2021-11-9", "name": "gate_error", "unit": "", "value": 0.0003541555224957397}, {"date": "2021-11-9", "name": "gate_length", "unit": "ns", "value": 35.55555555555556}], "name": "x5"}, {"qubits": [6], "gate": "x", "parameters": [{"date": "2021-11-9", "name": "gate_error", "unit": "", "value": 0.0023862612076603544}, {"date": "2021-11-9", "name": "gate_length", "unit": "ns", "value": 35.55555555555556}], "name": "x6"}, {"qubits": [5, 4], "gate": "cx", "parameters": [{"date": "2021-11-9", "name": "gate_error", "unit": "", "value": 0.010545845758700545}, {"date": "2021-11-6", "name": "gate_length", "unit": "ns", "value": 327.1111111111111}], "name": "cx5_4"}, {"qubits": [4, 5], "gate": "cx", "parameters": [{"date": "2021-11-9", "name": "gate_error", "unit": "", "value": 0.010545845758700545}, {"date": "2021-11-6", "name": "gate_length", "unit": "ns", "value": 362.66666666666663}], "name": "cx4_5"}, {"qubits": [3, 1], "gate": "cx", "parameters": [{"date": "2021-11-9", "name": "gate_error", "unit": "", "value": 0.004644229281704854}, {"date": "2021-11-6", "name": "gate_length", "unit": "ns", "value": 298.66666666666663}], "name": "cx3_1"}, {"qubits": [1, 3], "gate": "cx", "parameters": [{"date": "2021-11-9", "name": "gate_error", "unit": "", "value": 0.004644229281704854}, {"date": "2021-11-6", "name": "gate_length", "unit": "ns", "value": 334.22222222222223}], "name": "cx1_3"}, {"qubits": [5, 6], "gate": "cx", "parameters": [{"date": "2021-11-9", "name": "gate_error", "unit": "", "value": 0.026114878631061156}, {"date": "2021-11-6", "name": "gate_length", "unit": "ns", "value": 256}], "name": "cx5_6"}, {"qubits": [6, 5], "gate": "cx", "parameters": [{"date": "2021-11-9", "name": "gate_error", "unit": "", "value": 0.026114878631061156}, {"date": "2021-11-6", "name": "gate_length", "unit": "ns", "value": 291.55555555555554}], "name": "cx6_5"}, {"qubits": [5, 3], "gate": "cx", "parameters": [{"date": "2021-11-9", "name": "gate_error", "unit": "", "value": 0.011541485544613067}, {"date": "2021-11-6", "name": "gate_length", "unit": "ns", "value": 298.66666666666663}], "name": "cx5_3"}, {"qubits": [3, 5], "gate": "cx", "parameters": [{"date": "2021-11-9", "name": "gate_error", "unit": "", "value": 0.011541485544613067}, {"date": "2021-11-6", "name": "gate_length", "unit": "ns", "value": 334.22222222222223}], "name": "cx3_5"}, {"qubits": [2, 1], "gate": "cx", "parameters": [{"date": "2021-11-9", "name": "gate_error", "unit": "", "value": 0.006291835681346919}, {"date": "2021-11-6", "name": "gate_length", "unit": "ns", "value": 291.55555555555554}], "name": "cx2_1"}, {"qubits": [1, 2], "gate": "cx", "parameters": [{"date": "2021-11-9", "name": "gate_error", "unit": "", "value": 0.006291835681346919}, {"date": "2021-11-6", "name": "gate_length", "unit": "ns", "value": 327.1111111111111}], "name": "cx1_2"}, {"qubits": [0, 1], "gate": "cx", "parameters": [{"date": "2021-11-9", "name": "gate_error", "unit": "", "value": 0.009348483738166408}, {"date": "2021-11-6", "name": "gate_length", "unit": "ns", "value": 305.77777777777777}], "name": "cx0_1"}, {"qubits": [1, 0], "gate": "cx", "parameters": [{"date": "2021-11-9", "name": "gate_error", "unit": "", "value": 0.009348483738166408}, {"date": "2021-11-6", "name": "gate_length", "unit": "ns", "value": 341.3333333333333}], "name": "cx1_0"}, {"qubits": [0], "gate": "reset", "parameters": [{"date": "2021-11-9", "name": "gate_length", "unit": "ns", "value": 1002.6666666666666}], "name": "reset0"}, {"qubits": [1], "gate": "reset", "parameters": [{"date": "2021-11-9", "name": "gate_length", "unit": "ns", "value": 1002.6666666666666}], "name": "reset1"}, {"qubits": [2], "gate": "reset", "parameters": [{"date": "2021-11-9", "name": "gate_length", "unit": "ns", "value": 995.5555555555555}], "name": "reset2"}, {"qubits": [3], "gate": "reset", "parameters": [{"date": "2021-11-9", "name": "gate_length", "unit": "ns", "value": 988.4444444444443}], "name": "reset3"}, {"qubits": [4], "gate": "reset", "parameters": [{"date": "2021-11-9", "name": "gate_length", "unit": "ns", "value": 1002.6666666666666}], "name": "reset4"}, {"qubits": [5], "gate": "reset", "parameters": [{"date": "2021-11-9", "name": "gate_length", "unit": "ns", "value": 1002.6666666666666}], "name": "reset5"}, {"qubits": [6], "gate": "reset", "parameters": [{"date": "2021-11-9", "name": "gate_length", "unit": "ns", "value": 988.4444444444443}], "name": "reset6"}], "general": [{"date": "2021-11-9", "name": "jq_01", "unit": "GHz", "value": 0.0017239661070310697}, {"date": "2021-11-9", "name": "zz_01", "unit": "GHz", "value": -4.1551259389276154e-05}, {"date": "2021-11-9", "name": "jq_12", "unit": "GHz", "value": 0.003306427365570105}, {"date": "2021-11-9", "name": "zz_12", "unit": "GHz", "value": -0.00013691896518548322}, {"date": "2021-11-9", "name": "jq_45", "unit": "GHz", "value": 0.0033964931013144256}, {"date": "2021-11-9", "name": "zz_45", "unit": "GHz", "value": -0.00015134337521539932}, {"date": "2021-11-9", "name": "jq_56", "unit": "GHz", "value": 0.0032394441256406383}, {"date": "2021-11-9", "name": "zz_56", "unit": "GHz", "value": -0.0001381127844927418}, {"date": "2021-11-9", "name": "jq_13", "unit": "GHz", "value": 0.003219077603102807}, {"date": "2021-11-9", "name": "zz_13", "unit": "GHz", "value": -0.00013509145307819546}, {"date": "2021-11-9", "name": "jq_35", "unit": "GHz", "value": 0.0023455196332844842}, {"date": "2021-11-9", "name": "zz_35", "unit": "GHz", "value": -9.35336850076191e-05}]}