{"backend_name": "ibm_lagos", "backend_version": "1.0.2", "last_update_date": "2021-8-17", "qubits": [[{"date": "2021-8-17", "name": "T1", "unit": "us", "value": 101.92197187584901}, {"date": "2021-8-17", "name": "T2", "unit": "us", "value": 44.576187092005746}, {"date": "2021-8-17", "name": "frequency", "unit": "GHz", "value": 5.2353771101725215}, {"date": "2021-8-17", "name": "anharmonicity", "unit": "GHz", "value": -0.33986713855915607}, {"date": "2021-8-17", "name": "readout_error", "unit": "", "value": 0.10610000000000008}, {"date": "2021-8-17", "name": "prob_meas0_prep1", "unit": "", "value": 0.14380000000000004}, {"date": "2021-8-17", "name": "prob_meas1_prep0", "unit": "", "value": 0.0684}, {"date": "2021-8-17", "name": "readout_length", "unit": "ns", "value": 704}], [{"date": "2021-8-17", "name": "T1", "unit": "us", "value": 91.25154749337389}, {"date": "2021-8-17", "name": "T2", "unit": "us", "value": 82.31640141752487}, {"date": "2021-8-17", "name": "frequency", "unit": "GHz", "value": 5.0994026275624975}, {"date": "2021-8-17", "name": "anharmonicity", "unit": "GHz", "value": -0.3432484042938357}, {"date": "2021-8-17", "name": "readout_error", "unit": "", "value": 0.015600000000000058}, {"date": "2021-8-17", "name": "prob_meas0_prep1", "unit": "", "value": 0.0248}, {"date": "2021-8-17", "name": "prob_meas1_prep0", "unit": "", "value": 0.006399999999999961}, {"date": "2021-8-17", "name": "readout_length", "unit": "ns", "value": 704}], [{"date": "2021-8-17", "name": "T1", "unit": "us", "value": 59.65395908471299}, {"date": "2021-8-17", "name": "T2", "unit": "us", "value": 75.83675533166553}, {"date": "2021-8-17", "name": "frequency", "unit": "GHz", "value": 5.187860454691164}, {"date": "2021-8-17", "name": "anharmonicity", "unit": "GHz", "value": -0.3419316690031256}, {"date": "2021-8-17", "name": "readout_error", "unit": "", "value": 0.014399999999999968}, {"date": "2021-8-17", "name": "prob_meas0_prep1", "unit": "", "value": 0.0106}, {"date": "2021-8-17", "name": "prob_meas1_prep0", "unit": "", "value": 0.018199999999999994}, {"date": "2021-8-17", "name": "readout_length", "unit": "ns", "value": 704}], [{"date": "2021-8-17", "name": "T1", "unit": "us", "value": 106.15439373075014}, {"date": "2021-8-17", "name": "T2", "unit": "us", "value": 121.71303909404598}, {"date": "2021-8-17", "name": "frequency", "unit": "GHz", "value": 4.986860595724148}, {"date": "2021-8-17", "name": "anharmonicity", "unit": "GHz", "value": -0.3452928861203798}, {"date": "2021-8-17", "name": "readout_error", "unit": "", "value": 0.00649999999999995}, {"date": "2021-8-17", "name": "prob_meas0_prep1", "unit": "", "value": 0.0082}, {"date": "2021-8-17", "name": "prob_meas1_prep0", "unit": "", "value": 0.0048000000000000265}, {"date": "2021-8-17", "name": "readout_length", "unit": "ns", "value": 704}], [{"date": "2021-8-17", "name": "T1", "unit": "us", "value": 75.67256666360618}, {"date": "2021-8-17", "name": "T2", "unit": "us", "value": 29.78358448969743}, {"date": "2021-8-17", "name": "frequency", "unit": "GHz", "value": 5.285345242335674}, {"date": "2021-8-17", "name": "anharmonicity", "unit": "GHz", "value": -0.3392342674107948}, {"date": "2021-8-17", "name": "readout_error", "unit": "", "value": 0.008599999999999941}, {"date": "2021-8-17", "name": "prob_meas0_prep1", "unit": "", "value": 0.007800000000000029}, {"date": "2021-8-17", "name": "prob_meas1_prep0", "unit": "", "value": 0.0094}, {"date": "2021-8-17", "name": "readout_length", "unit": "ns", "value": 704}], [{"date": "2021-8-17", "name": "T1", "unit": "us", "value": 117.2764690969724}, {"date": "2021-8-17", "name": "T2", "unit": "us", "value": 85.00644009478718}, {"date": "2021-8-17", "name": "frequency", "unit": "GHz", "value": 5.1768587893221865}, {"date": "2021-8-17", "name": "anharmonicity", "unit": "GHz", "value": -0.34079297245074963}, {"date": "2021-8-17", "name": "readout_error", "unit": "", "value": 0.010099999999999998}, {"date": "2021-8-17", "name": "prob_meas0_prep1", "unit": "", "value": 0.0108}, {"date": "2021-8-17", "name": "prob_meas1_prep0", "unit": "", "value": 0.009399999999999964}, {"date": "2021-8-17", "name": "readout_length", "unit": "ns", "value": 704}], [{"date": "2021-8-17", "name": "T1", "unit": "us", "value": 86.15954516412789}, {"date": "2021-8-17", "name": "T2", "unit": "us", "value": 98.98817534215664}, {"date": "2021-8-17", "name": "frequency", "unit": "GHz", "value": 5.064101292883512}, {"date": "2021-8-17", "name": "anharmonicity", "unit": "GHz", "value": -0.34275836537159754}, {"date": "2021-8-17", "name": "readout_error", "unit": "", "value": 0.005700000000000038}, {"date": "2021-8-17", "name": "prob_meas0_prep1", "unit": "", "value": 0.0074}, {"date": "2021-8-17", "name": "prob_meas1_prep0", "unit": "", "value": 0.0040000000000000036}, {"date": "2021-8-17", "name": "readout_length", "unit": "ns", "value": 704}]], "gates": [{"qubits": [0], "gate": "id", "parameters": [{"date": "2021-8-17", "name": "gate_error", "unit": "", "value": 0.003164868420136091}, {"date": "2021-8-17", "name": "gate_length", "unit": "ns", "value": 35.55555555555556}], "name": "id0"}, {"qubits": [1], "gate": "id", "parameters": [{"date": "2021-8-17", "name": "gate_error", "unit": "", "value": 0.00042438173955918233}, {"date": "2021-8-17", "name": "gate_length", "unit": "ns", "value": 35.55555555555556}], "name": "id1"}, {"qubits": [2], "gate": "id", "parameters": [{"date": "2021-8-17", "name": "gate_error", "unit": "", "value": 0.0001785167423138027}, {"date": "2021-8-17", "name": "gate_length", "unit": "ns", "value": 35.55555555555556}], "name": "id2"}, {"qubits": [3], "gate": "id", "parameters": [{"date": "2021-8-17", "name": "gate_error", "unit": "", "value": 0.00023053249771364984}, {"date": "2021-8-17", "name": "gate_length", "unit": "ns", "value": 35.55555555555556}], "name": "id3"}, {"qubits": [4], "gate": "id", "parameters": [{"date": "2021-8-17", "name": "gate_error", "unit": "", "value": 0.0001977659380096461}, {"date": "2021-8-17", "name": "gate_length", "unit": "ns", "value": 35.55555555555556}], "name": "id4"}, {"qubits": [5], "gate": "id", "parameters": [{"date": "2021-8-17", "name": "gate_error", "unit": "", "value": 0.00015701285782565398}, {"date": "2021-8-17", "name": "gate_length", "unit": "ns", "value": 35.55555555555556}], "name": "id5"}, {"qubits": [6], "gate": "id", "parameters": [{"date": "2021-8-17", "name": "gate_error", "unit": "", "value": 0.00018012440480352985}, {"date": "2021-8-17", "name": "gate_length", "unit": "ns", "value": 35.55555555555556}], "name": "id6"}, {"qubits": [0], "gate": "rz", "parameters": [{"date": "2021-8-17", "name": "gate_error", "unit": "", "value": 0}, {"date": "2021-8-17", "name": "gate_length", "unit": "ns", "value": 0}], "name": "rz0"}, {"qubits": [1], "gate": "rz", "parameters": [{"date": "2021-8-17", "name": "gate_error", "unit": "", "value": 0}, {"date": "2021-8-17", "name": "gate_length", "unit": "ns", "value": 0}], "name": "rz1"}, {"qubits": [2], "gate": "rz", "parameters": [{"date": "2021-8-17", "name": "gate_error", "unit": "", "value": 0}, {"date": "2021-8-17", "name": "gate_length", "unit": "ns", "value": 0}], "name": "rz2"}, {"qubits": [3], "gate": "rz", "parameters": [{"date": "2021-8-17", "name": "gate_error", "unit": "", "value": 0}, {"date": "2021-8-17", "name": "gate_length", "unit": "ns", "value": 0}], "name": "rz3"}, {"qubits": [4], "gate": "rz", "parameters": [{"date": "2021-8-17", "name": "gate_error", "unit": "", "value": 0}, {"date": "2021-8-17", "name": "gate_length", "unit": "ns", "value": 0}], "name": "rz4"}, {"qubits": [5], "gate": "rz", "parameters": [{"date": "2021-8-17", "name": "gate_error", "unit": "", "value": 0}, {"date": "2021-8-17", "name": "gate_length", "unit": "ns", "value": 0}], "name": "rz5"}, {"qubits": [6], "gate": "rz", "parameters": [{"date": "2021-8-17", "name": "gate_error", "unit": "", "value": 0}, {"date": "2021-8-17", "name": "gate_length", "unit": "ns", "value": 0}], "name": "rz6"}, {"qubits": [0], "gate": "sx", "parameters": [{"date": "2021-8-17", "name": "gate_error", "unit": "", "value": 0.003164868420136091}, {"date": "2021-8-17", "name": "gate_length", "unit": "ns", "value": 35.55555555555556}], "name": "sx0"}, {"qubits": [1], "gate": "sx", "parameters": [{"date": "2021-8-17", "name": "gate_error", "unit": "", "value": 0.00042438173955918233}, {"date": "2021-8-17", "name": "gate_length", "unit": "ns", "value": 35.55555555555556}], "name": "sx1"}, {"qubits": [2], "gate": "sx", "parameters": [{"date": "2021-8-17", "name": "gate_error", "unit": "", "value": 0.0001785167423138027}, {"date": "2021-8-17", "name": "gate_length", "unit": "ns", "value": 35.55555555555556}], "name": "sx2"}, {"qubits": [3], "gate": "sx", "parameters": [{"date": "2021-8-17", "name": "gate_error", "unit": "", "value": 0.00023053249771364984}, {"date": "2021-8-17", "name": "gate_length", "unit": "ns", "value": 35.55555555555556}], "name": "sx3"}, {"qubits": [4], "gate": "sx", "parameters": [{"date": "2021-8-17", "name": "gate_error", "unit": "", "value": 0.0001977659380096461}, {"date": "2021-8-17", "name": "gate_length", "unit": "ns", "value": 35.55555555555556}], "name": "sx4"}, {"qubits": [5], "gate": "sx", "parameters": [{"date": "2021-8-17", "name": "gate_error", "unit": "", "value": 0.00015701285782565398}, {"date": "2021-8-17", "name": "gate_length", "unit": "ns", "value": 35.55555555555556}], "name": "sx5"}, {"qubits": [6], "gate": "sx", "parameters": [{"date": "2021-8-17", "name": "gate_error", "unit": "", "value": 0.00018012440480352985}, {"date": "2021-8-17", "name": "gate_length", "unit": "ns", "value": 35.55555555555556}], "name": "sx6"}, {"qubits": [0], "gate": "x", "parameters": [{"date": "2021-8-17", "name": "gate_error", "unit": "", "value": 0.003164868420136091}, {"date": "2021-8-17", "name": "gate_length", "unit": "ns", "value": 35.55555555555556}], "name": "x0"}, {"qubits": [1], "gate": "x", "parameters": [{"date": "2021-8-17", "name": "gate_error", "unit": "", "value": 0.00042438173955918233}, {"date": "2021-8-17", "name": "gate_length", "unit": "ns", "value": 35.55555555555556}], "name": "x1"}, {"qubits": [2], "gate": "x", "parameters": [{"date": "2021-8-17", "name": "gate_error", "unit": "", "value": 0.0001785167423138027}, {"date": "2021-8-17", "name": "gate_length", "unit": "ns", "value": 35.55555555555556}], "name": "x2"}, {"qubits": [3], "gate": "x", "parameters": [{"date": "2021-8-17", "name": "gate_error", "unit": "", "value": 0.00023053249771364984}, {"date": "2021-8-17", "name": "gate_length", "unit": "ns", "value": 35.55555555555556}], "name": "x3"}, {"qubits": [4], "gate": "x", "parameters": [{"date": "2021-8-17", "name": "gate_error", "unit": "", "value": 0.0001977659380096461}, {"date": "2021-8-17", "name": "gate_length", "unit": "ns", "value": 35.55555555555556}], "name": "x4"}, {"qubits": [5], "gate": "x", "parameters": [{"date": "2021-8-17", "name": "gate_error", "unit": "", "value": 0.00015701285782565398}, {"date": "2021-8-17", "name": "gate_length", "unit": "ns", "value": 35.55555555555556}], "name": "x5"}, {"qubits": [6], "gate": "x", "parameters": [{"date": "2021-8-17", "name": "gate_error", "unit": "", "value": 0.00018012440480352985}, {"date": "2021-8-17", "name": "gate_length", "unit": "ns", "value": 35.55555555555556}], "name": "x6"}, {"qubits": [5, 4], "gate": "cx", "parameters": [{"date": "2021-8-17", "name": "gate_error", "unit": "", "value": 0.0044325940923915785}, {"date": "2021-8-14", "name": "gate_length", "unit": "ns", "value": 327.1111111111111}], "name": "cx5_4"}, {"qubits": [4, 5], "gate": "cx", "parameters": [{"date": "2021-8-17", "name": "gate_error", "unit": "", "value": 0.0044325940923915785}, {"date": "2021-8-14", "name": "gate_length", "unit": "ns", "value": 362.66666666666663}], "name": "cx4_5"}, {"qubits": [3, 1], "gate": "cx", "parameters": [{"date": "2021-8-17", "name": "gate_error", "unit": "", "value": 0.009132087886811024}, {"date": "2021-8-14", "name": "gate_length", "unit": "ns", "value": 298.66666666666663}], "name": "cx3_1"}, {"qubits": [1, 3], "gate": "cx", "parameters": [{"date": "2021-8-17", "name": "gate_error", "unit": "", "value": 0.009132087886811024}, {"date": "2021-8-14", "name": "gate_length", "unit": "ns", "value": 334.22222222222223}], "name": "cx1_3"}, {"qubits": [5, 6], "gate": "cx", "parameters": [{"date": "2021-8-17", "name": "gate_error", "unit": "", "value": 0.004494743729320322}, {"date": "2021-8-14", "name": "gate_length", "unit": "ns", "value": 256}], "name": "cx5_6"}, {"qubits": [6, 5], "gate": "cx", "parameters": [{"date": "2021-8-17", "name": "gate_error", "unit": "", "value": 0.004494743729320322}, {"date": "2021-8-14", "name": "gate_length", "unit": "ns", "value": 291.55555555555554}], "name": "cx6_5"}, {"qubits": [5, 3], "gate": "cx", "parameters": [{"date": "2021-8-17", "name": "gate_error", "unit": "", "value": 0.0043617079045195906}, {"date": "2021-8-14", "name": "gate_length", "unit": "ns", "value": 298.66666666666663}], "name": "cx5_3"}, {"qubits": [3, 5], "gate": "cx", "parameters": [{"date": "2021-8-17", "name": "gate_error", "unit": "", "value": 0.0043617079045195906}, {"date": "2021-8-14", "name": "gate_length", "unit": "ns", "value": 334.22222222222223}], "name": "cx3_5"}, {"qubits": [2, 1], "gate": "cx", "parameters": [{"date": "2021-8-17", "name": "gate_error", "unit": "", "value": 0.007399188277124796}, {"date": "2021-8-14", "name": "gate_length", "unit": "ns", "value": 291.55555555555554}], "name": "cx2_1"}, {"qubits": [1, 2], "gate": "cx", "parameters": [{"date": "2021-8-17", "name": "gate_error", "unit": "", "value": 0.007399188277124796}, {"date": "2021-8-14", "name": "gate_length", "unit": "ns", "value": 327.1111111111111}], "name": "cx1_2"}, {"qubits": [0, 1], "gate": "cx", "parameters": [{"date": "2021-8-17", "name": "gate_error", "unit": "", "value": 0.02595171900713175}, {"date": "2021-8-14", "name": "gate_length", "unit": "ns", "value": 305.77777777777777}], "name": "cx0_1"}, {"qubits": [1, 0], "gate": "cx", "parameters": [{"date": "2021-8-17", "name": "gate_error", "unit": "", "value": 0.02595171900713175}, {"date": "2021-8-14", "name": "gate_length", "unit": "ns", "value": 341.3333333333333}], "name": "cx1_0"}, {"qubits": [0], "gate": "reset", "parameters": [{"date": "2021-8-17", "name": "gate_length", "unit": "ns", "value": 1002.6666666666666}], "name": "reset0"}, {"qubits": [1], "gate": "reset", "parameters": [{"date": "2021-8-17", "name": "gate_length", "unit": "ns", "value": 1002.6666666666666}], "name": "reset1"}, {"qubits": [2], "gate": "reset", "parameters": [{"date": "2021-8-17", "name": "gate_length", "unit": "ns", "value": 995.5555555555555}], "name": "reset2"}, {"qubits": [3], "gate": "reset", "parameters": [{"date": "2021-8-17", "name": "gate_length", "unit": "ns", "value": 988.4444444444443}], "name": "reset3"}, {"qubits": [4], "gate": "reset", "parameters": [{"date": "2021-8-17", "name": "gate_length", "unit": "ns", "value": 1002.6666666666666}], "name": "reset4"}, {"qubits": [5], "gate": "reset", "parameters": [{"date": "2021-8-17", "name": "gate_length", "unit": "ns", "value": 1002.6666666666666}], "name": "reset5"}, {"qubits": [6], "gate": "reset", "parameters": [{"date": "2021-8-17", "name": "gate_length", "unit": "ns", "value": 988.4444444444443}], "name": "reset6"}], "general": [{"date": "2021-8-17", "name": "jq_01", "unit": "GHz", "value": 0.0017239661070310697}, {"date": "2021-8-17", "name": "zz_01", "unit": "GHz", "value": -4.1551259389276154e-05}, {"date": "2021-8-17", "name": "jq_12", "unit": "GHz", "value": 0.003306427365570105}, {"date": "2021-8-17", "name": "zz_12", "unit": "GHz", "value": -0.00013691896518548322}, {"date": "2021-8-17", "name": "jq_45", "unit": "GHz", "value": 0.0033964931013144256}, {"date": "2021-8-17", "name": "zz_45", "unit": "GHz", "value": -0.00015134337521539932}, {"date": "2021-8-17", "name": "jq_56", "unit": "GHz", "value": 0.0032394441256406383}, {"date": "2021-8-17", "name": "zz_56", "unit": "GHz", "value": -0.0001381127844927418}, {"date": "2021-8-17", "name": "jq_13", "unit": "GHz", "value": 0.003219077603102807}, {"date": "2021-8-17", "name": "zz_13", "unit": "GHz", "value": -0.00013509145307819546}, {"date": "2021-8-17", "name": "jq_35", "unit": "GHz", "value": 0.0023455196332844842}, {"date": "2021-8-17", "name": "zz_35", "unit": "GHz", "value": -9.35336850076191e-05}]}