{"backend_name": "ibm_lagos", "backend_version": "1.0.14", "last_update_date": "2021-11-14", "qubits": [[{"date": "2021-11-14", "name": "T1", "unit": "us", "value": 109.66271587461547}, {"date": "2021-11-14", "name": "T2", "unit": "us", "value": 21.029443115694797}, {"date": "2021-11-14", "name": "frequency", "unit": "GHz", "value": 5.235188722272209}, {"date": "2021-11-14", "name": "anharmonicity", "unit": "GHz", "value": -0.33986713855915607}, {"date": "2021-11-14", "name": "readout_error", "unit": "", "value": 0.019600000000000062}, {"date": "2021-11-14", "name": "prob_meas0_prep1", "unit": "", "value": 0.018}, {"date": "2021-11-14", "name": "prob_meas1_prep0", "unit": "", "value": 0.021199999999999997}, {"date": "2021-11-14", "name": "readout_length", "unit": "ns", "value": 704}], [{"date": "2021-11-14", "name": "T1", "unit": "us", "value": 122.20752194392324}, {"date": "2021-11-14", "name": "T2", "unit": "us", "value": 98.60916836324895}, {"date": "2021-11-14", "name": "frequency", "unit": "GHz", "value": 5.099586358969248}, {"date": "2021-11-14", "name": "anharmonicity", "unit": "GHz", "value": -0.3432484042938357}, {"date": "2021-11-14", "name": "readout_error", "unit": "", "value": 0.010599999999999943}, {"date": "2021-11-14", "name": "prob_meas0_prep1", "unit": "", "value": 0.0128}, {"date": "2021-11-14", "name": "prob_meas1_prep0", "unit": "", "value": 0.008399999999999963}, {"date": "2021-11-14", "name": "readout_length", "unit": "ns", "value": 704}], [{"date": "2021-11-14", "name": "T1", "unit": "us", "value": 83.17598095091404}, {"date": "2021-11-14", "name": "T2", "unit": "us", "value": 134.4623283191605}, {"date": "2021-11-14", "name": "frequency", "unit": "GHz", "value": 5.188305988692952}, {"date": "2021-11-14", "name": "anharmonicity", "unit": "GHz", "value": -0.3419316690031256}, {"date": "2021-11-14", "name": "readout_error", "unit": "", "value": 0.007099999999999995}, {"date": "2021-11-14", "name": "prob_meas0_prep1", "unit": "", "value": 0.0088}, {"date": "2021-11-14", "name": "prob_meas1_prep0", "unit": "", "value": 0.00539999999999996}, {"date": "2021-11-14", "name": "readout_length", "unit": "ns", "value": 704}], [{"date": "2021-11-14", "name": "T1", "unit": "us", "value": 172.7657857094911}, {"date": "2021-11-14", "name": "T2", "unit": "us", "value": 103.20475604243977}, {"date": "2021-11-14", "name": "frequency", "unit": "GHz", "value": 4.987478042412451}, {"date": "2021-11-14", "name": "anharmonicity", "unit": "GHz", "value": -0.3452928861203798}, {"date": "2021-11-14", "name": "readout_error", "unit": "", "value": 0.019399999999999973}, {"date": "2021-11-14", "name": "prob_meas0_prep1", "unit": "", "value": 0.0256}, {"date": "2021-11-14", "name": "prob_meas1_prep0", "unit": "", "value": 0.01319999999999999}, {"date": "2021-11-14", "name": "readout_length", "unit": "ns", "value": 704}], [{"date": "2021-11-14", "name": "T1", "unit": "us", "value": 187.6636244837371}, {"date": "2021-11-14", "name": "T2", "unit": "us", "value": 33.68247652223918}, {"date": "2021-11-14", "name": "frequency", "unit": "GHz", "value": 5.285386948730818}, {"date": "2021-11-14", "name": "anharmonicity", "unit": "GHz", "value": -0.3392342674107948}, {"date": "2021-11-14", "name": "readout_error", "unit": "", "value": 0.022399999999999975}, {"date": "2021-11-14", "name": "prob_meas0_prep1", "unit": "", "value": 0.01419999999999999}, {"date": "2021-11-14", "name": "prob_meas1_prep0", "unit": "", "value": 0.0306}, {"date": "2021-11-14", "name": "readout_length", "unit": "ns", "value": 704}], [{"date": "2021-11-14", "name": "T1", "unit": "us", "value": 159.13224220608703}, {"date": "2021-11-14", "name": "T2", "unit": "us", "value": 92.35482681174351}, {"date": "2021-11-14", "name": "frequency", "unit": "GHz", "value": 5.1761837740767795}, {"date": "2021-11-14", "name": "anharmonicity", "unit": "GHz", "value": -0.34079297245074963}, {"date": "2021-11-14", "name": "readout_error", "unit": "", "value": 0.011299999999999977}, {"date": "2021-11-14", "name": "prob_meas0_prep1", "unit": "", "value": 0.0124}, {"date": "2021-11-14", "name": "prob_meas1_prep0", "unit": "", "value": 0.010199999999999987}, {"date": "2021-11-14", "name": "readout_length", "unit": "ns", "value": 704}], [{"date": "2021-11-14", "name": "T1", "unit": "us", "value": 134.14836051625312}, {"date": "2021-11-14", "name": "T2", "unit": "us", "value": 137.54415135199656}, {"date": "2021-11-14", "name": "frequency", "unit": "GHz", "value": 5.063940391718935}, {"date": "2021-11-14", "name": "anharmonicity", "unit": "GHz", "value": -0.34275836537159754}, {"date": "2021-11-14", "name": "readout_error", "unit": "", "value": 0.02529999999999999}, {"date": "2021-11-14", "name": "prob_meas0_prep1", "unit": "", "value": 0.03639999999999999}, {"date": "2021-11-14", "name": "prob_meas1_prep0", "unit": "", "value": 0.0142}, {"date": "2021-11-14", "name": "readout_length", "unit": "ns", "value": 704}]], "gates": [{"qubits": [0], "gate": "id", "parameters": [{"date": "2021-11-14", "name": "gate_error", "unit": "", "value": 0.00022454837101922647}, {"date": "2021-11-14", "name": "gate_length", "unit": "ns", "value": 35.55555555555556}], "name": "id0"}, {"qubits": [1], "gate": "id", "parameters": [{"date": "2021-11-14", "name": "gate_error", "unit": "", "value": 0.0003385800756238643}, {"date": "2021-11-14", "name": "gate_length", "unit": "ns", "value": 35.55555555555556}], "name": "id1"}, {"qubits": [2], "gate": "id", "parameters": [{"date": "2021-11-14", "name": "gate_error", "unit": "", "value": 0.00020505385245355478}, {"date": "2021-11-14", "name": "gate_length", "unit": "ns", "value": 35.55555555555556}], "name": "id2"}, {"qubits": [3], "gate": "id", "parameters": [{"date": "2021-11-14", "name": "gate_error", "unit": "", "value": 0.000224322270766848}, {"date": "2021-11-14", "name": "gate_length", "unit": "ns", "value": 35.55555555555556}], "name": "id3"}, {"qubits": [4], "gate": "id", "parameters": [{"date": "2021-11-14", "name": "gate_error", "unit": "", "value": 0.00021353199443417787}, {"date": "2021-11-14", "name": "gate_length", "unit": "ns", "value": 35.55555555555556}], "name": "id4"}, {"qubits": [5], "gate": "id", "parameters": [{"date": "2021-11-14", "name": "gate_error", "unit": "", "value": 0.00022348792539547138}, {"date": "2021-11-14", "name": "gate_length", "unit": "ns", "value": 35.55555555555556}], "name": "id5"}, {"qubits": [6], "gate": "id", "parameters": [{"date": "2021-11-14", "name": "gate_error", "unit": "", "value": 0.0002474727468148655}, {"date": "2021-11-14", "name": "gate_length", "unit": "ns", "value": 35.55555555555556}], "name": "id6"}, {"qubits": [0], "gate": "rz", "parameters": [{"date": "2021-11-14", "name": "gate_error", "unit": "", "value": 0}, {"date": "2021-11-14", "name": "gate_length", "unit": "ns", "value": 0}], "name": "rz0"}, {"qubits": [1], "gate": "rz", "parameters": [{"date": "2021-11-14", "name": "gate_error", "unit": "", "value": 0}, {"date": "2021-11-14", "name": "gate_length", "unit": "ns", "value": 0}], "name": "rz1"}, {"qubits": [2], "gate": "rz", "parameters": [{"date": "2021-11-14", "name": "gate_error", "unit": "", "value": 0}, {"date": "2021-11-14", "name": "gate_length", "unit": "ns", "value": 0}], "name": "rz2"}, {"qubits": [3], "gate": "rz", "parameters": [{"date": "2021-11-14", "name": "gate_error", "unit": "", "value": 0}, {"date": "2021-11-14", "name": "gate_length", "unit": "ns", "value": 0}], "name": "rz3"}, {"qubits": [4], "gate": "rz", "parameters": [{"date": "2021-11-14", "name": "gate_error", "unit": "", "value": 0}, {"date": "2021-11-14", "name": "gate_length", "unit": "ns", "value": 0}], "name": "rz4"}, {"qubits": [5], "gate": "rz", "parameters": [{"date": "2021-11-14", "name": "gate_error", "unit": "", "value": 0}, {"date": "2021-11-14", "name": "gate_length", "unit": "ns", "value": 0}], "name": "rz5"}, {"qubits": [6], "gate": "rz", "parameters": [{"date": "2021-11-14", "name": "gate_error", "unit": "", "value": 0}, {"date": "2021-11-14", "name": "gate_length", "unit": "ns", "value": 0}], "name": "rz6"}, {"qubits": [0], "gate": "sx", "parameters": [{"date": "2021-11-14", "name": "gate_error", "unit": "", "value": 0.00022454837101922647}, {"date": "2021-11-14", "name": "gate_length", "unit": "ns", "value": 35.55555555555556}], "name": "sx0"}, {"qubits": [1], "gate": "sx", "parameters": [{"date": "2021-11-14", "name": "gate_error", "unit": "", "value": 0.0003385800756238643}, {"date": "2021-11-14", "name": "gate_length", "unit": "ns", "value": 35.55555555555556}], "name": "sx1"}, {"qubits": [2], "gate": "sx", "parameters": [{"date": "2021-11-14", "name": "gate_error", "unit": "", "value": 0.00020505385245355478}, {"date": "2021-11-14", "name": "gate_length", "unit": "ns", "value": 35.55555555555556}], "name": "sx2"}, {"qubits": [3], "gate": "sx", "parameters": [{"date": "2021-11-14", "name": "gate_error", "unit": "", "value": 0.000224322270766848}, {"date": "2021-11-14", "name": "gate_length", "unit": "ns", "value": 35.55555555555556}], "name": "sx3"}, {"qubits": [4], "gate": "sx", "parameters": [{"date": "2021-11-14", "name": "gate_error", "unit": "", "value": 0.00021353199443417787}, {"date": "2021-11-14", "name": "gate_length", "unit": "ns", "value": 35.55555555555556}], "name": "sx4"}, {"qubits": [5], "gate": "sx", "parameters": [{"date": "2021-11-14", "name": "gate_error", "unit": "", "value": 0.00022348792539547138}, {"date": "2021-11-14", "name": "gate_length", "unit": "ns", "value": 35.55555555555556}], "name": "sx5"}, {"qubits": [6], "gate": "sx", "parameters": [{"date": "2021-11-14", "name": "gate_error", "unit": "", "value": 0.0002474727468148655}, {"date": "2021-11-14", "name": "gate_length", "unit": "ns", "value": 35.55555555555556}], "name": "sx6"}, {"qubits": [0], "gate": "x", "parameters": [{"date": "2021-11-14", "name": "gate_error", "unit": "", "value": 0.00022454837101922647}, {"date": "2021-11-14", "name": "gate_length", "unit": "ns", "value": 35.55555555555556}], "name": "x0"}, {"qubits": [1], "gate": "x", "parameters": [{"date": "2021-11-14", "name": "gate_error", "unit": "", "value": 0.0003385800756238643}, {"date": "2021-11-14", "name": "gate_length", "unit": "ns", "value": 35.55555555555556}], "name": "x1"}, {"qubits": [2], "gate": "x", "parameters": [{"date": "2021-11-14", "name": "gate_error", "unit": "", "value": 0.00020505385245355478}, {"date": "2021-11-14", "name": "gate_length", "unit": "ns", "value": 35.55555555555556}], "name": "x2"}, {"qubits": [3], "gate": "x", "parameters": [{"date": "2021-11-14", "name": "gate_error", "unit": "", "value": 0.000224322270766848}, {"date": "2021-11-14", "name": "gate_length", "unit": "ns", "value": 35.55555555555556}], "name": "x3"}, {"qubits": [4], "gate": "x", "parameters": [{"date": "2021-11-14", "name": "gate_error", "unit": "", "value": 0.00021353199443417787}, {"date": "2021-11-14", "name": "gate_length", "unit": "ns", "value": 35.55555555555556}], "name": "x4"}, {"qubits": [5], "gate": "x", "parameters": [{"date": "2021-11-14", "name": "gate_error", "unit": "", "value": 0.00022348792539547138}, {"date": "2021-11-14", "name": "gate_length", "unit": "ns", "value": 35.55555555555556}], "name": "x5"}, {"qubits": [6], "gate": "x", "parameters": [{"date": "2021-11-14", "name": "gate_error", "unit": "", "value": 0.0002474727468148655}, {"date": "2021-11-14", "name": "gate_length", "unit": "ns", "value": 35.55555555555556}], "name": "x6"}, {"qubits": [5, 4], "gate": "cx", "parameters": [{"date": "2021-11-14", "name": "gate_error", "unit": "", "value": 0.005040170776993008}, {"date": "2021-11-11", "name": "gate_length", "unit": "ns", "value": 327.1111111111111}], "name": "cx5_4"}, {"qubits": [4, 5], "gate": "cx", "parameters": [{"date": "2021-11-14", "name": "gate_error", "unit": "", "value": 0.005040170776993008}, {"date": "2021-11-11", "name": "gate_length", "unit": "ns", "value": 362.66666666666663}], "name": "cx4_5"}, {"qubits": [3, 1], "gate": "cx", "parameters": [{"date": "2021-11-14", "name": "gate_error", "unit": "", "value": 0.010299335874017546}, {"date": "2021-11-11", "name": "gate_length", "unit": "ns", "value": 298.66666666666663}], "name": "cx3_1"}, {"qubits": [1, 3], "gate": "cx", "parameters": [{"date": "2021-11-14", "name": "gate_error", "unit": "", "value": 0.010299335874017546}, {"date": "2021-11-11", "name": "gate_length", "unit": "ns", "value": 334.22222222222223}], "name": "cx1_3"}, {"qubits": [5, 6], "gate": "cx", "parameters": [{"date": "2021-11-14", "name": "gate_error", "unit": "", "value": 0.006338798588134381}, {"date": "2021-11-11", "name": "gate_length", "unit": "ns", "value": 256}], "name": "cx5_6"}, {"qubits": [6, 5], "gate": "cx", "parameters": [{"date": "2021-11-14", "name": "gate_error", "unit": "", "value": 0.006338798588134381}, {"date": "2021-11-11", "name": "gate_length", "unit": "ns", "value": 291.55555555555554}], "name": "cx6_5"}, {"qubits": [5, 3], "gate": "cx", "parameters": [{"date": "2021-11-14", "name": "gate_error", "unit": "", "value": 0.01122224528005103}, {"date": "2021-11-11", "name": "gate_length", "unit": "ns", "value": 298.66666666666663}], "name": "cx5_3"}, {"qubits": [3, 5], "gate": "cx", "parameters": [{"date": "2021-11-14", "name": "gate_error", "unit": "", "value": 0.01122224528005103}, {"date": "2021-11-11", "name": "gate_length", "unit": "ns", "value": 334.22222222222223}], "name": "cx3_5"}, {"qubits": [2, 1], "gate": "cx", "parameters": [{"date": "2021-11-14", "name": "gate_error", "unit": "", "value": 0.007893921021908223}, {"date": "2021-11-11", "name": "gate_length", "unit": "ns", "value": 291.55555555555554}], "name": "cx2_1"}, {"qubits": [1, 2], "gate": "cx", "parameters": [{"date": "2021-11-14", "name": "gate_error", "unit": "", "value": 0.007893921021908223}, {"date": "2021-11-11", "name": "gate_length", "unit": "ns", "value": 327.1111111111111}], "name": "cx1_2"}, {"qubits": [0, 1], "gate": "cx", "parameters": [{"date": "2021-11-14", "name": "gate_error", "unit": "", "value": 0.008222952419388807}, {"date": "2021-11-11", "name": "gate_length", "unit": "ns", "value": 305.77777777777777}], "name": "cx0_1"}, {"qubits": [1, 0], "gate": "cx", "parameters": [{"date": "2021-11-14", "name": "gate_error", "unit": "", "value": 0.008222952419388807}, {"date": "2021-11-11", "name": "gate_length", "unit": "ns", "value": 341.3333333333333}], "name": "cx1_0"}, {"qubits": [0], "gate": "reset", "parameters": [{"date": "2021-11-14", "name": "gate_length", "unit": "ns", "value": 1002.6666666666666}], "name": "reset0"}, {"qubits": [1], "gate": "reset", "parameters": [{"date": "2021-11-14", "name": "gate_length", "unit": "ns", "value": 1002.6666666666666}], "name": "reset1"}, {"qubits": [2], "gate": "reset", "parameters": [{"date": "2021-11-14", "name": "gate_length", "unit": "ns", "value": 995.5555555555555}], "name": "reset2"}, {"qubits": [3], "gate": "reset", "parameters": [{"date": "2021-11-14", "name": "gate_length", "unit": "ns", "value": 988.4444444444443}], "name": "reset3"}, {"qubits": [4], "gate": "reset", "parameters": [{"date": "2021-11-14", "name": "gate_length", "unit": "ns", "value": 1002.6666666666666}], "name": "reset4"}, {"qubits": [5], "gate": "reset", "parameters": [{"date": "2021-11-14", "name": "gate_length", "unit": "ns", "value": 1002.6666666666666}], "name": "reset5"}, {"qubits": [6], "gate": "reset", "parameters": [{"date": "2021-11-14", "name": "gate_length", "unit": "ns", "value": 988.4444444444443}], "name": "reset6"}], "general": [{"date": "2021-11-14", "name": "jq_01", "unit": "GHz", "value": 0.0017239661070310697}, {"date": "2021-11-14", "name": "zz_01", "unit": "GHz", "value": -4.1551259389276154e-05}, {"date": "2021-11-14", "name": "jq_12", "unit": "GHz", "value": 0.003306427365570105}, {"date": "2021-11-14", "name": "zz_12", "unit": "GHz", "value": -0.00013691896518548322}, {"date": "2021-11-14", "name": "jq_45", "unit": "GHz", "value": 0.0033964931013144256}, {"date": "2021-11-14", "name": "zz_45", "unit": "GHz", "value": -0.00015134337521539932}, {"date": "2021-11-14", "name": "jq_56", "unit": "GHz", "value": 0.0032394441256406383}, {"date": "2021-11-14", "name": "zz_56", "unit": "GHz", "value": -0.0001381127844927418}, {"date": "2021-11-14", "name": "jq_13", "unit": "GHz", "value": 0.003219077603102807}, {"date": "2021-11-14", "name": "zz_13", "unit": "GHz", "value": -0.00013509145307819546}, {"date": "2021-11-14", "name": "jq_35", "unit": "GHz", "value": 0.0023455196332844842}, {"date": "2021-11-14", "name": "zz_35", "unit": "GHz", "value": -9.35336850076191e-05}]}