{"backend_name": "ibm_lagos", "backend_version": "1.0.1", "last_update_date": "2021-7-24", "qubits": [[{"date": "2021-7-24", "name": "T1", "unit": "us", "value": 90.30184635623506}, {"date": "2021-7-24", "name": "T2", "unit": "us", "value": 52.76607812331963}, {"date": "2021-7-24", "name": "frequency", "unit": "GHz", "value": 5.235338579277869}, {"date": "2021-7-24", "name": "anharmonicity", "unit": "GHz", "value": -0.33986713855915607}, {"date": "2021-7-24", "name": "readout_error", "unit": "", "value": 0.07109999999999994}, {"date": "2021-7-24", "name": "prob_meas0_prep1", "unit": "", "value": 0.088}, {"date": "2021-7-24", "name": "prob_meas1_prep0", "unit": "", "value": 0.054200000000000026}, {"date": "2021-7-24", "name": "readout_length", "unit": "ns", "value": 704}], [{"date": "2021-7-24", "name": "T1", "unit": "us", "value": 67.12668603857121}, {"date": "2021-7-24", "name": "T2", "unit": "us", "value": 115.92218970569405}, {"date": "2021-7-24", "name": "frequency", "unit": "GHz", "value": 5.099398321849734}, {"date": "2021-7-24", "name": "anharmonicity", "unit": "GHz", "value": -0.3432484042938357}, {"date": "2021-7-24", "name": "readout_error", "unit": "", "value": 0.01079999999999992}, {"date": "2021-7-24", "name": "prob_meas0_prep1", "unit": "", "value": 0.0122}, {"date": "2021-7-24", "name": "prob_meas1_prep0", "unit": "", "value": 0.009399999999999964}, {"date": "2021-7-24", "name": "readout_length", "unit": "ns", "value": 704}], [{"date": "2021-7-24", "name": "T1", "unit": "us", "value": 108.46339508133875}, {"date": "2021-7-24", "name": "T2", "unit": "us", "value": 78.08720345636752}, {"date": "2021-7-24", "name": "frequency", "unit": "GHz", "value": 5.187840254606878}, {"date": "2021-7-24", "name": "anharmonicity", "unit": "GHz", "value": -0.3419316690031256}, {"date": "2021-7-24", "name": "readout_error", "unit": "", "value": 0.014900000000000024}, {"date": "2021-7-24", "name": "prob_meas0_prep1", "unit": "", "value": 0.015}, {"date": "2021-7-24", "name": "prob_meas1_prep0", "unit": "", "value": 0.014800000000000035}, {"date": "2021-7-24", "name": "readout_length", "unit": "ns", "value": 704}], [{"date": "2021-7-24", "name": "T1", "unit": "us", "value": 120.13232645526435}, {"date": "2021-7-24", "name": "T2", "unit": "us", "value": 157.63793910153058}, {"date": "2021-7-24", "name": "frequency", "unit": "GHz", "value": 4.986833039419217}, {"date": "2021-7-24", "name": "anharmonicity", "unit": "GHz", "value": -0.3452928861203798}, {"date": "2021-7-24", "name": "readout_error", "unit": "", "value": 0.0038000000000000256}, {"date": "2021-7-24", "name": "prob_meas0_prep1", "unit": "", "value": 0.0042}, {"date": "2021-7-24", "name": "prob_meas1_prep0", "unit": "", "value": 0.0033999999999999586}, {"date": "2021-7-24", "name": "readout_length", "unit": "ns", "value": 704}], [{"date": "2021-7-24", "name": "T1", "unit": "us", "value": 81.40648202180411}, {"date": "2021-7-24", "name": "T2", "unit": "us", "value": 33.548733725216536}, {"date": "2021-7-24", "name": "frequency", "unit": "GHz", "value": 5.285308243875959}, {"date": "2021-7-24", "name": "anharmonicity", "unit": "GHz", "value": -0.3392342674107948}, {"date": "2021-7-24", "name": "readout_error", "unit": "", "value": 0.009099999999999997}, {"date": "2021-7-24", "name": "prob_meas0_prep1", "unit": "", "value": 0.010399999999999965}, {"date": "2021-7-24", "name": "prob_meas1_prep0", "unit": "", "value": 0.0078}, {"date": "2021-7-24", "name": "readout_length", "unit": "ns", "value": 704}], [{"date": "2021-7-24", "name": "T1", "unit": "us", "value": 119.01168460632238}, {"date": "2021-7-24", "name": "T2", "unit": "us", "value": 63.47009493125398}, {"date": "2021-7-24", "name": "frequency", "unit": "GHz", "value": 5.176848717403236}, {"date": "2021-7-24", "name": "anharmonicity", "unit": "GHz", "value": -0.34079297245074963}, {"date": "2021-7-24", "name": "readout_error", "unit": "", "value": 0.00990000000000002}, {"date": "2021-7-24", "name": "prob_meas0_prep1", "unit": "", "value": 0.01}, {"date": "2021-7-24", "name": "prob_meas1_prep0", "unit": "", "value": 0.009800000000000031}, {"date": "2021-7-24", "name": "readout_length", "unit": "ns", "value": 704}], [{"date": "2021-7-24", "name": "T1", "unit": "us", "value": 157.99115907154007}, {"date": "2021-7-24", "name": "T2", "unit": "us", "value": 48.48331608300638}, {"date": "2021-7-24", "name": "frequency", "unit": "GHz", "value": 5.064032294294209}, {"date": "2021-7-24", "name": "anharmonicity", "unit": "GHz", "value": -0.34275836537159754}, {"date": "2021-7-24", "name": "readout_error", "unit": "", "value": 0.010000000000000009}, {"date": "2021-7-24", "name": "prob_meas0_prep1", "unit": "", "value": 0.013599999999999945}, {"date": "2021-7-24", "name": "prob_meas1_prep0", "unit": "", "value": 0.0064}, {"date": "2021-7-24", "name": "readout_length", "unit": "ns", "value": 704}]], "gates": [{"qubits": [0], "gate": "id", "parameters": [{"date": "2021-7-24", "name": "gate_error", "unit": "", "value": 0.00043968678864810375}, {"date": "2021-7-24", "name": "gate_length", "unit": "ns", "value": 35.55555555555556}], "name": "id0"}, {"qubits": [1], "gate": "id", "parameters": [{"date": "2021-7-24", "name": "gate_error", "unit": "", "value": 0.0002976248605212825}, {"date": "2021-7-24", "name": "gate_length", "unit": "ns", "value": 35.55555555555556}], "name": "id1"}, {"qubits": [2], "gate": "id", "parameters": [{"date": "2021-7-24", "name": "gate_error", "unit": "", "value": 0.00017103837938697335}, {"date": "2021-7-24", "name": "gate_length", "unit": "ns", "value": 35.55555555555556}], "name": "id2"}, {"qubits": [3], "gate": "id", "parameters": [{"date": "2021-7-24", "name": "gate_error", "unit": "", "value": 0.0002068948716123102}, {"date": "2021-7-24", "name": "gate_length", "unit": "ns", "value": 35.55555555555556}], "name": "id3"}, {"qubits": [4], "gate": "id", "parameters": [{"date": "2021-7-24", "name": "gate_error", "unit": "", "value": 0.00019094776574822762}, {"date": "2021-7-24", "name": "gate_length", "unit": "ns", "value": 35.55555555555556}], "name": "id4"}, {"qubits": [5], "gate": "id", "parameters": [{"date": "2021-7-24", "name": "gate_error", "unit": "", "value": 0.00018176762049076957}, {"date": "2021-7-24", "name": "gate_length", "unit": "ns", "value": 35.55555555555556}], "name": "id5"}, {"qubits": [6], "gate": "id", "parameters": [{"date": "2021-7-24", "name": "gate_error", "unit": "", "value": 0.00039203808987630805}, {"date": "2021-7-24", "name": "gate_length", "unit": "ns", "value": 35.55555555555556}], "name": "id6"}, {"qubits": [0], "gate": "rz", "parameters": [{"date": "2021-7-24", "name": "gate_error", "unit": "", "value": 0}, {"date": "2021-7-24", "name": "gate_length", "unit": "ns", "value": 0}], "name": "rz0"}, {"qubits": [1], "gate": "rz", "parameters": [{"date": "2021-7-24", "name": "gate_error", "unit": "", "value": 0}, {"date": "2021-7-24", "name": "gate_length", "unit": "ns", "value": 0}], "name": "rz1"}, {"qubits": [2], "gate": "rz", "parameters": [{"date": "2021-7-24", "name": "gate_error", "unit": "", "value": 0}, {"date": "2021-7-24", "name": "gate_length", "unit": "ns", "value": 0}], "name": "rz2"}, {"qubits": [3], "gate": "rz", "parameters": [{"date": "2021-7-24", "name": "gate_error", "unit": "", "value": 0}, {"date": "2021-7-24", "name": "gate_length", "unit": "ns", "value": 0}], "name": "rz3"}, {"qubits": [4], "gate": "rz", "parameters": [{"date": "2021-7-24", "name": "gate_error", "unit": "", "value": 0}, {"date": "2021-7-24", "name": "gate_length", "unit": "ns", "value": 0}], "name": "rz4"}, {"qubits": [5], "gate": "rz", "parameters": [{"date": "2021-7-24", "name": "gate_error", "unit": "", "value": 0}, {"date": "2021-7-24", "name": "gate_length", "unit": "ns", "value": 0}], "name": "rz5"}, {"qubits": [6], "gate": "rz", "parameters": [{"date": "2021-7-24", "name": "gate_error", "unit": "", "value": 0}, {"date": "2021-7-24", "name": "gate_length", "unit": "ns", "value": 0}], "name": "rz6"}, {"qubits": [0], "gate": "sx", "parameters": [{"date": "2021-7-24", "name": "gate_error", "unit": "", "value": 0.00043968678864810375}, {"date": "2021-7-24", "name": "gate_length", "unit": "ns", "value": 35.55555555555556}], "name": "sx0"}, {"qubits": [1], "gate": "sx", "parameters": [{"date": "2021-7-24", "name": "gate_error", "unit": "", "value": 0.0002976248605212825}, {"date": "2021-7-24", "name": "gate_length", "unit": "ns", "value": 35.55555555555556}], "name": "sx1"}, {"qubits": [2], "gate": "sx", "parameters": [{"date": "2021-7-24", "name": "gate_error", "unit": "", "value": 0.00017103837938697335}, {"date": "2021-7-24", "name": "gate_length", "unit": "ns", "value": 35.55555555555556}], "name": "sx2"}, {"qubits": [3], "gate": "sx", "parameters": [{"date": "2021-7-24", "name": "gate_error", "unit": "", "value": 0.0002068948716123102}, {"date": "2021-7-24", "name": "gate_length", "unit": "ns", "value": 35.55555555555556}], "name": "sx3"}, {"qubits": [4], "gate": "sx", "parameters": [{"date": "2021-7-24", "name": "gate_error", "unit": "", "value": 0.00019094776574822762}, {"date": "2021-7-24", "name": "gate_length", "unit": "ns", "value": 35.55555555555556}], "name": "sx4"}, {"qubits": [5], "gate": "sx", "parameters": [{"date": "2021-7-24", "name": "gate_error", "unit": "", "value": 0.00018176762049076957}, {"date": "2021-7-24", "name": "gate_length", "unit": "ns", "value": 35.55555555555556}], "name": "sx5"}, {"qubits": [6], "gate": "sx", "parameters": [{"date": "2021-7-24", "name": "gate_error", "unit": "", "value": 0.00039203808987630805}, {"date": "2021-7-24", "name": "gate_length", "unit": "ns", "value": 35.55555555555556}], "name": "sx6"}, {"qubits": [0], "gate": "x", "parameters": [{"date": "2021-7-24", "name": "gate_error", "unit": "", "value": 0.00043968678864810375}, {"date": "2021-7-24", "name": "gate_length", "unit": "ns", "value": 35.55555555555556}], "name": "x0"}, {"qubits": [1], "gate": "x", "parameters": [{"date": "2021-7-24", "name": "gate_error", "unit": "", "value": 0.0002976248605212825}, {"date": "2021-7-24", "name": "gate_length", "unit": "ns", "value": 35.55555555555556}], "name": "x1"}, {"qubits": [2], "gate": "x", "parameters": [{"date": "2021-7-24", "name": "gate_error", "unit": "", "value": 0.00017103837938697335}, {"date": "2021-7-24", "name": "gate_length", "unit": "ns", "value": 35.55555555555556}], "name": "x2"}, {"qubits": [3], "gate": "x", "parameters": [{"date": "2021-7-24", "name": "gate_error", "unit": "", "value": 0.0002068948716123102}, {"date": "2021-7-24", "name": "gate_length", "unit": "ns", "value": 35.55555555555556}], "name": "x3"}, {"qubits": [4], "gate": "x", "parameters": [{"date": "2021-7-24", "name": "gate_error", "unit": "", "value": 0.00019094776574822762}, {"date": "2021-7-24", "name": "gate_length", "unit": "ns", "value": 35.55555555555556}], "name": "x4"}, {"qubits": [5], "gate": "x", "parameters": [{"date": "2021-7-24", "name": "gate_error", "unit": "", "value": 0.00018176762049076957}, {"date": "2021-7-24", "name": "gate_length", "unit": "ns", "value": 35.55555555555556}], "name": "x5"}, {"qubits": [6], "gate": "x", "parameters": [{"date": "2021-7-24", "name": "gate_error", "unit": "", "value": 0.00039203808987630805}, {"date": "2021-7-24", "name": "gate_length", "unit": "ns", "value": 35.55555555555556}], "name": "x6"}, {"qubits": [5, 4], "gate": "cx", "parameters": [{"date": "2021-7-24", "name": "gate_error", "unit": "", "value": 0.005146086522234805}, {"date": "2021-7-21", "name": "gate_length", "unit": "ns", "value": 327.1111111111111}], "name": "cx5_4"}, {"qubits": [4, 5], "gate": "cx", "parameters": [{"date": "2021-7-24", "name": "gate_error", "unit": "", "value": 0.005146086522234805}, {"date": "2021-7-21", "name": "gate_length", "unit": "ns", "value": 362.66666666666663}], "name": "cx4_5"}, {"qubits": [3, 1], "gate": "cx", "parameters": [{"date": "2021-7-24", "name": "gate_error", "unit": "", "value": 0.006261955143934322}, {"date": "2021-7-21", "name": "gate_length", "unit": "ns", "value": 298.66666666666663}], "name": "cx3_1"}, {"qubits": [1, 3], "gate": "cx", "parameters": [{"date": "2021-7-24", "name": "gate_error", "unit": "", "value": 0.006261955143934322}, {"date": "2021-7-21", "name": "gate_length", "unit": "ns", "value": 334.22222222222223}], "name": "cx1_3"}, {"qubits": [5, 6], "gate": "cx", "parameters": [{"date": "2021-7-24", "name": "gate_error", "unit": "", "value": 0.006715389261918864}, {"date": "2021-7-21", "name": "gate_length", "unit": "ns", "value": 256}], "name": "cx5_6"}, {"qubits": [6, 5], "gate": "cx", "parameters": [{"date": "2021-7-24", "name": "gate_error", "unit": "", "value": 0.006715389261918864}, {"date": "2021-7-21", "name": "gate_length", "unit": "ns", "value": 291.55555555555554}], "name": "cx6_5"}, {"qubits": [5, 3], "gate": "cx", "parameters": [{"date": "2021-7-24", "name": "gate_error", "unit": "", "value": 0.004773457784555596}, {"date": "2021-7-21", "name": "gate_length", "unit": "ns", "value": 298.66666666666663}], "name": "cx5_3"}, {"qubits": [3, 5], "gate": "cx", "parameters": [{"date": "2021-7-24", "name": "gate_error", "unit": "", "value": 0.004773457784555596}, {"date": "2021-7-21", "name": "gate_length", "unit": "ns", "value": 334.22222222222223}], "name": "cx3_5"}, {"qubits": [2, 1], "gate": "cx", "parameters": [{"date": "2021-7-24", "name": "gate_error", "unit": "", "value": 0.005920827287135971}, {"date": "2021-7-21", "name": "gate_length", "unit": "ns", "value": 291.55555555555554}], "name": "cx2_1"}, {"qubits": [1, 2], "gate": "cx", "parameters": [{"date": "2021-7-24", "name": "gate_error", "unit": "", "value": 0.005920827287135971}, {"date": "2021-7-21", "name": "gate_length", "unit": "ns", "value": 327.1111111111111}], "name": "cx1_2"}, {"qubits": [0, 1], "gate": "cx", "parameters": [{"date": "2021-7-24", "name": "gate_error", "unit": "", "value": 0.012800836278648586}, {"date": "2021-7-21", "name": "gate_length", "unit": "ns", "value": 305.77777777777777}], "name": "cx0_1"}, {"qubits": [1, 0], "gate": "cx", "parameters": [{"date": "2021-7-24", "name": "gate_error", "unit": "", "value": 0.012800836278648586}, {"date": "2021-7-21", "name": "gate_length", "unit": "ns", "value": 341.3333333333333}], "name": "cx1_0"}, {"qubits": [0], "gate": "reset", "parameters": [{"date": "2021-7-24", "name": "gate_length", "unit": "ns", "value": 1002.6666666666666}], "name": "reset0"}, {"qubits": [1], "gate": "reset", "parameters": [{"date": "2021-7-24", "name": "gate_length", "unit": "ns", "value": 1002.6666666666666}], "name": "reset1"}, {"qubits": [2], "gate": "reset", "parameters": [{"date": "2021-7-24", "name": "gate_length", "unit": "ns", "value": 995.5555555555555}], "name": "reset2"}, {"qubits": [3], "gate": "reset", "parameters": [{"date": "2021-7-24", "name": "gate_length", "unit": "ns", "value": 988.4444444444443}], "name": "reset3"}, {"qubits": [4], "gate": "reset", "parameters": [{"date": "2021-7-24", "name": "gate_length", "unit": "ns", "value": 1002.6666666666666}], "name": "reset4"}, {"qubits": [5], "gate": "reset", "parameters": [{"date": "2021-7-24", "name": "gate_length", "unit": "ns", "value": 1002.6666666666666}], "name": "reset5"}, {"qubits": [6], "gate": "reset", "parameters": [{"date": "2021-7-24", "name": "gate_length", "unit": "ns", "value": 988.4444444444443}], "name": "reset6"}], "general": [{"date": "2021-7-24", "name": "jq_01", "unit": "GHz", "value": 0.0017239661070310697}, {"date": "2021-7-24", "name": "zz_01", "unit": "GHz", "value": -4.1551259389276154e-05}, {"date": "2021-7-24", "name": "jq_12", "unit": "GHz", "value": 0.003306427365570105}, {"date": "2021-7-24", "name": "zz_12", "unit": "GHz", "value": -0.00013691896518548322}, {"date": "2021-7-24", "name": "jq_45", "unit": "GHz", "value": 0.0033964931013144256}, {"date": "2021-7-24", "name": "zz_45", "unit": "GHz", "value": -0.00015134337521539932}, {"date": "2021-7-24", "name": "jq_56", "unit": "GHz", "value": 0.0032394441256406383}, {"date": "2021-7-24", "name": "zz_56", "unit": "GHz", "value": -0.0001381127844927418}, {"date": "2021-7-24", "name": "jq_13", "unit": "GHz", "value": 0.003219077603102807}, {"date": "2021-7-24", "name": "zz_13", "unit": "GHz", "value": -0.00013509145307819546}, {"date": "2021-7-24", "name": "jq_35", "unit": "GHz", "value": 0.0023455196332844842}, {"date": "2021-7-24", "name": "zz_35", "unit": "GHz", "value": -9.35336850076191e-05}]}