{"backend_name": "ibm_lagos", "backend_version": "1.0.1", "last_update_date": "2021-7-21", "qubits": [[{"date": "2021-7-21", "name": "T1", "unit": "us", "value": 103.997537453258}, {"date": "2021-7-21", "name": "T2", "unit": "us", "value": 40.77904745189857}, {"date": "2021-7-21", "name": "frequency", "unit": "GHz", "value": 5.235371984234393}, {"date": "2021-7-21", "name": "anharmonicity", "unit": "GHz", "value": -0.33986713855915607}, {"date": "2021-7-21", "name": "readout_error", "unit": "", "value": 0.1499999999999999}, {"date": "2021-7-21", "name": "prob_meas0_prep1", "unit": "", "value": 0.15333333333333332}, {"date": "2021-7-21", "name": "prob_meas1_prep0", "unit": "", "value": 0.1466666666666666}, {"date": "2021-7-21", "name": "readout_length", "unit": "ns", "value": 704}], [{"date": "2021-7-21", "name": "T1", "unit": "us", "value": 89.04143924643384}, {"date": "2021-7-21", "name": "T2", "unit": "us", "value": 122.5908040226303}, {"date": "2021-7-21", "name": "frequency", "unit": "GHz", "value": 5.0993480749669775}, {"date": "2021-7-21", "name": "anharmonicity", "unit": "GHz", "value": -0.3432484042938357}, {"date": "2021-7-21", "name": "readout_error", "unit": "", "value": 0.013333333333333308}, {"date": "2021-7-21", "name": "prob_meas0_prep1", "unit": "", "value": 0.023333333333333334}, {"date": "2021-7-21", "name": "prob_meas1_prep0", "unit": "", "value": 0.0033333333333332993}, {"date": "2021-7-21", "name": "readout_length", "unit": "ns", "value": 704}], [{"date": "2021-7-21", "name": "T1", "unit": "us", "value": 118.63728115759142}, {"date": "2021-7-21", "name": "T2", "unit": "us", "value": 91.83390105442288}, {"date": "2021-7-21", "name": "frequency", "unit": "GHz", "value": 5.187837526205371}, {"date": "2021-7-21", "name": "anharmonicity", "unit": "GHz", "value": -0.3419316690031256}, {"date": "2021-7-21", "name": "readout_error", "unit": "", "value": 0.007600000000000051}, {"date": "2021-7-21", "name": "prob_meas0_prep1", "unit": "", "value": 0.0086}, {"date": "2021-7-21", "name": "prob_meas1_prep0", "unit": "", "value": 0.00660000000000005}, {"date": "2021-7-21", "name": "readout_length", "unit": "ns", "value": 704}], [{"date": "2021-7-21", "name": "T1", "unit": "us", "value": 161.9776856749982}, {"date": "2021-7-21", "name": "T2", "unit": "us", "value": 107.28248314081713}, {"date": "2021-7-21", "name": "frequency", "unit": "GHz", "value": 4.986844643729001}, {"date": "2021-7-21", "name": "anharmonicity", "unit": "GHz", "value": -0.3452928861203798}, {"date": "2021-7-21", "name": "readout_error", "unit": "", "value": 0.0040999999999999925}, {"date": "2021-7-21", "name": "prob_meas0_prep1", "unit": "", "value": 0.0054}, {"date": "2021-7-21", "name": "prob_meas1_prep0", "unit": "", "value": 0.0028000000000000247}, {"date": "2021-7-21", "name": "readout_length", "unit": "ns", "value": 704}], [{"date": "2021-7-21", "name": "T1", "unit": "us", "value": 86.28462502245362}, {"date": "2021-7-21", "name": "T2", "unit": "us", "value": 29.87529891798659}, {"date": "2021-7-21", "name": "frequency", "unit": "GHz", "value": 5.285293458815306}, {"date": "2021-7-21", "name": "anharmonicity", "unit": "GHz", "value": -0.3392342674107948}, {"date": "2021-7-21", "name": "readout_error", "unit": "", "value": 0.009700000000000042}, {"date": "2021-7-21", "name": "prob_meas0_prep1", "unit": "", "value": 0.009000000000000008}, {"date": "2021-7-21", "name": "prob_meas1_prep0", "unit": "", "value": 0.0104}, {"date": "2021-7-21", "name": "readout_length", "unit": "ns", "value": 704}], [{"date": "2021-7-21", "name": "T1", "unit": "us", "value": 100.31323117221848}, {"date": "2021-7-21", "name": "T2", "unit": "us", "value": 90.47081455103314}, {"date": "2021-7-21", "name": "frequency", "unit": "GHz", "value": 5.176847861046135}, {"date": "2021-7-21", "name": "anharmonicity", "unit": "GHz", "value": -0.34079297245074963}, {"date": "2021-7-21", "name": "readout_error", "unit": "", "value": 0.012399999999999967}, {"date": "2021-7-21", "name": "prob_meas0_prep1", "unit": "", "value": 0.013}, {"date": "2021-7-21", "name": "prob_meas1_prep0", "unit": "", "value": 0.011800000000000033}, {"date": "2021-7-21", "name": "readout_length", "unit": "ns", "value": 704}], [{"date": "2021-7-21", "name": "T1", "unit": "us", "value": 161.21241561837925}, {"date": "2021-7-21", "name": "T2", "unit": "us", "value": 105.7435024585841}, {"date": "2021-7-21", "name": "frequency", "unit": "GHz", "value": 5.064100221698429}, {"date": "2021-7-21", "name": "anharmonicity", "unit": "GHz", "value": -0.34275836537159754}, {"date": "2021-7-21", "name": "readout_error", "unit": "", "value": 0.008099999999999996}, {"date": "2021-7-21", "name": "prob_meas0_prep1", "unit": "", "value": 0.01100000000000001}, {"date": "2021-7-21", "name": "prob_meas1_prep0", "unit": "", "value": 0.0052}, {"date": "2021-7-21", "name": "readout_length", "unit": "ns", "value": 704}]], "gates": [{"qubits": [0], "gate": "id", "parameters": [{"date": "2021-7-21", "name": "gate_error", "unit": "", "value": 0.0026414604747817183}, {"date": "2021-7-21", "name": "gate_length", "unit": "ns", "value": 35.55555555555556}], "name": "id0"}, {"qubits": [1], "gate": "id", "parameters": [{"date": "2021-7-21", "name": "gate_error", "unit": "", "value": 0.00023780043562182952}, {"date": "2021-7-21", "name": "gate_length", "unit": "ns", "value": 35.55555555555556}], "name": "id1"}, {"qubits": [2], "gate": "id", "parameters": [{"date": "2021-7-21", "name": "gate_error", "unit": "", "value": 0.00019078702686482093}, {"date": "2021-7-21", "name": "gate_length", "unit": "ns", "value": 35.55555555555556}], "name": "id2"}, {"qubits": [3], "gate": "id", "parameters": [{"date": "2021-7-21", "name": "gate_error", "unit": "", "value": 0.0002154544126217072}, {"date": "2021-7-21", "name": "gate_length", "unit": "ns", "value": 35.55555555555556}], "name": "id3"}, {"qubits": [4], "gate": "id", "parameters": [{"date": "2021-7-21", "name": "gate_error", "unit": "", "value": 0.00016660219348740978}, {"date": "2021-7-21", "name": "gate_length", "unit": "ns", "value": 35.55555555555556}], "name": "id4"}, {"qubits": [5], "gate": "id", "parameters": [{"date": "2021-7-21", "name": "gate_error", "unit": "", "value": 0.00018515556952139258}, {"date": "2021-7-21", "name": "gate_length", "unit": "ns", "value": 35.55555555555556}], "name": "id5"}, {"qubits": [6], "gate": "id", "parameters": [{"date": "2021-7-21", "name": "gate_error", "unit": "", "value": 0.00035980180570032436}, {"date": "2021-7-21", "name": "gate_length", "unit": "ns", "value": 35.55555555555556}], "name": "id6"}, {"qubits": [0], "gate": "rz", "parameters": [{"date": "2021-7-21", "name": "gate_error", "unit": "", "value": 0}, {"date": "2021-7-21", "name": "gate_length", "unit": "ns", "value": 0}], "name": "rz0"}, {"qubits": [1], "gate": "rz", "parameters": [{"date": "2021-7-21", "name": "gate_error", "unit": "", "value": 0}, {"date": "2021-7-21", "name": "gate_length", "unit": "ns", "value": 0}], "name": "rz1"}, {"qubits": [2], "gate": "rz", "parameters": [{"date": "2021-7-21", "name": "gate_error", "unit": "", "value": 0}, {"date": "2021-7-21", "name": "gate_length", "unit": "ns", "value": 0}], "name": "rz2"}, {"qubits": [3], "gate": "rz", "parameters": [{"date": "2021-7-21", "name": "gate_error", "unit": "", "value": 0}, {"date": "2021-7-21", "name": "gate_length", "unit": "ns", "value": 0}], "name": "rz3"}, {"qubits": [4], "gate": "rz", "parameters": [{"date": "2021-7-21", "name": "gate_error", "unit": "", "value": 0}, {"date": "2021-7-21", "name": "gate_length", "unit": "ns", "value": 0}], "name": "rz4"}, {"qubits": [5], "gate": "rz", "parameters": [{"date": "2021-7-21", "name": "gate_error", "unit": "", "value": 0}, {"date": "2021-7-21", "name": "gate_length", "unit": "ns", "value": 0}], "name": "rz5"}, {"qubits": [6], "gate": "rz", "parameters": [{"date": "2021-7-21", "name": "gate_error", "unit": "", "value": 0}, {"date": "2021-7-21", "name": "gate_length", "unit": "ns", "value": 0}], "name": "rz6"}, {"qubits": [0], "gate": "sx", "parameters": [{"date": "2021-7-21", "name": "gate_error", "unit": "", "value": 0.0026414604747817183}, {"date": "2021-7-21", "name": "gate_length", "unit": "ns", "value": 35.55555555555556}], "name": "sx0"}, {"qubits": [1], "gate": "sx", "parameters": [{"date": "2021-7-21", "name": "gate_error", "unit": "", "value": 0.00023780043562182952}, {"date": "2021-7-21", "name": "gate_length", "unit": "ns", "value": 35.55555555555556}], "name": "sx1"}, {"qubits": [2], "gate": "sx", "parameters": [{"date": "2021-7-21", "name": "gate_error", "unit": "", "value": 0.00019078702686482093}, {"date": "2021-7-21", "name": "gate_length", "unit": "ns", "value": 35.55555555555556}], "name": "sx2"}, {"qubits": [3], "gate": "sx", "parameters": [{"date": "2021-7-21", "name": "gate_error", "unit": "", "value": 0.0002154544126217072}, {"date": "2021-7-21", "name": "gate_length", "unit": "ns", "value": 35.55555555555556}], "name": "sx3"}, {"qubits": [4], "gate": "sx", "parameters": [{"date": "2021-7-21", "name": "gate_error", "unit": "", "value": 0.00016660219348740978}, {"date": "2021-7-21", "name": "gate_length", "unit": "ns", "value": 35.55555555555556}], "name": "sx4"}, {"qubits": [5], "gate": "sx", "parameters": [{"date": "2021-7-21", "name": "gate_error", "unit": "", "value": 0.00018515556952139258}, {"date": "2021-7-21", "name": "gate_length", "unit": "ns", "value": 35.55555555555556}], "name": "sx5"}, {"qubits": [6], "gate": "sx", "parameters": [{"date": "2021-7-21", "name": "gate_error", "unit": "", "value": 0.00035980180570032436}, {"date": "2021-7-21", "name": "gate_length", "unit": "ns", "value": 35.55555555555556}], "name": "sx6"}, {"qubits": [0], "gate": "x", "parameters": [{"date": "2021-7-21", "name": "gate_error", "unit": "", "value": 0.0026414604747817183}, {"date": "2021-7-21", "name": "gate_length", "unit": "ns", "value": 35.55555555555556}], "name": "x0"}, {"qubits": [1], "gate": "x", "parameters": [{"date": "2021-7-21", "name": "gate_error", "unit": "", "value": 0.00023780043562182952}, {"date": "2021-7-21", "name": "gate_length", "unit": "ns", "value": 35.55555555555556}], "name": "x1"}, {"qubits": [2], "gate": "x", "parameters": [{"date": "2021-7-21", "name": "gate_error", "unit": "", "value": 0.00019078702686482093}, {"date": "2021-7-21", "name": "gate_length", "unit": "ns", "value": 35.55555555555556}], "name": "x2"}, {"qubits": [3], "gate": "x", "parameters": [{"date": "2021-7-21", "name": "gate_error", "unit": "", "value": 0.0002154544126217072}, {"date": "2021-7-21", "name": "gate_length", "unit": "ns", "value": 35.55555555555556}], "name": "x3"}, {"qubits": [4], "gate": "x", "parameters": [{"date": "2021-7-21", "name": "gate_error", "unit": "", "value": 0.00016660219348740978}, {"date": "2021-7-21", "name": "gate_length", "unit": "ns", "value": 35.55555555555556}], "name": "x4"}, {"qubits": [5], "gate": "x", "parameters": [{"date": "2021-7-21", "name": "gate_error", "unit": "", "value": 0.00018515556952139258}, {"date": "2021-7-21", "name": "gate_length", "unit": "ns", "value": 35.55555555555556}], "name": "x5"}, {"qubits": [6], "gate": "x", "parameters": [{"date": "2021-7-21", "name": "gate_error", "unit": "", "value": 0.00035980180570032436}, {"date": "2021-7-21", "name": "gate_length", "unit": "ns", "value": 35.55555555555556}], "name": "x6"}, {"qubits": [0, 1], "gate": "cx", "parameters": [{"date": "2021-7-21", "name": "gate_error", "unit": "", "value": 0.016159663028343985}, {"date": "2021-7-18", "name": "gate_length", "unit": "ns", "value": 305.77777777777777}], "name": "cx0_1"}, {"qubits": [1, 0], "gate": "cx", "parameters": [{"date": "2021-7-21", "name": "gate_error", "unit": "", "value": 0.016159663028343985}, {"date": "2021-7-18", "name": "gate_length", "unit": "ns", "value": 341.3333333333333}], "name": "cx1_0"}, {"qubits": [5, 4], "gate": "cx", "parameters": [{"date": "2021-7-21", "name": "gate_error", "unit": "", "value": 0.005432399220321238}, {"date": "2021-7-18", "name": "gate_length", "unit": "ns", "value": 327.1111111111111}], "name": "cx5_4"}, {"qubits": [4, 5], "gate": "cx", "parameters": [{"date": "2021-7-21", "name": "gate_error", "unit": "", "value": 0.005432399220321238}, {"date": "2021-7-18", "name": "gate_length", "unit": "ns", "value": 362.66666666666663}], "name": "cx4_5"}, {"qubits": [3, 1], "gate": "cx", "parameters": [{"date": "2021-7-21", "name": "gate_error", "unit": "", "value": 0.005962756735828717}, {"date": "2021-7-18", "name": "gate_length", "unit": "ns", "value": 298.66666666666663}], "name": "cx3_1"}, {"qubits": [1, 3], "gate": "cx", "parameters": [{"date": "2021-7-21", "name": "gate_error", "unit": "", "value": 0.005962756735828717}, {"date": "2021-7-18", "name": "gate_length", "unit": "ns", "value": 334.22222222222223}], "name": "cx1_3"}, {"qubits": [5, 6], "gate": "cx", "parameters": [{"date": "2021-7-21", "name": "gate_error", "unit": "", "value": 0.00596320200731737}, {"date": "2021-7-18", "name": "gate_length", "unit": "ns", "value": 256}], "name": "cx5_6"}, {"qubits": [6, 5], "gate": "cx", "parameters": [{"date": "2021-7-21", "name": "gate_error", "unit": "", "value": 0.00596320200731737}, {"date": "2021-7-18", "name": "gate_length", "unit": "ns", "value": 291.55555555555554}], "name": "cx6_5"}, {"qubits": [5, 3], "gate": "cx", "parameters": [{"date": "2021-7-21", "name": "gate_error", "unit": "", "value": 0.0045445931203178525}, {"date": "2021-7-18", "name": "gate_length", "unit": "ns", "value": 298.66666666666663}], "name": "cx5_3"}, {"qubits": [3, 5], "gate": "cx", "parameters": [{"date": "2021-7-21", "name": "gate_error", "unit": "", "value": 0.0045445931203178525}, {"date": "2021-7-18", "name": "gate_length", "unit": "ns", "value": 334.22222222222223}], "name": "cx3_5"}, {"qubits": [2, 1], "gate": "cx", "parameters": [{"date": "2021-7-21", "name": "gate_error", "unit": "", "value": 0.006634126723676442}, {"date": "2021-7-18", "name": "gate_length", "unit": "ns", "value": 291.55555555555554}], "name": "cx2_1"}, {"qubits": [1, 2], "gate": "cx", "parameters": [{"date": "2021-7-21", "name": "gate_error", "unit": "", "value": 0.006634126723676442}, {"date": "2021-7-18", "name": "gate_length", "unit": "ns", "value": 327.1111111111111}], "name": "cx1_2"}, {"qubits": [0], "gate": "reset", "parameters": [{"date": "2021-7-21", "name": "gate_length", "unit": "ns", "value": 1002.6666666666666}], "name": "reset0"}, {"qubits": [1], "gate": "reset", "parameters": [{"date": "2021-7-21", "name": "gate_length", "unit": "ns", "value": 1002.6666666666666}], "name": "reset1"}, {"qubits": [2], "gate": "reset", "parameters": [{"date": "2021-7-21", "name": "gate_length", "unit": "ns", "value": 995.5555555555555}], "name": "reset2"}, {"qubits": [3], "gate": "reset", "parameters": [{"date": "2021-7-21", "name": "gate_length", "unit": "ns", "value": 988.4444444444443}], "name": "reset3"}, {"qubits": [4], "gate": "reset", "parameters": [{"date": "2021-7-21", "name": "gate_length", "unit": "ns", "value": 1002.6666666666666}], "name": "reset4"}, {"qubits": [5], "gate": "reset", "parameters": [{"date": "2021-7-21", "name": "gate_length", "unit": "ns", "value": 1002.6666666666666}], "name": "reset5"}, {"qubits": [6], "gate": "reset", "parameters": [{"date": "2021-7-21", "name": "gate_length", "unit": "ns", "value": 988.4444444444443}], "name": "reset6"}], "general": [{"date": "2021-7-21", "name": "jq_01", "unit": "GHz", "value": 0.0017239661070310697}, {"date": "2021-7-21", "name": "zz_01", "unit": "GHz", "value": -4.1551259389276154e-05}, {"date": "2021-7-21", "name": "jq_12", "unit": "GHz", "value": 0.003306427365570105}, {"date": "2021-7-21", "name": "zz_12", "unit": "GHz", "value": -0.00013691896518548322}, {"date": "2021-7-21", "name": "jq_45", "unit": "GHz", "value": 0.0033964931013144256}, {"date": "2021-7-21", "name": "zz_45", "unit": "GHz", "value": -0.00015134337521539932}, {"date": "2021-7-21", "name": "jq_56", "unit": "GHz", "value": 0.0032394441256406383}, {"date": "2021-7-21", "name": "zz_56", "unit": "GHz", "value": -0.0001381127844927418}, {"date": "2021-7-21", "name": "jq_13", "unit": "GHz", "value": 0.003219077603102807}, {"date": "2021-7-21", "name": "zz_13", "unit": "GHz", "value": -0.00013509145307819546}, {"date": "2021-7-21", "name": "jq_35", "unit": "GHz", "value": 0.0023455196332844842}, {"date": "2021-7-21", "name": "zz_35", "unit": "GHz", "value": -9.35336850076191e-05}]}