{"backend_name": "ibm_lagos", "backend_version": "1.0.4", "last_update_date": "2021-9-22", "qubits": [[{"date": "2021-9-22", "name": "T1", "unit": "us", "value": 175.13059175291457}, {"date": "2021-9-21", "name": "T2", "unit": "us", "value": 30.66596738724289}, {"date": "2021-9-22", "name": "frequency", "unit": "GHz", "value": 5.235398565905416}, {"date": "2021-9-22", "name": "anharmonicity", "unit": "GHz", "value": -0.33986713855915607}, {"date": "2021-9-21", "name": "readout_error", "unit": "", "value": 0.01539999999999997}, {"date": "2021-9-21", "name": "prob_meas0_prep1", "unit": "", "value": 0.0126}, {"date": "2021-9-21", "name": "prob_meas1_prep0", "unit": "", "value": 0.018199999999999994}, {"date": "2021-9-21", "name": "readout_length", "unit": "ns", "value": 704}], [{"date": "2021-9-22", "name": "T1", "unit": "us", "value": 96.94413663013937}, {"date": "2021-9-21", "name": "T2", "unit": "us", "value": 110.39186023512059}, {"date": "2021-9-22", "name": "frequency", "unit": "GHz", "value": 5.099408343580582}, {"date": "2021-9-22", "name": "anharmonicity", "unit": "GHz", "value": -0.3432484042938357}, {"date": "2021-9-21", "name": "readout_error", "unit": "", "value": 0.01539999999999997}, {"date": "2021-9-21", "name": "prob_meas0_prep1", "unit": "", "value": 0.0172}, {"date": "2021-9-21", "name": "prob_meas1_prep0", "unit": "", "value": 0.013599999999999945}, {"date": "2021-9-21", "name": "readout_length", "unit": "ns", "value": 704}], [{"date": "2021-9-22", "name": "T1", "unit": "us", "value": 129.6593399185836}, {"date": "2021-9-21", "name": "T2", "unit": "us", "value": 125.3750716571943}, {"date": "2021-9-22", "name": "frequency", "unit": "GHz", "value": 5.187913012344237}, {"date": "2021-9-22", "name": "anharmonicity", "unit": "GHz", "value": -0.3419316690031256}, {"date": "2021-9-21", "name": "readout_error", "unit": "", "value": 0.007000000000000006}, {"date": "2021-9-21", "name": "prob_meas0_prep1", "unit": "", "value": 0.0058}, {"date": "2021-9-21", "name": "prob_meas1_prep0", "unit": "", "value": 0.008199999999999985}, {"date": "2021-9-21", "name": "readout_length", "unit": "ns", "value": 704}], [{"date": "2021-9-22", "name": "T1", "unit": "us", "value": 200.8020640150909}, {"date": "2021-9-21", "name": "T2", "unit": "us", "value": 110.99796197242081}, {"date": "2021-9-22", "name": "frequency", "unit": "GHz", "value": 4.986863006760789}, {"date": "2021-9-22", "name": "anharmonicity", "unit": "GHz", "value": -0.3452928861203798}, {"date": "2021-9-21", "name": "readout_error", "unit": "", "value": 0.007900000000000018}, {"date": "2021-9-21", "name": "prob_meas0_prep1", "unit": "", "value": 0.0114}, {"date": "2021-9-21", "name": "prob_meas1_prep0", "unit": "", "value": 0.0043999999999999595}, {"date": "2021-9-21", "name": "readout_length", "unit": "ns", "value": 704}], [{"date": "2021-9-22", "name": "T1", "unit": "us", "value": 106.11014260072173}, {"date": "2021-9-21", "name": "T2", "unit": "us", "value": 25.193407563221246}, {"date": "2021-9-22", "name": "frequency", "unit": "GHz", "value": 5.285344673739274}, {"date": "2021-9-22", "name": "anharmonicity", "unit": "GHz", "value": -0.3392342674107948}, {"date": "2021-9-21", "name": "readout_error", "unit": "", "value": 0.00990000000000002}, {"date": "2021-9-21", "name": "prob_meas0_prep1", "unit": "", "value": 0.01100000000000001}, {"date": "2021-9-21", "name": "prob_meas1_prep0", "unit": "", "value": 0.0088}, {"date": "2021-9-21", "name": "readout_length", "unit": "ns", "value": 704}], [{"date": "2021-9-22", "name": "T1", "unit": "us", "value": 103.08980047789423}, {"date": "2021-9-21", "name": "T2", "unit": "us", "value": 55.97270223663105}, {"date": "2021-9-22", "name": "frequency", "unit": "GHz", "value": 5.176868908689913}, {"date": "2021-9-22", "name": "anharmonicity", "unit": "GHz", "value": -0.34079297245074963}, {"date": "2021-9-21", "name": "readout_error", "unit": "", "value": 0.027800000000000047}, {"date": "2021-9-21", "name": "prob_meas0_prep1", "unit": "", "value": 0.0348}, {"date": "2021-9-21", "name": "prob_meas1_prep0", "unit": "", "value": 0.02080000000000004}, {"date": "2021-9-21", "name": "readout_length", "unit": "ns", "value": 704}], [{"date": "2021-9-22", "name": "T1", "unit": "us", "value": 88.46383435641346}, {"date": "2021-9-21", "name": "T2", "unit": "us", "value": 105.77962279969462}, {"date": "2021-9-22", "name": "frequency", "unit": "GHz", "value": 5.064020849800272}, {"date": "2021-9-22", "name": "anharmonicity", "unit": "GHz", "value": -0.34275836537159754}, {"date": "2021-9-21", "name": "readout_error", "unit": "", "value": 0.007600000000000051}, {"date": "2021-9-21", "name": "prob_meas0_prep1", "unit": "", "value": 0.0108}, {"date": "2021-9-21", "name": "prob_meas1_prep0", "unit": "", "value": 0.0043999999999999595}, {"date": "2021-9-21", "name": "readout_length", "unit": "ns", "value": 704}]], "gates": [{"qubits": [0], "gate": "id", "parameters": [{"date": "2021-9-21", "name": "gate_error", "unit": "", "value": 0.00020836140932368997}, {"date": "2021-9-22", "name": "gate_length", "unit": "ns", "value": 35.55555555555556}], "name": "id0"}, {"qubits": [1], "gate": "id", "parameters": [{"date": "2021-9-21", "name": "gate_error", "unit": "", "value": 0.00021501086184764188}, {"date": "2021-9-22", "name": "gate_length", "unit": "ns", "value": 35.55555555555556}], "name": "id1"}, {"qubits": [2], "gate": "id", "parameters": [{"date": "2021-9-21", "name": "gate_error", "unit": "", "value": 0.00014662287798327225}, {"date": "2021-9-22", "name": "gate_length", "unit": "ns", "value": 35.55555555555556}], "name": "id2"}, {"qubits": [3], "gate": "id", "parameters": [{"date": "2021-9-21", "name": "gate_error", "unit": "", "value": 0.00018296938126355336}, {"date": "2021-9-22", "name": "gate_length", "unit": "ns", "value": 35.55555555555556}], "name": "id3"}, {"qubits": [4], "gate": "id", "parameters": [{"date": "2021-9-21", "name": "gate_error", "unit": "", "value": 0.000252394404132667}, {"date": "2021-9-22", "name": "gate_length", "unit": "ns", "value": 35.55555555555556}], "name": "id4"}, {"qubits": [5], "gate": "id", "parameters": [{"date": "2021-9-21", "name": "gate_error", "unit": "", "value": 0.001207470269206072}, {"date": "2021-9-22", "name": "gate_length", "unit": "ns", "value": 35.55555555555556}], "name": "id5"}, {"qubits": [6], "gate": "id", "parameters": [{"date": "2021-9-21", "name": "gate_error", "unit": "", "value": 0.0002122797754370676}, {"date": "2021-9-22", "name": "gate_length", "unit": "ns", "value": 35.55555555555556}], "name": "id6"}, {"qubits": [0], "gate": "rz", "parameters": [{"date": "2021-9-22", "name": "gate_error", "unit": "", "value": 0}, {"date": "2021-9-22", "name": "gate_length", "unit": "ns", "value": 0}], "name": "rz0"}, {"qubits": [1], "gate": "rz", "parameters": [{"date": "2021-9-22", "name": "gate_error", "unit": "", "value": 0}, {"date": "2021-9-22", "name": "gate_length", "unit": "ns", "value": 0}], "name": "rz1"}, {"qubits": [2], "gate": "rz", "parameters": [{"date": "2021-9-22", "name": "gate_error", "unit": "", "value": 0}, {"date": "2021-9-22", "name": "gate_length", "unit": "ns", "value": 0}], "name": "rz2"}, {"qubits": [3], "gate": "rz", "parameters": [{"date": "2021-9-22", "name": "gate_error", "unit": "", "value": 0}, {"date": "2021-9-22", "name": "gate_length", "unit": "ns", "value": 0}], "name": "rz3"}, {"qubits": [4], "gate": "rz", "parameters": [{"date": "2021-9-22", "name": "gate_error", "unit": "", "value": 0}, {"date": "2021-9-22", "name": "gate_length", "unit": "ns", "value": 0}], "name": "rz4"}, {"qubits": [5], "gate": "rz", "parameters": [{"date": "2021-9-22", "name": "gate_error", "unit": "", "value": 0}, {"date": "2021-9-22", "name": "gate_length", "unit": "ns", "value": 0}], "name": "rz5"}, {"qubits": [6], "gate": "rz", "parameters": [{"date": "2021-9-22", "name": "gate_error", "unit": "", "value": 0}, {"date": "2021-9-22", "name": "gate_length", "unit": "ns", "value": 0}], "name": "rz6"}, {"qubits": [0], "gate": "sx", "parameters": [{"date": "2021-9-21", "name": "gate_error", "unit": "", "value": 0.00020836140932368997}, {"date": "2021-9-22", "name": "gate_length", "unit": "ns", "value": 35.55555555555556}], "name": "sx0"}, {"qubits": [1], "gate": "sx", "parameters": [{"date": "2021-9-21", "name": "gate_error", "unit": "", "value": 0.00021501086184764188}, {"date": "2021-9-22", "name": "gate_length", "unit": "ns", "value": 35.55555555555556}], "name": "sx1"}, {"qubits": [2], "gate": "sx", "parameters": [{"date": "2021-9-21", "name": "gate_error", "unit": "", "value": 0.00014662287798327225}, {"date": "2021-9-22", "name": "gate_length", "unit": "ns", "value": 35.55555555555556}], "name": "sx2"}, {"qubits": [3], "gate": "sx", "parameters": [{"date": "2021-9-21", "name": "gate_error", "unit": "", "value": 0.00018296938126355336}, {"date": "2021-9-22", "name": "gate_length", "unit": "ns", "value": 35.55555555555556}], "name": "sx3"}, {"qubits": [4], "gate": "sx", "parameters": [{"date": "2021-9-21", "name": "gate_error", "unit": "", "value": 0.000252394404132667}, {"date": "2021-9-22", "name": "gate_length", "unit": "ns", "value": 35.55555555555556}], "name": "sx4"}, {"qubits": [5], "gate": "sx", "parameters": [{"date": "2021-9-21", "name": "gate_error", "unit": "", "value": 0.001207470269206072}, {"date": "2021-9-22", "name": "gate_length", "unit": "ns", "value": 35.55555555555556}], "name": "sx5"}, {"qubits": [6], "gate": "sx", "parameters": [{"date": "2021-9-21", "name": "gate_error", "unit": "", "value": 0.0002122797754370676}, {"date": "2021-9-22", "name": "gate_length", "unit": "ns", "value": 35.55555555555556}], "name": "sx6"}, {"qubits": [0], "gate": "x", "parameters": [{"date": "2021-9-21", "name": "gate_error", "unit": "", "value": 0.00020836140932368997}, {"date": "2021-9-22", "name": "gate_length", "unit": "ns", "value": 35.55555555555556}], "name": "x0"}, {"qubits": [1], "gate": "x", "parameters": [{"date": "2021-9-21", "name": "gate_error", "unit": "", "value": 0.00021501086184764188}, {"date": "2021-9-22", "name": "gate_length", "unit": "ns", "value": 35.55555555555556}], "name": "x1"}, {"qubits": [2], "gate": "x", "parameters": [{"date": "2021-9-21", "name": "gate_error", "unit": "", "value": 0.00014662287798327225}, {"date": "2021-9-22", "name": "gate_length", "unit": "ns", "value": 35.55555555555556}], "name": "x2"}, {"qubits": [3], "gate": "x", "parameters": [{"date": "2021-9-21", "name": "gate_error", "unit": "", "value": 0.00018296938126355336}, {"date": "2021-9-22", "name": "gate_length", "unit": "ns", "value": 35.55555555555556}], "name": "x3"}, {"qubits": [4], "gate": "x", "parameters": [{"date": "2021-9-21", "name": "gate_error", "unit": "", "value": 0.000252394404132667}, {"date": "2021-9-22", "name": "gate_length", "unit": "ns", "value": 35.55555555555556}], "name": "x4"}, {"qubits": [5], "gate": "x", "parameters": [{"date": "2021-9-21", "name": "gate_error", "unit": "", "value": 0.001207470269206072}, {"date": "2021-9-22", "name": "gate_length", "unit": "ns", "value": 35.55555555555556}], "name": "x5"}, {"qubits": [6], "gate": "x", "parameters": [{"date": "2021-9-21", "name": "gate_error", "unit": "", "value": 0.0002122797754370676}, {"date": "2021-9-22", "name": "gate_length", "unit": "ns", "value": 35.55555555555556}], "name": "x6"}, {"qubits": [5, 4], "gate": "cx", "parameters": [{"date": "2021-9-21", "name": "gate_error", "unit": "", "value": 0.03072333018441109}, {"date": "2021-9-19", "name": "gate_length", "unit": "ns", "value": 327.1111111111111}], "name": "cx5_4"}, {"qubits": [4, 5], "gate": "cx", "parameters": [{"date": "2021-9-21", "name": "gate_error", "unit": "", "value": 0.03072333018441109}, {"date": "2021-9-19", "name": "gate_length", "unit": "ns", "value": 362.66666666666663}], "name": "cx4_5"}, {"qubits": [3, 1], "gate": "cx", "parameters": [{"date": "2021-9-21", "name": "gate_error", "unit": "", "value": 0.009345120190392714}, {"date": "2021-9-19", "name": "gate_length", "unit": "ns", "value": 298.66666666666663}], "name": "cx3_1"}, {"qubits": [1, 3], "gate": "cx", "parameters": [{"date": "2021-9-21", "name": "gate_error", "unit": "", "value": 0.009345120190392714}, {"date": "2021-9-19", "name": "gate_length", "unit": "ns", "value": 334.22222222222223}], "name": "cx1_3"}, {"qubits": [5, 6], "gate": "cx", "parameters": [{"date": "2021-9-21", "name": "gate_error", "unit": "", "value": 0.00900369111481214}, {"date": "2021-9-19", "name": "gate_length", "unit": "ns", "value": 256}], "name": "cx5_6"}, {"qubits": [6, 5], "gate": "cx", "parameters": [{"date": "2021-9-21", "name": "gate_error", "unit": "", "value": 0.00900369111481214}, {"date": "2021-9-19", "name": "gate_length", "unit": "ns", "value": 291.55555555555554}], "name": "cx6_5"}, {"qubits": [5, 3], "gate": "cx", "parameters": [{"date": "2021-9-21", "name": "gate_error", "unit": "", "value": 0.008655114711133366}, {"date": "2021-9-19", "name": "gate_length", "unit": "ns", "value": 298.66666666666663}], "name": "cx5_3"}, {"qubits": [3, 5], "gate": "cx", "parameters": [{"date": "2021-9-21", "name": "gate_error", "unit": "", "value": 0.008655114711133366}, {"date": "2021-9-19", "name": "gate_length", "unit": "ns", "value": 334.22222222222223}], "name": "cx3_5"}, {"qubits": [2, 1], "gate": "cx", "parameters": [{"date": "2021-9-21", "name": "gate_error", "unit": "", "value": 0.005008457677524225}, {"date": "2021-9-19", "name": "gate_length", "unit": "ns", "value": 291.55555555555554}], "name": "cx2_1"}, {"qubits": [1, 2], "gate": "cx", "parameters": [{"date": "2021-9-21", "name": "gate_error", "unit": "", "value": 0.005008457677524225}, {"date": "2021-9-19", "name": "gate_length", "unit": "ns", "value": 327.1111111111111}], "name": "cx1_2"}, {"qubits": [0, 1], "gate": "cx", "parameters": [{"date": "2021-9-21", "name": "gate_error", "unit": "", "value": 0.008106556510002194}, {"date": "2021-9-19", "name": "gate_length", "unit": "ns", "value": 305.77777777777777}], "name": "cx0_1"}, {"qubits": [1, 0], "gate": "cx", "parameters": [{"date": "2021-9-21", "name": "gate_error", "unit": "", "value": 0.008106556510002194}, {"date": "2021-9-19", "name": "gate_length", "unit": "ns", "value": 341.3333333333333}], "name": "cx1_0"}, {"qubits": [0], "gate": "reset", "parameters": [{"date": "2021-9-22", "name": "gate_length", "unit": "ns", "value": 1002.6666666666666}], "name": "reset0"}, {"qubits": [1], "gate": "reset", "parameters": [{"date": "2021-9-22", "name": "gate_length", "unit": "ns", "value": 1002.6666666666666}], "name": "reset1"}, {"qubits": [2], "gate": "reset", "parameters": [{"date": "2021-9-22", "name": "gate_length", "unit": "ns", "value": 995.5555555555555}], "name": "reset2"}, {"qubits": [3], "gate": "reset", "parameters": [{"date": "2021-9-22", "name": "gate_length", "unit": "ns", "value": 988.4444444444443}], "name": "reset3"}, {"qubits": [4], "gate": "reset", "parameters": [{"date": "2021-9-22", "name": "gate_length", "unit": "ns", "value": 1002.6666666666666}], "name": "reset4"}, {"qubits": [5], "gate": "reset", "parameters": [{"date": "2021-9-22", "name": "gate_length", "unit": "ns", "value": 1002.6666666666666}], "name": "reset5"}, {"qubits": [6], "gate": "reset", "parameters": [{"date": "2021-9-22", "name": "gate_length", "unit": "ns", "value": 988.4444444444443}], "name": "reset6"}], "general": [{"date": "2021-9-22", "name": "jq_01", "unit": "GHz", "value": 0.0017239661070310697}, {"date": "2021-9-22", "name": "zz_01", "unit": "GHz", "value": -4.1551259389276154e-05}, {"date": "2021-9-22", "name": "jq_12", "unit": "GHz", "value": 0.003306427365570105}, {"date": "2021-9-22", "name": "zz_12", "unit": "GHz", "value": -0.00013691896518548322}, {"date": "2021-9-22", "name": "jq_45", "unit": "GHz", "value": 0.0033964931013144256}, {"date": "2021-9-22", "name": "zz_45", "unit": "GHz", "value": -0.00015134337521539932}, {"date": "2021-9-22", "name": "jq_56", "unit": "GHz", "value": 0.0032394441256406383}, {"date": "2021-9-22", "name": "zz_56", "unit": "GHz", "value": -0.0001381127844927418}, {"date": "2021-9-22", "name": "jq_13", "unit": "GHz", "value": 0.003219077603102807}, {"date": "2021-9-22", "name": "zz_13", "unit": "GHz", "value": -0.00013509145307819546}, {"date": "2021-9-22", "name": "jq_35", "unit": "GHz", "value": 0.0023455196332844842}, {"date": "2021-9-22", "name": "zz_35", "unit": "GHz", "value": -9.35336850076191e-05}]}