{"backend_name": "ibm_lagos", "backend_version": "1.0.5", "last_update_date": "2021-9-30", "qubits": [[{"date": "2021-9-30", "name": "T1", "unit": "us", "value": 167.0406028456838}, {"date": "2021-9-30", "name": "T2", "unit": "us", "value": 33.63579977275932}, {"date": "2021-9-30", "name": "frequency", "unit": "GHz", "value": 5.23540407284771}, {"date": "2021-9-30", "name": "anharmonicity", "unit": "GHz", "value": -0.33986713855915607}, {"date": "2021-9-30", "name": "readout_error", "unit": "", "value": 0.01079999999999992}, {"date": "2021-9-30", "name": "prob_meas0_prep1", "unit": "", "value": 0.0144}, {"date": "2021-9-30", "name": "prob_meas1_prep0", "unit": "", "value": 0.007199999999999984}, {"date": "2021-9-30", "name": "readout_length", "unit": "ns", "value": 704}], [{"date": "2021-9-30", "name": "T1", "unit": "us", "value": 90.87241300792765}, {"date": "2021-9-30", "name": "T2", "unit": "us", "value": 80.7363295908815}, {"date": "2021-9-30", "name": "frequency", "unit": "GHz", "value": 5.099411059308057}, {"date": "2021-9-30", "name": "anharmonicity", "unit": "GHz", "value": -0.3432484042938357}, {"date": "2021-9-30", "name": "readout_error", "unit": "", "value": 0.015700000000000047}, {"date": "2021-9-30", "name": "prob_meas0_prep1", "unit": "", "value": 0.0232}, {"date": "2021-9-30", "name": "prob_meas1_prep0", "unit": "", "value": 0.008199999999999985}, {"date": "2021-9-30", "name": "readout_length", "unit": "ns", "value": 704}], [{"date": "2021-9-30", "name": "T1", "unit": "us", "value": 141.52117383456246}, {"date": "2021-9-30", "name": "T2", "unit": "us", "value": 104.96891659159513}, {"date": "2021-9-30", "name": "frequency", "unit": "GHz", "value": 5.18792084077755}, {"date": "2021-9-30", "name": "anharmonicity", "unit": "GHz", "value": -0.3419316690031256}, {"date": "2021-9-30", "name": "readout_error", "unit": "", "value": 0.005900000000000016}, {"date": "2021-9-30", "name": "prob_meas0_prep1", "unit": "", "value": 0.0048}, {"date": "2021-9-30", "name": "prob_meas1_prep0", "unit": "", "value": 0.007000000000000006}, {"date": "2021-9-30", "name": "readout_length", "unit": "ns", "value": 704}], [{"date": "2021-9-30", "name": "T1", "unit": "us", "value": 87.74821595547344}, {"date": "2021-9-30", "name": "T2", "unit": "us", "value": 111.99984260361278}, {"date": "2021-9-30", "name": "frequency", "unit": "GHz", "value": 4.986871417808498}, {"date": "2021-9-30", "name": "anharmonicity", "unit": "GHz", "value": -0.3452928861203798}, {"date": "2021-9-30", "name": "readout_error", "unit": "", "value": 0.00539999999999996}, {"date": "2021-9-30", "name": "prob_meas0_prep1", "unit": "", "value": 0.0064}, {"date": "2021-9-30", "name": "prob_meas1_prep0", "unit": "", "value": 0.0043999999999999595}, {"date": "2021-9-30", "name": "readout_length", "unit": "ns", "value": 704}], [{"date": "2021-9-30", "name": "T1", "unit": "us", "value": 104.85255489305652}, {"date": "2021-9-30", "name": "T2", "unit": "us", "value": 29.920298719064196}, {"date": "2021-9-30", "name": "frequency", "unit": "GHz", "value": 5.285331096857097}, {"date": "2021-9-30", "name": "anharmonicity", "unit": "GHz", "value": -0.3392342674107948}, {"date": "2021-9-30", "name": "readout_error", "unit": "", "value": 0.009199999999999986}, {"date": "2021-9-30", "name": "prob_meas0_prep1", "unit": "", "value": 0.009199999999999986}, {"date": "2021-9-30", "name": "prob_meas1_prep0", "unit": "", "value": 0.0092}, {"date": "2021-9-30", "name": "readout_length", "unit": "ns", "value": 704}], [{"date": "2021-9-30", "name": "T1", "unit": "us", "value": 125.8167480663205}, {"date": "2021-9-30", "name": "T2", "unit": "us", "value": 77.77710607678945}, {"date": "2021-9-30", "name": "frequency", "unit": "GHz", "value": 5.176859997643366}, {"date": "2021-9-30", "name": "anharmonicity", "unit": "GHz", "value": -0.34079297245074963}, {"date": "2021-9-30", "name": "readout_error", "unit": "", "value": 0.01429999999999998}, {"date": "2021-9-30", "name": "prob_meas0_prep1", "unit": "", "value": 0.016}, {"date": "2021-9-30", "name": "prob_meas1_prep0", "unit": "", "value": 0.012599999999999945}, {"date": "2021-9-30", "name": "readout_length", "unit": "ns", "value": 704}], [{"date": "2021-9-30", "name": "T1", "unit": "us", "value": 156.82750390682529}, {"date": "2021-9-30", "name": "T2", "unit": "us", "value": 110.38664643275607}, {"date": "2021-9-30", "name": "frequency", "unit": "GHz", "value": 5.064109385740151}, {"date": "2021-9-30", "name": "anharmonicity", "unit": "GHz", "value": -0.34275836537159754}, {"date": "2021-9-30", "name": "readout_error", "unit": "", "value": 0.00990000000000002}, {"date": "2021-9-30", "name": "prob_meas0_prep1", "unit": "", "value": 0.0102}, {"date": "2021-9-30", "name": "prob_meas1_prep0", "unit": "", "value": 0.009600000000000053}, {"date": "2021-9-30", "name": "readout_length", "unit": "ns", "value": 704}]], "gates": [{"qubits": [0], "gate": "id", "parameters": [{"date": "2021-9-30", "name": "gate_error", "unit": "", "value": 0.0002182788939029303}, {"date": "2021-9-30", "name": "gate_length", "unit": "ns", "value": 35.55555555555556}], "name": "id0"}, {"qubits": [1], "gate": "id", "parameters": [{"date": "2021-9-30", "name": "gate_error", "unit": "", "value": 0.0004014653058396671}, {"date": "2021-9-30", "name": "gate_length", "unit": "ns", "value": 35.55555555555556}], "name": "id1"}, {"qubits": [2], "gate": "id", "parameters": [{"date": "2021-9-30", "name": "gate_error", "unit": "", "value": 0.0001432050006971}, {"date": "2021-9-30", "name": "gate_length", "unit": "ns", "value": 35.55555555555556}], "name": "id2"}, {"qubits": [3], "gate": "id", "parameters": [{"date": "2021-9-30", "name": "gate_error", "unit": "", "value": 0.0001715439787788088}, {"date": "2021-9-30", "name": "gate_length", "unit": "ns", "value": 35.55555555555556}], "name": "id3"}, {"qubits": [4], "gate": "id", "parameters": [{"date": "2021-9-30", "name": "gate_error", "unit": "", "value": 0.0001371568063866554}, {"date": "2021-9-30", "name": "gate_length", "unit": "ns", "value": 35.55555555555556}], "name": "id4"}, {"qubits": [5], "gate": "id", "parameters": [{"date": "2021-9-30", "name": "gate_error", "unit": "", "value": 0.00023790803285202164}, {"date": "2021-9-30", "name": "gate_length", "unit": "ns", "value": 35.55555555555556}], "name": "id5"}, {"qubits": [6], "gate": "id", "parameters": [{"date": "2021-9-30", "name": "gate_error", "unit": "", "value": 0.00022627022411485242}, {"date": "2021-9-30", "name": "gate_length", "unit": "ns", "value": 35.55555555555556}], "name": "id6"}, {"qubits": [0], "gate": "rz", "parameters": [{"date": "2021-9-30", "name": "gate_error", "unit": "", "value": 0}, {"date": "2021-9-30", "name": "gate_length", "unit": "ns", "value": 0}], "name": "rz0"}, {"qubits": [1], "gate": "rz", "parameters": [{"date": "2021-9-30", "name": "gate_error", "unit": "", "value": 0}, {"date": "2021-9-30", "name": "gate_length", "unit": "ns", "value": 0}], "name": "rz1"}, {"qubits": [2], "gate": "rz", "parameters": [{"date": "2021-9-30", "name": "gate_error", "unit": "", "value": 0}, {"date": "2021-9-30", "name": "gate_length", "unit": "ns", "value": 0}], "name": "rz2"}, {"qubits": [3], "gate": "rz", "parameters": [{"date": "2021-9-30", "name": "gate_error", "unit": "", "value": 0}, {"date": "2021-9-30", "name": "gate_length", "unit": "ns", "value": 0}], "name": "rz3"}, {"qubits": [4], "gate": "rz", "parameters": [{"date": "2021-9-30", "name": "gate_error", "unit": "", "value": 0}, {"date": "2021-9-30", "name": "gate_length", "unit": "ns", "value": 0}], "name": "rz4"}, {"qubits": [5], "gate": "rz", "parameters": [{"date": "2021-9-30", "name": "gate_error", "unit": "", "value": 0}, {"date": "2021-9-30", "name": "gate_length", "unit": "ns", "value": 0}], "name": "rz5"}, {"qubits": [6], "gate": "rz", "parameters": [{"date": "2021-9-30", "name": "gate_error", "unit": "", "value": 0}, {"date": "2021-9-30", "name": "gate_length", "unit": "ns", "value": 0}], "name": "rz6"}, {"qubits": [0], "gate": "sx", "parameters": [{"date": "2021-9-30", "name": "gate_error", "unit": "", "value": 0.0002182788939029303}, {"date": "2021-9-30", "name": "gate_length", "unit": "ns", "value": 35.55555555555556}], "name": "sx0"}, {"qubits": [1], "gate": "sx", "parameters": [{"date": "2021-9-30", "name": "gate_error", "unit": "", "value": 0.0004014653058396671}, {"date": "2021-9-30", "name": "gate_length", "unit": "ns", "value": 35.55555555555556}], "name": "sx1"}, {"qubits": [2], "gate": "sx", "parameters": [{"date": "2021-9-30", "name": "gate_error", "unit": "", "value": 0.0001432050006971}, {"date": "2021-9-30", "name": "gate_length", "unit": "ns", "value": 35.55555555555556}], "name": "sx2"}, {"qubits": [3], "gate": "sx", "parameters": [{"date": "2021-9-30", "name": "gate_error", "unit": "", "value": 0.0001715439787788088}, {"date": "2021-9-30", "name": "gate_length", "unit": "ns", "value": 35.55555555555556}], "name": "sx3"}, {"qubits": [4], "gate": "sx", "parameters": [{"date": "2021-9-30", "name": "gate_error", "unit": "", "value": 0.0001371568063866554}, {"date": "2021-9-30", "name": "gate_length", "unit": "ns", "value": 35.55555555555556}], "name": "sx4"}, {"qubits": [5], "gate": "sx", "parameters": [{"date": "2021-9-30", "name": "gate_error", "unit": "", "value": 0.00023790803285202164}, {"date": "2021-9-30", "name": "gate_length", "unit": "ns", "value": 35.55555555555556}], "name": "sx5"}, {"qubits": [6], "gate": "sx", "parameters": [{"date": "2021-9-30", "name": "gate_error", "unit": "", "value": 0.00022627022411485242}, {"date": "2021-9-30", "name": "gate_length", "unit": "ns", "value": 35.55555555555556}], "name": "sx6"}, {"qubits": [0], "gate": "x", "parameters": [{"date": "2021-9-30", "name": "gate_error", "unit": "", "value": 0.0002182788939029303}, {"date": "2021-9-30", "name": "gate_length", "unit": "ns", "value": 35.55555555555556}], "name": "x0"}, {"qubits": [1], "gate": "x", "parameters": [{"date": "2021-9-30", "name": "gate_error", "unit": "", "value": 0.0004014653058396671}, {"date": "2021-9-30", "name": "gate_length", "unit": "ns", "value": 35.55555555555556}], "name": "x1"}, {"qubits": [2], "gate": "x", "parameters": [{"date": "2021-9-30", "name": "gate_error", "unit": "", "value": 0.0001432050006971}, {"date": "2021-9-30", "name": "gate_length", "unit": "ns", "value": 35.55555555555556}], "name": "x2"}, {"qubits": [3], "gate": "x", "parameters": [{"date": "2021-9-30", "name": "gate_error", "unit": "", "value": 0.0001715439787788088}, {"date": "2021-9-30", "name": "gate_length", "unit": "ns", "value": 35.55555555555556}], "name": "x3"}, {"qubits": [4], "gate": "x", "parameters": [{"date": "2021-9-30", "name": "gate_error", "unit": "", "value": 0.0001371568063866554}, {"date": "2021-9-30", "name": "gate_length", "unit": "ns", "value": 35.55555555555556}], "name": "x4"}, {"qubits": [5], "gate": "x", "parameters": [{"date": "2021-9-30", "name": "gate_error", "unit": "", "value": 0.00023790803285202164}, {"date": "2021-9-30", "name": "gate_length", "unit": "ns", "value": 35.55555555555556}], "name": "x5"}, {"qubits": [6], "gate": "x", "parameters": [{"date": "2021-9-30", "name": "gate_error", "unit": "", "value": 0.00022627022411485242}, {"date": "2021-9-30", "name": "gate_length", "unit": "ns", "value": 35.55555555555556}], "name": "x6"}, {"qubits": [5, 4], "gate": "cx", "parameters": [{"date": "2021-9-30", "name": "gate_error", "unit": "", "value": 0.005356795065328157}, {"date": "2021-9-27", "name": "gate_length", "unit": "ns", "value": 327.1111111111111}], "name": "cx5_4"}, {"qubits": [4, 5], "gate": "cx", "parameters": [{"date": "2021-9-30", "name": "gate_error", "unit": "", "value": 0.005356795065328157}, {"date": "2021-9-27", "name": "gate_length", "unit": "ns", "value": 362.66666666666663}], "name": "cx4_5"}, {"qubits": [3, 1], "gate": "cx", "parameters": [{"date": "2021-9-30", "name": "gate_error", "unit": "", "value": 0.008182088822566241}, {"date": "2021-9-27", "name": "gate_length", "unit": "ns", "value": 298.66666666666663}], "name": "cx3_1"}, {"qubits": [1, 3], "gate": "cx", "parameters": [{"date": "2021-9-30", "name": "gate_error", "unit": "", "value": 0.008182088822566241}, {"date": "2021-9-27", "name": "gate_length", "unit": "ns", "value": 334.22222222222223}], "name": "cx1_3"}, {"qubits": [5, 6], "gate": "cx", "parameters": [{"date": "2021-9-30", "name": "gate_error", "unit": "", "value": 0.004605941152957677}, {"date": "2021-9-27", "name": "gate_length", "unit": "ns", "value": 256}], "name": "cx5_6"}, {"qubits": [6, 5], "gate": "cx", "parameters": [{"date": "2021-9-30", "name": "gate_error", "unit": "", "value": 0.004605941152957677}, {"date": "2021-9-27", "name": "gate_length", "unit": "ns", "value": 291.55555555555554}], "name": "cx6_5"}, {"qubits": [5, 3], "gate": "cx", "parameters": [{"date": "2021-9-30", "name": "gate_error", "unit": "", "value": 0.005024788965971999}, {"date": "2021-9-27", "name": "gate_length", "unit": "ns", "value": 298.66666666666663}], "name": "cx5_3"}, {"qubits": [3, 5], "gate": "cx", "parameters": [{"date": "2021-9-30", "name": "gate_error", "unit": "", "value": 0.005024788965971999}, {"date": "2021-9-27", "name": "gate_length", "unit": "ns", "value": 334.22222222222223}], "name": "cx3_5"}, {"qubits": [2, 1], "gate": "cx", "parameters": [{"date": "2021-9-30", "name": "gate_error", "unit": "", "value": 0.006880760884999032}, {"date": "2021-9-27", "name": "gate_length", "unit": "ns", "value": 291.55555555555554}], "name": "cx2_1"}, {"qubits": [1, 2], "gate": "cx", "parameters": [{"date": "2021-9-30", "name": "gate_error", "unit": "", "value": 0.006880760884999032}, {"date": "2021-9-27", "name": "gate_length", "unit": "ns", "value": 327.1111111111111}], "name": "cx1_2"}, {"qubits": [0, 1], "gate": "cx", "parameters": [{"date": "2021-9-30", "name": "gate_error", "unit": "", "value": 0.010257977104494886}, {"date": "2021-9-27", "name": "gate_length", "unit": "ns", "value": 305.77777777777777}], "name": "cx0_1"}, {"qubits": [1, 0], "gate": "cx", "parameters": [{"date": "2021-9-30", "name": "gate_error", "unit": "", "value": 0.010257977104494886}, {"date": "2021-9-27", "name": "gate_length", "unit": "ns", "value": 341.3333333333333}], "name": "cx1_0"}, {"qubits": [0], "gate": "reset", "parameters": [{"date": "2021-9-30", "name": "gate_length", "unit": "ns", "value": 1002.6666666666666}], "name": "reset0"}, {"qubits": [1], "gate": "reset", "parameters": [{"date": "2021-9-30", "name": "gate_length", "unit": "ns", "value": 1002.6666666666666}], "name": "reset1"}, {"qubits": [2], "gate": "reset", "parameters": [{"date": "2021-9-30", "name": "gate_length", "unit": "ns", "value": 995.5555555555555}], "name": "reset2"}, {"qubits": [3], "gate": "reset", "parameters": [{"date": "2021-9-30", "name": "gate_length", "unit": "ns", "value": 988.4444444444443}], "name": "reset3"}, {"qubits": [4], "gate": "reset", "parameters": [{"date": "2021-9-30", "name": "gate_length", "unit": "ns", "value": 1002.6666666666666}], "name": "reset4"}, {"qubits": [5], "gate": "reset", "parameters": [{"date": "2021-9-30", "name": "gate_length", "unit": "ns", "value": 1002.6666666666666}], "name": "reset5"}, {"qubits": [6], "gate": "reset", "parameters": [{"date": "2021-9-30", "name": "gate_length", "unit": "ns", "value": 988.4444444444443}], "name": "reset6"}], "general": [{"date": "2021-9-30", "name": "jq_01", "unit": "GHz", "value": 0.0017239661070310697}, {"date": "2021-9-30", "name": "zz_01", "unit": "GHz", "value": -4.1551259389276154e-05}, {"date": "2021-9-30", "name": "jq_12", "unit": "GHz", "value": 0.003306427365570105}, {"date": "2021-9-30", "name": "zz_12", "unit": "GHz", "value": -0.00013691896518548322}, {"date": "2021-9-30", "name": "jq_45", "unit": "GHz", "value": 0.0033964931013144256}, {"date": "2021-9-30", "name": "zz_45", "unit": "GHz", "value": -0.00015134337521539932}, {"date": "2021-9-30", "name": "jq_56", "unit": "GHz", "value": 0.0032394441256406383}, {"date": "2021-9-30", "name": "zz_56", "unit": "GHz", "value": -0.0001381127844927418}, {"date": "2021-9-30", "name": "jq_13", "unit": "GHz", "value": 0.003219077603102807}, {"date": "2021-9-30", "name": "zz_13", "unit": "GHz", "value": -0.00013509145307819546}, {"date": "2021-9-30", "name": "jq_35", "unit": "GHz", "value": 0.0023455196332844842}, {"date": "2021-9-30", "name": "zz_35", "unit": "GHz", "value": -9.35336850076191e-05}]}