{"backend_name": "ibm_lagos", "backend_version": "1.0.3", "last_update_date": "2021-9-5", "qubits": [[{"date": "2021-9-5", "name": "T1", "unit": "us", "value": 105.68710259374834}, {"date": "2021-9-5", "name": "T2", "unit": "us", "value": 41.367904920574745}, {"date": "2021-9-5", "name": "frequency", "unit": "GHz", "value": 5.235286459213826}, {"date": "2021-9-5", "name": "anharmonicity", "unit": "GHz", "value": -0.33986713855915607}, {"date": "2021-9-5", "name": "readout_error", "unit": "", "value": 0.01770000000000005}, {"date": "2021-9-5", "name": "prob_meas0_prep1", "unit": "", "value": 0.0128}, {"date": "2021-9-5", "name": "prob_meas1_prep0", "unit": "", "value": 0.022599999999999953}, {"date": "2021-9-5", "name": "readout_length", "unit": "ns", "value": 704}], [{"date": "2021-9-5", "name": "T1", "unit": "us", "value": 117.70947091819292}, {"date": "2021-9-5", "name": "T2", "unit": "us", "value": 95.8909911278427}, {"date": "2021-9-5", "name": "frequency", "unit": "GHz", "value": 5.099397363804592}, {"date": "2021-9-5", "name": "anharmonicity", "unit": "GHz", "value": -0.3432484042938357}, {"date": "2021-9-5", "name": "readout_error", "unit": "", "value": 0.008000000000000007}, {"date": "2021-9-5", "name": "prob_meas0_prep1", "unit": "", "value": 0.01}, {"date": "2021-9-5", "name": "prob_meas1_prep0", "unit": "", "value": 0.006000000000000005}, {"date": "2021-9-5", "name": "readout_length", "unit": "ns", "value": 704}], [{"date": "2021-9-5", "name": "T1", "unit": "us", "value": 175.78453102772065}, {"date": "2021-9-5", "name": "T2", "unit": "us", "value": 16.059318556619885}, {"date": "2021-9-5", "name": "frequency", "unit": "GHz", "value": 5.187910146080762}, {"date": "2021-9-5", "name": "anharmonicity", "unit": "GHz", "value": -0.3419316690031256}, {"date": "2021-9-5", "name": "readout_error", "unit": "", "value": 0.030000000000000027}, {"date": "2021-9-5", "name": "prob_meas0_prep1", "unit": "", "value": 0.0354}, {"date": "2021-9-5", "name": "prob_meas1_prep0", "unit": "", "value": 0.024599999999999955}, {"date": "2021-9-5", "name": "readout_length", "unit": "ns", "value": 704}], [{"date": "2021-9-5", "name": "T1", "unit": "us", "value": 103.50506416748527}, {"date": "2021-9-5", "name": "T2", "unit": "us", "value": 106.80449655786589}, {"date": "2021-9-5", "name": "frequency", "unit": "GHz", "value": 4.986857621609688}, {"date": "2021-9-5", "name": "anharmonicity", "unit": "GHz", "value": -0.3452928861203798}, {"date": "2021-9-5", "name": "readout_error", "unit": "", "value": 0.005099999999999993}, {"date": "2021-9-5", "name": "prob_meas0_prep1", "unit": "", "value": 0.0054}, {"date": "2021-9-5", "name": "prob_meas1_prep0", "unit": "", "value": 0.0048000000000000265}, {"date": "2021-9-5", "name": "readout_length", "unit": "ns", "value": 704}], [{"date": "2021-9-5", "name": "T1", "unit": "us", "value": 139.89039909620047}, {"date": "2021-9-5", "name": "T2", "unit": "us", "value": 31.88933437146416}, {"date": "2021-9-5", "name": "frequency", "unit": "GHz", "value": 5.285324575173615}, {"date": "2021-9-5", "name": "anharmonicity", "unit": "GHz", "value": -0.3392342674107948}, {"date": "2021-9-5", "name": "readout_error", "unit": "", "value": 0.00880000000000003}, {"date": "2021-9-5", "name": "prob_meas0_prep1", "unit": "", "value": 0.009800000000000031}, {"date": "2021-9-5", "name": "prob_meas1_prep0", "unit": "", "value": 0.0078}, {"date": "2021-9-5", "name": "readout_length", "unit": "ns", "value": 704}], [{"date": "2021-9-5", "name": "T1", "unit": "us", "value": 127.02861455769431}, {"date": "2021-9-5", "name": "T2", "unit": "us", "value": 101.65962836302727}, {"date": "2021-9-5", "name": "frequency", "unit": "GHz", "value": 5.176861791809482}, {"date": "2021-9-5", "name": "anharmonicity", "unit": "GHz", "value": -0.34079297245074963}, {"date": "2021-9-5", "name": "readout_error", "unit": "", "value": 0.010599999999999943}, {"date": "2021-9-5", "name": "prob_meas0_prep1", "unit": "", "value": 0.0114}, {"date": "2021-9-5", "name": "prob_meas1_prep0", "unit": "", "value": 0.009800000000000031}, {"date": "2021-9-5", "name": "readout_length", "unit": "ns", "value": 704}], [{"date": "2021-9-5", "name": "T1", "unit": "us", "value": 140.74900831375794}, {"date": "2021-9-5", "name": "T2", "unit": "us", "value": 131.28628980244622}, {"date": "2021-9-5", "name": "frequency", "unit": "GHz", "value": 5.064036810607409}, {"date": "2021-9-5", "name": "anharmonicity", "unit": "GHz", "value": -0.34275836537159754}, {"date": "2021-9-5", "name": "readout_error", "unit": "", "value": 0.006299999999999972}, {"date": "2021-9-5", "name": "prob_meas0_prep1", "unit": "", "value": 0.0068}, {"date": "2021-9-5", "name": "prob_meas1_prep0", "unit": "", "value": 0.005800000000000027}, {"date": "2021-9-5", "name": "readout_length", "unit": "ns", "value": 704}]], "gates": [{"qubits": [0], "gate": "id", "parameters": [{"date": "2021-9-5", "name": "gate_error", "unit": "", "value": 0.0002742001278153769}, {"date": "2021-9-5", "name": "gate_length", "unit": "ns", "value": 35.55555555555556}], "name": "id0"}, {"qubits": [1], "gate": "id", "parameters": [{"date": "2021-9-5", "name": "gate_error", "unit": "", "value": 0.0002102980643970826}, {"date": "2021-9-5", "name": "gate_length", "unit": "ns", "value": 35.55555555555556}], "name": "id1"}, {"qubits": [2], "gate": "id", "parameters": [{"date": "2021-9-5", "name": "gate_error", "unit": "", "value": 0.001322390065069649}, {"date": "2021-9-5", "name": "gate_length", "unit": "ns", "value": 35.55555555555556}], "name": "id2"}, {"qubits": [3], "gate": "id", "parameters": [{"date": "2021-9-5", "name": "gate_error", "unit": "", "value": 0.0001534842725053553}, {"date": "2021-9-5", "name": "gate_length", "unit": "ns", "value": 35.55555555555556}], "name": "id3"}, {"qubits": [4], "gate": "id", "parameters": [{"date": "2021-9-5", "name": "gate_error", "unit": "", "value": 0.00021463998642837803}, {"date": "2021-9-5", "name": "gate_length", "unit": "ns", "value": 35.55555555555556}], "name": "id4"}, {"qubits": [5], "gate": "id", "parameters": [{"date": "2021-9-5", "name": "gate_error", "unit": "", "value": 0.00020782540153752108}, {"date": "2021-9-5", "name": "gate_length", "unit": "ns", "value": 35.55555555555556}], "name": "id5"}, {"qubits": [6], "gate": "id", "parameters": [{"date": "2021-9-5", "name": "gate_error", "unit": "", "value": 0.00017265542511191897}, {"date": "2021-9-5", "name": "gate_length", "unit": "ns", "value": 35.55555555555556}], "name": "id6"}, {"qubits": [0], "gate": "rz", "parameters": [{"date": "2021-9-5", "name": "gate_error", "unit": "", "value": 0}, {"date": "2021-9-5", "name": "gate_length", "unit": "ns", "value": 0}], "name": "rz0"}, {"qubits": [1], "gate": "rz", "parameters": [{"date": "2021-9-5", "name": "gate_error", "unit": "", "value": 0}, {"date": "2021-9-5", "name": "gate_length", "unit": "ns", "value": 0}], "name": "rz1"}, {"qubits": [2], "gate": "rz", "parameters": [{"date": "2021-9-5", "name": "gate_error", "unit": "", "value": 0}, {"date": "2021-9-5", "name": "gate_length", "unit": "ns", "value": 0}], "name": "rz2"}, {"qubits": [3], "gate": "rz", "parameters": [{"date": "2021-9-5", "name": "gate_error", "unit": "", "value": 0}, {"date": "2021-9-5", "name": "gate_length", "unit": "ns", "value": 0}], "name": "rz3"}, {"qubits": [4], "gate": "rz", "parameters": [{"date": "2021-9-5", "name": "gate_error", "unit": "", "value": 0}, {"date": "2021-9-5", "name": "gate_length", "unit": "ns", "value": 0}], "name": "rz4"}, {"qubits": [5], "gate": "rz", "parameters": [{"date": "2021-9-5", "name": "gate_error", "unit": "", "value": 0}, {"date": "2021-9-5", "name": "gate_length", "unit": "ns", "value": 0}], "name": "rz5"}, {"qubits": [6], "gate": "rz", "parameters": [{"date": "2021-9-5", "name": "gate_error", "unit": "", "value": 0}, {"date": "2021-9-5", "name": "gate_length", "unit": "ns", "value": 0}], "name": "rz6"}, {"qubits": [0], "gate": "sx", "parameters": [{"date": "2021-9-5", "name": "gate_error", "unit": "", "value": 0.0002742001278153769}, {"date": "2021-9-5", "name": "gate_length", "unit": "ns", "value": 35.55555555555556}], "name": "sx0"}, {"qubits": [1], "gate": "sx", "parameters": [{"date": "2021-9-5", "name": "gate_error", "unit": "", "value": 0.0002102980643970826}, {"date": "2021-9-5", "name": "gate_length", "unit": "ns", "value": 35.55555555555556}], "name": "sx1"}, {"qubits": [2], "gate": "sx", "parameters": [{"date": "2021-9-5", "name": "gate_error", "unit": "", "value": 0.001322390065069649}, {"date": "2021-9-5", "name": "gate_length", "unit": "ns", "value": 35.55555555555556}], "name": "sx2"}, {"qubits": [3], "gate": "sx", "parameters": [{"date": "2021-9-5", "name": "gate_error", "unit": "", "value": 0.0001534842725053553}, {"date": "2021-9-5", "name": "gate_length", "unit": "ns", "value": 35.55555555555556}], "name": "sx3"}, {"qubits": [4], "gate": "sx", "parameters": [{"date": "2021-9-5", "name": "gate_error", "unit": "", "value": 0.00021463998642837803}, {"date": "2021-9-5", "name": "gate_length", "unit": "ns", "value": 35.55555555555556}], "name": "sx4"}, {"qubits": [5], "gate": "sx", "parameters": [{"date": "2021-9-5", "name": "gate_error", "unit": "", "value": 0.00020782540153752108}, {"date": "2021-9-5", "name": "gate_length", "unit": "ns", "value": 35.55555555555556}], "name": "sx5"}, {"qubits": [6], "gate": "sx", "parameters": [{"date": "2021-9-5", "name": "gate_error", "unit": "", "value": 0.00017265542511191897}, {"date": "2021-9-5", "name": "gate_length", "unit": "ns", "value": 35.55555555555556}], "name": "sx6"}, {"qubits": [0], "gate": "x", "parameters": [{"date": "2021-9-5", "name": "gate_error", "unit": "", "value": 0.0002742001278153769}, {"date": "2021-9-5", "name": "gate_length", "unit": "ns", "value": 35.55555555555556}], "name": "x0"}, {"qubits": [1], "gate": "x", "parameters": [{"date": "2021-9-5", "name": "gate_error", "unit": "", "value": 0.0002102980643970826}, {"date": "2021-9-5", "name": "gate_length", "unit": "ns", "value": 35.55555555555556}], "name": "x1"}, {"qubits": [2], "gate": "x", "parameters": [{"date": "2021-9-5", "name": "gate_error", "unit": "", "value": 0.001322390065069649}, {"date": "2021-9-5", "name": "gate_length", "unit": "ns", "value": 35.55555555555556}], "name": "x2"}, {"qubits": [3], "gate": "x", "parameters": [{"date": "2021-9-5", "name": "gate_error", "unit": "", "value": 0.0001534842725053553}, {"date": "2021-9-5", "name": "gate_length", "unit": "ns", "value": 35.55555555555556}], "name": "x3"}, {"qubits": [4], "gate": "x", "parameters": [{"date": "2021-9-5", "name": "gate_error", "unit": "", "value": 0.00021463998642837803}, {"date": "2021-9-5", "name": "gate_length", "unit": "ns", "value": 35.55555555555556}], "name": "x4"}, {"qubits": [5], "gate": "x", "parameters": [{"date": "2021-9-5", "name": "gate_error", "unit": "", "value": 0.00020782540153752108}, {"date": "2021-9-5", "name": "gate_length", "unit": "ns", "value": 35.55555555555556}], "name": "x5"}, {"qubits": [6], "gate": "x", "parameters": [{"date": "2021-9-5", "name": "gate_error", "unit": "", "value": 0.00017265542511191897}, {"date": "2021-9-5", "name": "gate_length", "unit": "ns", "value": 35.55555555555556}], "name": "x6"}, {"qubits": [5, 4], "gate": "cx", "parameters": [{"date": "2021-9-5", "name": "gate_error", "unit": "", "value": 0.005004453747545934}, {"date": "2021-9-2", "name": "gate_length", "unit": "ns", "value": 327.1111111111111}], "name": "cx5_4"}, {"qubits": [4, 5], "gate": "cx", "parameters": [{"date": "2021-9-5", "name": "gate_error", "unit": "", "value": 0.005004453747545934}, {"date": "2021-9-2", "name": "gate_length", "unit": "ns", "value": 362.66666666666663}], "name": "cx4_5"}, {"qubits": [3, 1], "gate": "cx", "parameters": [{"date": "2021-9-5", "name": "gate_error", "unit": "", "value": 0.005680531764897717}, {"date": "2021-9-2", "name": "gate_length", "unit": "ns", "value": 298.66666666666663}], "name": "cx3_1"}, {"qubits": [1, 3], "gate": "cx", "parameters": [{"date": "2021-9-5", "name": "gate_error", "unit": "", "value": 0.005680531764897717}, {"date": "2021-9-2", "name": "gate_length", "unit": "ns", "value": 334.22222222222223}], "name": "cx1_3"}, {"qubits": [5, 6], "gate": "cx", "parameters": [{"date": "2021-9-5", "name": "gate_error", "unit": "", "value": 0.004087580008361735}, {"date": "2021-9-2", "name": "gate_length", "unit": "ns", "value": 256}], "name": "cx5_6"}, {"qubits": [6, 5], "gate": "cx", "parameters": [{"date": "2021-9-5", "name": "gate_error", "unit": "", "value": 0.004087580008361735}, {"date": "2021-9-2", "name": "gate_length", "unit": "ns", "value": 291.55555555555554}], "name": "cx6_5"}, {"qubits": [5, 3], "gate": "cx", "parameters": [{"date": "2021-9-5", "name": "gate_error", "unit": "", "value": 0.004772602365296863}, {"date": "2021-9-2", "name": "gate_length", "unit": "ns", "value": 298.66666666666663}], "name": "cx5_3"}, {"qubits": [3, 5], "gate": "cx", "parameters": [{"date": "2021-9-5", "name": "gate_error", "unit": "", "value": 0.004772602365296863}, {"date": "2021-9-2", "name": "gate_length", "unit": "ns", "value": 334.22222222222223}], "name": "cx3_5"}, {"qubits": [2, 1], "gate": "cx", "parameters": [{"date": "2021-9-5", "name": "gate_error", "unit": "", "value": 0.017957076503626268}, {"date": "2021-9-2", "name": "gate_length", "unit": "ns", "value": 291.55555555555554}], "name": "cx2_1"}, {"qubits": [1, 2], "gate": "cx", "parameters": [{"date": "2021-9-5", "name": "gate_error", "unit": "", "value": 0.017957076503626268}, {"date": "2021-9-2", "name": "gate_length", "unit": "ns", "value": 327.1111111111111}], "name": "cx1_2"}, {"qubits": [0, 1], "gate": "cx", "parameters": [{"date": "2021-9-5", "name": "gate_error", "unit": "", "value": 0.008024468401558627}, {"date": "2021-9-2", "name": "gate_length", "unit": "ns", "value": 305.77777777777777}], "name": "cx0_1"}, {"qubits": [1, 0], "gate": "cx", "parameters": [{"date": "2021-9-5", "name": "gate_error", "unit": "", "value": 0.008024468401558627}, {"date": "2021-9-2", "name": "gate_length", "unit": "ns", "value": 341.3333333333333}], "name": "cx1_0"}, {"qubits": [0], "gate": "reset", "parameters": [{"date": "2021-9-5", "name": "gate_length", "unit": "ns", "value": 1002.6666666666666}], "name": "reset0"}, {"qubits": [1], "gate": "reset", "parameters": [{"date": "2021-9-5", "name": "gate_length", "unit": "ns", "value": 1002.6666666666666}], "name": "reset1"}, {"qubits": [2], "gate": "reset", "parameters": [{"date": "2021-9-5", "name": "gate_length", "unit": "ns", "value": 995.5555555555555}], "name": "reset2"}, {"qubits": [3], "gate": "reset", "parameters": [{"date": "2021-9-5", "name": "gate_length", "unit": "ns", "value": 988.4444444444443}], "name": "reset3"}, {"qubits": [4], "gate": "reset", "parameters": [{"date": "2021-9-5", "name": "gate_length", "unit": "ns", "value": 1002.6666666666666}], "name": "reset4"}, {"qubits": [5], "gate": "reset", "parameters": [{"date": "2021-9-5", "name": "gate_length", "unit": "ns", "value": 1002.6666666666666}], "name": "reset5"}, {"qubits": [6], "gate": "reset", "parameters": [{"date": "2021-9-5", "name": "gate_length", "unit": "ns", "value": 988.4444444444443}], "name": "reset6"}], "general": [{"date": "2021-9-5", "name": "jq_01", "unit": "GHz", "value": 0.0017239661070310697}, {"date": "2021-9-5", "name": "zz_01", "unit": "GHz", "value": -4.1551259389276154e-05}, {"date": "2021-9-5", "name": "jq_12", "unit": "GHz", "value": 0.003306427365570105}, {"date": "2021-9-5", "name": "zz_12", "unit": "GHz", "value": -0.00013691896518548322}, {"date": "2021-9-5", "name": "jq_45", "unit": "GHz", "value": 0.0033964931013144256}, {"date": "2021-9-5", "name": "zz_45", "unit": "GHz", "value": -0.00015134337521539932}, {"date": "2021-9-5", "name": "jq_56", "unit": "GHz", "value": 0.0032394441256406383}, {"date": "2021-9-5", "name": "zz_56", "unit": "GHz", "value": -0.0001381127844927418}, {"date": "2021-9-5", "name": "jq_13", "unit": "GHz", "value": 0.003219077603102807}, {"date": "2021-9-5", "name": "zz_13", "unit": "GHz", "value": -0.00013509145307819546}, {"date": "2021-9-5", "name": "jq_35", "unit": "GHz", "value": 0.0023455196332844842}, {"date": "2021-9-5", "name": "zz_35", "unit": "GHz", "value": -9.35336850076191e-05}]}