{"backend_name": "ibm_lagos", "backend_version": "1.0.14", "last_update_date": "2021-11-12", "qubits": [[{"date": "2021-11-12", "name": "T1", "unit": "us", "value": 108.70155937682549}, {"date": "2021-11-12", "name": "T2", "unit": "us", "value": 22.41742321068963}, {"date": "2021-11-12", "name": "frequency", "unit": "GHz", "value": 5.235191153751437}, {"date": "2021-11-12", "name": "anharmonicity", "unit": "GHz", "value": -0.33986713855915607}, {"date": "2021-11-12", "name": "readout_error", "unit": "", "value": 0.01419999999999999}, {"date": "2021-11-12", "name": "prob_meas0_prep1", "unit": "", "value": 0.0136}, {"date": "2021-11-12", "name": "prob_meas1_prep0", "unit": "", "value": 0.014800000000000035}, {"date": "2021-11-12", "name": "readout_length", "unit": "ns", "value": 704}], [{"date": "2021-11-12", "name": "T1", "unit": "us", "value": 111.84543867699341}, {"date": "2021-11-12", "name": "T2", "unit": "us", "value": 111.06610233889576}, {"date": "2021-11-12", "name": "frequency", "unit": "GHz", "value": 5.0995910052866265}, {"date": "2021-11-12", "name": "anharmonicity", "unit": "GHz", "value": -0.3432484042938357}, {"date": "2021-11-12", "name": "readout_error", "unit": "", "value": 0.009000000000000008}, {"date": "2021-11-12", "name": "prob_meas0_prep1", "unit": "", "value": 0.0132}, {"date": "2021-11-12", "name": "prob_meas1_prep0", "unit": "", "value": 0.0048000000000000265}, {"date": "2021-11-12", "name": "readout_length", "unit": "ns", "value": 704}], [{"date": "2021-11-12", "name": "T1", "unit": "us", "value": 147.7337696166191}, {"date": "2021-11-12", "name": "T2", "unit": "us", "value": 146.16873611646483}, {"date": "2021-11-12", "name": "frequency", "unit": "GHz", "value": 5.188312858970431}, {"date": "2021-11-12", "name": "anharmonicity", "unit": "GHz", "value": -0.3419316690031256}, {"date": "2021-11-12", "name": "readout_error", "unit": "", "value": 0.005800000000000027}, {"date": "2021-11-12", "name": "prob_meas0_prep1", "unit": "", "value": 0.0082}, {"date": "2021-11-12", "name": "prob_meas1_prep0", "unit": "", "value": 0.0033999999999999586}, {"date": "2021-11-12", "name": "readout_length", "unit": "ns", "value": 704}], [{"date": "2021-11-12", "name": "T1", "unit": "us", "value": 119.70589570378357}, {"date": "2021-11-12", "name": "T2", "unit": "us", "value": 113.3863689198607}, {"date": "2021-11-12", "name": "frequency", "unit": "GHz", "value": 4.987482871321604}, {"date": "2021-11-12", "name": "anharmonicity", "unit": "GHz", "value": -0.3452928861203798}, {"date": "2021-11-12", "name": "readout_error", "unit": "", "value": 0.01970000000000005}, {"date": "2021-11-12", "name": "prob_meas0_prep1", "unit": "", "value": 0.0286}, {"date": "2021-11-12", "name": "prob_meas1_prep0", "unit": "", "value": 0.010800000000000032}, {"date": "2021-11-12", "name": "readout_length", "unit": "ns", "value": 704}], [{"date": "2021-11-12", "name": "T1", "unit": "us", "value": 135.2187139864089}, {"date": "2021-11-12", "name": "T2", "unit": "us", "value": 44.928648776373}, {"date": "2021-11-12", "name": "frequency", "unit": "GHz", "value": 5.285411869421567}, {"date": "2021-11-12", "name": "anharmonicity", "unit": "GHz", "value": -0.3392342674107948}, {"date": "2021-11-12", "name": "readout_error", "unit": "", "value": 0.013000000000000012}, {"date": "2021-11-12", "name": "prob_meas0_prep1", "unit": "", "value": 0.009600000000000053}, {"date": "2021-11-12", "name": "prob_meas1_prep0", "unit": "", "value": 0.0164}, {"date": "2021-11-12", "name": "readout_length", "unit": "ns", "value": 704}], [{"date": "2021-11-12", "name": "T1", "unit": "us", "value": 131.76542680199194}, {"date": "2021-11-12", "name": "T2", "unit": "us", "value": 82.9923485015756}, {"date": "2021-11-12", "name": "frequency", "unit": "GHz", "value": 5.176178517685142}, {"date": "2021-11-12", "name": "anharmonicity", "unit": "GHz", "value": -0.34079297245074963}, {"date": "2021-11-12", "name": "readout_error", "unit": "", "value": 0.011499999999999955}, {"date": "2021-11-12", "name": "prob_meas0_prep1", "unit": "", "value": 0.0136}, {"date": "2021-11-12", "name": "prob_meas1_prep0", "unit": "", "value": 0.009399999999999964}, {"date": "2021-11-12", "name": "readout_length", "unit": "ns", "value": 704}], [{"date": "2021-11-12", "name": "T1", "unit": "us", "value": 153.84771435505348}, {"date": "2021-11-12", "name": "T2", "unit": "us", "value": 166.24486530990768}, {"date": "2021-11-12", "name": "frequency", "unit": "GHz", "value": 5.0639261614866475}, {"date": "2021-11-12", "name": "anharmonicity", "unit": "GHz", "value": -0.34275836537159754}, {"date": "2021-11-12", "name": "readout_error", "unit": "", "value": 0.021700000000000053}, {"date": "2021-11-12", "name": "prob_meas0_prep1", "unit": "", "value": 0.03639999999999999}, {"date": "2021-11-12", "name": "prob_meas1_prep0", "unit": "", "value": 0.007}, {"date": "2021-11-12", "name": "readout_length", "unit": "ns", "value": 704}]], "gates": [{"qubits": [0], "gate": "id", "parameters": [{"date": "2021-11-12", "name": "gate_error", "unit": "", "value": 0.0001961130148675722}, {"date": "2021-11-12", "name": "gate_length", "unit": "ns", "value": 35.55555555555556}], "name": "id0"}, {"qubits": [1], "gate": "id", "parameters": [{"date": "2021-11-12", "name": "gate_error", "unit": "", "value": 0.00019803745076331266}, {"date": "2021-11-12", "name": "gate_length", "unit": "ns", "value": 35.55555555555556}], "name": "id1"}, {"qubits": [2], "gate": "id", "parameters": [{"date": "2021-11-12", "name": "gate_error", "unit": "", "value": 0.00028666164022073657}, {"date": "2021-11-12", "name": "gate_length", "unit": "ns", "value": 35.55555555555556}], "name": "id2"}, {"qubits": [3], "gate": "id", "parameters": [{"date": "2021-11-12", "name": "gate_error", "unit": "", "value": 0.00023567314375639404}, {"date": "2021-11-12", "name": "gate_length", "unit": "ns", "value": 35.55555555555556}], "name": "id3"}, {"qubits": [4], "gate": "id", "parameters": [{"date": "2021-11-12", "name": "gate_error", "unit": "", "value": 0.0003416842242750474}, {"date": "2021-11-12", "name": "gate_length", "unit": "ns", "value": 35.55555555555556}], "name": "id4"}, {"qubits": [5], "gate": "id", "parameters": [{"date": "2021-11-12", "name": "gate_error", "unit": "", "value": 0.00016853422305544022}, {"date": "2021-11-12", "name": "gate_length", "unit": "ns", "value": 35.55555555555556}], "name": "id5"}, {"qubits": [6], "gate": "id", "parameters": [{"date": "2021-11-12", "name": "gate_error", "unit": "", "value": 0.00023461646859054543}, {"date": "2021-11-12", "name": "gate_length", "unit": "ns", "value": 35.55555555555556}], "name": "id6"}, {"qubits": [0], "gate": "rz", "parameters": [{"date": "2021-11-12", "name": "gate_error", "unit": "", "value": 0}, {"date": "2021-11-12", "name": "gate_length", "unit": "ns", "value": 0}], "name": "rz0"}, {"qubits": [1], "gate": "rz", "parameters": [{"date": "2021-11-12", "name": "gate_error", "unit": "", "value": 0}, {"date": "2021-11-12", "name": "gate_length", "unit": "ns", "value": 0}], "name": "rz1"}, {"qubits": [2], "gate": "rz", "parameters": [{"date": "2021-11-12", "name": "gate_error", "unit": "", "value": 0}, {"date": "2021-11-12", "name": "gate_length", "unit": "ns", "value": 0}], "name": "rz2"}, {"qubits": [3], "gate": "rz", "parameters": [{"date": "2021-11-12", "name": "gate_error", "unit": "", "value": 0}, {"date": "2021-11-12", "name": "gate_length", "unit": "ns", "value": 0}], "name": "rz3"}, {"qubits": [4], "gate": "rz", "parameters": [{"date": "2021-11-12", "name": "gate_error", "unit": "", "value": 0}, {"date": "2021-11-12", "name": "gate_length", "unit": "ns", "value": 0}], "name": "rz4"}, {"qubits": [5], "gate": "rz", "parameters": [{"date": "2021-11-12", "name": "gate_error", "unit": "", "value": 0}, {"date": "2021-11-12", "name": "gate_length", "unit": "ns", "value": 0}], "name": "rz5"}, {"qubits": [6], "gate": "rz", "parameters": [{"date": "2021-11-12", "name": "gate_error", "unit": "", "value": 0}, {"date": "2021-11-12", "name": "gate_length", "unit": "ns", "value": 0}], "name": "rz6"}, {"qubits": [0], "gate": "sx", "parameters": [{"date": "2021-11-12", "name": "gate_error", "unit": "", "value": 0.0001961130148675722}, {"date": "2021-11-12", "name": "gate_length", "unit": "ns", "value": 35.55555555555556}], "name": "sx0"}, {"qubits": [1], "gate": "sx", "parameters": [{"date": "2021-11-12", "name": "gate_error", "unit": "", "value": 0.00019803745076331266}, {"date": "2021-11-12", "name": "gate_length", "unit": "ns", "value": 35.55555555555556}], "name": "sx1"}, {"qubits": [2], "gate": "sx", "parameters": [{"date": "2021-11-12", "name": "gate_error", "unit": "", "value": 0.00028666164022073657}, {"date": "2021-11-12", "name": "gate_length", "unit": "ns", "value": 35.55555555555556}], "name": "sx2"}, {"qubits": [3], "gate": "sx", "parameters": [{"date": "2021-11-12", "name": "gate_error", "unit": "", "value": 0.00023567314375639404}, {"date": "2021-11-12", "name": "gate_length", "unit": "ns", "value": 35.55555555555556}], "name": "sx3"}, {"qubits": [4], "gate": "sx", "parameters": [{"date": "2021-11-12", "name": "gate_error", "unit": "", "value": 0.0003416842242750474}, {"date": "2021-11-12", "name": "gate_length", "unit": "ns", "value": 35.55555555555556}], "name": "sx4"}, {"qubits": [5], "gate": "sx", "parameters": [{"date": "2021-11-12", "name": "gate_error", "unit": "", "value": 0.00016853422305544022}, {"date": "2021-11-12", "name": "gate_length", "unit": "ns", "value": 35.55555555555556}], "name": "sx5"}, {"qubits": [6], "gate": "sx", "parameters": [{"date": "2021-11-12", "name": "gate_error", "unit": "", "value": 0.00023461646859054543}, {"date": "2021-11-12", "name": "gate_length", "unit": "ns", "value": 35.55555555555556}], "name": "sx6"}, {"qubits": [0], "gate": "x", "parameters": [{"date": "2021-11-12", "name": "gate_error", "unit": "", "value": 0.0001961130148675722}, {"date": "2021-11-12", "name": "gate_length", "unit": "ns", "value": 35.55555555555556}], "name": "x0"}, {"qubits": [1], "gate": "x", "parameters": [{"date": "2021-11-12", "name": "gate_error", "unit": "", "value": 0.00019803745076331266}, {"date": "2021-11-12", "name": "gate_length", "unit": "ns", "value": 35.55555555555556}], "name": "x1"}, {"qubits": [2], "gate": "x", "parameters": [{"date": "2021-11-12", "name": "gate_error", "unit": "", "value": 0.00028666164022073657}, {"date": "2021-11-12", "name": "gate_length", "unit": "ns", "value": 35.55555555555556}], "name": "x2"}, {"qubits": [3], "gate": "x", "parameters": [{"date": "2021-11-12", "name": "gate_error", "unit": "", "value": 0.00023567314375639404}, {"date": "2021-11-12", "name": "gate_length", "unit": "ns", "value": 35.55555555555556}], "name": "x3"}, {"qubits": [4], "gate": "x", "parameters": [{"date": "2021-11-12", "name": "gate_error", "unit": "", "value": 0.0003416842242750474}, {"date": "2021-11-12", "name": "gate_length", "unit": "ns", "value": 35.55555555555556}], "name": "x4"}, {"qubits": [5], "gate": "x", "parameters": [{"date": "2021-11-12", "name": "gate_error", "unit": "", "value": 0.00016853422305544022}, {"date": "2021-11-12", "name": "gate_length", "unit": "ns", "value": 35.55555555555556}], "name": "x5"}, {"qubits": [6], "gate": "x", "parameters": [{"date": "2021-11-12", "name": "gate_error", "unit": "", "value": 0.00023461646859054543}, {"date": "2021-11-12", "name": "gate_length", "unit": "ns", "value": 35.55555555555556}], "name": "x6"}, {"qubits": [5, 4], "gate": "cx", "parameters": [{"date": "2021-11-12", "name": "gate_error", "unit": "", "value": 0.005159080033033114}, {"date": "2021-11-9", "name": "gate_length", "unit": "ns", "value": 327.1111111111111}], "name": "cx5_4"}, {"qubits": [4, 5], "gate": "cx", "parameters": [{"date": "2021-11-12", "name": "gate_error", "unit": "", "value": 0.005159080033033114}, {"date": "2021-11-9", "name": "gate_length", "unit": "ns", "value": 362.66666666666663}], "name": "cx4_5"}, {"qubits": [3, 1], "gate": "cx", "parameters": [{"date": "2021-11-12", "name": "gate_error", "unit": "", "value": 0.00803333099052339}, {"date": "2021-11-9", "name": "gate_length", "unit": "ns", "value": 298.66666666666663}], "name": "cx3_1"}, {"qubits": [1, 3], "gate": "cx", "parameters": [{"date": "2021-11-12", "name": "gate_error", "unit": "", "value": 0.00803333099052339}, {"date": "2021-11-9", "name": "gate_length", "unit": "ns", "value": 334.22222222222223}], "name": "cx1_3"}, {"qubits": [5, 6], "gate": "cx", "parameters": [{"date": "2021-11-12", "name": "gate_error", "unit": "", "value": 0.005401231032474141}, {"date": "2021-11-9", "name": "gate_length", "unit": "ns", "value": 256}], "name": "cx5_6"}, {"qubits": [6, 5], "gate": "cx", "parameters": [{"date": "2021-11-12", "name": "gate_error", "unit": "", "value": 0.005401231032474141}, {"date": "2021-11-9", "name": "gate_length", "unit": "ns", "value": 291.55555555555554}], "name": "cx6_5"}, {"qubits": [5, 3], "gate": "cx", "parameters": [{"date": "2021-11-12", "name": "gate_error", "unit": "", "value": 0.00943465659587664}, {"date": "2021-11-9", "name": "gate_length", "unit": "ns", "value": 298.66666666666663}], "name": "cx5_3"}, {"qubits": [3, 5], "gate": "cx", "parameters": [{"date": "2021-11-12", "name": "gate_error", "unit": "", "value": 0.00943465659587664}, {"date": "2021-11-9", "name": "gate_length", "unit": "ns", "value": 334.22222222222223}], "name": "cx3_5"}, {"qubits": [2, 1], "gate": "cx", "parameters": [{"date": "2021-11-12", "name": "gate_error", "unit": "", "value": 0.0061732376365349895}, {"date": "2021-11-9", "name": "gate_length", "unit": "ns", "value": 291.55555555555554}], "name": "cx2_1"}, {"qubits": [1, 2], "gate": "cx", "parameters": [{"date": "2021-11-12", "name": "gate_error", "unit": "", "value": 0.0061732376365349895}, {"date": "2021-11-9", "name": "gate_length", "unit": "ns", "value": 327.1111111111111}], "name": "cx1_2"}, {"qubits": [0, 1], "gate": "cx", "parameters": [{"date": "2021-11-12", "name": "gate_error", "unit": "", "value": 0.00638396151651377}, {"date": "2021-11-9", "name": "gate_length", "unit": "ns", "value": 305.77777777777777}], "name": "cx0_1"}, {"qubits": [1, 0], "gate": "cx", "parameters": [{"date": "2021-11-12", "name": "gate_error", "unit": "", "value": 0.00638396151651377}, {"date": "2021-11-9", "name": "gate_length", "unit": "ns", "value": 341.3333333333333}], "name": "cx1_0"}, {"qubits": [0], "gate": "reset", "parameters": [{"date": "2021-11-12", "name": "gate_length", "unit": "ns", "value": 1002.6666666666666}], "name": "reset0"}, {"qubits": [1], "gate": "reset", "parameters": [{"date": "2021-11-12", "name": "gate_length", "unit": "ns", "value": 1002.6666666666666}], "name": "reset1"}, {"qubits": [2], "gate": "reset", "parameters": [{"date": "2021-11-12", "name": "gate_length", "unit": "ns", "value": 995.5555555555555}], "name": "reset2"}, {"qubits": [3], "gate": "reset", "parameters": [{"date": "2021-11-12", "name": "gate_length", "unit": "ns", "value": 988.4444444444443}], "name": "reset3"}, {"qubits": [4], "gate": "reset", "parameters": [{"date": "2021-11-12", "name": "gate_length", "unit": "ns", "value": 1002.6666666666666}], "name": "reset4"}, {"qubits": [5], "gate": "reset", "parameters": [{"date": "2021-11-12", "name": "gate_length", "unit": "ns", "value": 1002.6666666666666}], "name": "reset5"}, {"qubits": [6], "gate": "reset", "parameters": [{"date": "2021-11-12", "name": "gate_length", "unit": "ns", "value": 988.4444444444443}], "name": "reset6"}], "general": [{"date": "2021-11-12", "name": "jq_01", "unit": "GHz", "value": 0.0017239661070310697}, {"date": "2021-11-12", "name": "zz_01", "unit": "GHz", "value": -4.1551259389276154e-05}, {"date": "2021-11-12", "name": "jq_12", "unit": "GHz", "value": 0.003306427365570105}, {"date": "2021-11-12", "name": "zz_12", "unit": "GHz", "value": -0.00013691896518548322}, {"date": "2021-11-12", "name": "jq_45", "unit": "GHz", "value": 0.0033964931013144256}, {"date": "2021-11-12", "name": "zz_45", "unit": "GHz", "value": -0.00015134337521539932}, {"date": "2021-11-12", "name": "jq_56", "unit": "GHz", "value": 0.0032394441256406383}, {"date": "2021-11-12", "name": "zz_56", "unit": "GHz", "value": -0.0001381127844927418}, {"date": "2021-11-12", "name": "jq_13", "unit": "GHz", "value": 0.003219077603102807}, {"date": "2021-11-12", "name": "zz_13", "unit": "GHz", "value": -0.00013509145307819546}, {"date": "2021-11-12", "name": "jq_35", "unit": "GHz", "value": 0.0023455196332844842}, {"date": "2021-11-12", "name": "zz_35", "unit": "GHz", "value": -9.35336850076191e-05}]}