{"backend_name": "ibm_lagos", "backend_version": "1.0.2", "last_update_date": "2021-8-16", "qubits": [[{"date": "2021-8-16", "name": "T1", "unit": "us", "value": 105.53998609049228}, {"date": "2021-8-16", "name": "T2", "unit": "us", "value": 46.39675357667899}, {"date": "2021-8-16", "name": "frequency", "unit": "GHz", "value": 5.2353782507476865}, {"date": "2021-8-16", "name": "anharmonicity", "unit": "GHz", "value": -0.33986713855915607}, {"date": "2021-8-16", "name": "readout_error", "unit": "", "value": 0.10319999999999996}, {"date": "2021-8-16", "name": "prob_meas0_prep1", "unit": "", "value": 0.15759999999999996}, {"date": "2021-8-16", "name": "prob_meas1_prep0", "unit": "", "value": 0.0488}, {"date": "2021-8-16", "name": "readout_length", "unit": "ns", "value": 704}], [{"date": "2021-8-16", "name": "T1", "unit": "us", "value": 93.08575120997715}, {"date": "2021-8-16", "name": "T2", "unit": "us", "value": 120.42904010896001}, {"date": "2021-8-16", "name": "frequency", "unit": "GHz", "value": 5.099391411768102}, {"date": "2021-8-16", "name": "anharmonicity", "unit": "GHz", "value": -0.3432484042938357}, {"date": "2021-8-16", "name": "readout_error", "unit": "", "value": 0.01980000000000004}, {"date": "2021-8-16", "name": "prob_meas0_prep1", "unit": "", "value": 0.0316}, {"date": "2021-8-16", "name": "prob_meas1_prep0", "unit": "", "value": 0.008000000000000007}, {"date": "2021-8-16", "name": "readout_length", "unit": "ns", "value": 704}], [{"date": "2021-8-16", "name": "T1", "unit": "us", "value": 150.07349529060625}, {"date": "2021-8-16", "name": "T2", "unit": "us", "value": 77.53037724272967}, {"date": "2021-8-16", "name": "frequency", "unit": "GHz", "value": 5.187859275862022}, {"date": "2021-8-16", "name": "anharmonicity", "unit": "GHz", "value": -0.3419316690031256}, {"date": "2021-8-16", "name": "readout_error", "unit": "", "value": 0.006000000000000005}, {"date": "2021-8-16", "name": "prob_meas0_prep1", "unit": "", "value": 0.0062}, {"date": "2021-8-16", "name": "prob_meas1_prep0", "unit": "", "value": 0.005800000000000027}, {"date": "2021-8-16", "name": "readout_length", "unit": "ns", "value": 704}], [{"date": "2021-8-16", "name": "T1", "unit": "us", "value": 101.78005574370376}, {"date": "2021-8-16", "name": "T2", "unit": "us", "value": 136.8970699425414}, {"date": "2021-8-16", "name": "frequency", "unit": "GHz", "value": 4.986862028193151}, {"date": "2021-8-16", "name": "anharmonicity", "unit": "GHz", "value": -0.3452928861203798}, {"date": "2021-8-16", "name": "readout_error", "unit": "", "value": 0.005400000000000071}, {"date": "2021-8-16", "name": "prob_meas0_prep1", "unit": "", "value": 0.0068}, {"date": "2021-8-16", "name": "prob_meas1_prep0", "unit": "", "value": 0.0040000000000000036}, {"date": "2021-8-16", "name": "readout_length", "unit": "ns", "value": 704}], [{"date": "2021-8-16", "name": "T1", "unit": "us", "value": 153.03205236254198}, {"date": "2021-8-16", "name": "T2", "unit": "us", "value": 27.15995138389141}, {"date": "2021-8-16", "name": "frequency", "unit": "GHz", "value": 5.2853404466240885}, {"date": "2021-8-16", "name": "anharmonicity", "unit": "GHz", "value": -0.3392342674107948}, {"date": "2021-8-16", "name": "readout_error", "unit": "", "value": 0.011099999999999999}, {"date": "2021-8-16", "name": "prob_meas0_prep1", "unit": "", "value": 0.010000000000000009}, {"date": "2021-8-16", "name": "prob_meas1_prep0", "unit": "", "value": 0.0122}, {"date": "2021-8-16", "name": "readout_length", "unit": "ns", "value": 704}], [{"date": "2021-8-16", "name": "T1", "unit": "us", "value": 95.6687708198693}, {"date": "2021-8-16", "name": "T2", "unit": "us", "value": 64.07431678044364}, {"date": "2021-8-16", "name": "frequency", "unit": "GHz", "value": 5.176862645026617}, {"date": "2021-8-16", "name": "anharmonicity", "unit": "GHz", "value": -0.34079297245074963}, {"date": "2021-8-16", "name": "readout_error", "unit": "", "value": 0.010499999999999954}, {"date": "2021-8-16", "name": "prob_meas0_prep1", "unit": "", "value": 0.0114}, {"date": "2021-8-16", "name": "prob_meas1_prep0", "unit": "", "value": 0.009600000000000053}, {"date": "2021-8-16", "name": "readout_length", "unit": "ns", "value": 704}], [{"date": "2021-8-16", "name": "T1", "unit": "us", "value": 165.5571909735806}, {"date": "2021-8-16", "name": "T2", "unit": "us", "value": 86.45742303249843}, {"date": "2021-8-16", "name": "frequency", "unit": "GHz", "value": 5.0641001093199005}, {"date": "2021-8-16", "name": "anharmonicity", "unit": "GHz", "value": -0.34275836537159754}, {"date": "2021-8-16", "name": "readout_error", "unit": "", "value": 0.006199999999999983}, {"date": "2021-8-16", "name": "prob_meas0_prep1", "unit": "", "value": 0.005}, {"date": "2021-8-16", "name": "prob_meas1_prep0", "unit": "", "value": 0.007399999999999962}, {"date": "2021-8-16", "name": "readout_length", "unit": "ns", "value": 704}]], "gates": [{"qubits": [0], "gate": "id", "parameters": [{"date": "2021-8-16", "name": "gate_error", "unit": "", "value": 0.002847124150591663}, {"date": "2021-8-16", "name": "gate_length", "unit": "ns", "value": 35.55555555555556}], "name": "id0"}, {"qubits": [1], "gate": "id", "parameters": [{"date": "2021-8-16", "name": "gate_error", "unit": "", "value": 0.0003034505800759651}, {"date": "2021-8-16", "name": "gate_length", "unit": "ns", "value": 35.55555555555556}], "name": "id1"}, {"qubits": [2], "gate": "id", "parameters": [{"date": "2021-8-16", "name": "gate_error", "unit": "", "value": 0.00021638646687075408}, {"date": "2021-8-16", "name": "gate_length", "unit": "ns", "value": 35.55555555555556}], "name": "id2"}, {"qubits": [3], "gate": "id", "parameters": [{"date": "2021-8-16", "name": "gate_error", "unit": "", "value": 0.0001519769195915663}, {"date": "2021-8-16", "name": "gate_length", "unit": "ns", "value": 35.55555555555556}], "name": "id3"}, {"qubits": [4], "gate": "id", "parameters": [{"date": "2021-8-16", "name": "gate_error", "unit": "", "value": 0.00017258754987736796}, {"date": "2021-8-16", "name": "gate_length", "unit": "ns", "value": 35.55555555555556}], "name": "id4"}, {"qubits": [5], "gate": "id", "parameters": [{"date": "2021-8-16", "name": "gate_error", "unit": "", "value": 0.0001763966422833518}, {"date": "2021-8-16", "name": "gate_length", "unit": "ns", "value": 35.55555555555556}], "name": "id5"}, {"qubits": [6], "gate": "id", "parameters": [{"date": "2021-8-16", "name": "gate_error", "unit": "", "value": 0.0001762470779539612}, {"date": "2021-8-16", "name": "gate_length", "unit": "ns", "value": 35.55555555555556}], "name": "id6"}, {"qubits": [0], "gate": "rz", "parameters": [{"date": "2021-8-16", "name": "gate_error", "unit": "", "value": 0}, {"date": "2021-8-16", "name": "gate_length", "unit": "ns", "value": 0}], "name": "rz0"}, {"qubits": [1], "gate": "rz", "parameters": [{"date": "2021-8-16", "name": "gate_error", "unit": "", "value": 0}, {"date": "2021-8-16", "name": "gate_length", "unit": "ns", "value": 0}], "name": "rz1"}, {"qubits": [2], "gate": "rz", "parameters": [{"date": "2021-8-16", "name": "gate_error", "unit": "", "value": 0}, {"date": "2021-8-16", "name": "gate_length", "unit": "ns", "value": 0}], "name": "rz2"}, {"qubits": [3], "gate": "rz", "parameters": [{"date": "2021-8-16", "name": "gate_error", "unit": "", "value": 0}, {"date": "2021-8-16", "name": "gate_length", "unit": "ns", "value": 0}], "name": "rz3"}, {"qubits": [4], "gate": "rz", "parameters": [{"date": "2021-8-16", "name": "gate_error", "unit": "", "value": 0}, {"date": "2021-8-16", "name": "gate_length", "unit": "ns", "value": 0}], "name": "rz4"}, {"qubits": [5], "gate": "rz", "parameters": [{"date": "2021-8-16", "name": "gate_error", "unit": "", "value": 0}, {"date": "2021-8-16", "name": "gate_length", "unit": "ns", "value": 0}], "name": "rz5"}, {"qubits": [6], "gate": "rz", "parameters": [{"date": "2021-8-16", "name": "gate_error", "unit": "", "value": 0}, {"date": "2021-8-16", "name": "gate_length", "unit": "ns", "value": 0}], "name": "rz6"}, {"qubits": [0], "gate": "sx", "parameters": [{"date": "2021-8-16", "name": "gate_error", "unit": "", "value": 0.002847124150591663}, {"date": "2021-8-16", "name": "gate_length", "unit": "ns", "value": 35.55555555555556}], "name": "sx0"}, {"qubits": [1], "gate": "sx", "parameters": [{"date": "2021-8-16", "name": "gate_error", "unit": "", "value": 0.0003034505800759651}, {"date": "2021-8-16", "name": "gate_length", "unit": "ns", "value": 35.55555555555556}], "name": "sx1"}, {"qubits": [2], "gate": "sx", "parameters": [{"date": "2021-8-16", "name": "gate_error", "unit": "", "value": 0.00021638646687075408}, {"date": "2021-8-16", "name": "gate_length", "unit": "ns", "value": 35.55555555555556}], "name": "sx2"}, {"qubits": [3], "gate": "sx", "parameters": [{"date": "2021-8-16", "name": "gate_error", "unit": "", "value": 0.0001519769195915663}, {"date": "2021-8-16", "name": "gate_length", "unit": "ns", "value": 35.55555555555556}], "name": "sx3"}, {"qubits": [4], "gate": "sx", "parameters": [{"date": "2021-8-16", "name": "gate_error", "unit": "", "value": 0.00017258754987736796}, {"date": "2021-8-16", "name": "gate_length", "unit": "ns", "value": 35.55555555555556}], "name": "sx4"}, {"qubits": [5], "gate": "sx", "parameters": [{"date": "2021-8-16", "name": "gate_error", "unit": "", "value": 0.0001763966422833518}, {"date": "2021-8-16", "name": "gate_length", "unit": "ns", "value": 35.55555555555556}], "name": "sx5"}, {"qubits": [6], "gate": "sx", "parameters": [{"date": "2021-8-16", "name": "gate_error", "unit": "", "value": 0.0001762470779539612}, {"date": "2021-8-16", "name": "gate_length", "unit": "ns", "value": 35.55555555555556}], "name": "sx6"}, {"qubits": [0], "gate": "x", "parameters": [{"date": "2021-8-16", "name": "gate_error", "unit": "", "value": 0.002847124150591663}, {"date": "2021-8-16", "name": "gate_length", "unit": "ns", "value": 35.55555555555556}], "name": "x0"}, {"qubits": [1], "gate": "x", "parameters": [{"date": "2021-8-16", "name": "gate_error", "unit": "", "value": 0.0003034505800759651}, {"date": "2021-8-16", "name": "gate_length", "unit": "ns", "value": 35.55555555555556}], "name": "x1"}, {"qubits": [2], "gate": "x", "parameters": [{"date": "2021-8-16", "name": "gate_error", "unit": "", "value": 0.00021638646687075408}, {"date": "2021-8-16", "name": "gate_length", "unit": "ns", "value": 35.55555555555556}], "name": "x2"}, {"qubits": [3], "gate": "x", "parameters": [{"date": "2021-8-16", "name": "gate_error", "unit": "", "value": 0.0001519769195915663}, {"date": "2021-8-16", "name": "gate_length", "unit": "ns", "value": 35.55555555555556}], "name": "x3"}, {"qubits": [4], "gate": "x", "parameters": [{"date": "2021-8-16", "name": "gate_error", "unit": "", "value": 0.00017258754987736796}, {"date": "2021-8-16", "name": "gate_length", "unit": "ns", "value": 35.55555555555556}], "name": "x4"}, {"qubits": [5], "gate": "x", "parameters": [{"date": "2021-8-16", "name": "gate_error", "unit": "", "value": 0.0001763966422833518}, {"date": "2021-8-16", "name": "gate_length", "unit": "ns", "value": 35.55555555555556}], "name": "x5"}, {"qubits": [6], "gate": "x", "parameters": [{"date": "2021-8-16", "name": "gate_error", "unit": "", "value": 0.0001762470779539612}, {"date": "2021-8-16", "name": "gate_length", "unit": "ns", "value": 35.55555555555556}], "name": "x6"}, {"qubits": [5, 4], "gate": "cx", "parameters": [{"date": "2021-8-16", "name": "gate_error", "unit": "", "value": 0.004845990867262007}, {"date": "2021-8-13", "name": "gate_length", "unit": "ns", "value": 327.1111111111111}], "name": "cx5_4"}, {"qubits": [4, 5], "gate": "cx", "parameters": [{"date": "2021-8-16", "name": "gate_error", "unit": "", "value": 0.004845990867262007}, {"date": "2021-8-13", "name": "gate_length", "unit": "ns", "value": 362.66666666666663}], "name": "cx4_5"}, {"qubits": [3, 1], "gate": "cx", "parameters": [{"date": "2021-8-16", "name": "gate_error", "unit": "", "value": 0.007079568097597799}, {"date": "2021-8-13", "name": "gate_length", "unit": "ns", "value": 298.66666666666663}], "name": "cx3_1"}, {"qubits": [1, 3], "gate": "cx", "parameters": [{"date": "2021-8-16", "name": "gate_error", "unit": "", "value": 0.007079568097597799}, {"date": "2021-8-13", "name": "gate_length", "unit": "ns", "value": 334.22222222222223}], "name": "cx1_3"}, {"qubits": [5, 6], "gate": "cx", "parameters": [{"date": "2021-8-16", "name": "gate_error", "unit": "", "value": 0.005235531856708248}, {"date": "2021-8-13", "name": "gate_length", "unit": "ns", "value": 256}], "name": "cx5_6"}, {"qubits": [6, 5], "gate": "cx", "parameters": [{"date": "2021-8-16", "name": "gate_error", "unit": "", "value": 0.005235531856708248}, {"date": "2021-8-13", "name": "gate_length", "unit": "ns", "value": 291.55555555555554}], "name": "cx6_5"}, {"qubits": [5, 3], "gate": "cx", "parameters": [{"date": "2021-8-16", "name": "gate_error", "unit": "", "value": 0.003928904386869547}, {"date": "2021-8-13", "name": "gate_length", "unit": "ns", "value": 298.66666666666663}], "name": "cx5_3"}, {"qubits": [3, 5], "gate": "cx", "parameters": [{"date": "2021-8-16", "name": "gate_error", "unit": "", "value": 0.003928904386869547}, {"date": "2021-8-13", "name": "gate_length", "unit": "ns", "value": 334.22222222222223}], "name": "cx3_5"}, {"qubits": [2, 1], "gate": "cx", "parameters": [{"date": "2021-8-16", "name": "gate_error", "unit": "", "value": 0.006049050906796222}, {"date": "2021-8-13", "name": "gate_length", "unit": "ns", "value": 291.55555555555554}], "name": "cx2_1"}, {"qubits": [1, 2], "gate": "cx", "parameters": [{"date": "2021-8-16", "name": "gate_error", "unit": "", "value": 0.006049050906796222}, {"date": "2021-8-13", "name": "gate_length", "unit": "ns", "value": 327.1111111111111}], "name": "cx1_2"}, {"qubits": [0, 1], "gate": "cx", "parameters": [{"date": "2021-8-16", "name": "gate_error", "unit": "", "value": 0.02479457958832043}, {"date": "2021-8-13", "name": "gate_length", "unit": "ns", "value": 305.77777777777777}], "name": "cx0_1"}, {"qubits": [1, 0], "gate": "cx", "parameters": [{"date": "2021-8-16", "name": "gate_error", "unit": "", "value": 0.02479457958832043}, {"date": "2021-8-13", "name": "gate_length", "unit": "ns", "value": 341.3333333333333}], "name": "cx1_0"}, {"qubits": [0], "gate": "reset", "parameters": [{"date": "2021-8-16", "name": "gate_length", "unit": "ns", "value": 1002.6666666666666}], "name": "reset0"}, {"qubits": [1], "gate": "reset", "parameters": [{"date": "2021-8-16", "name": "gate_length", "unit": "ns", "value": 1002.6666666666666}], "name": "reset1"}, {"qubits": [2], "gate": "reset", "parameters": [{"date": "2021-8-16", "name": "gate_length", "unit": "ns", "value": 995.5555555555555}], "name": "reset2"}, {"qubits": [3], "gate": "reset", "parameters": [{"date": "2021-8-16", "name": "gate_length", "unit": "ns", "value": 988.4444444444443}], "name": "reset3"}, {"qubits": [4], "gate": "reset", "parameters": [{"date": "2021-8-16", "name": "gate_length", "unit": "ns", "value": 1002.6666666666666}], "name": "reset4"}, {"qubits": [5], "gate": "reset", "parameters": [{"date": "2021-8-16", "name": "gate_length", "unit": "ns", "value": 1002.6666666666666}], "name": "reset5"}, {"qubits": [6], "gate": "reset", "parameters": [{"date": "2021-8-16", "name": "gate_length", "unit": "ns", "value": 988.4444444444443}], "name": "reset6"}], "general": [{"date": "2021-8-16", "name": "jq_01", "unit": "GHz", "value": 0.0017239661070310697}, {"date": "2021-8-16", "name": "zz_01", "unit": "GHz", "value": -4.1551259389276154e-05}, {"date": "2021-8-16", "name": "jq_12", "unit": "GHz", "value": 0.003306427365570105}, {"date": "2021-8-16", "name": "zz_12", "unit": "GHz", "value": -0.00013691896518548322}, {"date": "2021-8-16", "name": "jq_45", "unit": "GHz", "value": 0.0033964931013144256}, {"date": "2021-8-16", "name": "zz_45", "unit": "GHz", "value": -0.00015134337521539932}, {"date": "2021-8-16", "name": "jq_56", "unit": "GHz", "value": 0.0032394441256406383}, {"date": "2021-8-16", "name": "zz_56", "unit": "GHz", "value": -0.0001381127844927418}, {"date": "2021-8-16", "name": "jq_13", "unit": "GHz", "value": 0.003219077603102807}, {"date": "2021-8-16", "name": "zz_13", "unit": "GHz", "value": -0.00013509145307819546}, {"date": "2021-8-16", "name": "jq_35", "unit": "GHz", "value": 0.0023455196332844842}, {"date": "2021-8-16", "name": "zz_35", "unit": "GHz", "value": -9.35336850076191e-05}]}