{"backend_name": "ibm_lagos", "backend_version": "1.0.3", "last_update_date": "2021-8-20", "qubits": [[{"date": "2021-8-20", "name": "T1", "unit": "us", "value": 119.85106481679728}, {"date": "2021-8-20", "name": "T2", "unit": "us", "value": 36.19771521557883}, {"date": "2021-8-20", "name": "frequency", "unit": "GHz", "value": 5.234656783699062}, {"date": "2021-8-20", "name": "anharmonicity", "unit": "GHz", "value": -0.33986713855915607}, {"date": "2021-8-20", "name": "readout_error", "unit": "", "value": 0.09089999999999998}, {"date": "2021-8-20", "name": "prob_meas0_prep1", "unit": "", "value": 0.1732}, {"date": "2021-8-20", "name": "prob_meas1_prep0", "unit": "", "value": 0.008600000000000052}, {"date": "2021-8-20", "name": "readout_length", "unit": "ns", "value": 704}], [{"date": "2021-8-20", "name": "T1", "unit": "us", "value": 96.65271042132254}, {"date": "2021-8-20", "name": "T2", "unit": "us", "value": 48.34337167780846}, {"date": "2021-8-20", "name": "frequency", "unit": "GHz", "value": 5.099354399159433}, {"date": "2021-8-20", "name": "anharmonicity", "unit": "GHz", "value": -0.3432484042938357}, {"date": "2021-8-20", "name": "readout_error", "unit": "", "value": 0.014799999999999924}, {"date": "2021-8-20", "name": "prob_meas0_prep1", "unit": "", "value": 0.0214}, {"date": "2021-8-20", "name": "prob_meas1_prep0", "unit": "", "value": 0.008199999999999985}, {"date": "2021-8-20", "name": "readout_length", "unit": "ns", "value": 704}], [{"date": "2021-8-20", "name": "T1", "unit": "us", "value": 81.08663165309507}, {"date": "2021-8-20", "name": "T2", "unit": "us", "value": 83.60941633086041}, {"date": "2021-8-20", "name": "frequency", "unit": "GHz", "value": 5.187873363178701}, {"date": "2021-8-20", "name": "anharmonicity", "unit": "GHz", "value": -0.3419316690031256}, {"date": "2021-8-20", "name": "readout_error", "unit": "", "value": 0.009299999999999975}, {"date": "2021-8-20", "name": "prob_meas0_prep1", "unit": "", "value": 0.0094}, {"date": "2021-8-20", "name": "prob_meas1_prep0", "unit": "", "value": 0.009199999999999986}, {"date": "2021-8-20", "name": "readout_length", "unit": "ns", "value": 704}], [{"date": "2021-8-20", "name": "T1", "unit": "us", "value": 81.53305503410539}, {"date": "2021-8-20", "name": "T2", "unit": "us", "value": 123.13261088900836}, {"date": "2021-8-20", "name": "frequency", "unit": "GHz", "value": 4.9868478839700074}, {"date": "2021-8-20", "name": "anharmonicity", "unit": "GHz", "value": -0.3452928861203798}, {"date": "2021-8-20", "name": "readout_error", "unit": "", "value": 0.007400000000000073}, {"date": "2021-8-20", "name": "prob_meas0_prep1", "unit": "", "value": 0.0108}, {"date": "2021-8-20", "name": "prob_meas1_prep0", "unit": "", "value": 0.0040000000000000036}, {"date": "2021-8-20", "name": "readout_length", "unit": "ns", "value": 704}], [{"date": "2021-8-20", "name": "T1", "unit": "us", "value": 74.69464096970698}, {"date": "2021-8-20", "name": "T2", "unit": "us", "value": 31.65563340139567}, {"date": "2021-8-20", "name": "frequency", "unit": "GHz", "value": 5.285333335586485}, {"date": "2021-8-20", "name": "anharmonicity", "unit": "GHz", "value": -0.3392342674107948}, {"date": "2021-8-20", "name": "readout_error", "unit": "", "value": 0.009099999999999997}, {"date": "2021-8-20", "name": "prob_meas0_prep1", "unit": "", "value": 0.010399999999999965}, {"date": "2021-8-20", "name": "prob_meas1_prep0", "unit": "", "value": 0.0078}, {"date": "2021-8-20", "name": "readout_length", "unit": "ns", "value": 704}], [{"date": "2021-8-20", "name": "T1", "unit": "us", "value": 153.05126377065008}, {"date": "2021-8-20", "name": "T2", "unit": "us", "value": 78.2505212289966}, {"date": "2021-8-20", "name": "frequency", "unit": "GHz", "value": 5.1768561928278745}, {"date": "2021-8-20", "name": "anharmonicity", "unit": "GHz", "value": -0.34079297245074963}, {"date": "2021-8-20", "name": "readout_error", "unit": "", "value": 0.010000000000000009}, {"date": "2021-8-20", "name": "prob_meas0_prep1", "unit": "", "value": 0.0096}, {"date": "2021-8-20", "name": "prob_meas1_prep0", "unit": "", "value": 0.010399999999999965}, {"date": "2021-8-20", "name": "readout_length", "unit": "ns", "value": 704}], [{"date": "2021-8-20", "name": "T1", "unit": "us", "value": 159.16600979176496}, {"date": "2021-8-20", "name": "T2", "unit": "us", "value": 76.92601196683863}, {"date": "2021-8-20", "name": "frequency", "unit": "GHz", "value": 5.064036597580466}, {"date": "2021-8-20", "name": "anharmonicity", "unit": "GHz", "value": -0.34275836537159754}, {"date": "2021-8-20", "name": "readout_error", "unit": "", "value": 0.007400000000000073}, {"date": "2021-8-20", "name": "prob_meas0_prep1", "unit": "", "value": 0.0092}, {"date": "2021-8-20", "name": "prob_meas1_prep0", "unit": "", "value": 0.005600000000000049}, {"date": "2021-8-20", "name": "readout_length", "unit": "ns", "value": 704}]], "gates": [{"qubits": [0], "gate": "id", "parameters": [{"date": "2021-8-20", "name": "gate_error", "unit": "", "value": 0.0023908904770017047}, {"date": "2021-8-20", "name": "gate_length", "unit": "ns", "value": 35.55555555555556}], "name": "id0"}, {"qubits": [1], "gate": "id", "parameters": [{"date": "2021-8-20", "name": "gate_error", "unit": "", "value": 0.0025142051995052923}, {"date": "2021-8-20", "name": "gate_length", "unit": "ns", "value": 35.55555555555556}], "name": "id1"}, {"qubits": [2], "gate": "id", "parameters": [{"date": "2021-8-20", "name": "gate_error", "unit": "", "value": 0.00029510189900032945}, {"date": "2021-8-20", "name": "gate_length", "unit": "ns", "value": 35.55555555555556}], "name": "id2"}, {"qubits": [3], "gate": "id", "parameters": [{"date": "2021-8-20", "name": "gate_error", "unit": "", "value": 0.00020046305293007147}, {"date": "2021-8-20", "name": "gate_length", "unit": "ns", "value": 35.55555555555556}], "name": "id3"}, {"qubits": [4], "gate": "id", "parameters": [{"date": "2021-8-20", "name": "gate_error", "unit": "", "value": 0.000244276039655028}, {"date": "2021-8-20", "name": "gate_length", "unit": "ns", "value": 35.55555555555556}], "name": "id4"}, {"qubits": [5], "gate": "id", "parameters": [{"date": "2021-8-20", "name": "gate_error", "unit": "", "value": 0.00017699093606488134}, {"date": "2021-8-20", "name": "gate_length", "unit": "ns", "value": 35.55555555555556}], "name": "id5"}, {"qubits": [6], "gate": "id", "parameters": [{"date": "2021-8-20", "name": "gate_error", "unit": "", "value": 0.00022106745060975825}, {"date": "2021-8-20", "name": "gate_length", "unit": "ns", "value": 35.55555555555556}], "name": "id6"}, {"qubits": [0], "gate": "rz", "parameters": [{"date": "2021-8-20", "name": "gate_error", "unit": "", "value": 0}, {"date": "2021-8-20", "name": "gate_length", "unit": "ns", "value": 0}], "name": "rz0"}, {"qubits": [1], "gate": "rz", "parameters": [{"date": "2021-8-20", "name": "gate_error", "unit": "", "value": 0}, {"date": "2021-8-20", "name": "gate_length", "unit": "ns", "value": 0}], "name": "rz1"}, {"qubits": [2], "gate": "rz", "parameters": [{"date": "2021-8-20", "name": "gate_error", "unit": "", "value": 0}, {"date": "2021-8-20", "name": "gate_length", "unit": "ns", "value": 0}], "name": "rz2"}, {"qubits": [3], "gate": "rz", "parameters": [{"date": "2021-8-20", "name": "gate_error", "unit": "", "value": 0}, {"date": "2021-8-20", "name": "gate_length", "unit": "ns", "value": 0}], "name": "rz3"}, {"qubits": [4], "gate": "rz", "parameters": [{"date": "2021-8-20", "name": "gate_error", "unit": "", "value": 0}, {"date": "2021-8-20", "name": "gate_length", "unit": "ns", "value": 0}], "name": "rz4"}, {"qubits": [5], "gate": "rz", "parameters": [{"date": "2021-8-20", "name": "gate_error", "unit": "", "value": 0}, {"date": "2021-8-20", "name": "gate_length", "unit": "ns", "value": 0}], "name": "rz5"}, {"qubits": [6], "gate": "rz", "parameters": [{"date": "2021-8-20", "name": "gate_error", "unit": "", "value": 0}, {"date": "2021-8-20", "name": "gate_length", "unit": "ns", "value": 0}], "name": "rz6"}, {"qubits": [0], "gate": "sx", "parameters": [{"date": "2021-8-20", "name": "gate_error", "unit": "", "value": 0.0023908904770017047}, {"date": "2021-8-20", "name": "gate_length", "unit": "ns", "value": 35.55555555555556}], "name": "sx0"}, {"qubits": [1], "gate": "sx", "parameters": [{"date": "2021-8-20", "name": "gate_error", "unit": "", "value": 0.0025142051995052923}, {"date": "2021-8-20", "name": "gate_length", "unit": "ns", "value": 35.55555555555556}], "name": "sx1"}, {"qubits": [2], "gate": "sx", "parameters": [{"date": "2021-8-20", "name": "gate_error", "unit": "", "value": 0.00029510189900032945}, {"date": "2021-8-20", "name": "gate_length", "unit": "ns", "value": 35.55555555555556}], "name": "sx2"}, {"qubits": [3], "gate": "sx", "parameters": [{"date": "2021-8-20", "name": "gate_error", "unit": "", "value": 0.00020046305293007147}, {"date": "2021-8-20", "name": "gate_length", "unit": "ns", "value": 35.55555555555556}], "name": "sx3"}, {"qubits": [4], "gate": "sx", "parameters": [{"date": "2021-8-20", "name": "gate_error", "unit": "", "value": 0.000244276039655028}, {"date": "2021-8-20", "name": "gate_length", "unit": "ns", "value": 35.55555555555556}], "name": "sx4"}, {"qubits": [5], "gate": "sx", "parameters": [{"date": "2021-8-20", "name": "gate_error", "unit": "", "value": 0.00017699093606488134}, {"date": "2021-8-20", "name": "gate_length", "unit": "ns", "value": 35.55555555555556}], "name": "sx5"}, {"qubits": [6], "gate": "sx", "parameters": [{"date": "2021-8-20", "name": "gate_error", "unit": "", "value": 0.00022106745060975825}, {"date": "2021-8-20", "name": "gate_length", "unit": "ns", "value": 35.55555555555556}], "name": "sx6"}, {"qubits": [0], "gate": "x", "parameters": [{"date": "2021-8-20", "name": "gate_error", "unit": "", "value": 0.0023908904770017047}, {"date": "2021-8-20", "name": "gate_length", "unit": "ns", "value": 35.55555555555556}], "name": "x0"}, {"qubits": [1], "gate": "x", "parameters": [{"date": "2021-8-20", "name": "gate_error", "unit": "", "value": 0.0025142051995052923}, {"date": "2021-8-20", "name": "gate_length", "unit": "ns", "value": 35.55555555555556}], "name": "x1"}, {"qubits": [2], "gate": "x", "parameters": [{"date": "2021-8-20", "name": "gate_error", "unit": "", "value": 0.00029510189900032945}, {"date": "2021-8-20", "name": "gate_length", "unit": "ns", "value": 35.55555555555556}], "name": "x2"}, {"qubits": [3], "gate": "x", "parameters": [{"date": "2021-8-20", "name": "gate_error", "unit": "", "value": 0.00020046305293007147}, {"date": "2021-8-20", "name": "gate_length", "unit": "ns", "value": 35.55555555555556}], "name": "x3"}, {"qubits": [4], "gate": "x", "parameters": [{"date": "2021-8-20", "name": "gate_error", "unit": "", "value": 0.000244276039655028}, {"date": "2021-8-20", "name": "gate_length", "unit": "ns", "value": 35.55555555555556}], "name": "x4"}, {"qubits": [5], "gate": "x", "parameters": [{"date": "2021-8-20", "name": "gate_error", "unit": "", "value": 0.00017699093606488134}, {"date": "2021-8-20", "name": "gate_length", "unit": "ns", "value": 35.55555555555556}], "name": "x5"}, {"qubits": [6], "gate": "x", "parameters": [{"date": "2021-8-20", "name": "gate_error", "unit": "", "value": 0.00022106745060975825}, {"date": "2021-8-20", "name": "gate_length", "unit": "ns", "value": 35.55555555555556}], "name": "x6"}, {"qubits": [5, 4], "gate": "cx", "parameters": [{"date": "2021-8-20", "name": "gate_error", "unit": "", "value": 0.0065725263699537295}, {"date": "2021-8-17", "name": "gate_length", "unit": "ns", "value": 327.1111111111111}], "name": "cx5_4"}, {"qubits": [4, 5], "gate": "cx", "parameters": [{"date": "2021-8-20", "name": "gate_error", "unit": "", "value": 0.0065725263699537295}, {"date": "2021-8-17", "name": "gate_length", "unit": "ns", "value": 362.66666666666663}], "name": "cx4_5"}, {"qubits": [3, 1], "gate": "cx", "parameters": [{"date": "2021-8-20", "name": "gate_error", "unit": "", "value": 0.023402143898680144}, {"date": "2021-8-17", "name": "gate_length", "unit": "ns", "value": 298.66666666666663}], "name": "cx3_1"}, {"qubits": [1, 3], "gate": "cx", "parameters": [{"date": "2021-8-20", "name": "gate_error", "unit": "", "value": 0.023402143898680144}, {"date": "2021-8-17", "name": "gate_length", "unit": "ns", "value": 334.22222222222223}], "name": "cx1_3"}, {"qubits": [5, 6], "gate": "cx", "parameters": [{"date": "2021-8-20", "name": "gate_error", "unit": "", "value": 0.004375048709712476}, {"date": "2021-8-17", "name": "gate_length", "unit": "ns", "value": 256}], "name": "cx5_6"}, {"qubits": [6, 5], "gate": "cx", "parameters": [{"date": "2021-8-20", "name": "gate_error", "unit": "", "value": 0.004375048709712476}, {"date": "2021-8-17", "name": "gate_length", "unit": "ns", "value": 291.55555555555554}], "name": "cx6_5"}, {"qubits": [5, 3], "gate": "cx", "parameters": [{"date": "2021-8-20", "name": "gate_error", "unit": "", "value": 0.004393280465624483}, {"date": "2021-8-17", "name": "gate_length", "unit": "ns", "value": 298.66666666666663}], "name": "cx5_3"}, {"qubits": [3, 5], "gate": "cx", "parameters": [{"date": "2021-8-20", "name": "gate_error", "unit": "", "value": 0.004393280465624483}, {"date": "2021-8-17", "name": "gate_length", "unit": "ns", "value": 334.22222222222223}], "name": "cx3_5"}, {"qubits": [2, 1], "gate": "cx", "parameters": [{"date": "2021-8-20", "name": "gate_error", "unit": "", "value": 0.02368058206948989}, {"date": "2021-8-17", "name": "gate_length", "unit": "ns", "value": 291.55555555555554}], "name": "cx2_1"}, {"qubits": [1, 2], "gate": "cx", "parameters": [{"date": "2021-8-20", "name": "gate_error", "unit": "", "value": 0.02368058206948989}, {"date": "2021-8-17", "name": "gate_length", "unit": "ns", "value": 327.1111111111111}], "name": "cx1_2"}, {"qubits": [0, 1], "gate": "cx", "parameters": [{"date": "2021-8-20", "name": "gate_error", "unit": "", "value": 0.05295432079613063}, {"date": "2021-8-17", "name": "gate_length", "unit": "ns", "value": 305.77777777777777}], "name": "cx0_1"}, {"qubits": [1, 0], "gate": "cx", "parameters": [{"date": "2021-8-20", "name": "gate_error", "unit": "", "value": 0.05295432079613063}, {"date": "2021-8-17", "name": "gate_length", "unit": "ns", "value": 341.3333333333333}], "name": "cx1_0"}, {"qubits": [0], "gate": "reset", "parameters": [{"date": "2021-8-20", "name": "gate_length", "unit": "ns", "value": 1002.6666666666666}], "name": "reset0"}, {"qubits": [1], "gate": "reset", "parameters": [{"date": "2021-8-20", "name": "gate_length", "unit": "ns", "value": 1002.6666666666666}], "name": "reset1"}, {"qubits": [2], "gate": "reset", "parameters": [{"date": "2021-8-20", "name": "gate_length", "unit": "ns", "value": 995.5555555555555}], "name": "reset2"}, {"qubits": [3], "gate": "reset", "parameters": [{"date": "2021-8-20", "name": "gate_length", "unit": "ns", "value": 988.4444444444443}], "name": "reset3"}, {"qubits": [4], "gate": "reset", "parameters": [{"date": "2021-8-20", "name": "gate_length", "unit": "ns", "value": 1002.6666666666666}], "name": "reset4"}, {"qubits": [5], "gate": "reset", "parameters": [{"date": "2021-8-20", "name": "gate_length", "unit": "ns", "value": 1002.6666666666666}], "name": "reset5"}, {"qubits": [6], "gate": "reset", "parameters": [{"date": "2021-8-20", "name": "gate_length", "unit": "ns", "value": 988.4444444444443}], "name": "reset6"}], "general": [{"date": "2021-8-20", "name": "jq_01", "unit": "GHz", "value": 0.0017239661070310697}, {"date": "2021-8-20", "name": "zz_01", "unit": "GHz", "value": -4.1551259389276154e-05}, {"date": "2021-8-20", "name": "jq_12", "unit": "GHz", "value": 0.003306427365570105}, {"date": "2021-8-20", "name": "zz_12", "unit": "GHz", "value": -0.00013691896518548322}, {"date": "2021-8-20", "name": "jq_45", "unit": "GHz", "value": 0.0033964931013144256}, {"date": "2021-8-20", "name": "zz_45", "unit": "GHz", "value": -0.00015134337521539932}, {"date": "2021-8-20", "name": "jq_56", "unit": "GHz", "value": 0.0032394441256406383}, {"date": "2021-8-20", "name": "zz_56", "unit": "GHz", "value": -0.0001381127844927418}, {"date": "2021-8-20", "name": "jq_13", "unit": "GHz", "value": 0.003219077603102807}, {"date": "2021-8-20", "name": "zz_13", "unit": "GHz", "value": -0.00013509145307819546}, {"date": "2021-8-20", "name": "jq_35", "unit": "GHz", "value": 0.0023455196332844842}, {"date": "2021-8-20", "name": "zz_35", "unit": "GHz", "value": -9.35336850076191e-05}]}