{"backend_name": "ibm_lagos", "backend_version": "1.0.16", "last_update_date": "2021-11-18", "qubits": [[{"date": "2021-11-18", "name": "T1", "unit": "us", "value": 89.44461898508068}, {"date": "2021-11-18", "name": "T2", "unit": "us", "value": 26.272341754566686}, {"date": "2021-11-18", "name": "frequency", "unit": "GHz", "value": 5.235204371775255}, {"date": "2021-11-18", "name": "anharmonicity", "unit": "GHz", "value": -0.33986713855915607}, {"date": "2021-11-18", "name": "readout_error", "unit": "", "value": 0.016199999999999992}, {"date": "2021-11-18", "name": "prob_meas0_prep1", "unit": "", "value": 0.0156}, {"date": "2021-11-18", "name": "prob_meas1_prep0", "unit": "", "value": 0.016800000000000037}, {"date": "2021-11-18", "name": "readout_length", "unit": "ns", "value": 704}], [{"date": "2021-11-18", "name": "T1", "unit": "us", "value": 149.60600510765346}, {"date": "2021-11-18", "name": "T2", "unit": "us", "value": 86.1753004704758}, {"date": "2021-11-18", "name": "frequency", "unit": "GHz", "value": 5.099579575358377}, {"date": "2021-11-18", "name": "anharmonicity", "unit": "GHz", "value": -0.3432484042938357}, {"date": "2021-11-18", "name": "readout_error", "unit": "", "value": 0.00990000000000002}, {"date": "2021-11-18", "name": "prob_meas0_prep1", "unit": "", "value": 0.0126}, {"date": "2021-11-18", "name": "prob_meas1_prep0", "unit": "", "value": 0.007199999999999984}, {"date": "2021-11-18", "name": "readout_length", "unit": "ns", "value": 704}], [{"date": "2021-11-18", "name": "T1", "unit": "us", "value": 112.26528729374672}, {"date": "2021-11-18", "name": "T2", "unit": "us", "value": 39.27606739724887}, {"date": "2021-11-18", "name": "frequency", "unit": "GHz", "value": 5.188234534596909}, {"date": "2021-11-18", "name": "anharmonicity", "unit": "GHz", "value": -0.3419316690031256}, {"date": "2021-11-18", "name": "readout_error", "unit": "", "value": 0.006099999999999994}, {"date": "2021-11-18", "name": "prob_meas0_prep1", "unit": "", "value": 0.0072}, {"date": "2021-11-18", "name": "prob_meas1_prep0", "unit": "", "value": 0.0050000000000000044}, {"date": "2021-11-18", "name": "readout_length", "unit": "ns", "value": 704}], [{"date": "2021-11-18", "name": "T1", "unit": "us", "value": 112.88477249952149}, {"date": "2021-11-18", "name": "T2", "unit": "us", "value": 67.43672584605348}, {"date": "2021-11-18", "name": "frequency", "unit": "GHz", "value": 4.9874840354406}, {"date": "2021-11-18", "name": "anharmonicity", "unit": "GHz", "value": -0.3452928861203798}, {"date": "2021-11-18", "name": "readout_error", "unit": "", "value": 0.016699999999999937}, {"date": "2021-11-18", "name": "prob_meas0_prep1", "unit": "", "value": 0.0146}, {"date": "2021-11-18", "name": "prob_meas1_prep0", "unit": "", "value": 0.01880000000000004}, {"date": "2021-11-18", "name": "readout_length", "unit": "ns", "value": 704}], [{"date": "2021-11-18", "name": "T1", "unit": "us", "value": 56.887336704456246}, {"date": "2021-11-18", "name": "T2", "unit": "us", "value": 45.03503434277431}, {"date": "2021-11-18", "name": "frequency", "unit": "GHz", "value": 5.285385787187426}, {"date": "2021-11-18", "name": "anharmonicity", "unit": "GHz", "value": -0.3392342674107948}, {"date": "2021-11-18", "name": "readout_error", "unit": "", "value": 0.0131}, {"date": "2021-11-18", "name": "prob_meas0_prep1", "unit": "", "value": 0.010600000000000054}, {"date": "2021-11-18", "name": "prob_meas1_prep0", "unit": "", "value": 0.0156}, {"date": "2021-11-18", "name": "readout_length", "unit": "ns", "value": 704}], [{"date": "2021-11-18", "name": "T1", "unit": "us", "value": 83.33269938408819}, {"date": "2021-11-18", "name": "T2", "unit": "us", "value": 112.86296205771748}, {"date": "2021-11-18", "name": "frequency", "unit": "GHz", "value": 5.176178383238248}, {"date": "2021-11-18", "name": "anharmonicity", "unit": "GHz", "value": -0.34079297245074963}, {"date": "2021-11-18", "name": "readout_error", "unit": "", "value": 0.010399999999999965}, {"date": "2021-11-18", "name": "prob_meas0_prep1", "unit": "", "value": 0.0106}, {"date": "2021-11-18", "name": "prob_meas1_prep0", "unit": "", "value": 0.010199999999999987}, {"date": "2021-11-18", "name": "readout_length", "unit": "ns", "value": 704}], [{"date": "2021-11-18", "name": "T1", "unit": "us", "value": 206.44687541766191}, {"date": "2021-11-18", "name": "T2", "unit": "us", "value": 154.36882746129854}, {"date": "2021-11-18", "name": "frequency", "unit": "GHz", "value": 5.063937151338197}, {"date": "2021-11-18", "name": "anharmonicity", "unit": "GHz", "value": -0.34275836537159754}, {"date": "2021-11-18", "name": "readout_error", "unit": "", "value": 0.028799999999999937}, {"date": "2021-11-18", "name": "prob_meas0_prep1", "unit": "", "value": 0.047599999999999976}, {"date": "2021-11-18", "name": "prob_meas1_prep0", "unit": "", "value": 0.01}, {"date": "2021-11-18", "name": "readout_length", "unit": "ns", "value": 704}]], "gates": [{"qubits": [0], "gate": "id", "parameters": [{"date": "2021-11-18", "name": "gate_error", "unit": "", "value": 0.00022347550468948508}, {"date": "2021-11-18", "name": "gate_length", "unit": "ns", "value": 35.55555555555556}], "name": "id0"}, {"qubits": [1], "gate": "id", "parameters": [{"date": "2021-11-18", "name": "gate_error", "unit": "", "value": 0.00033234975154132067}, {"date": "2021-11-18", "name": "gate_length", "unit": "ns", "value": 35.55555555555556}], "name": "id1"}, {"qubits": [2], "gate": "id", "parameters": [{"date": "2021-11-18", "name": "gate_error", "unit": "", "value": 0.00023298745161108881}, {"date": "2021-11-18", "name": "gate_length", "unit": "ns", "value": 35.55555555555556}], "name": "id2"}, {"qubits": [3], "gate": "id", "parameters": [{"date": "2021-11-18", "name": "gate_error", "unit": "", "value": 0.0002036570953606709}, {"date": "2021-11-18", "name": "gate_length", "unit": "ns", "value": 35.55555555555556}], "name": "id3"}, {"qubits": [4], "gate": "id", "parameters": [{"date": "2021-11-18", "name": "gate_error", "unit": "", "value": 0.00029512640614235216}, {"date": "2021-11-18", "name": "gate_length", "unit": "ns", "value": 35.55555555555556}], "name": "id4"}, {"qubits": [5], "gate": "id", "parameters": [{"date": "2021-11-18", "name": "gate_error", "unit": "", "value": 0.0004384318731390517}, {"date": "2021-11-18", "name": "gate_length", "unit": "ns", "value": 35.55555555555556}], "name": "id5"}, {"qubits": [6], "gate": "id", "parameters": [{"date": "2021-11-18", "name": "gate_error", "unit": "", "value": 0.0002760398952771088}, {"date": "2021-11-18", "name": "gate_length", "unit": "ns", "value": 35.55555555555556}], "name": "id6"}, {"qubits": [0], "gate": "rz", "parameters": [{"date": "2021-11-18", "name": "gate_error", "unit": "", "value": 0}, {"date": "2021-11-18", "name": "gate_length", "unit": "ns", "value": 0}], "name": "rz0"}, {"qubits": [1], "gate": "rz", "parameters": [{"date": "2021-11-18", "name": "gate_error", "unit": "", "value": 0}, {"date": "2021-11-18", "name": "gate_length", "unit": "ns", "value": 0}], "name": "rz1"}, {"qubits": [2], "gate": "rz", "parameters": [{"date": "2021-11-18", "name": "gate_error", "unit": "", "value": 0}, {"date": "2021-11-18", "name": "gate_length", "unit": "ns", "value": 0}], "name": "rz2"}, {"qubits": [3], "gate": "rz", "parameters": [{"date": "2021-11-18", "name": "gate_error", "unit": "", "value": 0}, {"date": "2021-11-18", "name": "gate_length", "unit": "ns", "value": 0}], "name": "rz3"}, {"qubits": [4], "gate": "rz", "parameters": [{"date": "2021-11-18", "name": "gate_error", "unit": "", "value": 0}, {"date": "2021-11-18", "name": "gate_length", "unit": "ns", "value": 0}], "name": "rz4"}, {"qubits": [5], "gate": "rz", "parameters": [{"date": "2021-11-18", "name": "gate_error", "unit": "", "value": 0}, {"date": "2021-11-18", "name": "gate_length", "unit": "ns", "value": 0}], "name": "rz5"}, {"qubits": [6], "gate": "rz", "parameters": [{"date": "2021-11-18", "name": "gate_error", "unit": "", "value": 0}, {"date": "2021-11-18", "name": "gate_length", "unit": "ns", "value": 0}], "name": "rz6"}, {"qubits": [0], "gate": "sx", "parameters": [{"date": "2021-11-18", "name": "gate_error", "unit": "", "value": 0.00022347550468948508}, {"date": "2021-11-18", "name": "gate_length", "unit": "ns", "value": 35.55555555555556}], "name": "sx0"}, {"qubits": [1], "gate": "sx", "parameters": [{"date": "2021-11-18", "name": "gate_error", "unit": "", "value": 0.00033234975154132067}, {"date": "2021-11-18", "name": "gate_length", "unit": "ns", "value": 35.55555555555556}], "name": "sx1"}, {"qubits": [2], "gate": "sx", "parameters": [{"date": "2021-11-18", "name": "gate_error", "unit": "", "value": 0.00023298745161108881}, {"date": "2021-11-18", "name": "gate_length", "unit": "ns", "value": 35.55555555555556}], "name": "sx2"}, {"qubits": [3], "gate": "sx", "parameters": [{"date": "2021-11-18", "name": "gate_error", "unit": "", "value": 0.0002036570953606709}, {"date": "2021-11-18", "name": "gate_length", "unit": "ns", "value": 35.55555555555556}], "name": "sx3"}, {"qubits": [4], "gate": "sx", "parameters": [{"date": "2021-11-18", "name": "gate_error", "unit": "", "value": 0.00029512640614235216}, {"date": "2021-11-18", "name": "gate_length", "unit": "ns", "value": 35.55555555555556}], "name": "sx4"}, {"qubits": [5], "gate": "sx", "parameters": [{"date": "2021-11-18", "name": "gate_error", "unit": "", "value": 0.0004384318731390517}, {"date": "2021-11-18", "name": "gate_length", "unit": "ns", "value": 35.55555555555556}], "name": "sx5"}, {"qubits": [6], "gate": "sx", "parameters": [{"date": "2021-11-18", "name": "gate_error", "unit": "", "value": 0.0002760398952771088}, {"date": "2021-11-18", "name": "gate_length", "unit": "ns", "value": 35.55555555555556}], "name": "sx6"}, {"qubits": [0], "gate": "x", "parameters": [{"date": "2021-11-18", "name": "gate_error", "unit": "", "value": 0.00022347550468948508}, {"date": "2021-11-18", "name": "gate_length", "unit": "ns", "value": 35.55555555555556}], "name": "x0"}, {"qubits": [1], "gate": "x", "parameters": [{"date": "2021-11-18", "name": "gate_error", "unit": "", "value": 0.00033234975154132067}, {"date": "2021-11-18", "name": "gate_length", "unit": "ns", "value": 35.55555555555556}], "name": "x1"}, {"qubits": [2], "gate": "x", "parameters": [{"date": "2021-11-18", "name": "gate_error", "unit": "", "value": 0.00023298745161108881}, {"date": "2021-11-18", "name": "gate_length", "unit": "ns", "value": 35.55555555555556}], "name": "x2"}, {"qubits": [3], "gate": "x", "parameters": [{"date": "2021-11-18", "name": "gate_error", "unit": "", "value": 0.0002036570953606709}, {"date": "2021-11-18", "name": "gate_length", "unit": "ns", "value": 35.55555555555556}], "name": "x3"}, {"qubits": [4], "gate": "x", "parameters": [{"date": "2021-11-18", "name": "gate_error", "unit": "", "value": 0.00029512640614235216}, {"date": "2021-11-18", "name": "gate_length", "unit": "ns", "value": 35.55555555555556}], "name": "x4"}, {"qubits": [5], "gate": "x", "parameters": [{"date": "2021-11-18", "name": "gate_error", "unit": "", "value": 0.0004384318731390517}, {"date": "2021-11-18", "name": "gate_length", "unit": "ns", "value": 35.55555555555556}], "name": "x5"}, {"qubits": [6], "gate": "x", "parameters": [{"date": "2021-11-18", "name": "gate_error", "unit": "", "value": 0.0002760398952771088}, {"date": "2021-11-18", "name": "gate_length", "unit": "ns", "value": 35.55555555555556}], "name": "x6"}, {"qubits": [5, 4], "gate": "cx", "parameters": [{"date": "2021-11-18", "name": "gate_error", "unit": "", "value": 0.0062369871335624105}, {"date": "2021-11-15", "name": "gate_length", "unit": "ns", "value": 327.1111111111111}], "name": "cx5_4"}, {"qubits": [4, 5], "gate": "cx", "parameters": [{"date": "2021-11-18", "name": "gate_error", "unit": "", "value": 0.0062369871335624105}, {"date": "2021-11-15", "name": "gate_length", "unit": "ns", "value": 362.66666666666663}], "name": "cx4_5"}, {"qubits": [3, 1], "gate": "cx", "parameters": [{"date": "2021-11-18", "name": "gate_error", "unit": "", "value": 0.005623533946197523}, {"date": "2021-11-15", "name": "gate_length", "unit": "ns", "value": 298.66666666666663}], "name": "cx3_1"}, {"qubits": [1, 3], "gate": "cx", "parameters": [{"date": "2021-11-18", "name": "gate_error", "unit": "", "value": 0.005623533946197523}, {"date": "2021-11-15", "name": "gate_length", "unit": "ns", "value": 334.22222222222223}], "name": "cx1_3"}, {"qubits": [5, 6], "gate": "cx", "parameters": [{"date": "2021-11-18", "name": "gate_error", "unit": "", "value": 0.005840368033805998}, {"date": "2021-11-15", "name": "gate_length", "unit": "ns", "value": 256}], "name": "cx5_6"}, {"qubits": [6, 5], "gate": "cx", "parameters": [{"date": "2021-11-18", "name": "gate_error", "unit": "", "value": 0.005840368033805998}, {"date": "2021-11-15", "name": "gate_length", "unit": "ns", "value": 291.55555555555554}], "name": "cx6_5"}, {"qubits": [5, 3], "gate": "cx", "parameters": [{"date": "2021-11-18", "name": "gate_error", "unit": "", "value": 0.010907488778751862}, {"date": "2021-11-15", "name": "gate_length", "unit": "ns", "value": 298.66666666666663}], "name": "cx5_3"}, {"qubits": [3, 5], "gate": "cx", "parameters": [{"date": "2021-11-18", "name": "gate_error", "unit": "", "value": 0.010907488778751862}, {"date": "2021-11-15", "name": "gate_length", "unit": "ns", "value": 334.22222222222223}], "name": "cx3_5"}, {"qubits": [2, 1], "gate": "cx", "parameters": [{"date": "2021-11-18", "name": "gate_error", "unit": "", "value": 0.008729597675558948}, {"date": "2021-11-15", "name": "gate_length", "unit": "ns", "value": 291.55555555555554}], "name": "cx2_1"}, {"qubits": [1, 2], "gate": "cx", "parameters": [{"date": "2021-11-18", "name": "gate_error", "unit": "", "value": 0.008729597675558948}, {"date": "2021-11-15", "name": "gate_length", "unit": "ns", "value": 327.1111111111111}], "name": "cx1_2"}, {"qubits": [0, 1], "gate": "cx", "parameters": [{"date": "2021-11-18", "name": "gate_error", "unit": "", "value": 0.008014932795604446}, {"date": "2021-11-15", "name": "gate_length", "unit": "ns", "value": 305.77777777777777}], "name": "cx0_1"}, {"qubits": [1, 0], "gate": "cx", "parameters": [{"date": "2021-11-18", "name": "gate_error", "unit": "", "value": 0.008014932795604446}, {"date": "2021-11-15", "name": "gate_length", "unit": "ns", "value": 341.3333333333333}], "name": "cx1_0"}, {"qubits": [0], "gate": "reset", "parameters": [{"date": "2021-11-18", "name": "gate_length", "unit": "ns", "value": 1002.6666666666666}], "name": "reset0"}, {"qubits": [1], "gate": "reset", "parameters": [{"date": "2021-11-18", "name": "gate_length", "unit": "ns", "value": 1002.6666666666666}], "name": "reset1"}, {"qubits": [2], "gate": "reset", "parameters": [{"date": "2021-11-18", "name": "gate_length", "unit": "ns", "value": 995.5555555555555}], "name": "reset2"}, {"qubits": [3], "gate": "reset", "parameters": [{"date": "2021-11-18", "name": "gate_length", "unit": "ns", "value": 988.4444444444443}], "name": "reset3"}, {"qubits": [4], "gate": "reset", "parameters": [{"date": "2021-11-18", "name": "gate_length", "unit": "ns", "value": 1002.6666666666666}], "name": "reset4"}, {"qubits": [5], "gate": "reset", "parameters": [{"date": "2021-11-18", "name": "gate_length", "unit": "ns", "value": 1002.6666666666666}], "name": "reset5"}, {"qubits": [6], "gate": "reset", "parameters": [{"date": "2021-11-18", "name": "gate_length", "unit": "ns", "value": 988.4444444444443}], "name": "reset6"}], "general": [{"date": "2021-11-18", "name": "jq_01", "unit": "GHz", "value": 0.0017239661070310697}, {"date": "2021-11-18", "name": "zz_01", "unit": "GHz", "value": -4.1551259389276154e-05}, {"date": "2021-11-18", "name": "jq_12", "unit": "GHz", "value": 0.003306427365570105}, {"date": "2021-11-18", "name": "zz_12", "unit": "GHz", "value": -0.00013691896518548322}, {"date": "2021-11-18", "name": "jq_45", "unit": "GHz", "value": 0.0033964931013144256}, {"date": "2021-11-18", "name": "zz_45", "unit": "GHz", "value": -0.00015134337521539932}, {"date": "2021-11-18", "name": "jq_56", "unit": "GHz", "value": 0.0032394441256406383}, {"date": "2021-11-18", "name": "zz_56", "unit": "GHz", "value": -0.0001381127844927418}, {"date": "2021-11-18", "name": "jq_13", "unit": "GHz", "value": 0.003219077603102807}, {"date": "2021-11-18", "name": "zz_13", "unit": "GHz", "value": -0.00013509145307819546}, {"date": "2021-11-18", "name": "jq_35", "unit": "GHz", "value": 0.0023455196332844842}, {"date": "2021-11-18", "name": "zz_35", "unit": "GHz", "value": -9.35336850076191e-05}]}