{"backend_name": "ibm_lagos", "backend_version": "1.0.10", "last_update_date": "2021-10-30", "qubits": [[{"date": "2021-10-29", "name": "T1", "unit": "us", "value": 155.3437436886932}, {"date": "2021-10-29", "name": "T2", "unit": "us", "value": 26.878423748776765}, {"date": "2021-10-30", "name": "frequency", "unit": "GHz", "value": 5.250139221929413}, {"date": "2021-10-30", "name": "anharmonicity", "unit": "GHz", "value": -0.33986713855915607}, {"date": "2021-10-30", "name": "readout_error", "unit": "", "value": 0.45666666666666667}, {"date": "2021-10-30", "name": "prob_meas0_prep1", "unit": "", "value": 0.23666666666666666}, {"date": "2021-10-30", "name": "prob_meas1_prep0", "unit": "", "value": 0.6766666666666667}, {"date": "2021-10-30", "name": "readout_length", "unit": "ns", "value": 704}], [{"date": "2021-10-29", "name": "T1", "unit": "us", "value": 56.47940866338069}, {"date": "2021-10-29", "name": "T2", "unit": "us", "value": 18.178177356250696}, {"date": "2021-10-30", "name": "frequency", "unit": "GHz", "value": 5.09942105270964}, {"date": "2021-10-30", "name": "anharmonicity", "unit": "GHz", "value": -0.3432484042938357}, {"date": "2021-10-30", "name": "readout_error", "unit": "", "value": 0.013333333333333308}, {"date": "2021-10-30", "name": "prob_meas0_prep1", "unit": "", "value": 0.023333333333333334}, {"date": "2021-10-30", "name": "prob_meas1_prep0", "unit": "", "value": 0.0033333333333332993}, {"date": "2021-10-30", "name": "readout_length", "unit": "ns", "value": 704}], [{"date": "2021-10-29", "name": "T1", "unit": "us", "value": 147.42691380539804}, {"date": "2021-10-29", "name": "T2", "unit": "us", "value": 112.72584308492972}, {"date": "2021-10-30", "name": "frequency", "unit": "GHz", "value": 5.185131249173251}, {"date": "2021-10-30", "name": "anharmonicity", "unit": "GHz", "value": -0.3419316690031256}, {"date": "2021-10-30", "name": "readout_error", "unit": "", "value": 0.43666666666666665}, {"date": "2021-10-30", "name": "prob_meas0_prep1", "unit": "", "value": 0.21999999999999997}, {"date": "2021-10-30", "name": "prob_meas1_prep0", "unit": "", "value": 0.6533333333333333}, {"date": "2021-10-30", "name": "readout_length", "unit": "ns", "value": 704}], [{"date": "2021-10-29", "name": "T1", "unit": "us", "value": 129.47522017691816}, {"date": "2021-10-29", "name": "T2", "unit": "us", "value": 76.1985673359446}, {"date": "2021-10-30", "name": "frequency", "unit": "GHz", "value": 5.005246460852969}, {"date": "2021-10-30", "name": "anharmonicity", "unit": "GHz", "value": -0.3452928861203798}, {"date": "2021-10-30", "name": "readout_error", "unit": "", "value": 0.47}, {"date": "2021-10-30", "name": "prob_meas0_prep1", "unit": "", "value": 0.18000000000000005}, {"date": "2021-10-30", "name": "prob_meas1_prep0", "unit": "", "value": 0.76}, {"date": "2021-10-30", "name": "readout_length", "unit": "ns", "value": 704}], [{"date": "2021-10-30", "name": "T1", "unit": "us", "value": 27.84564868748147}, {"date": "2021-10-29", "name": "T2", "unit": "us", "value": 16.095001958298553}, {"date": "2021-10-30", "name": "frequency", "unit": "GHz", "value": 5.299361700478369}, {"date": "2021-10-30", "name": "anharmonicity", "unit": "GHz", "value": -0.3392342674107948}, {"date": "2021-10-30", "name": "readout_error", "unit": "", "value": 0.4716666666666667}, {"date": "2021-10-30", "name": "prob_meas0_prep1", "unit": "", "value": 0.22}, {"date": "2021-10-30", "name": "prob_meas1_prep0", "unit": "", "value": 0.7233333333333334}, {"date": "2021-10-30", "name": "readout_length", "unit": "ns", "value": 704}], [{"date": "2021-10-29", "name": "T1", "unit": "us", "value": 173.3952737096883}, {"date": "2021-10-29", "name": "T2", "unit": "us", "value": 75.34029819413598}, {"date": "2021-10-30", "name": "frequency", "unit": "GHz", "value": 5.176824833742673}, {"date": "2021-10-30", "name": "anharmonicity", "unit": "GHz", "value": -0.34079297245074963}, {"date": "2021-10-30", "name": "readout_error", "unit": "", "value": 0.4633333333333334}, {"date": "2021-10-30", "name": "prob_meas0_prep1", "unit": "", "value": 0.65}, {"date": "2021-10-30", "name": "prob_meas1_prep0", "unit": "", "value": 0.2766666666666666}, {"date": "2021-10-30", "name": "readout_length", "unit": "ns", "value": 704}], [{"date": "2021-10-29", "name": "T1", "unit": "us", "value": 116.9401895919332}, {"date": "2021-10-29", "name": "T2", "unit": "us", "value": 82.80989980029568}, {"date": "2021-10-30", "name": "frequency", "unit": "GHz", "value": 5.070894439911953}, {"date": "2021-10-30", "name": "anharmonicity", "unit": "GHz", "value": -0.34275836537159754}, {"date": "2021-10-30", "name": "readout_error", "unit": "", "value": 0.45833333333333337}, {"date": "2021-10-30", "name": "prob_meas0_prep1", "unit": "", "value": 0.7633333333333333}, {"date": "2021-10-30", "name": "prob_meas1_prep0", "unit": "", "value": 0.15333333333333332}, {"date": "2021-10-30", "name": "readout_length", "unit": "ns", "value": 704}]], "gates": [{"qubits": [0], "gate": "id", "parameters": [{"date": "2021-10-29", "name": "gate_error", "unit": "", "value": 0.00021352874705801}, {"date": "2021-10-30", "name": "gate_length", "unit": "ns", "value": 35.55555555555556}], "name": "id0"}, {"qubits": [1], "gate": "id", "parameters": [{"date": "2021-10-29", "name": "gate_error", "unit": "", "value": 0.0009891210342814784}, {"date": "2021-10-30", "name": "gate_length", "unit": "ns", "value": 35.55555555555556}], "name": "id1"}, {"qubits": [2], "gate": "id", "parameters": [{"date": "2021-10-29", "name": "gate_error", "unit": "", "value": 0.00012651178248201185}, {"date": "2021-10-30", "name": "gate_length", "unit": "ns", "value": 35.55555555555556}], "name": "id2"}, {"qubits": [3], "gate": "id", "parameters": [{"date": "2021-10-29", "name": "gate_error", "unit": "", "value": 0.0001655247175268048}, {"date": "2021-10-30", "name": "gate_length", "unit": "ns", "value": 35.55555555555556}], "name": "id3"}, {"qubits": [4], "gate": "id", "parameters": [{"date": "2021-10-29", "name": "gate_error", "unit": "", "value": 0.0011735956938126607}, {"date": "2021-10-30", "name": "gate_length", "unit": "ns", "value": 35.55555555555556}], "name": "id4"}, {"qubits": [5], "gate": "id", "parameters": [{"date": "2021-10-29", "name": "gate_error", "unit": "", "value": 0.00019839779624669985}, {"date": "2021-10-30", "name": "gate_length", "unit": "ns", "value": 35.55555555555556}], "name": "id5"}, {"qubits": [6], "gate": "id", "parameters": [{"date": "2021-10-29", "name": "gate_error", "unit": "", "value": 0.0009663451897619848}, {"date": "2021-10-30", "name": "gate_length", "unit": "ns", "value": 35.55555555555556}], "name": "id6"}, {"qubits": [0], "gate": "rz", "parameters": [{"date": "2021-10-30", "name": "gate_error", "unit": "", "value": 0}, {"date": "2021-10-30", "name": "gate_length", "unit": "ns", "value": 0}], "name": "rz0"}, {"qubits": [1], "gate": "rz", "parameters": [{"date": "2021-10-30", "name": "gate_error", "unit": "", "value": 0}, {"date": "2021-10-30", "name": "gate_length", "unit": "ns", "value": 0}], "name": "rz1"}, {"qubits": [2], "gate": "rz", "parameters": [{"date": "2021-10-30", "name": "gate_error", "unit": "", "value": 0}, {"date": "2021-10-30", "name": "gate_length", "unit": "ns", "value": 0}], "name": "rz2"}, {"qubits": [3], "gate": "rz", "parameters": [{"date": "2021-10-30", "name": "gate_error", "unit": "", "value": 0}, {"date": "2021-10-30", "name": "gate_length", "unit": "ns", "value": 0}], "name": "rz3"}, {"qubits": [4], "gate": "rz", "parameters": [{"date": "2021-10-30", "name": "gate_error", "unit": "", "value": 0}, {"date": "2021-10-30", "name": "gate_length", "unit": "ns", "value": 0}], "name": "rz4"}, {"qubits": [5], "gate": "rz", "parameters": [{"date": "2021-10-30", "name": "gate_error", "unit": "", "value": 0}, {"date": "2021-10-30", "name": "gate_length", "unit": "ns", "value": 0}], "name": "rz5"}, {"qubits": [6], "gate": "rz", "parameters": [{"date": "2021-10-30", "name": "gate_error", "unit": "", "value": 0}, {"date": "2021-10-30", "name": "gate_length", "unit": "ns", "value": 0}], "name": "rz6"}, {"qubits": [0], "gate": "sx", "parameters": [{"date": "2021-10-29", "name": "gate_error", "unit": "", "value": 0.00021352874705801}, {"date": "2021-10-30", "name": "gate_length", "unit": "ns", "value": 35.55555555555556}], "name": "sx0"}, {"qubits": [1], "gate": "sx", "parameters": [{"date": "2021-10-29", "name": "gate_error", "unit": "", "value": 0.0009891210342814784}, {"date": "2021-10-30", "name": "gate_length", "unit": "ns", "value": 35.55555555555556}], "name": "sx1"}, {"qubits": [2], "gate": "sx", "parameters": [{"date": "2021-10-29", "name": "gate_error", "unit": "", "value": 0.00012651178248201185}, {"date": "2021-10-30", "name": "gate_length", "unit": "ns", "value": 35.55555555555556}], "name": "sx2"}, {"qubits": [3], "gate": "sx", "parameters": [{"date": "2021-10-29", "name": "gate_error", "unit": "", "value": 0.0001655247175268048}, {"date": "2021-10-30", "name": "gate_length", "unit": "ns", "value": 35.55555555555556}], "name": "sx3"}, {"qubits": [4], "gate": "sx", "parameters": [{"date": "2021-10-29", "name": "gate_error", "unit": "", "value": 0.0011735956938126607}, {"date": "2021-10-30", "name": "gate_length", "unit": "ns", "value": 35.55555555555556}], "name": "sx4"}, {"qubits": [5], "gate": "sx", "parameters": [{"date": "2021-10-29", "name": "gate_error", "unit": "", "value": 0.00019839779624669985}, {"date": "2021-10-30", "name": "gate_length", "unit": "ns", "value": 35.55555555555556}], "name": "sx5"}, {"qubits": [6], "gate": "sx", "parameters": [{"date": "2021-10-29", "name": "gate_error", "unit": "", "value": 0.0009663451897619848}, {"date": "2021-10-30", "name": "gate_length", "unit": "ns", "value": 35.55555555555556}], "name": "sx6"}, {"qubits": [0], "gate": "x", "parameters": [{"date": "2021-10-29", "name": "gate_error", "unit": "", "value": 0.00021352874705801}, {"date": "2021-10-30", "name": "gate_length", "unit": "ns", "value": 35.55555555555556}], "name": "x0"}, {"qubits": [1], "gate": "x", "parameters": [{"date": "2021-10-29", "name": "gate_error", "unit": "", "value": 0.0009891210342814784}, {"date": "2021-10-30", "name": "gate_length", "unit": "ns", "value": 35.55555555555556}], "name": "x1"}, {"qubits": [2], "gate": "x", "parameters": [{"date": "2021-10-29", "name": "gate_error", "unit": "", "value": 0.00012651178248201185}, {"date": "2021-10-30", "name": "gate_length", "unit": "ns", "value": 35.55555555555556}], "name": "x2"}, {"qubits": [3], "gate": "x", "parameters": [{"date": "2021-10-29", "name": "gate_error", "unit": "", "value": 0.0001655247175268048}, {"date": "2021-10-30", "name": "gate_length", "unit": "ns", "value": 35.55555555555556}], "name": "x3"}, {"qubits": [4], "gate": "x", "parameters": [{"date": "2021-10-29", "name": "gate_error", "unit": "", "value": 0.0011735956938126607}, {"date": "2021-10-30", "name": "gate_length", "unit": "ns", "value": 35.55555555555556}], "name": "x4"}, {"qubits": [5], "gate": "x", "parameters": [{"date": "2021-10-29", "name": "gate_error", "unit": "", "value": 0.00019839779624669985}, {"date": "2021-10-30", "name": "gate_length", "unit": "ns", "value": 35.55555555555556}], "name": "x5"}, {"qubits": [6], "gate": "x", "parameters": [{"date": "2021-10-29", "name": "gate_error", "unit": "", "value": 0.0009663451897619848}, {"date": "2021-10-30", "name": "gate_length", "unit": "ns", "value": 35.55555555555556}], "name": "x6"}, {"qubits": [5, 4], "gate": "cx", "parameters": [{"date": "2021-10-29", "name": "gate_error", "unit": "", "value": 0.017954763193261808}, {"date": "2021-10-27", "name": "gate_length", "unit": "ns", "value": 327.1111111111111}], "name": "cx5_4"}, {"qubits": [4, 5], "gate": "cx", "parameters": [{"date": "2021-10-29", "name": "gate_error", "unit": "", "value": 0.017954763193261808}, {"date": "2021-10-27", "name": "gate_length", "unit": "ns", "value": 362.66666666666663}], "name": "cx4_5"}, {"qubits": [3, 1], "gate": "cx", "parameters": [{"date": "2021-10-29", "name": "gate_error", "unit": "", "value": 0.010038390150391041}, {"date": "2021-10-27", "name": "gate_length", "unit": "ns", "value": 298.66666666666663}], "name": "cx3_1"}, {"qubits": [1, 3], "gate": "cx", "parameters": [{"date": "2021-10-29", "name": "gate_error", "unit": "", "value": 0.010038390150391041}, {"date": "2021-10-27", "name": "gate_length", "unit": "ns", "value": 334.22222222222223}], "name": "cx1_3"}, {"qubits": [5, 6], "gate": "cx", "parameters": [{"date": "2021-10-29", "name": "gate_error", "unit": "", "value": 0.012920764349991204}, {"date": "2021-10-27", "name": "gate_length", "unit": "ns", "value": 256}], "name": "cx5_6"}, {"qubits": [6, 5], "gate": "cx", "parameters": [{"date": "2021-10-29", "name": "gate_error", "unit": "", "value": 0.012920764349991204}, {"date": "2021-10-27", "name": "gate_length", "unit": "ns", "value": 291.55555555555554}], "name": "cx6_5"}, {"qubits": [5, 3], "gate": "cx", "parameters": [{"date": "2021-10-29", "name": "gate_error", "unit": "", "value": 0.005443029031397484}, {"date": "2021-10-27", "name": "gate_length", "unit": "ns", "value": 298.66666666666663}], "name": "cx5_3"}, {"qubits": [3, 5], "gate": "cx", "parameters": [{"date": "2021-10-29", "name": "gate_error", "unit": "", "value": 0.005443029031397484}, {"date": "2021-10-27", "name": "gate_length", "unit": "ns", "value": 334.22222222222223}], "name": "cx3_5"}, {"qubits": [2, 1], "gate": "cx", "parameters": [{"date": "2021-10-29", "name": "gate_error", "unit": "", "value": 0.009603341877178623}, {"date": "2021-10-27", "name": "gate_length", "unit": "ns", "value": 291.55555555555554}], "name": "cx2_1"}, {"qubits": [1, 2], "gate": "cx", "parameters": [{"date": "2021-10-29", "name": "gate_error", "unit": "", "value": 0.009603341877178623}, {"date": "2021-10-27", "name": "gate_length", "unit": "ns", "value": 327.1111111111111}], "name": "cx1_2"}, {"qubits": [0, 1], "gate": "cx", "parameters": [{"date": "2021-10-29", "name": "gate_error", "unit": "", "value": 0.012248575532361389}, {"date": "2021-10-27", "name": "gate_length", "unit": "ns", "value": 305.77777777777777}], "name": "cx0_1"}, {"qubits": [1, 0], "gate": "cx", "parameters": [{"date": "2021-10-29", "name": "gate_error", "unit": "", "value": 0.012248575532361389}, {"date": "2021-10-27", "name": "gate_length", "unit": "ns", "value": 341.3333333333333}], "name": "cx1_0"}, {"qubits": [0], "gate": "reset", "parameters": [{"date": "2021-10-30", "name": "gate_length", "unit": "ns", "value": 1002.6666666666666}], "name": "reset0"}, {"qubits": [1], "gate": "reset", "parameters": [{"date": "2021-10-30", "name": "gate_length", "unit": "ns", "value": 1002.6666666666666}], "name": "reset1"}, {"qubits": [2], "gate": "reset", "parameters": [{"date": "2021-10-30", "name": "gate_length", "unit": "ns", "value": 995.5555555555555}], "name": "reset2"}, {"qubits": [3], "gate": "reset", "parameters": [{"date": "2021-10-30", "name": "gate_length", "unit": "ns", "value": 988.4444444444443}], "name": "reset3"}, {"qubits": [4], "gate": "reset", "parameters": [{"date": "2021-10-30", "name": "gate_length", "unit": "ns", "value": 1002.6666666666666}], "name": "reset4"}, {"qubits": [5], "gate": "reset", "parameters": [{"date": "2021-10-30", "name": "gate_length", "unit": "ns", "value": 1002.6666666666666}], "name": "reset5"}, {"qubits": [6], "gate": "reset", "parameters": [{"date": "2021-10-30", "name": "gate_length", "unit": "ns", "value": 988.4444444444443}], "name": "reset6"}], "general": [{"date": "2021-10-30", "name": "jq_01", "unit": "GHz", "value": 0.0017239661070310697}, {"date": "2021-10-30", "name": "zz_01", "unit": "GHz", "value": -4.1551259389276154e-05}, {"date": "2021-10-30", "name": "jq_12", "unit": "GHz", "value": 0.003306427365570105}, {"date": "2021-10-30", "name": "zz_12", "unit": "GHz", "value": -0.00013691896518548322}, {"date": "2021-10-30", "name": "jq_45", "unit": "GHz", "value": 0.0033964931013144256}, {"date": "2021-10-30", "name": "zz_45", "unit": "GHz", "value": -0.00015134337521539932}, {"date": "2021-10-30", "name": "jq_56", "unit": "GHz", "value": 0.0032394441256406383}, {"date": "2021-10-30", "name": "zz_56", "unit": "GHz", "value": -0.0001381127844927418}, {"date": "2021-10-30", "name": "jq_13", "unit": "GHz", "value": 0.003219077603102807}, {"date": "2021-10-30", "name": "zz_13", "unit": "GHz", "value": -0.00013509145307819546}, {"date": "2021-10-30", "name": "jq_35", "unit": "GHz", "value": 0.0023455196332844842}, {"date": "2021-10-30", "name": "zz_35", "unit": "GHz", "value": -9.35336850076191e-05}]}