{"backend_name": "ibm_lagos", "backend_version": "1.0.16", "last_update_date": "2021-11-29", "qubits": [[{"date": "2021-11-29", "name": "T1", "unit": "us", "value": 121.2755130310776}, {"date": "2021-11-29", "name": "T2", "unit": "us", "value": 43.264978267889155}, {"date": "2021-11-29", "name": "frequency", "unit": "GHz", "value": 5.2351880028636515}, {"date": "2021-11-29", "name": "anharmonicity", "unit": "GHz", "value": -0.33986713855915607}, {"date": "2021-11-29", "name": "readout_error", "unit": "", "value": 0.03259999999999996}, {"date": "2021-11-29", "name": "prob_meas0_prep1", "unit": "", "value": 0.0264}, {"date": "2021-11-29", "name": "prob_meas1_prep0", "unit": "", "value": 0.038799999999999946}, {"date": "2021-11-29", "name": "readout_length", "unit": "ns", "value": 704}], [{"date": "2021-11-29", "name": "T1", "unit": "us", "value": 115.55104790893664}, {"date": "2021-11-29", "name": "T2", "unit": "us", "value": 105.9870428824693}, {"date": "2021-11-29", "name": "frequency", "unit": "GHz", "value": 5.099589915810974}, {"date": "2021-11-29", "name": "anharmonicity", "unit": "GHz", "value": -0.3432484042938357}, {"date": "2021-11-29", "name": "readout_error", "unit": "", "value": 0.00869999999999993}, {"date": "2021-11-29", "name": "prob_meas0_prep1", "unit": "", "value": 0.0092}, {"date": "2021-11-29", "name": "prob_meas1_prep0", "unit": "", "value": 0.008199999999999985}, {"date": "2021-11-29", "name": "readout_length", "unit": "ns", "value": 704}], [{"date": "2021-11-29", "name": "T1", "unit": "us", "value": 163.40448238760317}, {"date": "2021-11-29", "name": "T2", "unit": "us", "value": 157.3250121464217}, {"date": "2021-11-29", "name": "frequency", "unit": "GHz", "value": 5.18839832655161}, {"date": "2021-11-29", "name": "anharmonicity", "unit": "GHz", "value": -0.3419316690031256}, {"date": "2021-11-29", "name": "readout_error", "unit": "", "value": 0.017900000000000027}, {"date": "2021-11-29", "name": "prob_meas0_prep1", "unit": "", "value": 0.014}, {"date": "2021-11-29", "name": "prob_meas1_prep0", "unit": "", "value": 0.02180000000000004}, {"date": "2021-11-29", "name": "readout_length", "unit": "ns", "value": 704}], [{"date": "2021-11-29", "name": "T1", "unit": "us", "value": 243.42572419555754}, {"date": "2021-11-29", "name": "T2", "unit": "us", "value": 122.64175916829157}, {"date": "2021-11-29", "name": "frequency", "unit": "GHz", "value": 4.9874859251524475}, {"date": "2021-11-29", "name": "anharmonicity", "unit": "GHz", "value": -0.3452928861203798}, {"date": "2021-11-29", "name": "readout_error", "unit": "", "value": 0.020000000000000018}, {"date": "2021-11-29", "name": "prob_meas0_prep1", "unit": "", "value": 0.0196}, {"date": "2021-11-29", "name": "prob_meas1_prep0", "unit": "", "value": 0.020399999999999974}, {"date": "2021-11-29", "name": "readout_length", "unit": "ns", "value": 704}], [{"date": "2021-11-29", "name": "T1", "unit": "us", "value": 126.57543775934955}, {"date": "2021-11-29", "name": "T2", "unit": "us", "value": 43.904469905126945}, {"date": "2021-11-29", "name": "frequency", "unit": "GHz", "value": 5.285337249983156}, {"date": "2021-11-29", "name": "anharmonicity", "unit": "GHz", "value": -0.3392342674107948}, {"date": "2021-11-29", "name": "readout_error", "unit": "", "value": 0.013499999999999956}, {"date": "2021-11-29", "name": "prob_meas0_prep1", "unit": "", "value": 0.012399999999999967}, {"date": "2021-11-29", "name": "prob_meas1_prep0", "unit": "", "value": 0.0146}, {"date": "2021-11-29", "name": "readout_length", "unit": "ns", "value": 704}], [{"date": "2021-11-29", "name": "T1", "unit": "us", "value": 156.82121871957884}, {"date": "2021-11-29", "name": "T2", "unit": "us", "value": 90.58554403894472}, {"date": "2021-11-29", "name": "frequency", "unit": "GHz", "value": 5.176181100217087}, {"date": "2021-11-29", "name": "anharmonicity", "unit": "GHz", "value": -0.34079297245074963}, {"date": "2021-11-29", "name": "readout_error", "unit": "", "value": 0.01100000000000001}, {"date": "2021-11-29", "name": "prob_meas0_prep1", "unit": "", "value": 0.011}, {"date": "2021-11-29", "name": "prob_meas1_prep0", "unit": "", "value": 0.01100000000000001}, {"date": "2021-11-29", "name": "readout_length", "unit": "ns", "value": 704}], [{"date": "2021-11-29", "name": "T1", "unit": "us", "value": 168.41631931694732}, {"date": "2021-11-29", "name": "T2", "unit": "us", "value": 112.28796437988578}, {"date": "2021-11-29", "name": "frequency", "unit": "GHz", "value": 5.063930572588443}, {"date": "2021-11-29", "name": "anharmonicity", "unit": "GHz", "value": -0.34275836537159754}, {"date": "2021-11-29", "name": "readout_error", "unit": "", "value": 0.04830000000000001}, {"date": "2021-11-29", "name": "prob_meas0_prep1", "unit": "", "value": 0.08099999999999996}, {"date": "2021-11-29", "name": "prob_meas1_prep0", "unit": "", "value": 0.0156}, {"date": "2021-11-29", "name": "readout_length", "unit": "ns", "value": 704}]], "gates": [{"qubits": [0], "gate": "id", "parameters": [{"date": "2021-11-29", "name": "gate_error", "unit": "", "value": 0.00024422321479993604}, {"date": "2021-11-29", "name": "gate_length", "unit": "ns", "value": 35.55555555555556}], "name": "id0"}, {"qubits": [1], "gate": "id", "parameters": [{"date": "2021-11-29", "name": "gate_error", "unit": "", "value": 0.0002942286986454446}, {"date": "2021-11-29", "name": "gate_length", "unit": "ns", "value": 35.55555555555556}], "name": "id1"}, {"qubits": [2], "gate": "id", "parameters": [{"date": "2021-11-29", "name": "gate_error", "unit": "", "value": 0.0001553619728006142}, {"date": "2021-11-29", "name": "gate_length", "unit": "ns", "value": 35.55555555555556}], "name": "id2"}, {"qubits": [3], "gate": "id", "parameters": [{"date": "2021-11-29", "name": "gate_error", "unit": "", "value": 0.00015087832161926598}, {"date": "2021-11-29", "name": "gate_length", "unit": "ns", "value": 35.55555555555556}], "name": "id3"}, {"qubits": [4], "gate": "id", "parameters": [{"date": "2021-11-29", "name": "gate_error", "unit": "", "value": 0.00024335020757387061}, {"date": "2021-11-29", "name": "gate_length", "unit": "ns", "value": 35.55555555555556}], "name": "id4"}, {"qubits": [5], "gate": "id", "parameters": [{"date": "2021-11-29", "name": "gate_error", "unit": "", "value": 0.00016381586571747312}, {"date": "2021-11-29", "name": "gate_length", "unit": "ns", "value": 35.55555555555556}], "name": "id5"}, {"qubits": [6], "gate": "id", "parameters": [{"date": "2021-11-29", "name": "gate_error", "unit": "", "value": 0.001294760760445371}, {"date": "2021-11-29", "name": "gate_length", "unit": "ns", "value": 35.55555555555556}], "name": "id6"}, {"qubits": [0], "gate": "rz", "parameters": [{"date": "2021-11-29", "name": "gate_error", "unit": "", "value": 0}, {"date": "2021-11-29", "name": "gate_length", "unit": "ns", "value": 0}], "name": "rz0"}, {"qubits": [1], "gate": "rz", "parameters": [{"date": "2021-11-29", "name": "gate_error", "unit": "", "value": 0}, {"date": "2021-11-29", "name": "gate_length", "unit": "ns", "value": 0}], "name": "rz1"}, {"qubits": [2], "gate": "rz", "parameters": [{"date": "2021-11-29", "name": "gate_error", "unit": "", "value": 0}, {"date": "2021-11-29", "name": "gate_length", "unit": "ns", "value": 0}], "name": "rz2"}, {"qubits": [3], "gate": "rz", "parameters": [{"date": "2021-11-29", "name": "gate_error", "unit": "", "value": 0}, {"date": "2021-11-29", "name": "gate_length", "unit": "ns", "value": 0}], "name": "rz3"}, {"qubits": [4], "gate": "rz", "parameters": [{"date": "2021-11-29", "name": "gate_error", "unit": "", "value": 0}, {"date": "2021-11-29", "name": "gate_length", "unit": "ns", "value": 0}], "name": "rz4"}, {"qubits": [5], "gate": "rz", "parameters": [{"date": "2021-11-29", "name": "gate_error", "unit": "", "value": 0}, {"date": "2021-11-29", "name": "gate_length", "unit": "ns", "value": 0}], "name": "rz5"}, {"qubits": [6], "gate": "rz", "parameters": [{"date": "2021-11-29", "name": "gate_error", "unit": "", "value": 0}, {"date": "2021-11-29", "name": "gate_length", "unit": "ns", "value": 0}], "name": "rz6"}, {"qubits": [0], "gate": "sx", "parameters": [{"date": "2021-11-29", "name": "gate_error", "unit": "", "value": 0.00024422321479993604}, {"date": "2021-11-29", "name": "gate_length", "unit": "ns", "value": 35.55555555555556}], "name": "sx0"}, {"qubits": [1], "gate": "sx", "parameters": [{"date": "2021-11-29", "name": "gate_error", "unit": "", "value": 0.0002942286986454446}, {"date": "2021-11-29", "name": "gate_length", "unit": "ns", "value": 35.55555555555556}], "name": "sx1"}, {"qubits": [2], "gate": "sx", "parameters": [{"date": "2021-11-29", "name": "gate_error", "unit": "", "value": 0.0001553619728006142}, {"date": "2021-11-29", "name": "gate_length", "unit": "ns", "value": 35.55555555555556}], "name": "sx2"}, {"qubits": [3], "gate": "sx", "parameters": [{"date": "2021-11-29", "name": "gate_error", "unit": "", "value": 0.00015087832161926598}, {"date": "2021-11-29", "name": "gate_length", "unit": "ns", "value": 35.55555555555556}], "name": "sx3"}, {"qubits": [4], "gate": "sx", "parameters": [{"date": "2021-11-29", "name": "gate_error", "unit": "", "value": 0.00024335020757387061}, {"date": "2021-11-29", "name": "gate_length", "unit": "ns", "value": 35.55555555555556}], "name": "sx4"}, {"qubits": [5], "gate": "sx", "parameters": [{"date": "2021-11-29", "name": "gate_error", "unit": "", "value": 0.00016381586571747312}, {"date": "2021-11-29", "name": "gate_length", "unit": "ns", "value": 35.55555555555556}], "name": "sx5"}, {"qubits": [6], "gate": "sx", "parameters": [{"date": "2021-11-29", "name": "gate_error", "unit": "", "value": 0.001294760760445371}, {"date": "2021-11-29", "name": "gate_length", "unit": "ns", "value": 35.55555555555556}], "name": "sx6"}, {"qubits": [0], "gate": "x", "parameters": [{"date": "2021-11-29", "name": "gate_error", "unit": "", "value": 0.00024422321479993604}, {"date": "2021-11-29", "name": "gate_length", "unit": "ns", "value": 35.55555555555556}], "name": "x0"}, {"qubits": [1], "gate": "x", "parameters": [{"date": "2021-11-29", "name": "gate_error", "unit": "", "value": 0.0002942286986454446}, {"date": "2021-11-29", "name": "gate_length", "unit": "ns", "value": 35.55555555555556}], "name": "x1"}, {"qubits": [2], "gate": "x", "parameters": [{"date": "2021-11-29", "name": "gate_error", "unit": "", "value": 0.0001553619728006142}, {"date": "2021-11-29", "name": "gate_length", "unit": "ns", "value": 35.55555555555556}], "name": "x2"}, {"qubits": [3], "gate": "x", "parameters": [{"date": "2021-11-29", "name": "gate_error", "unit": "", "value": 0.00015087832161926598}, {"date": "2021-11-29", "name": "gate_length", "unit": "ns", "value": 35.55555555555556}], "name": "x3"}, {"qubits": [4], "gate": "x", "parameters": [{"date": "2021-11-29", "name": "gate_error", "unit": "", "value": 0.00024335020757387061}, {"date": "2021-11-29", "name": "gate_length", "unit": "ns", "value": 35.55555555555556}], "name": "x4"}, {"qubits": [5], "gate": "x", "parameters": [{"date": "2021-11-29", "name": "gate_error", "unit": "", "value": 0.00016381586571747312}, {"date": "2021-11-29", "name": "gate_length", "unit": "ns", "value": 35.55555555555556}], "name": "x5"}, {"qubits": [6], "gate": "x", "parameters": [{"date": "2021-11-29", "name": "gate_error", "unit": "", "value": 0.001294760760445371}, {"date": "2021-11-29", "name": "gate_length", "unit": "ns", "value": 35.55555555555556}], "name": "x6"}, {"qubits": [5, 4], "gate": "cx", "parameters": [{"date": "2021-11-29", "name": "gate_error", "unit": "", "value": 0.004701435277594701}, {"date": "2021-11-26", "name": "gate_length", "unit": "ns", "value": 327.1111111111111}], "name": "cx5_4"}, {"qubits": [4, 5], "gate": "cx", "parameters": [{"date": "2021-11-29", "name": "gate_error", "unit": "", "value": 0.004701435277594701}, {"date": "2021-11-26", "name": "gate_length", "unit": "ns", "value": 362.66666666666663}], "name": "cx4_5"}, {"qubits": [3, 1], "gate": "cx", "parameters": [{"date": "2021-11-29", "name": "gate_error", "unit": "", "value": 0.006470161501747562}, {"date": "2021-11-26", "name": "gate_length", "unit": "ns", "value": 298.66666666666663}], "name": "cx3_1"}, {"qubits": [1, 3], "gate": "cx", "parameters": [{"date": "2021-11-29", "name": "gate_error", "unit": "", "value": 0.006470161501747562}, {"date": "2021-11-26", "name": "gate_length", "unit": "ns", "value": 334.22222222222223}], "name": "cx1_3"}, {"qubits": [5, 6], "gate": "cx", "parameters": [{"date": "2021-11-29", "name": "gate_error", "unit": "", "value": 0.010754818684812262}, {"date": "2021-11-26", "name": "gate_length", "unit": "ns", "value": 256}], "name": "cx5_6"}, {"qubits": [6, 5], "gate": "cx", "parameters": [{"date": "2021-11-29", "name": "gate_error", "unit": "", "value": 0.010754818684812262}, {"date": "2021-11-26", "name": "gate_length", "unit": "ns", "value": 291.55555555555554}], "name": "cx6_5"}, {"qubits": [5, 3], "gate": "cx", "parameters": [{"date": "2021-11-29", "name": "gate_error", "unit": "", "value": 0.008335208076322265}, {"date": "2021-11-26", "name": "gate_length", "unit": "ns", "value": 298.66666666666663}], "name": "cx5_3"}, {"qubits": [3, 5], "gate": "cx", "parameters": [{"date": "2021-11-29", "name": "gate_error", "unit": "", "value": 0.008335208076322265}, {"date": "2021-11-26", "name": "gate_length", "unit": "ns", "value": 334.22222222222223}], "name": "cx3_5"}, {"qubits": [2, 1], "gate": "cx", "parameters": [{"date": "2021-11-29", "name": "gate_error", "unit": "", "value": 0.00653294080430572}, {"date": "2021-11-26", "name": "gate_length", "unit": "ns", "value": 291.55555555555554}], "name": "cx2_1"}, {"qubits": [1, 2], "gate": "cx", "parameters": [{"date": "2021-11-29", "name": "gate_error", "unit": "", "value": 0.00653294080430572}, {"date": "2021-11-26", "name": "gate_length", "unit": "ns", "value": 327.1111111111111}], "name": "cx1_2"}, {"qubits": [0, 1], "gate": "cx", "parameters": [{"date": "2021-11-29", "name": "gate_error", "unit": "", "value": 0.008951945667113853}, {"date": "2021-11-26", "name": "gate_length", "unit": "ns", "value": 305.77777777777777}], "name": "cx0_1"}, {"qubits": [1, 0], "gate": "cx", "parameters": [{"date": "2021-11-29", "name": "gate_error", "unit": "", "value": 0.008951945667113853}, {"date": "2021-11-26", "name": "gate_length", "unit": "ns", "value": 341.3333333333333}], "name": "cx1_0"}, {"qubits": [0], "gate": "reset", "parameters": [{"date": "2021-11-29", "name": "gate_length", "unit": "ns", "value": 1002.6666666666666}], "name": "reset0"}, {"qubits": [1], "gate": "reset", "parameters": [{"date": "2021-11-29", "name": "gate_length", "unit": "ns", "value": 1002.6666666666666}], "name": "reset1"}, {"qubits": [2], "gate": "reset", "parameters": [{"date": "2021-11-29", "name": "gate_length", "unit": "ns", "value": 995.5555555555555}], "name": "reset2"}, {"qubits": [3], "gate": "reset", "parameters": [{"date": "2021-11-29", "name": "gate_length", "unit": "ns", "value": 988.4444444444443}], "name": "reset3"}, {"qubits": [4], "gate": "reset", "parameters": [{"date": "2021-11-29", "name": "gate_length", "unit": "ns", "value": 1002.6666666666666}], "name": "reset4"}, {"qubits": [5], "gate": "reset", "parameters": [{"date": "2021-11-29", "name": "gate_length", "unit": "ns", "value": 1002.6666666666666}], "name": "reset5"}, {"qubits": [6], "gate": "reset", "parameters": [{"date": "2021-11-29", "name": "gate_length", "unit": "ns", "value": 988.4444444444443}], "name": "reset6"}], "general": [{"date": "2021-11-29", "name": "jq_01", "unit": "GHz", "value": 0.0017239661070310697}, {"date": "2021-11-29", "name": "zz_01", "unit": "GHz", "value": -4.1551259389276154e-05}, {"date": "2021-11-29", "name": "jq_12", "unit": "GHz", "value": 0.003306427365570105}, {"date": "2021-11-29", "name": "zz_12", "unit": "GHz", "value": -0.00013691896518548322}, {"date": "2021-11-29", "name": "jq_45", "unit": "GHz", "value": 0.0033964931013144256}, {"date": "2021-11-29", "name": "zz_45", "unit": "GHz", "value": -0.00015134337521539932}, {"date": "2021-11-29", "name": "jq_56", "unit": "GHz", "value": 0.0032394441256406383}, {"date": "2021-11-29", "name": "zz_56", "unit": "GHz", "value": -0.0001381127844927418}, {"date": "2021-11-29", "name": "jq_13", "unit": "GHz", "value": 0.003219077603102807}, {"date": "2021-11-29", "name": "zz_13", "unit": "GHz", "value": -0.00013509145307819546}, {"date": "2021-11-29", "name": "jq_35", "unit": "GHz", "value": 0.0023455196332844842}, {"date": "2021-11-29", "name": "zz_35", "unit": "GHz", "value": -9.35336850076191e-05}]}