{"backend_name": "ibm_lagos", "backend_version": "1.0.4", "last_update_date": "2021-9-18", "qubits": [[{"date": "2021-9-18", "name": "T1", "unit": "us", "value": 143.3104368532704}, {"date": "2021-9-18", "name": "T2", "unit": "us", "value": 35.49050739440317}, {"date": "2021-9-18", "name": "frequency", "unit": "GHz", "value": 5.235391242596418}, {"date": "2021-9-18", "name": "anharmonicity", "unit": "GHz", "value": -0.33986713855915607}, {"date": "2021-9-18", "name": "readout_error", "unit": "", "value": 0.009299999999999975}, {"date": "2021-9-18", "name": "prob_meas0_prep1", "unit": "", "value": 0.0094}, {"date": "2021-9-18", "name": "prob_meas1_prep0", "unit": "", "value": 0.009199999999999986}, {"date": "2021-9-18", "name": "readout_length", "unit": "ns", "value": 704}], [{"date": "2021-9-18", "name": "T1", "unit": "us", "value": 93.56692715965987}, {"date": "2021-9-18", "name": "T2", "unit": "us", "value": 19.203419202971876}, {"date": "2021-9-18", "name": "frequency", "unit": "GHz", "value": 5.099494876640136}, {"date": "2021-9-18", "name": "anharmonicity", "unit": "GHz", "value": -0.3432484042938357}, {"date": "2021-9-18", "name": "readout_error", "unit": "", "value": 0.0514}, {"date": "2021-9-18", "name": "prob_meas0_prep1", "unit": "", "value": 0.0908}, {"date": "2021-9-18", "name": "prob_meas1_prep0", "unit": "", "value": 0.01200000000000001}, {"date": "2021-9-18", "name": "readout_length", "unit": "ns", "value": 704}], [{"date": "2021-9-18", "name": "T1", "unit": "us", "value": 132.5465605554359}, {"date": "2021-9-18", "name": "T2", "unit": "us", "value": 119.79387538088065}, {"date": "2021-9-18", "name": "frequency", "unit": "GHz", "value": 5.187911975454018}, {"date": "2021-9-18", "name": "anharmonicity", "unit": "GHz", "value": -0.3419316690031256}, {"date": "2021-9-18", "name": "readout_error", "unit": "", "value": 0.0042999999999999705}, {"date": "2021-9-18", "name": "prob_meas0_prep1", "unit": "", "value": 0.0046}, {"date": "2021-9-18", "name": "prob_meas1_prep0", "unit": "", "value": 0.0040000000000000036}, {"date": "2021-9-18", "name": "readout_length", "unit": "ns", "value": 704}], [{"date": "2021-9-18", "name": "T1", "unit": "us", "value": 76.28940367129796}, {"date": "2021-9-18", "name": "T2", "unit": "us", "value": 117.33320261764683}, {"date": "2021-9-18", "name": "frequency", "unit": "GHz", "value": 4.986864752370024}, {"date": "2021-9-18", "name": "anharmonicity", "unit": "GHz", "value": -0.3452928861203798}, {"date": "2021-9-18", "name": "readout_error", "unit": "", "value": 0.010499999999999954}, {"date": "2021-9-18", "name": "prob_meas0_prep1", "unit": "", "value": 0.0112}, {"date": "2021-9-18", "name": "prob_meas1_prep0", "unit": "", "value": 0.009800000000000031}, {"date": "2021-9-18", "name": "readout_length", "unit": "ns", "value": 704}], [{"date": "2021-9-18", "name": "T1", "unit": "us", "value": 48.65365592661469}, {"date": "2021-9-18", "name": "T2", "unit": "us", "value": 25.937743634703054}, {"date": "2021-9-18", "name": "frequency", "unit": "GHz", "value": 5.285348424189529}, {"date": "2021-9-18", "name": "anharmonicity", "unit": "GHz", "value": -0.3392342674107948}, {"date": "2021-9-18", "name": "readout_error", "unit": "", "value": 0.007600000000000051}, {"date": "2021-9-18", "name": "prob_meas0_prep1", "unit": "", "value": 0.007800000000000029}, {"date": "2021-9-18", "name": "prob_meas1_prep0", "unit": "", "value": 0.0074}, {"date": "2021-9-18", "name": "readout_length", "unit": "ns", "value": 704}], [{"date": "2021-9-18", "name": "T1", "unit": "us", "value": 99.96319960436668}, {"date": "2021-9-18", "name": "T2", "unit": "us", "value": 50.247324284462366}, {"date": "2021-9-18", "name": "frequency", "unit": "GHz", "value": 5.176792925774269}, {"date": "2021-9-18", "name": "anharmonicity", "unit": "GHz", "value": -0.34079297245074963}, {"date": "2021-9-18", "name": "readout_error", "unit": "", "value": 0.01639999999999997}, {"date": "2021-9-18", "name": "prob_meas0_prep1", "unit": "", "value": 0.0202}, {"date": "2021-9-18", "name": "prob_meas1_prep0", "unit": "", "value": 0.012599999999999945}, {"date": "2021-9-18", "name": "readout_length", "unit": "ns", "value": 704}], [{"date": "2021-9-18", "name": "T1", "unit": "us", "value": 182.079049257565}, {"date": "2021-9-18", "name": "T2", "unit": "us", "value": 109.60310766319189}, {"date": "2021-9-18", "name": "frequency", "unit": "GHz", "value": 5.064090520500109}, {"date": "2021-9-18", "name": "anharmonicity", "unit": "GHz", "value": -0.34275836537159754}, {"date": "2021-9-18", "name": "readout_error", "unit": "", "value": 0.005900000000000016}, {"date": "2021-9-18", "name": "prob_meas0_prep1", "unit": "", "value": 0.0068}, {"date": "2021-9-18", "name": "prob_meas1_prep0", "unit": "", "value": 0.0050000000000000044}, {"date": "2021-9-18", "name": "readout_length", "unit": "ns", "value": 704}]], "gates": [{"qubits": [0], "gate": "id", "parameters": [{"date": "2021-9-18", "name": "gate_error", "unit": "", "value": 0.0002534482523882931}, {"date": "2021-9-18", "name": "gate_length", "unit": "ns", "value": 35.55555555555556}], "name": "id0"}, {"qubits": [1], "gate": "id", "parameters": [{"date": "2021-9-18", "name": "gate_error", "unit": "", "value": 0.008859148783406953}, {"date": "2021-9-18", "name": "gate_length", "unit": "ns", "value": 35.55555555555556}], "name": "id1"}, {"qubits": [2], "gate": "id", "parameters": [{"date": "2021-9-18", "name": "gate_error", "unit": "", "value": 0.00019795383648342144}, {"date": "2021-9-18", "name": "gate_length", "unit": "ns", "value": 35.55555555555556}], "name": "id2"}, {"qubits": [3], "gate": "id", "parameters": [{"date": "2021-9-18", "name": "gate_error", "unit": "", "value": 0.00033489453003330785}, {"date": "2021-9-18", "name": "gate_length", "unit": "ns", "value": 35.55555555555556}], "name": "id3"}, {"qubits": [4], "gate": "id", "parameters": [{"date": "2021-9-18", "name": "gate_error", "unit": "", "value": 0.0002179611506080651}, {"date": "2021-9-18", "name": "gate_length", "unit": "ns", "value": 35.55555555555556}], "name": "id4"}, {"qubits": [5], "gate": "id", "parameters": [{"date": "2021-9-18", "name": "gate_error", "unit": "", "value": 0.002439133612463487}, {"date": "2021-9-18", "name": "gate_length", "unit": "ns", "value": 35.55555555555556}], "name": "id5"}, {"qubits": [6], "gate": "id", "parameters": [{"date": "2021-9-18", "name": "gate_error", "unit": "", "value": 0.0001549199484253334}, {"date": "2021-9-18", "name": "gate_length", "unit": "ns", "value": 35.55555555555556}], "name": "id6"}, {"qubits": [0], "gate": "rz", "parameters": [{"date": "2021-9-18", "name": "gate_error", "unit": "", "value": 0}, {"date": "2021-9-18", "name": "gate_length", "unit": "ns", "value": 0}], "name": "rz0"}, {"qubits": [1], "gate": "rz", "parameters": [{"date": "2021-9-18", "name": "gate_error", "unit": "", "value": 0}, {"date": "2021-9-18", "name": "gate_length", "unit": "ns", "value": 0}], "name": "rz1"}, {"qubits": [2], "gate": "rz", "parameters": [{"date": "2021-9-18", "name": "gate_error", "unit": "", "value": 0}, {"date": "2021-9-18", "name": "gate_length", "unit": "ns", "value": 0}], "name": "rz2"}, {"qubits": [3], "gate": "rz", "parameters": [{"date": "2021-9-18", "name": "gate_error", "unit": "", "value": 0}, {"date": "2021-9-18", "name": "gate_length", "unit": "ns", "value": 0}], "name": "rz3"}, {"qubits": [4], "gate": "rz", "parameters": [{"date": "2021-9-18", "name": "gate_error", "unit": "", "value": 0}, {"date": "2021-9-18", "name": "gate_length", "unit": "ns", "value": 0}], "name": "rz4"}, {"qubits": [5], "gate": "rz", "parameters": [{"date": "2021-9-18", "name": "gate_error", "unit": "", "value": 0}, {"date": "2021-9-18", "name": "gate_length", "unit": "ns", "value": 0}], "name": "rz5"}, {"qubits": [6], "gate": "rz", "parameters": [{"date": "2021-9-18", "name": "gate_error", "unit": "", "value": 0}, {"date": "2021-9-18", "name": "gate_length", "unit": "ns", "value": 0}], "name": "rz6"}, {"qubits": [0], "gate": "sx", "parameters": [{"date": "2021-9-18", "name": "gate_error", "unit": "", "value": 0.0002534482523882931}, {"date": "2021-9-18", "name": "gate_length", "unit": "ns", "value": 35.55555555555556}], "name": "sx0"}, {"qubits": [1], "gate": "sx", "parameters": [{"date": "2021-9-18", "name": "gate_error", "unit": "", "value": 0.008859148783406953}, {"date": "2021-9-18", "name": "gate_length", "unit": "ns", "value": 35.55555555555556}], "name": "sx1"}, {"qubits": [2], "gate": "sx", "parameters": [{"date": "2021-9-18", "name": "gate_error", "unit": "", "value": 0.00019795383648342144}, {"date": "2021-9-18", "name": "gate_length", "unit": "ns", "value": 35.55555555555556}], "name": "sx2"}, {"qubits": [3], "gate": "sx", "parameters": [{"date": "2021-9-18", "name": "gate_error", "unit": "", "value": 0.00033489453003330785}, {"date": "2021-9-18", "name": "gate_length", "unit": "ns", "value": 35.55555555555556}], "name": "sx3"}, {"qubits": [4], "gate": "sx", "parameters": [{"date": "2021-9-18", "name": "gate_error", "unit": "", "value": 0.0002179611506080651}, {"date": "2021-9-18", "name": "gate_length", "unit": "ns", "value": 35.55555555555556}], "name": "sx4"}, {"qubits": [5], "gate": "sx", "parameters": [{"date": "2021-9-18", "name": "gate_error", "unit": "", "value": 0.002439133612463487}, {"date": "2021-9-18", "name": "gate_length", "unit": "ns", "value": 35.55555555555556}], "name": "sx5"}, {"qubits": [6], "gate": "sx", "parameters": [{"date": "2021-9-18", "name": "gate_error", "unit": "", "value": 0.0001549199484253334}, {"date": "2021-9-18", "name": "gate_length", "unit": "ns", "value": 35.55555555555556}], "name": "sx6"}, {"qubits": [0], "gate": "x", "parameters": [{"date": "2021-9-18", "name": "gate_error", "unit": "", "value": 0.0002534482523882931}, {"date": "2021-9-18", "name": "gate_length", "unit": "ns", "value": 35.55555555555556}], "name": "x0"}, {"qubits": [1], "gate": "x", "parameters": [{"date": "2021-9-18", "name": "gate_error", "unit": "", "value": 0.008859148783406953}, {"date": "2021-9-18", "name": "gate_length", "unit": "ns", "value": 35.55555555555556}], "name": "x1"}, {"qubits": [2], "gate": "x", "parameters": [{"date": "2021-9-18", "name": "gate_error", "unit": "", "value": 0.00019795383648342144}, {"date": "2021-9-18", "name": "gate_length", "unit": "ns", "value": 35.55555555555556}], "name": "x2"}, {"qubits": [3], "gate": "x", "parameters": [{"date": "2021-9-18", "name": "gate_error", "unit": "", "value": 0.00033489453003330785}, {"date": "2021-9-18", "name": "gate_length", "unit": "ns", "value": 35.55555555555556}], "name": "x3"}, {"qubits": [4], "gate": "x", "parameters": [{"date": "2021-9-18", "name": "gate_error", "unit": "", "value": 0.0002179611506080651}, {"date": "2021-9-18", "name": "gate_length", "unit": "ns", "value": 35.55555555555556}], "name": "x4"}, {"qubits": [5], "gate": "x", "parameters": [{"date": "2021-9-18", "name": "gate_error", "unit": "", "value": 0.002439133612463487}, {"date": "2021-9-18", "name": "gate_length", "unit": "ns", "value": 35.55555555555556}], "name": "x5"}, {"qubits": [6], "gate": "x", "parameters": [{"date": "2021-9-18", "name": "gate_error", "unit": "", "value": 0.0001549199484253334}, {"date": "2021-9-18", "name": "gate_length", "unit": "ns", "value": 35.55555555555556}], "name": "x6"}, {"qubits": [5, 4], "gate": "cx", "parameters": [{"date": "2021-9-18", "name": "gate_error", "unit": "", "value": 0.015514694721794176}, {"date": "2021-9-15", "name": "gate_length", "unit": "ns", "value": 327.1111111111111}], "name": "cx5_4"}, {"qubits": [4, 5], "gate": "cx", "parameters": [{"date": "2021-9-18", "name": "gate_error", "unit": "", "value": 0.015514694721794176}, {"date": "2021-9-15", "name": "gate_length", "unit": "ns", "value": 362.66666666666663}], "name": "cx4_5"}, {"qubits": [3, 1], "gate": "cx", "parameters": [{"date": "2021-9-18", "name": "gate_error", "unit": "", "value": 0.029203004407599875}, {"date": "2021-9-15", "name": "gate_length", "unit": "ns", "value": 298.66666666666663}], "name": "cx3_1"}, {"qubits": [1, 3], "gate": "cx", "parameters": [{"date": "2021-9-18", "name": "gate_error", "unit": "", "value": 0.029203004407599875}, {"date": "2021-9-15", "name": "gate_length", "unit": "ns", "value": 334.22222222222223}], "name": "cx1_3"}, {"qubits": [5, 6], "gate": "cx", "parameters": [{"date": "2021-9-18", "name": "gate_error", "unit": "", "value": 0.00973285322573475}, {"date": "2021-9-15", "name": "gate_length", "unit": "ns", "value": 256}], "name": "cx5_6"}, {"qubits": [6, 5], "gate": "cx", "parameters": [{"date": "2021-9-18", "name": "gate_error", "unit": "", "value": 0.00973285322573475}, {"date": "2021-9-15", "name": "gate_length", "unit": "ns", "value": 291.55555555555554}], "name": "cx6_5"}, {"qubits": [5, 3], "gate": "cx", "parameters": [{"date": "2021-9-18", "name": "gate_error", "unit": "", "value": 0.016984557679934786}, {"date": "2021-9-15", "name": "gate_length", "unit": "ns", "value": 298.66666666666663}], "name": "cx5_3"}, {"qubits": [3, 5], "gate": "cx", "parameters": [{"date": "2021-9-18", "name": "gate_error", "unit": "", "value": 0.016984557679934786}, {"date": "2021-9-15", "name": "gate_length", "unit": "ns", "value": 334.22222222222223}], "name": "cx3_5"}, {"qubits": [2, 1], "gate": "cx", "parameters": [{"date": "2021-9-18", "name": "gate_error", "unit": "", "value": 0.07388282910492838}, {"date": "2021-9-15", "name": "gate_length", "unit": "ns", "value": 291.55555555555554}], "name": "cx2_1"}, {"qubits": [1, 2], "gate": "cx", "parameters": [{"date": "2021-9-18", "name": "gate_error", "unit": "", "value": 0.07388282910492838}, {"date": "2021-9-15", "name": "gate_length", "unit": "ns", "value": 327.1111111111111}], "name": "cx1_2"}, {"qubits": [0, 1], "gate": "cx", "parameters": [{"date": "2021-9-18", "name": "gate_error", "unit": "", "value": 0.11156792861470527}, {"date": "2021-9-15", "name": "gate_length", "unit": "ns", "value": 305.77777777777777}], "name": "cx0_1"}, {"qubits": [1, 0], "gate": "cx", "parameters": [{"date": "2021-9-18", "name": "gate_error", "unit": "", "value": 0.11156792861470527}, {"date": "2021-9-15", "name": "gate_length", "unit": "ns", "value": 341.3333333333333}], "name": "cx1_0"}, {"qubits": [0], "gate": "reset", "parameters": [{"date": "2021-9-18", "name": "gate_length", "unit": "ns", "value": 1002.6666666666666}], "name": "reset0"}, {"qubits": [1], "gate": "reset", "parameters": [{"date": "2021-9-18", "name": "gate_length", "unit": "ns", "value": 1002.6666666666666}], "name": "reset1"}, {"qubits": [2], "gate": "reset", "parameters": [{"date": "2021-9-18", "name": "gate_length", "unit": "ns", "value": 995.5555555555555}], "name": "reset2"}, {"qubits": [3], "gate": "reset", "parameters": [{"date": "2021-9-18", "name": "gate_length", "unit": "ns", "value": 988.4444444444443}], "name": "reset3"}, {"qubits": [4], "gate": "reset", "parameters": [{"date": "2021-9-18", "name": "gate_length", "unit": "ns", "value": 1002.6666666666666}], "name": "reset4"}, {"qubits": [5], "gate": "reset", "parameters": [{"date": "2021-9-18", "name": "gate_length", "unit": "ns", "value": 1002.6666666666666}], "name": "reset5"}, {"qubits": [6], "gate": "reset", "parameters": [{"date": "2021-9-18", "name": "gate_length", "unit": "ns", "value": 988.4444444444443}], "name": "reset6"}], "general": [{"date": "2021-9-18", "name": "jq_01", "unit": "GHz", "value": 0.0017239661070310697}, {"date": "2021-9-18", "name": "zz_01", "unit": "GHz", "value": -4.1551259389276154e-05}, {"date": "2021-9-18", "name": "jq_12", "unit": "GHz", "value": 0.003306427365570105}, {"date": "2021-9-18", "name": "zz_12", "unit": "GHz", "value": -0.00013691896518548322}, {"date": "2021-9-18", "name": "jq_45", "unit": "GHz", "value": 0.0033964931013144256}, {"date": "2021-9-18", "name": "zz_45", "unit": "GHz", "value": -0.00015134337521539932}, {"date": "2021-9-18", "name": "jq_56", "unit": "GHz", "value": 0.0032394441256406383}, {"date": "2021-9-18", "name": "zz_56", "unit": "GHz", "value": -0.0001381127844927418}, {"date": "2021-9-18", "name": "jq_13", "unit": "GHz", "value": 0.003219077603102807}, {"date": "2021-9-18", "name": "zz_13", "unit": "GHz", "value": -0.00013509145307819546}, {"date": "2021-9-18", "name": "jq_35", "unit": "GHz", "value": 0.0023455196332844842}, {"date": "2021-9-18", "name": "zz_35", "unit": "GHz", "value": -9.35336850076191e-05}]}