{"backend_name": "ibm_lagos", "backend_version": "1.0.4", "last_update_date": "2021-9-15", "qubits": [[{"date": "2021-9-15", "name": "T1", "unit": "us", "value": 117.96302783062694}, {"date": "2021-9-15", "name": "T2", "unit": "us", "value": 26.898367391852766}, {"date": "2021-9-15", "name": "frequency", "unit": "GHz", "value": 5.2354046744085805}, {"date": "2021-9-15", "name": "anharmonicity", "unit": "GHz", "value": -0.33986713855915607}, {"date": "2021-9-15", "name": "readout_error", "unit": "", "value": 0.010699999999999932}, {"date": "2021-9-15", "name": "prob_meas0_prep1", "unit": "", "value": 0.013}, {"date": "2021-9-15", "name": "prob_meas1_prep0", "unit": "", "value": 0.008399999999999963}, {"date": "2021-9-15", "name": "readout_length", "unit": "ns", "value": 704}], [{"date": "2021-9-15", "name": "T1", "unit": "us", "value": 89.37188899643925}, {"date": "2021-9-15", "name": "T2", "unit": "us", "value": 26.607596674229576}, {"date": "2021-9-15", "name": "frequency", "unit": "GHz", "value": 5.099410376575776}, {"date": "2021-9-15", "name": "anharmonicity", "unit": "GHz", "value": -0.3432484042938357}, {"date": "2021-9-15", "name": "readout_error", "unit": "", "value": 0.016599999999999948}, {"date": "2021-9-15", "name": "prob_meas0_prep1", "unit": "", "value": 0.0258}, {"date": "2021-9-15", "name": "prob_meas1_prep0", "unit": "", "value": 0.007399999999999962}, {"date": "2021-9-15", "name": "readout_length", "unit": "ns", "value": 704}], [{"date": "2021-9-15", "name": "T1", "unit": "us", "value": 109.62715550052756}, {"date": "2021-9-15", "name": "T2", "unit": "us", "value": 115.48488330143812}, {"date": "2021-9-15", "name": "frequency", "unit": "GHz", "value": 5.187910568038432}, {"date": "2021-9-15", "name": "anharmonicity", "unit": "GHz", "value": -0.3419316690031256}, {"date": "2021-9-15", "name": "readout_error", "unit": "", "value": 0.025700000000000056}, {"date": "2021-9-15", "name": "prob_meas0_prep1", "unit": "", "value": 0.0154}, {"date": "2021-9-15", "name": "prob_meas1_prep0", "unit": "", "value": 0.03600000000000003}, {"date": "2021-9-15", "name": "readout_length", "unit": "ns", "value": 704}], [{"date": "2021-9-15", "name": "T1", "unit": "us", "value": 192.56062684363704}, {"date": "2021-9-15", "name": "T2", "unit": "us", "value": 118.0126916348813}, {"date": "2021-9-15", "name": "frequency", "unit": "GHz", "value": 4.986866304164365}, {"date": "2021-9-15", "name": "anharmonicity", "unit": "GHz", "value": -0.3452928861203798}, {"date": "2021-9-15", "name": "readout_error", "unit": "", "value": 0.006199999999999983}, {"date": "2021-9-15", "name": "prob_meas0_prep1", "unit": "", "value": 0.0074}, {"date": "2021-9-15", "name": "prob_meas1_prep0", "unit": "", "value": 0.0050000000000000044}, {"date": "2021-9-15", "name": "readout_length", "unit": "ns", "value": 704}], [{"date": "2021-9-15", "name": "T1", "unit": "us", "value": 90.30278676284172}, {"date": "2021-9-15", "name": "T2", "unit": "us", "value": 27.53519132486182}, {"date": "2021-9-15", "name": "frequency", "unit": "GHz", "value": 5.2853326624345405}, {"date": "2021-9-15", "name": "anharmonicity", "unit": "GHz", "value": -0.3392342674107948}, {"date": "2021-9-15", "name": "readout_error", "unit": "", "value": 0.008000000000000007}, {"date": "2021-9-15", "name": "prob_meas0_prep1", "unit": "", "value": 0.009399999999999964}, {"date": "2021-9-15", "name": "prob_meas1_prep0", "unit": "", "value": 0.0066}, {"date": "2021-9-15", "name": "readout_length", "unit": "ns", "value": 704}], [{"date": "2021-9-15", "name": "T1", "unit": "us", "value": 93.72717838139214}, {"date": "2021-9-15", "name": "T2", "unit": "us", "value": 58.35082581248558}, {"date": "2021-9-15", "name": "frequency", "unit": "GHz", "value": 5.176860542469472}, {"date": "2021-9-15", "name": "anharmonicity", "unit": "GHz", "value": -0.34079297245074963}, {"date": "2021-9-15", "name": "readout_error", "unit": "", "value": 0.011900000000000022}, {"date": "2021-9-15", "name": "prob_meas0_prep1", "unit": "", "value": 0.014}, {"date": "2021-9-15", "name": "prob_meas1_prep0", "unit": "", "value": 0.009800000000000031}, {"date": "2021-9-15", "name": "readout_length", "unit": "ns", "value": 704}], [{"date": "2021-9-15", "name": "T1", "unit": "us", "value": 117.44335445382524}, {"date": "2021-9-15", "name": "T2", "unit": "us", "value": 114.30227698480479}, {"date": "2021-9-15", "name": "frequency", "unit": "GHz", "value": 5.0640375488287415}, {"date": "2021-9-15", "name": "anharmonicity", "unit": "GHz", "value": -0.34275836537159754}, {"date": "2021-9-15", "name": "readout_error", "unit": "", "value": 0.007600000000000051}, {"date": "2021-9-15", "name": "prob_meas0_prep1", "unit": "", "value": 0.009}, {"date": "2021-9-15", "name": "prob_meas1_prep0", "unit": "", "value": 0.006199999999999983}, {"date": "2021-9-15", "name": "readout_length", "unit": "ns", "value": 704}]], "gates": [{"qubits": [0], "gate": "id", "parameters": [{"date": "2021-9-15", "name": "gate_error", "unit": "", "value": 0.00024061310305932283}, {"date": "2021-9-15", "name": "gate_length", "unit": "ns", "value": 35.55555555555556}], "name": "id0"}, {"qubits": [1], "gate": "id", "parameters": [{"date": "2021-9-15", "name": "gate_error", "unit": "", "value": 0.0014112129580856633}, {"date": "2021-9-15", "name": "gate_length", "unit": "ns", "value": 35.55555555555556}], "name": "id1"}, {"qubits": [2], "gate": "id", "parameters": [{"date": "2021-9-15", "name": "gate_error", "unit": "", "value": 0.00022973984642197175}, {"date": "2021-9-15", "name": "gate_length", "unit": "ns", "value": 35.55555555555556}], "name": "id2"}, {"qubits": [3], "gate": "id", "parameters": [{"date": "2021-9-15", "name": "gate_error", "unit": "", "value": 0.00017104728989017915}, {"date": "2021-9-15", "name": "gate_length", "unit": "ns", "value": 35.55555555555556}], "name": "id3"}, {"qubits": [4], "gate": "id", "parameters": [{"date": "2021-9-15", "name": "gate_error", "unit": "", "value": 0.00017924865221153957}, {"date": "2021-9-15", "name": "gate_length", "unit": "ns", "value": 35.55555555555556}], "name": "id4"}, {"qubits": [5], "gate": "id", "parameters": [{"date": "2021-9-15", "name": "gate_error", "unit": "", "value": 0.00027515425394210747}, {"date": "2021-9-15", "name": "gate_length", "unit": "ns", "value": 35.55555555555556}], "name": "id5"}, {"qubits": [6], "gate": "id", "parameters": [{"date": "2021-9-15", "name": "gate_error", "unit": "", "value": 0.00019872241506430693}, {"date": "2021-9-15", "name": "gate_length", "unit": "ns", "value": 35.55555555555556}], "name": "id6"}, {"qubits": [0], "gate": "rz", "parameters": [{"date": "2021-9-15", "name": "gate_error", "unit": "", "value": 0}, {"date": "2021-9-15", "name": "gate_length", "unit": "ns", "value": 0}], "name": "rz0"}, {"qubits": [1], "gate": "rz", "parameters": [{"date": "2021-9-15", "name": "gate_error", "unit": "", "value": 0}, {"date": "2021-9-15", "name": "gate_length", "unit": "ns", "value": 0}], "name": "rz1"}, {"qubits": [2], "gate": "rz", "parameters": [{"date": "2021-9-15", "name": "gate_error", "unit": "", "value": 0}, {"date": "2021-9-15", "name": "gate_length", "unit": "ns", "value": 0}], "name": "rz2"}, {"qubits": [3], "gate": "rz", "parameters": [{"date": "2021-9-15", "name": "gate_error", "unit": "", "value": 0}, {"date": "2021-9-15", "name": "gate_length", "unit": "ns", "value": 0}], "name": "rz3"}, {"qubits": [4], "gate": "rz", "parameters": [{"date": "2021-9-15", "name": "gate_error", "unit": "", "value": 0}, {"date": "2021-9-15", "name": "gate_length", "unit": "ns", "value": 0}], "name": "rz4"}, {"qubits": [5], "gate": "rz", "parameters": [{"date": "2021-9-15", "name": "gate_error", "unit": "", "value": 0}, {"date": "2021-9-15", "name": "gate_length", "unit": "ns", "value": 0}], "name": "rz5"}, {"qubits": [6], "gate": "rz", "parameters": [{"date": "2021-9-15", "name": "gate_error", "unit": "", "value": 0}, {"date": "2021-9-15", "name": "gate_length", "unit": "ns", "value": 0}], "name": "rz6"}, {"qubits": [0], "gate": "sx", "parameters": [{"date": "2021-9-15", "name": "gate_error", "unit": "", "value": 0.00024061310305932283}, {"date": "2021-9-15", "name": "gate_length", "unit": "ns", "value": 35.55555555555556}], "name": "sx0"}, {"qubits": [1], "gate": "sx", "parameters": [{"date": "2021-9-15", "name": "gate_error", "unit": "", "value": 0.0014112129580856633}, {"date": "2021-9-15", "name": "gate_length", "unit": "ns", "value": 35.55555555555556}], "name": "sx1"}, {"qubits": [2], "gate": "sx", "parameters": [{"date": "2021-9-15", "name": "gate_error", "unit": "", "value": 0.00022973984642197175}, {"date": "2021-9-15", "name": "gate_length", "unit": "ns", "value": 35.55555555555556}], "name": "sx2"}, {"qubits": [3], "gate": "sx", "parameters": [{"date": "2021-9-15", "name": "gate_error", "unit": "", "value": 0.00017104728989017915}, {"date": "2021-9-15", "name": "gate_length", "unit": "ns", "value": 35.55555555555556}], "name": "sx3"}, {"qubits": [4], "gate": "sx", "parameters": [{"date": "2021-9-15", "name": "gate_error", "unit": "", "value": 0.00017924865221153957}, {"date": "2021-9-15", "name": "gate_length", "unit": "ns", "value": 35.55555555555556}], "name": "sx4"}, {"qubits": [5], "gate": "sx", "parameters": [{"date": "2021-9-15", "name": "gate_error", "unit": "", "value": 0.00027515425394210747}, {"date": "2021-9-15", "name": "gate_length", "unit": "ns", "value": 35.55555555555556}], "name": "sx5"}, {"qubits": [6], "gate": "sx", "parameters": [{"date": "2021-9-15", "name": "gate_error", "unit": "", "value": 0.00019872241506430693}, {"date": "2021-9-15", "name": "gate_length", "unit": "ns", "value": 35.55555555555556}], "name": "sx6"}, {"qubits": [0], "gate": "x", "parameters": [{"date": "2021-9-15", "name": "gate_error", "unit": "", "value": 0.00024061310305932283}, {"date": "2021-9-15", "name": "gate_length", "unit": "ns", "value": 35.55555555555556}], "name": "x0"}, {"qubits": [1], "gate": "x", "parameters": [{"date": "2021-9-15", "name": "gate_error", "unit": "", "value": 0.0014112129580856633}, {"date": "2021-9-15", "name": "gate_length", "unit": "ns", "value": 35.55555555555556}], "name": "x1"}, {"qubits": [2], "gate": "x", "parameters": [{"date": "2021-9-15", "name": "gate_error", "unit": "", "value": 0.00022973984642197175}, {"date": "2021-9-15", "name": "gate_length", "unit": "ns", "value": 35.55555555555556}], "name": "x2"}, {"qubits": [3], "gate": "x", "parameters": [{"date": "2021-9-15", "name": "gate_error", "unit": "", "value": 0.00017104728989017915}, {"date": "2021-9-15", "name": "gate_length", "unit": "ns", "value": 35.55555555555556}], "name": "x3"}, {"qubits": [4], "gate": "x", "parameters": [{"date": "2021-9-15", "name": "gate_error", "unit": "", "value": 0.00017924865221153957}, {"date": "2021-9-15", "name": "gate_length", "unit": "ns", "value": 35.55555555555556}], "name": "x4"}, {"qubits": [5], "gate": "x", "parameters": [{"date": "2021-9-15", "name": "gate_error", "unit": "", "value": 0.00027515425394210747}, {"date": "2021-9-15", "name": "gate_length", "unit": "ns", "value": 35.55555555555556}], "name": "x5"}, {"qubits": [6], "gate": "x", "parameters": [{"date": "2021-9-15", "name": "gate_error", "unit": "", "value": 0.00019872241506430693}, {"date": "2021-9-15", "name": "gate_length", "unit": "ns", "value": 35.55555555555556}], "name": "x6"}, {"qubits": [5, 4], "gate": "cx", "parameters": [{"date": "2021-9-15", "name": "gate_error", "unit": "", "value": 0.004954237505876147}, {"date": "2021-9-12", "name": "gate_length", "unit": "ns", "value": 327.1111111111111}], "name": "cx5_4"}, {"qubits": [4, 5], "gate": "cx", "parameters": [{"date": "2021-9-15", "name": "gate_error", "unit": "", "value": 0.004954237505876147}, {"date": "2021-9-12", "name": "gate_length", "unit": "ns", "value": 362.66666666666663}], "name": "cx4_5"}, {"qubits": [3, 1], "gate": "cx", "parameters": [{"date": "2021-9-15", "name": "gate_error", "unit": "", "value": 0.011989248839687494}, {"date": "2021-9-12", "name": "gate_length", "unit": "ns", "value": 298.66666666666663}], "name": "cx3_1"}, {"qubits": [1, 3], "gate": "cx", "parameters": [{"date": "2021-9-15", "name": "gate_error", "unit": "", "value": 0.011989248839687494}, {"date": "2021-9-12", "name": "gate_length", "unit": "ns", "value": 334.22222222222223}], "name": "cx1_3"}, {"qubits": [5, 6], "gate": "cx", "parameters": [{"date": "2021-9-15", "name": "gate_error", "unit": "", "value": 0.005519344869086035}, {"date": "2021-9-12", "name": "gate_length", "unit": "ns", "value": 256}], "name": "cx5_6"}, {"qubits": [6, 5], "gate": "cx", "parameters": [{"date": "2021-9-15", "name": "gate_error", "unit": "", "value": 0.005519344869086035}, {"date": "2021-9-12", "name": "gate_length", "unit": "ns", "value": 291.55555555555554}], "name": "cx6_5"}, {"qubits": [5, 3], "gate": "cx", "parameters": [{"date": "2021-9-15", "name": "gate_error", "unit": "", "value": 0.005392183635502673}, {"date": "2021-9-12", "name": "gate_length", "unit": "ns", "value": 298.66666666666663}], "name": "cx5_3"}, {"qubits": [3, 5], "gate": "cx", "parameters": [{"date": "2021-9-15", "name": "gate_error", "unit": "", "value": 0.005392183635502673}, {"date": "2021-9-12", "name": "gate_length", "unit": "ns", "value": 334.22222222222223}], "name": "cx3_5"}, {"qubits": [2, 1], "gate": "cx", "parameters": [{"date": "2021-9-15", "name": "gate_error", "unit": "", "value": 0.007373653572778749}, {"date": "2021-9-12", "name": "gate_length", "unit": "ns", "value": 291.55555555555554}], "name": "cx2_1"}, {"qubits": [1, 2], "gate": "cx", "parameters": [{"date": "2021-9-15", "name": "gate_error", "unit": "", "value": 0.007373653572778749}, {"date": "2021-9-12", "name": "gate_length", "unit": "ns", "value": 327.1111111111111}], "name": "cx1_2"}, {"qubits": [0, 1], "gate": "cx", "parameters": [{"date": "2021-9-15", "name": "gate_error", "unit": "", "value": 0.013696725594457365}, {"date": "2021-9-12", "name": "gate_length", "unit": "ns", "value": 305.77777777777777}], "name": "cx0_1"}, {"qubits": [1, 0], "gate": "cx", "parameters": [{"date": "2021-9-15", "name": "gate_error", "unit": "", "value": 0.013696725594457365}, {"date": "2021-9-12", "name": "gate_length", "unit": "ns", "value": 341.3333333333333}], "name": "cx1_0"}, {"qubits": [0], "gate": "reset", "parameters": [{"date": "2021-9-15", "name": "gate_length", "unit": "ns", "value": 1002.6666666666666}], "name": "reset0"}, {"qubits": [1], "gate": "reset", "parameters": [{"date": "2021-9-15", "name": "gate_length", "unit": "ns", "value": 1002.6666666666666}], "name": "reset1"}, {"qubits": [2], "gate": "reset", "parameters": [{"date": "2021-9-15", "name": "gate_length", "unit": "ns", "value": 995.5555555555555}], "name": "reset2"}, {"qubits": [3], "gate": "reset", "parameters": [{"date": "2021-9-15", "name": "gate_length", "unit": "ns", "value": 988.4444444444443}], "name": "reset3"}, {"qubits": [4], "gate": "reset", "parameters": [{"date": "2021-9-15", "name": "gate_length", "unit": "ns", "value": 1002.6666666666666}], "name": "reset4"}, {"qubits": [5], "gate": "reset", "parameters": [{"date": "2021-9-15", "name": "gate_length", "unit": "ns", "value": 1002.6666666666666}], "name": "reset5"}, {"qubits": [6], "gate": "reset", "parameters": [{"date": "2021-9-15", "name": "gate_length", "unit": "ns", "value": 988.4444444444443}], "name": "reset6"}], "general": [{"date": "2021-9-15", "name": "jq_01", "unit": "GHz", "value": 0.0017239661070310697}, {"date": "2021-9-15", "name": "zz_01", "unit": "GHz", "value": -4.1551259389276154e-05}, {"date": "2021-9-15", "name": "jq_12", "unit": "GHz", "value": 0.003306427365570105}, {"date": "2021-9-15", "name": "zz_12", "unit": "GHz", "value": -0.00013691896518548322}, {"date": "2021-9-15", "name": "jq_45", "unit": "GHz", "value": 0.0033964931013144256}, {"date": "2021-9-15", "name": "zz_45", "unit": "GHz", "value": -0.00015134337521539932}, {"date": "2021-9-15", "name": "jq_56", "unit": "GHz", "value": 0.0032394441256406383}, {"date": "2021-9-15", "name": "zz_56", "unit": "GHz", "value": -0.0001381127844927418}, {"date": "2021-9-15", "name": "jq_13", "unit": "GHz", "value": 0.003219077603102807}, {"date": "2021-9-15", "name": "zz_13", "unit": "GHz", "value": -0.00013509145307819546}, {"date": "2021-9-15", "name": "jq_35", "unit": "GHz", "value": 0.0023455196332844842}, {"date": "2021-9-15", "name": "zz_35", "unit": "GHz", "value": -9.35336850076191e-05}]}