{"backend_name": "ibm_lagos", "backend_version": "1.0.1", "last_update_date": "2021-8-6", "qubits": [[{"date": "2021-8-6", "name": "T1", "unit": "us", "value": 113.92339996576833}, {"date": "2021-8-6", "name": "T2", "unit": "us", "value": 50.76386544840468}, {"date": "2021-8-6", "name": "frequency", "unit": "GHz", "value": 5.235302336658241}, {"date": "2021-8-6", "name": "anharmonicity", "unit": "GHz", "value": -0.33986713855915607}, {"date": "2021-8-6", "name": "readout_error", "unit": "", "value": 0.010199999999999987}, {"date": "2021-8-6", "name": "prob_meas0_prep1", "unit": "", "value": 0.0122}, {"date": "2021-8-6", "name": "prob_meas1_prep0", "unit": "", "value": 0.008199999999999985}, {"date": "2021-8-6", "name": "readout_length", "unit": "ns", "value": 704}], [{"date": "2021-8-6", "name": "T1", "unit": "us", "value": 101.58934583599547}, {"date": "2021-8-6", "name": "T2", "unit": "us", "value": 115.26637307488446}, {"date": "2021-8-6", "name": "frequency", "unit": "GHz", "value": 5.099400419911863}, {"date": "2021-8-6", "name": "anharmonicity", "unit": "GHz", "value": -0.3432484042938357}, {"date": "2021-8-6", "name": "readout_error", "unit": "", "value": 0.009400000000000075}, {"date": "2021-8-6", "name": "prob_meas0_prep1", "unit": "", "value": 0.0118}, {"date": "2021-8-6", "name": "prob_meas1_prep0", "unit": "", "value": 0.007000000000000006}, {"date": "2021-8-6", "name": "readout_length", "unit": "ns", "value": 704}], [{"date": "2021-8-6", "name": "T1", "unit": "us", "value": 105.06015394544112}, {"date": "2021-8-6", "name": "T2", "unit": "us", "value": 92.32407127446932}, {"date": "2021-8-6", "name": "frequency", "unit": "GHz", "value": 5.187857924510282}, {"date": "2021-8-6", "name": "anharmonicity", "unit": "GHz", "value": -0.3419316690031256}, {"date": "2021-8-6", "name": "readout_error", "unit": "", "value": 0.005800000000000027}, {"date": "2021-8-6", "name": "prob_meas0_prep1", "unit": "", "value": 0.0068}, {"date": "2021-8-6", "name": "prob_meas1_prep0", "unit": "", "value": 0.0048000000000000265}, {"date": "2021-8-6", "name": "readout_length", "unit": "ns", "value": 704}], [{"date": "2021-8-6", "name": "T1", "unit": "us", "value": 132.14275927496706}, {"date": "2021-8-6", "name": "T2", "unit": "us", "value": 115.0766083759145}, {"date": "2021-8-6", "name": "frequency", "unit": "GHz", "value": 4.986861825085077}, {"date": "2021-8-6", "name": "anharmonicity", "unit": "GHz", "value": -0.3452928861203798}, {"date": "2021-8-6", "name": "readout_error", "unit": "", "value": 0.0047000000000000375}, {"date": "2021-8-6", "name": "prob_meas0_prep1", "unit": "", "value": 0.0066}, {"date": "2021-8-6", "name": "prob_meas1_prep0", "unit": "", "value": 0.0028000000000000247}, {"date": "2021-8-6", "name": "readout_length", "unit": "ns", "value": 704}], [{"date": "2021-8-6", "name": "T1", "unit": "us", "value": 112.09770155980664}, {"date": "2021-8-6", "name": "T2", "unit": "us", "value": 27.65414694233064}, {"date": "2021-8-6", "name": "frequency", "unit": "GHz", "value": 5.285337452995715}, {"date": "2021-8-6", "name": "anharmonicity", "unit": "GHz", "value": -0.3392342674107948}, {"date": "2021-8-6", "name": "readout_error", "unit": "", "value": 0.008199999999999985}, {"date": "2021-8-6", "name": "prob_meas0_prep1", "unit": "", "value": 0.010000000000000009}, {"date": "2021-8-6", "name": "prob_meas1_prep0", "unit": "", "value": 0.0064}, {"date": "2021-8-6", "name": "readout_length", "unit": "ns", "value": 704}], [{"date": "2021-8-6", "name": "T1", "unit": "us", "value": 123.0957822946423}, {"date": "2021-8-6", "name": "T2", "unit": "us", "value": 55.378163957789035}, {"date": "2021-8-6", "name": "frequency", "unit": "GHz", "value": 5.176865797739464}, {"date": "2021-8-6", "name": "anharmonicity", "unit": "GHz", "value": -0.34079297245074963}, {"date": "2021-8-6", "name": "readout_error", "unit": "", "value": 0.0121}, {"date": "2021-8-6", "name": "prob_meas0_prep1", "unit": "", "value": 0.0142}, {"date": "2021-8-6", "name": "prob_meas1_prep0", "unit": "", "value": 0.010000000000000009}, {"date": "2021-8-6", "name": "readout_length", "unit": "ns", "value": 704}], [{"date": "2021-8-6", "name": "T1", "unit": "us", "value": 173.17824963020672}, {"date": "2021-8-6", "name": "T2", "unit": "us", "value": 77.80352180910296}, {"date": "2021-8-6", "name": "frequency", "unit": "GHz", "value": 5.064100009186047}, {"date": "2021-8-6", "name": "anharmonicity", "unit": "GHz", "value": -0.34275836537159754}, {"date": "2021-8-6", "name": "readout_error", "unit": "", "value": 0.005400000000000071}, {"date": "2021-8-6", "name": "prob_meas0_prep1", "unit": "", "value": 0.0058}, {"date": "2021-8-6", "name": "prob_meas1_prep0", "unit": "", "value": 0.0050000000000000044}, {"date": "2021-8-6", "name": "readout_length", "unit": "ns", "value": 704}]], "gates": [{"qubits": [0], "gate": "id", "parameters": [{"date": "2021-8-6", "name": "gate_error", "unit": "", "value": 0.00026690746384781393}, {"date": "2021-8-6", "name": "gate_length", "unit": "ns", "value": 35.55555555555556}], "name": "id0"}, {"qubits": [1], "gate": "id", "parameters": [{"date": "2021-8-6", "name": "gate_error", "unit": "", "value": 0.0002414272288961766}, {"date": "2021-8-6", "name": "gate_length", "unit": "ns", "value": 35.55555555555556}], "name": "id1"}, {"qubits": [2], "gate": "id", "parameters": [{"date": "2021-8-6", "name": "gate_error", "unit": "", "value": 0.00018020956219756825}, {"date": "2021-8-6", "name": "gate_length", "unit": "ns", "value": 35.55555555555556}], "name": "id2"}, {"qubits": [3], "gate": "id", "parameters": [{"date": "2021-8-6", "name": "gate_error", "unit": "", "value": 0.00016267005936511646}, {"date": "2021-8-6", "name": "gate_length", "unit": "ns", "value": 35.55555555555556}], "name": "id3"}, {"qubits": [4], "gate": "id", "parameters": [{"date": "2021-8-6", "name": "gate_error", "unit": "", "value": 0.00031017773557150125}, {"date": "2021-8-6", "name": "gate_length", "unit": "ns", "value": 35.55555555555556}], "name": "id4"}, {"qubits": [5], "gate": "id", "parameters": [{"date": "2021-8-6", "name": "gate_error", "unit": "", "value": 0.00018544181631463083}, {"date": "2021-8-6", "name": "gate_length", "unit": "ns", "value": 35.55555555555556}], "name": "id5"}, {"qubits": [6], "gate": "id", "parameters": [{"date": "2021-8-6", "name": "gate_error", "unit": "", "value": 0.00018019918829130543}, {"date": "2021-8-6", "name": "gate_length", "unit": "ns", "value": 35.55555555555556}], "name": "id6"}, {"qubits": [0], "gate": "rz", "parameters": [{"date": "2021-8-6", "name": "gate_error", "unit": "", "value": 0}, {"date": "2021-8-6", "name": "gate_length", "unit": "ns", "value": 0}], "name": "rz0"}, {"qubits": [1], "gate": "rz", "parameters": [{"date": "2021-8-6", "name": "gate_error", "unit": "", "value": 0}, {"date": "2021-8-6", "name": "gate_length", "unit": "ns", "value": 0}], "name": "rz1"}, {"qubits": [2], "gate": "rz", "parameters": [{"date": "2021-8-6", "name": "gate_error", "unit": "", "value": 0}, {"date": "2021-8-6", "name": "gate_length", "unit": "ns", "value": 0}], "name": "rz2"}, {"qubits": [3], "gate": "rz", "parameters": [{"date": "2021-8-6", "name": "gate_error", "unit": "", "value": 0}, {"date": "2021-8-6", "name": "gate_length", "unit": "ns", "value": 0}], "name": "rz3"}, {"qubits": [4], "gate": "rz", "parameters": [{"date": "2021-8-6", "name": "gate_error", "unit": "", "value": 0}, {"date": "2021-8-6", "name": "gate_length", "unit": "ns", "value": 0}], "name": "rz4"}, {"qubits": [5], "gate": "rz", "parameters": [{"date": "2021-8-6", "name": "gate_error", "unit": "", "value": 0}, {"date": "2021-8-6", "name": "gate_length", "unit": "ns", "value": 0}], "name": "rz5"}, {"qubits": [6], "gate": "rz", "parameters": [{"date": "2021-8-6", "name": "gate_error", "unit": "", "value": 0}, {"date": "2021-8-6", "name": "gate_length", "unit": "ns", "value": 0}], "name": "rz6"}, {"qubits": [0], "gate": "sx", "parameters": [{"date": "2021-8-6", "name": "gate_error", "unit": "", "value": 0.00026690746384781393}, {"date": "2021-8-6", "name": "gate_length", "unit": "ns", "value": 35.55555555555556}], "name": "sx0"}, {"qubits": [1], "gate": "sx", "parameters": [{"date": "2021-8-6", "name": "gate_error", "unit": "", "value": 0.0002414272288961766}, {"date": "2021-8-6", "name": "gate_length", "unit": "ns", "value": 35.55555555555556}], "name": "sx1"}, {"qubits": [2], "gate": "sx", "parameters": [{"date": "2021-8-6", "name": "gate_error", "unit": "", "value": 0.00018020956219756825}, {"date": "2021-8-6", "name": "gate_length", "unit": "ns", "value": 35.55555555555556}], "name": "sx2"}, {"qubits": [3], "gate": "sx", "parameters": [{"date": "2021-8-6", "name": "gate_error", "unit": "", "value": 0.00016267005936511646}, {"date": "2021-8-6", "name": "gate_length", "unit": "ns", "value": 35.55555555555556}], "name": "sx3"}, {"qubits": [4], "gate": "sx", "parameters": [{"date": "2021-8-6", "name": "gate_error", "unit": "", "value": 0.00031017773557150125}, {"date": "2021-8-6", "name": "gate_length", "unit": "ns", "value": 35.55555555555556}], "name": "sx4"}, {"qubits": [5], "gate": "sx", "parameters": [{"date": "2021-8-6", "name": "gate_error", "unit": "", "value": 0.00018544181631463083}, {"date": "2021-8-6", "name": "gate_length", "unit": "ns", "value": 35.55555555555556}], "name": "sx5"}, {"qubits": [6], "gate": "sx", "parameters": [{"date": "2021-8-6", "name": "gate_error", "unit": "", "value": 0.00018019918829130543}, {"date": "2021-8-6", "name": "gate_length", "unit": "ns", "value": 35.55555555555556}], "name": "sx6"}, {"qubits": [0], "gate": "x", "parameters": [{"date": "2021-8-6", "name": "gate_error", "unit": "", "value": 0.00026690746384781393}, {"date": "2021-8-6", "name": "gate_length", "unit": "ns", "value": 35.55555555555556}], "name": "x0"}, {"qubits": [1], "gate": "x", "parameters": [{"date": "2021-8-6", "name": "gate_error", "unit": "", "value": 0.0002414272288961766}, {"date": "2021-8-6", "name": "gate_length", "unit": "ns", "value": 35.55555555555556}], "name": "x1"}, {"qubits": [2], "gate": "x", "parameters": [{"date": "2021-8-6", "name": "gate_error", "unit": "", "value": 0.00018020956219756825}, {"date": "2021-8-6", "name": "gate_length", "unit": "ns", "value": 35.55555555555556}], "name": "x2"}, {"qubits": [3], "gate": "x", "parameters": [{"date": "2021-8-6", "name": "gate_error", "unit": "", "value": 0.00016267005936511646}, {"date": "2021-8-6", "name": "gate_length", "unit": "ns", "value": 35.55555555555556}], "name": "x3"}, {"qubits": [4], "gate": "x", "parameters": [{"date": "2021-8-6", "name": "gate_error", "unit": "", "value": 0.00031017773557150125}, {"date": "2021-8-6", "name": "gate_length", "unit": "ns", "value": 35.55555555555556}], "name": "x4"}, {"qubits": [5], "gate": "x", "parameters": [{"date": "2021-8-6", "name": "gate_error", "unit": "", "value": 0.00018544181631463083}, {"date": "2021-8-6", "name": "gate_length", "unit": "ns", "value": 35.55555555555556}], "name": "x5"}, {"qubits": [6], "gate": "x", "parameters": [{"date": "2021-8-6", "name": "gate_error", "unit": "", "value": 0.00018019918829130543}, {"date": "2021-8-6", "name": "gate_length", "unit": "ns", "value": 35.55555555555556}], "name": "x6"}, {"qubits": [5, 4], "gate": "cx", "parameters": [{"date": "2021-8-6", "name": "gate_error", "unit": "", "value": 0.00525827609793314}, {"date": "2021-8-3", "name": "gate_length", "unit": "ns", "value": 327.1111111111111}], "name": "cx5_4"}, {"qubits": [4, 5], "gate": "cx", "parameters": [{"date": "2021-8-6", "name": "gate_error", "unit": "", "value": 0.00525827609793314}, {"date": "2021-8-3", "name": "gate_length", "unit": "ns", "value": 362.66666666666663}], "name": "cx4_5"}, {"qubits": [3, 1], "gate": "cx", "parameters": [{"date": "2021-8-6", "name": "gate_error", "unit": "", "value": 0.005808913930418325}, {"date": "2021-8-3", "name": "gate_length", "unit": "ns", "value": 298.66666666666663}], "name": "cx3_1"}, {"qubits": [1, 3], "gate": "cx", "parameters": [{"date": "2021-8-6", "name": "gate_error", "unit": "", "value": 0.005808913930418325}, {"date": "2021-8-3", "name": "gate_length", "unit": "ns", "value": 334.22222222222223}], "name": "cx1_3"}, {"qubits": [5, 6], "gate": "cx", "parameters": [{"date": "2021-8-6", "name": "gate_error", "unit": "", "value": 0.004702804452424242}, {"date": "2021-8-3", "name": "gate_length", "unit": "ns", "value": 256}], "name": "cx5_6"}, {"qubits": [6, 5], "gate": "cx", "parameters": [{"date": "2021-8-6", "name": "gate_error", "unit": "", "value": 0.004702804452424242}, {"date": "2021-8-3", "name": "gate_length", "unit": "ns", "value": 291.55555555555554}], "name": "cx6_5"}, {"qubits": [5, 3], "gate": "cx", "parameters": [{"date": "2021-8-6", "name": "gate_error", "unit": "", "value": 0.004433552940102947}, {"date": "2021-8-3", "name": "gate_length", "unit": "ns", "value": 298.66666666666663}], "name": "cx5_3"}, {"qubits": [3, 5], "gate": "cx", "parameters": [{"date": "2021-8-6", "name": "gate_error", "unit": "", "value": 0.004433552940102947}, {"date": "2021-8-3", "name": "gate_length", "unit": "ns", "value": 334.22222222222223}], "name": "cx3_5"}, {"qubits": [2, 1], "gate": "cx", "parameters": [{"date": "2021-8-6", "name": "gate_error", "unit": "", "value": 0.005009855681251507}, {"date": "2021-8-3", "name": "gate_length", "unit": "ns", "value": 291.55555555555554}], "name": "cx2_1"}, {"qubits": [1, 2], "gate": "cx", "parameters": [{"date": "2021-8-6", "name": "gate_error", "unit": "", "value": 0.005009855681251507}, {"date": "2021-8-3", "name": "gate_length", "unit": "ns", "value": 327.1111111111111}], "name": "cx1_2"}, {"qubits": [0, 1], "gate": "cx", "parameters": [{"date": "2021-8-6", "name": "gate_error", "unit": "", "value": 0.0115282562448846}, {"date": "2021-8-3", "name": "gate_length", "unit": "ns", "value": 305.77777777777777}], "name": "cx0_1"}, {"qubits": [1, 0], "gate": "cx", "parameters": [{"date": "2021-8-6", "name": "gate_error", "unit": "", "value": 0.0115282562448846}, {"date": "2021-8-3", "name": "gate_length", "unit": "ns", "value": 341.3333333333333}], "name": "cx1_0"}, {"qubits": [0], "gate": "reset", "parameters": [{"date": "2021-8-6", "name": "gate_length", "unit": "ns", "value": 1002.6666666666666}], "name": "reset0"}, {"qubits": [1], "gate": "reset", "parameters": [{"date": "2021-8-6", "name": "gate_length", "unit": "ns", "value": 1002.6666666666666}], "name": "reset1"}, {"qubits": [2], "gate": "reset", "parameters": [{"date": "2021-8-6", "name": "gate_length", "unit": "ns", "value": 995.5555555555555}], "name": "reset2"}, {"qubits": [3], "gate": "reset", "parameters": [{"date": "2021-8-6", "name": "gate_length", "unit": "ns", "value": 988.4444444444443}], "name": "reset3"}, {"qubits": [4], "gate": "reset", "parameters": [{"date": "2021-8-6", "name": "gate_length", "unit": "ns", "value": 1002.6666666666666}], "name": "reset4"}, {"qubits": [5], "gate": "reset", "parameters": [{"date": "2021-8-6", "name": "gate_length", "unit": "ns", "value": 1002.6666666666666}], "name": "reset5"}, {"qubits": [6], "gate": "reset", "parameters": [{"date": "2021-8-6", "name": "gate_length", "unit": "ns", "value": 988.4444444444443}], "name": "reset6"}], "general": [{"date": "2021-8-6", "name": "jq_01", "unit": "GHz", "value": 0.0017239661070310697}, {"date": "2021-8-6", "name": "zz_01", "unit": "GHz", "value": -4.1551259389276154e-05}, {"date": "2021-8-6", "name": "jq_12", "unit": "GHz", "value": 0.003306427365570105}, {"date": "2021-8-6", "name": "zz_12", "unit": "GHz", "value": -0.00013691896518548322}, {"date": "2021-8-6", "name": "jq_45", "unit": "GHz", "value": 0.0033964931013144256}, {"date": "2021-8-6", "name": "zz_45", "unit": "GHz", "value": -0.00015134337521539932}, {"date": "2021-8-6", "name": "jq_56", "unit": "GHz", "value": 0.0032394441256406383}, {"date": "2021-8-6", "name": "zz_56", "unit": "GHz", "value": -0.0001381127844927418}, {"date": "2021-8-6", "name": "jq_13", "unit": "GHz", "value": 0.003219077603102807}, {"date": "2021-8-6", "name": "zz_13", "unit": "GHz", "value": -0.00013509145307819546}, {"date": "2021-8-6", "name": "jq_35", "unit": "GHz", "value": 0.0023455196332844842}, {"date": "2021-8-6", "name": "zz_35", "unit": "GHz", "value": -9.35336850076191e-05}]}