{"backend_name": "ibm_lagos", "backend_version": "1.0.3", "last_update_date": "2021-8-31", "qubits": [[{"date": "2021-8-31", "name": "T1", "unit": "us", "value": 144.46144671373787}, {"date": "2021-8-31", "name": "T2", "unit": "us", "value": 38.29973871110139}, {"date": "2021-8-31", "name": "frequency", "unit": "GHz", "value": 5.23528258722897}, {"date": "2021-8-31", "name": "anharmonicity", "unit": "GHz", "value": -0.33986713855915607}, {"date": "2021-8-31", "name": "readout_error", "unit": "", "value": 0.008900000000000019}, {"date": "2021-8-31", "name": "prob_meas0_prep1", "unit": "", "value": 0.01}, {"date": "2021-8-31", "name": "prob_meas1_prep0", "unit": "", "value": 0.007800000000000029}, {"date": "2021-8-31", "name": "readout_length", "unit": "ns", "value": 704}], [{"date": "2021-8-31", "name": "T1", "unit": "us", "value": 95.52538459370311}, {"date": "2021-8-31", "name": "T2", "unit": "us", "value": 107.65034507837343}, {"date": "2021-8-31", "name": "frequency", "unit": "GHz", "value": 5.0993768835092235}, {"date": "2021-8-31", "name": "anharmonicity", "unit": "GHz", "value": -0.3432484042938357}, {"date": "2021-8-31", "name": "readout_error", "unit": "", "value": 0.00869999999999993}, {"date": "2021-8-31", "name": "prob_meas0_prep1", "unit": "", "value": 0.01}, {"date": "2021-8-31", "name": "prob_meas1_prep0", "unit": "", "value": 0.007399999999999962}, {"date": "2021-8-31", "name": "readout_length", "unit": "ns", "value": 704}], [{"date": "2021-8-31", "name": "T1", "unit": "us", "value": 132.4622847366233}, {"date": "2021-8-31", "name": "T2", "unit": "us", "value": 138.93979411301058}, {"date": "2021-8-31", "name": "frequency", "unit": "GHz", "value": 5.1879182747949235}, {"date": "2021-8-31", "name": "anharmonicity", "unit": "GHz", "value": -0.3419316690031256}, {"date": "2021-8-31", "name": "readout_error", "unit": "", "value": 0.006599999999999939}, {"date": "2021-8-31", "name": "prob_meas0_prep1", "unit": "", "value": 0.0074}, {"date": "2021-8-31", "name": "prob_meas1_prep0", "unit": "", "value": 0.005800000000000027}, {"date": "2021-8-31", "name": "readout_length", "unit": "ns", "value": 704}], [{"date": "2021-8-31", "name": "T1", "unit": "us", "value": 149.71351757148315}, {"date": "2021-8-31", "name": "T2", "unit": "us", "value": 128.07673709486767}, {"date": "2021-8-31", "name": "frequency", "unit": "GHz", "value": 4.9868675835764655}, {"date": "2021-8-31", "name": "anharmonicity", "unit": "GHz", "value": -0.3452928861203798}, {"date": "2021-8-31", "name": "readout_error", "unit": "", "value": 0.01429999999999998}, {"date": "2021-8-31", "name": "prob_meas0_prep1", "unit": "", "value": 0.0212}, {"date": "2021-8-31", "name": "prob_meas1_prep0", "unit": "", "value": 0.007399999999999962}, {"date": "2021-8-31", "name": "readout_length", "unit": "ns", "value": 704}], [{"date": "2021-8-31", "name": "T1", "unit": "us", "value": 149.4616698867818}, {"date": "2021-8-31", "name": "T2", "unit": "us", "value": 32.320910723282694}, {"date": "2021-8-31", "name": "frequency", "unit": "GHz", "value": 5.285337147801071}, {"date": "2021-8-31", "name": "anharmonicity", "unit": "GHz", "value": -0.3392342674107948}, {"date": "2021-8-31", "name": "readout_error", "unit": "", "value": 0.008399999999999963}, {"date": "2021-8-31", "name": "prob_meas0_prep1", "unit": "", "value": 0.008399999999999963}, {"date": "2021-8-31", "name": "prob_meas1_prep0", "unit": "", "value": 0.0084}, {"date": "2021-8-31", "name": "readout_length", "unit": "ns", "value": 704}], [{"date": "2021-8-31", "name": "T1", "unit": "us", "value": 23.03411377064413}, {"date": "2021-8-31", "name": "T2", "unit": "us", "value": 46.994398308934976}, {"date": "2021-8-31", "name": "frequency", "unit": "GHz", "value": 5.176858684290195}, {"date": "2021-8-31", "name": "anharmonicity", "unit": "GHz", "value": -0.34079297245074963}, {"date": "2021-8-31", "name": "readout_error", "unit": "", "value": 0.01090000000000002}, {"date": "2021-8-31", "name": "prob_meas0_prep1", "unit": "", "value": 0.0138}, {"date": "2021-8-31", "name": "prob_meas1_prep0", "unit": "", "value": 0.008000000000000007}, {"date": "2021-8-31", "name": "readout_length", "unit": "ns", "value": 704}], [{"date": "2021-8-31", "name": "T1", "unit": "us", "value": 32.565817592490994}, {"date": "2021-8-31", "name": "T2", "unit": "us", "value": 98.96100738915644}, {"date": "2021-8-31", "name": "frequency", "unit": "GHz", "value": 5.064094450497161}, {"date": "2021-8-31", "name": "anharmonicity", "unit": "GHz", "value": -0.34275836537159754}, {"date": "2021-8-31", "name": "readout_error", "unit": "", "value": 0.007500000000000062}, {"date": "2021-8-31", "name": "prob_meas0_prep1", "unit": "", "value": 0.0094}, {"date": "2021-8-31", "name": "prob_meas1_prep0", "unit": "", "value": 0.005600000000000049}, {"date": "2021-8-31", "name": "readout_length", "unit": "ns", "value": 704}]], "gates": [{"qubits": [0], "gate": "id", "parameters": [{"date": "2021-8-31", "name": "gate_error", "unit": "", "value": 0.00026877266821922016}, {"date": "2021-8-31", "name": "gate_length", "unit": "ns", "value": 35.55555555555556}], "name": "id0"}, {"qubits": [1], "gate": "id", "parameters": [{"date": "2021-8-31", "name": "gate_error", "unit": "", "value": 0.00022928525933199804}, {"date": "2021-8-31", "name": "gate_length", "unit": "ns", "value": 35.55555555555556}], "name": "id1"}, {"qubits": [2], "gate": "id", "parameters": [{"date": "2021-8-31", "name": "gate_error", "unit": "", "value": 0.00019971558579948725}, {"date": "2021-8-31", "name": "gate_length", "unit": "ns", "value": 35.55555555555556}], "name": "id2"}, {"qubits": [3], "gate": "id", "parameters": [{"date": "2021-8-31", "name": "gate_error", "unit": "", "value": 0.0002318262171768917}, {"date": "2021-8-31", "name": "gate_length", "unit": "ns", "value": 35.55555555555556}], "name": "id3"}, {"qubits": [4], "gate": "id", "parameters": [{"date": "2021-8-31", "name": "gate_error", "unit": "", "value": 0.0001946253903471455}, {"date": "2021-8-31", "name": "gate_length", "unit": "ns", "value": 35.55555555555556}], "name": "id4"}, {"qubits": [5], "gate": "id", "parameters": [{"date": "2021-8-31", "name": "gate_error", "unit": "", "value": 0.00019571780237845614}, {"date": "2021-8-31", "name": "gate_length", "unit": "ns", "value": 35.55555555555556}], "name": "id5"}, {"qubits": [6], "gate": "id", "parameters": [{"date": "2021-8-31", "name": "gate_error", "unit": "", "value": 0.0003071964624815395}, {"date": "2021-8-31", "name": "gate_length", "unit": "ns", "value": 35.55555555555556}], "name": "id6"}, {"qubits": [0], "gate": "rz", "parameters": [{"date": "2021-8-31", "name": "gate_error", "unit": "", "value": 0}, {"date": "2021-8-31", "name": "gate_length", "unit": "ns", "value": 0}], "name": "rz0"}, {"qubits": [1], "gate": "rz", "parameters": [{"date": "2021-8-31", "name": "gate_error", "unit": "", "value": 0}, {"date": "2021-8-31", "name": "gate_length", "unit": "ns", "value": 0}], "name": "rz1"}, {"qubits": [2], "gate": "rz", "parameters": [{"date": "2021-8-31", "name": "gate_error", "unit": "", "value": 0}, {"date": "2021-8-31", "name": "gate_length", "unit": "ns", "value": 0}], "name": "rz2"}, {"qubits": [3], "gate": "rz", "parameters": [{"date": "2021-8-31", "name": "gate_error", "unit": "", "value": 0}, {"date": "2021-8-31", "name": "gate_length", "unit": "ns", "value": 0}], "name": "rz3"}, {"qubits": [4], "gate": "rz", "parameters": [{"date": "2021-8-31", "name": "gate_error", "unit": "", "value": 0}, {"date": "2021-8-31", "name": "gate_length", "unit": "ns", "value": 0}], "name": "rz4"}, {"qubits": [5], "gate": "rz", "parameters": [{"date": "2021-8-31", "name": "gate_error", "unit": "", "value": 0}, {"date": "2021-8-31", "name": "gate_length", "unit": "ns", "value": 0}], "name": "rz5"}, {"qubits": [6], "gate": "rz", "parameters": [{"date": "2021-8-31", "name": "gate_error", "unit": "", "value": 0}, {"date": "2021-8-31", "name": "gate_length", "unit": "ns", "value": 0}], "name": "rz6"}, {"qubits": [0], "gate": "sx", "parameters": [{"date": "2021-8-31", "name": "gate_error", "unit": "", "value": 0.00026877266821922016}, {"date": "2021-8-31", "name": "gate_length", "unit": "ns", "value": 35.55555555555556}], "name": "sx0"}, {"qubits": [1], "gate": "sx", "parameters": [{"date": "2021-8-31", "name": "gate_error", "unit": "", "value": 0.00022928525933199804}, {"date": "2021-8-31", "name": "gate_length", "unit": "ns", "value": 35.55555555555556}], "name": "sx1"}, {"qubits": [2], "gate": "sx", "parameters": [{"date": "2021-8-31", "name": "gate_error", "unit": "", "value": 0.00019971558579948725}, {"date": "2021-8-31", "name": "gate_length", "unit": "ns", "value": 35.55555555555556}], "name": "sx2"}, {"qubits": [3], "gate": "sx", "parameters": [{"date": "2021-8-31", "name": "gate_error", "unit": "", "value": 0.0002318262171768917}, {"date": "2021-8-31", "name": "gate_length", "unit": "ns", "value": 35.55555555555556}], "name": "sx3"}, {"qubits": [4], "gate": "sx", "parameters": [{"date": "2021-8-31", "name": "gate_error", "unit": "", "value": 0.0001946253903471455}, {"date": "2021-8-31", "name": "gate_length", "unit": "ns", "value": 35.55555555555556}], "name": "sx4"}, {"qubits": [5], "gate": "sx", "parameters": [{"date": "2021-8-31", "name": "gate_error", "unit": "", "value": 0.00019571780237845614}, {"date": "2021-8-31", "name": "gate_length", "unit": "ns", "value": 35.55555555555556}], "name": "sx5"}, {"qubits": [6], "gate": "sx", "parameters": [{"date": "2021-8-31", "name": "gate_error", "unit": "", "value": 0.0003071964624815395}, {"date": "2021-8-31", "name": "gate_length", "unit": "ns", "value": 35.55555555555556}], "name": "sx6"}, {"qubits": [0], "gate": "x", "parameters": [{"date": "2021-8-31", "name": "gate_error", "unit": "", "value": 0.00026877266821922016}, {"date": "2021-8-31", "name": "gate_length", "unit": "ns", "value": 35.55555555555556}], "name": "x0"}, {"qubits": [1], "gate": "x", "parameters": [{"date": "2021-8-31", "name": "gate_error", "unit": "", "value": 0.00022928525933199804}, {"date": "2021-8-31", "name": "gate_length", "unit": "ns", "value": 35.55555555555556}], "name": "x1"}, {"qubits": [2], "gate": "x", "parameters": [{"date": "2021-8-31", "name": "gate_error", "unit": "", "value": 0.00019971558579948725}, {"date": "2021-8-31", "name": "gate_length", "unit": "ns", "value": 35.55555555555556}], "name": "x2"}, {"qubits": [3], "gate": "x", "parameters": [{"date": "2021-8-31", "name": "gate_error", "unit": "", "value": 0.0002318262171768917}, {"date": "2021-8-31", "name": "gate_length", "unit": "ns", "value": 35.55555555555556}], "name": "x3"}, {"qubits": [4], "gate": "x", "parameters": [{"date": "2021-8-31", "name": "gate_error", "unit": "", "value": 0.0001946253903471455}, {"date": "2021-8-31", "name": "gate_length", "unit": "ns", "value": 35.55555555555556}], "name": "x4"}, {"qubits": [5], "gate": "x", "parameters": [{"date": "2021-8-31", "name": "gate_error", "unit": "", "value": 0.00019571780237845614}, {"date": "2021-8-31", "name": "gate_length", "unit": "ns", "value": 35.55555555555556}], "name": "x5"}, {"qubits": [6], "gate": "x", "parameters": [{"date": "2021-8-31", "name": "gate_error", "unit": "", "value": 0.0003071964624815395}, {"date": "2021-8-31", "name": "gate_length", "unit": "ns", "value": 35.55555555555556}], "name": "x6"}, {"qubits": [5, 4], "gate": "cx", "parameters": [{"date": "2021-8-31", "name": "gate_error", "unit": "", "value": 0.004453106541412732}, {"date": "2021-8-28", "name": "gate_length", "unit": "ns", "value": 327.1111111111111}], "name": "cx5_4"}, {"qubits": [4, 5], "gate": "cx", "parameters": [{"date": "2021-8-31", "name": "gate_error", "unit": "", "value": 0.004453106541412732}, {"date": "2021-8-28", "name": "gate_length", "unit": "ns", "value": 362.66666666666663}], "name": "cx4_5"}, {"qubits": [3, 1], "gate": "cx", "parameters": [{"date": "2021-8-31", "name": "gate_error", "unit": "", "value": 0.005619243784287159}, {"date": "2021-8-28", "name": "gate_length", "unit": "ns", "value": 298.66666666666663}], "name": "cx3_1"}, {"qubits": [1, 3], "gate": "cx", "parameters": [{"date": "2021-8-31", "name": "gate_error", "unit": "", "value": 0.005619243784287159}, {"date": "2021-8-28", "name": "gate_length", "unit": "ns", "value": 334.22222222222223}], "name": "cx1_3"}, {"qubits": [5, 6], "gate": "cx", "parameters": [{"date": "2021-8-31", "name": "gate_error", "unit": "", "value": 0.0043686800679243465}, {"date": "2021-8-28", "name": "gate_length", "unit": "ns", "value": 256}], "name": "cx5_6"}, {"qubits": [6, 5], "gate": "cx", "parameters": [{"date": "2021-8-31", "name": "gate_error", "unit": "", "value": 0.0043686800679243465}, {"date": "2021-8-28", "name": "gate_length", "unit": "ns", "value": 291.55555555555554}], "name": "cx6_5"}, {"qubits": [5, 3], "gate": "cx", "parameters": [{"date": "2021-8-31", "name": "gate_error", "unit": "", "value": 0.004203592508043197}, {"date": "2021-8-28", "name": "gate_length", "unit": "ns", "value": 298.66666666666663}], "name": "cx5_3"}, {"qubits": [3, 5], "gate": "cx", "parameters": [{"date": "2021-8-31", "name": "gate_error", "unit": "", "value": 0.004203592508043197}, {"date": "2021-8-28", "name": "gate_length", "unit": "ns", "value": 334.22222222222223}], "name": "cx3_5"}, {"qubits": [2, 1], "gate": "cx", "parameters": [{"date": "2021-8-31", "name": "gate_error", "unit": "", "value": 0.005706169790982235}, {"date": "2021-8-28", "name": "gate_length", "unit": "ns", "value": 291.55555555555554}], "name": "cx2_1"}, {"qubits": [1, 2], "gate": "cx", "parameters": [{"date": "2021-8-31", "name": "gate_error", "unit": "", "value": 0.005706169790982235}, {"date": "2021-8-28", "name": "gate_length", "unit": "ns", "value": 327.1111111111111}], "name": "cx1_2"}, {"qubits": [0, 1], "gate": "cx", "parameters": [{"date": "2021-8-31", "name": "gate_error", "unit": "", "value": 0.007652768110943592}, {"date": "2021-8-28", "name": "gate_length", "unit": "ns", "value": 305.77777777777777}], "name": "cx0_1"}, {"qubits": [1, 0], "gate": "cx", "parameters": [{"date": "2021-8-31", "name": "gate_error", "unit": "", "value": 0.007652768110943592}, {"date": "2021-8-28", "name": "gate_length", "unit": "ns", "value": 341.3333333333333}], "name": "cx1_0"}, {"qubits": [0], "gate": "reset", "parameters": [{"date": "2021-8-31", "name": "gate_length", "unit": "ns", "value": 1002.6666666666666}], "name": "reset0"}, {"qubits": [1], "gate": "reset", "parameters": [{"date": "2021-8-31", "name": "gate_length", "unit": "ns", "value": 1002.6666666666666}], "name": "reset1"}, {"qubits": [2], "gate": "reset", "parameters": [{"date": "2021-8-31", "name": "gate_length", "unit": "ns", "value": 995.5555555555555}], "name": "reset2"}, {"qubits": [3], "gate": "reset", "parameters": [{"date": "2021-8-31", "name": "gate_length", "unit": "ns", "value": 988.4444444444443}], "name": "reset3"}, {"qubits": [4], "gate": "reset", "parameters": [{"date": "2021-8-31", "name": "gate_length", "unit": "ns", "value": 1002.6666666666666}], "name": "reset4"}, {"qubits": [5], "gate": "reset", "parameters": [{"date": "2021-8-31", "name": "gate_length", "unit": "ns", "value": 1002.6666666666666}], "name": "reset5"}, {"qubits": [6], "gate": "reset", "parameters": [{"date": "2021-8-31", "name": "gate_length", "unit": "ns", "value": 988.4444444444443}], "name": "reset6"}], "general": [{"date": "2021-8-31", "name": "jq_01", "unit": "GHz", "value": 0.0017239661070310697}, {"date": "2021-8-31", "name": "zz_01", "unit": "GHz", "value": -4.1551259389276154e-05}, {"date": "2021-8-31", "name": "jq_12", "unit": "GHz", "value": 0.003306427365570105}, {"date": "2021-8-31", "name": "zz_12", "unit": "GHz", "value": -0.00013691896518548322}, {"date": "2021-8-31", "name": "jq_45", "unit": "GHz", "value": 0.0033964931013144256}, {"date": "2021-8-31", "name": "zz_45", "unit": "GHz", "value": -0.00015134337521539932}, {"date": "2021-8-31", "name": "jq_56", "unit": "GHz", "value": 0.0032394441256406383}, {"date": "2021-8-31", "name": "zz_56", "unit": "GHz", "value": -0.0001381127844927418}, {"date": "2021-8-31", "name": "jq_13", "unit": "GHz", "value": 0.003219077603102807}, {"date": "2021-8-31", "name": "zz_13", "unit": "GHz", "value": -0.00013509145307819546}, {"date": "2021-8-31", "name": "jq_35", "unit": "GHz", "value": 0.0023455196332844842}, {"date": "2021-8-31", "name": "zz_35", "unit": "GHz", "value": -9.35336850076191e-05}]}