{"backend_name": "ibm_lagos", "backend_version": "1.0.8", "last_update_date": "2021-10-23", "qubits": [[{"date": "2021-10-23", "name": "T1", "unit": "us", "value": 146.64949398070752}, {"date": "2021-10-23", "name": "T2", "unit": "us", "value": 32.754273162431886}, {"date": "2021-10-23", "name": "frequency", "unit": "GHz", "value": 5.235459082064598}, {"date": "2021-10-23", "name": "anharmonicity", "unit": "GHz", "value": -0.33986713855915607}, {"date": "2021-10-23", "name": "readout_error", "unit": "", "value": 0.005099999999999993}, {"date": "2021-10-23", "name": "prob_meas0_prep1", "unit": "", "value": 0.0062}, {"date": "2021-10-23", "name": "prob_meas1_prep0", "unit": "", "value": 0.0040000000000000036}, {"date": "2021-10-23", "name": "readout_length", "unit": "ns", "value": 704}], [{"date": "2021-10-23", "name": "T1", "unit": "us", "value": 63.5391479659917}, {"date": "2021-10-23", "name": "T2", "unit": "us", "value": 85.2399476302152}, {"date": "2021-10-23", "name": "frequency", "unit": "GHz", "value": 5.099416924261991}, {"date": "2021-10-23", "name": "anharmonicity", "unit": "GHz", "value": -0.3432484042938357}, {"date": "2021-10-23", "name": "readout_error", "unit": "", "value": 0.012799999999999923}, {"date": "2021-10-23", "name": "prob_meas0_prep1", "unit": "", "value": 0.0174}, {"date": "2021-10-23", "name": "prob_meas1_prep0", "unit": "", "value": 0.008199999999999985}, {"date": "2021-10-23", "name": "readout_length", "unit": "ns", "value": 704}], [{"date": "2021-10-23", "name": "T1", "unit": "us", "value": 147.7990952613496}, {"date": "2021-10-23", "name": "T2", "unit": "us", "value": 83.9966136645914}, {"date": "2021-10-23", "name": "frequency", "unit": "GHz", "value": 5.187915431877258}, {"date": "2021-10-23", "name": "anharmonicity", "unit": "GHz", "value": -0.3419316690031256}, {"date": "2021-10-23", "name": "readout_error", "unit": "", "value": 0.007500000000000062}, {"date": "2021-10-23", "name": "prob_meas0_prep1", "unit": "", "value": 0.0078}, {"date": "2021-10-23", "name": "prob_meas1_prep0", "unit": "", "value": 0.007199999999999984}, {"date": "2021-10-23", "name": "readout_length", "unit": "ns", "value": 704}], [{"date": "2021-10-23", "name": "T1", "unit": "us", "value": 172.10131774812638}, {"date": "2021-10-23", "name": "T2", "unit": "us", "value": 120.13635944736964}, {"date": "2021-10-23", "name": "frequency", "unit": "GHz", "value": 4.986864489288187}, {"date": "2021-10-23", "name": "anharmonicity", "unit": "GHz", "value": -0.3452928861203798}, {"date": "2021-10-23", "name": "readout_error", "unit": "", "value": 0.010499999999999954}, {"date": "2021-10-23", "name": "prob_meas0_prep1", "unit": "", "value": 0.01}, {"date": "2021-10-23", "name": "prob_meas1_prep0", "unit": "", "value": 0.01100000000000001}, {"date": "2021-10-23", "name": "readout_length", "unit": "ns", "value": 704}], [{"date": "2021-10-23", "name": "T1", "unit": "us", "value": 104.89042763965195}, {"date": "2021-10-23", "name": "T2", "unit": "us", "value": 29.47476353928756}, {"date": "2021-10-23", "name": "frequency", "unit": "GHz", "value": 5.285339875784208}, {"date": "2021-10-23", "name": "anharmonicity", "unit": "GHz", "value": -0.3392342674107948}, {"date": "2021-10-23", "name": "readout_error", "unit": "", "value": 0.010599999999999943}, {"date": "2021-10-23", "name": "prob_meas0_prep1", "unit": "", "value": 0.011800000000000033}, {"date": "2021-10-23", "name": "prob_meas1_prep0", "unit": "", "value": 0.0094}, {"date": "2021-10-23", "name": "readout_length", "unit": "ns", "value": 704}], [{"date": "2021-10-23", "name": "T1", "unit": "us", "value": 86.62510740540904}, {"date": "2021-10-23", "name": "T2", "unit": "us", "value": 81.81091598910783}, {"date": "2021-10-23", "name": "frequency", "unit": "GHz", "value": 5.1768240473162965}, {"date": "2021-10-23", "name": "anharmonicity", "unit": "GHz", "value": -0.34079297245074963}, {"date": "2021-10-23", "name": "readout_error", "unit": "", "value": 0.013900000000000023}, {"date": "2021-10-23", "name": "prob_meas0_prep1", "unit": "", "value": 0.0138}, {"date": "2021-10-23", "name": "prob_meas1_prep0", "unit": "", "value": 0.014000000000000012}, {"date": "2021-10-23", "name": "readout_length", "unit": "ns", "value": 704}], [{"date": "2021-10-23", "name": "T1", "unit": "us", "value": 196.0962403971082}, {"date": "2021-10-23", "name": "T2", "unit": "us", "value": 105.96052292661847}, {"date": "2021-10-23", "name": "frequency", "unit": "GHz", "value": 5.06409091813782}, {"date": "2021-10-23", "name": "anharmonicity", "unit": "GHz", "value": -0.34275836537159754}, {"date": "2021-10-23", "name": "readout_error", "unit": "", "value": 0.006299999999999972}, {"date": "2021-10-23", "name": "prob_meas0_prep1", "unit": "", "value": 0.007}, {"date": "2021-10-23", "name": "prob_meas1_prep0", "unit": "", "value": 0.005600000000000049}, {"date": "2021-10-23", "name": "readout_length", "unit": "ns", "value": 704}]], "gates": [{"qubits": [0], "gate": "id", "parameters": [{"date": "2021-10-23", "name": "gate_error", "unit": "", "value": 0.00039055193561694665}, {"date": "2021-10-23", "name": "gate_length", "unit": "ns", "value": 35.55555555555556}], "name": "id0"}, {"qubits": [1], "gate": "id", "parameters": [{"date": "2021-10-23", "name": "gate_error", "unit": "", "value": 0.00033663269235386013}, {"date": "2021-10-23", "name": "gate_length", "unit": "ns", "value": 35.55555555555556}], "name": "id1"}, {"qubits": [2], "gate": "id", "parameters": [{"date": "2021-10-23", "name": "gate_error", "unit": "", "value": 0.00020921103904830262}, {"date": "2021-10-23", "name": "gate_length", "unit": "ns", "value": 35.55555555555556}], "name": "id2"}, {"qubits": [3], "gate": "id", "parameters": [{"date": "2021-10-23", "name": "gate_error", "unit": "", "value": 0.00014951911050168162}, {"date": "2021-10-23", "name": "gate_length", "unit": "ns", "value": 35.55555555555556}], "name": "id3"}, {"qubits": [4], "gate": "id", "parameters": [{"date": "2021-10-23", "name": "gate_error", "unit": "", "value": 0.00018512531337734769}, {"date": "2021-10-23", "name": "gate_length", "unit": "ns", "value": 35.55555555555556}], "name": "id4"}, {"qubits": [5], "gate": "id", "parameters": [{"date": "2021-10-23", "name": "gate_error", "unit": "", "value": 0.0001812517151171426}, {"date": "2021-10-23", "name": "gate_length", "unit": "ns", "value": 35.55555555555556}], "name": "id5"}, {"qubits": [6], "gate": "id", "parameters": [{"date": "2021-10-23", "name": "gate_error", "unit": "", "value": 0.0002592114628317187}, {"date": "2021-10-23", "name": "gate_length", "unit": "ns", "value": 35.55555555555556}], "name": "id6"}, {"qubits": [0], "gate": "rz", "parameters": [{"date": "2021-10-23", "name": "gate_error", "unit": "", "value": 0}, {"date": "2021-10-23", "name": "gate_length", "unit": "ns", "value": 0}], "name": "rz0"}, {"qubits": [1], "gate": "rz", "parameters": [{"date": "2021-10-23", "name": "gate_error", "unit": "", "value": 0}, {"date": "2021-10-23", "name": "gate_length", "unit": "ns", "value": 0}], "name": "rz1"}, {"qubits": [2], "gate": "rz", "parameters": [{"date": "2021-10-23", "name": "gate_error", "unit": "", "value": 0}, {"date": "2021-10-23", "name": "gate_length", "unit": "ns", "value": 0}], "name": "rz2"}, {"qubits": [3], "gate": "rz", "parameters": [{"date": "2021-10-23", "name": "gate_error", "unit": "", "value": 0}, {"date": "2021-10-23", "name": "gate_length", "unit": "ns", "value": 0}], "name": "rz3"}, {"qubits": [4], "gate": "rz", "parameters": [{"date": "2021-10-23", "name": "gate_error", "unit": "", "value": 0}, {"date": "2021-10-23", "name": "gate_length", "unit": "ns", "value": 0}], "name": "rz4"}, {"qubits": [5], "gate": "rz", "parameters": [{"date": "2021-10-23", "name": "gate_error", "unit": "", "value": 0}, {"date": "2021-10-23", "name": "gate_length", "unit": "ns", "value": 0}], "name": "rz5"}, {"qubits": [6], "gate": "rz", "parameters": [{"date": "2021-10-23", "name": "gate_error", "unit": "", "value": 0}, {"date": "2021-10-23", "name": "gate_length", "unit": "ns", "value": 0}], "name": "rz6"}, {"qubits": [0], "gate": "sx", "parameters": [{"date": "2021-10-23", "name": "gate_error", "unit": "", "value": 0.00039055193561694665}, {"date": "2021-10-23", "name": "gate_length", "unit": "ns", "value": 35.55555555555556}], "name": "sx0"}, {"qubits": [1], "gate": "sx", "parameters": [{"date": "2021-10-23", "name": "gate_error", "unit": "", "value": 0.00033663269235386013}, {"date": "2021-10-23", "name": "gate_length", "unit": "ns", "value": 35.55555555555556}], "name": "sx1"}, {"qubits": [2], "gate": "sx", "parameters": [{"date": "2021-10-23", "name": "gate_error", "unit": "", "value": 0.00020921103904830262}, {"date": "2021-10-23", "name": "gate_length", "unit": "ns", "value": 35.55555555555556}], "name": "sx2"}, {"qubits": [3], "gate": "sx", "parameters": [{"date": "2021-10-23", "name": "gate_error", "unit": "", "value": 0.00014951911050168162}, {"date": "2021-10-23", "name": "gate_length", "unit": "ns", "value": 35.55555555555556}], "name": "sx3"}, {"qubits": [4], "gate": "sx", "parameters": [{"date": "2021-10-23", "name": "gate_error", "unit": "", "value": 0.00018512531337734769}, {"date": "2021-10-23", "name": "gate_length", "unit": "ns", "value": 35.55555555555556}], "name": "sx4"}, {"qubits": [5], "gate": "sx", "parameters": [{"date": "2021-10-23", "name": "gate_error", "unit": "", "value": 0.0001812517151171426}, {"date": "2021-10-23", "name": "gate_length", "unit": "ns", "value": 35.55555555555556}], "name": "sx5"}, {"qubits": [6], "gate": "sx", "parameters": [{"date": "2021-10-23", "name": "gate_error", "unit": "", "value": 0.0002592114628317187}, {"date": "2021-10-23", "name": "gate_length", "unit": "ns", "value": 35.55555555555556}], "name": "sx6"}, {"qubits": [0], "gate": "x", "parameters": [{"date": "2021-10-23", "name": "gate_error", "unit": "", "value": 0.00039055193561694665}, {"date": "2021-10-23", "name": "gate_length", "unit": "ns", "value": 35.55555555555556}], "name": "x0"}, {"qubits": [1], "gate": "x", "parameters": [{"date": "2021-10-23", "name": "gate_error", "unit": "", "value": 0.00033663269235386013}, {"date": "2021-10-23", "name": "gate_length", "unit": "ns", "value": 35.55555555555556}], "name": "x1"}, {"qubits": [2], "gate": "x", "parameters": [{"date": "2021-10-23", "name": "gate_error", "unit": "", "value": 0.00020921103904830262}, {"date": "2021-10-23", "name": "gate_length", "unit": "ns", "value": 35.55555555555556}], "name": "x2"}, {"qubits": [3], "gate": "x", "parameters": [{"date": "2021-10-23", "name": "gate_error", "unit": "", "value": 0.00014951911050168162}, {"date": "2021-10-23", "name": "gate_length", "unit": "ns", "value": 35.55555555555556}], "name": "x3"}, {"qubits": [4], "gate": "x", "parameters": [{"date": "2021-10-23", "name": "gate_error", "unit": "", "value": 0.00018512531337734769}, {"date": "2021-10-23", "name": "gate_length", "unit": "ns", "value": 35.55555555555556}], "name": "x4"}, {"qubits": [5], "gate": "x", "parameters": [{"date": "2021-10-23", "name": "gate_error", "unit": "", "value": 0.0001812517151171426}, {"date": "2021-10-23", "name": "gate_length", "unit": "ns", "value": 35.55555555555556}], "name": "x5"}, {"qubits": [6], "gate": "x", "parameters": [{"date": "2021-10-23", "name": "gate_error", "unit": "", "value": 0.0002592114628317187}, {"date": "2021-10-23", "name": "gate_length", "unit": "ns", "value": 35.55555555555556}], "name": "x6"}, {"qubits": [5, 4], "gate": "cx", "parameters": [{"date": "2021-10-23", "name": "gate_error", "unit": "", "value": 0.006268714005100151}, {"date": "2021-10-20", "name": "gate_length", "unit": "ns", "value": 327.1111111111111}], "name": "cx5_4"}, {"qubits": [4, 5], "gate": "cx", "parameters": [{"date": "2021-10-23", "name": "gate_error", "unit": "", "value": 0.006268714005100151}, {"date": "2021-10-20", "name": "gate_length", "unit": "ns", "value": 362.66666666666663}], "name": "cx4_5"}, {"qubits": [3, 1], "gate": "cx", "parameters": [{"date": "2021-10-23", "name": "gate_error", "unit": "", "value": 0.008492516739047162}, {"date": "2021-10-20", "name": "gate_length", "unit": "ns", "value": 298.66666666666663}], "name": "cx3_1"}, {"qubits": [1, 3], "gate": "cx", "parameters": [{"date": "2021-10-23", "name": "gate_error", "unit": "", "value": 0.008492516739047162}, {"date": "2021-10-20", "name": "gate_length", "unit": "ns", "value": 334.22222222222223}], "name": "cx1_3"}, {"qubits": [5, 6], "gate": "cx", "parameters": [{"date": "2021-10-23", "name": "gate_error", "unit": "", "value": 0.005236145325258096}, {"date": "2021-10-20", "name": "gate_length", "unit": "ns", "value": 256}], "name": "cx5_6"}, {"qubits": [6, 5], "gate": "cx", "parameters": [{"date": "2021-10-23", "name": "gate_error", "unit": "", "value": 0.005236145325258096}, {"date": "2021-10-20", "name": "gate_length", "unit": "ns", "value": 291.55555555555554}], "name": "cx6_5"}, {"qubits": [5, 3], "gate": "cx", "parameters": [{"date": "2021-10-23", "name": "gate_error", "unit": "", "value": 0.005005471735115979}, {"date": "2021-10-20", "name": "gate_length", "unit": "ns", "value": 298.66666666666663}], "name": "cx5_3"}, {"qubits": [3, 5], "gate": "cx", "parameters": [{"date": "2021-10-23", "name": "gate_error", "unit": "", "value": 0.005005471735115979}, {"date": "2021-10-20", "name": "gate_length", "unit": "ns", "value": 334.22222222222223}], "name": "cx3_5"}, {"qubits": [2, 1], "gate": "cx", "parameters": [{"date": "2021-10-23", "name": "gate_error", "unit": "", "value": 0.007216113709895694}, {"date": "2021-10-20", "name": "gate_length", "unit": "ns", "value": 291.55555555555554}], "name": "cx2_1"}, {"qubits": [1, 2], "gate": "cx", "parameters": [{"date": "2021-10-23", "name": "gate_error", "unit": "", "value": 0.007216113709895694}, {"date": "2021-10-20", "name": "gate_length", "unit": "ns", "value": 327.1111111111111}], "name": "cx1_2"}, {"qubits": [0, 1], "gate": "cx", "parameters": [{"date": "2021-10-23", "name": "gate_error", "unit": "", "value": 0.007916720289573659}, {"date": "2021-10-20", "name": "gate_length", "unit": "ns", "value": 305.77777777777777}], "name": "cx0_1"}, {"qubits": [1, 0], "gate": "cx", "parameters": [{"date": "2021-10-23", "name": "gate_error", "unit": "", "value": 0.007916720289573659}, {"date": "2021-10-20", "name": "gate_length", "unit": "ns", "value": 341.3333333333333}], "name": "cx1_0"}, {"qubits": [0], "gate": "reset", "parameters": [{"date": "2021-10-23", "name": "gate_length", "unit": "ns", "value": 1002.6666666666666}], "name": "reset0"}, {"qubits": [1], "gate": "reset", "parameters": [{"date": "2021-10-23", "name": "gate_length", "unit": "ns", "value": 1002.6666666666666}], "name": "reset1"}, {"qubits": [2], "gate": "reset", "parameters": [{"date": "2021-10-23", "name": "gate_length", "unit": "ns", "value": 995.5555555555555}], "name": "reset2"}, {"qubits": [3], "gate": "reset", "parameters": [{"date": "2021-10-23", "name": "gate_length", "unit": "ns", "value": 988.4444444444443}], "name": "reset3"}, {"qubits": [4], "gate": "reset", "parameters": [{"date": "2021-10-23", "name": "gate_length", "unit": "ns", "value": 1002.6666666666666}], "name": "reset4"}, {"qubits": [5], "gate": "reset", "parameters": [{"date": "2021-10-23", "name": "gate_length", "unit": "ns", "value": 1002.6666666666666}], "name": "reset5"}, {"qubits": [6], "gate": "reset", "parameters": [{"date": "2021-10-23", "name": "gate_length", "unit": "ns", "value": 988.4444444444443}], "name": "reset6"}], "general": [{"date": "2021-10-23", "name": "jq_01", "unit": "GHz", "value": 0.0017239661070310697}, {"date": "2021-10-23", "name": "zz_01", "unit": "GHz", "value": -4.1551259389276154e-05}, {"date": "2021-10-23", "name": "jq_12", "unit": "GHz", "value": 0.003306427365570105}, {"date": "2021-10-23", "name": "zz_12", "unit": "GHz", "value": -0.00013691896518548322}, {"date": "2021-10-23", "name": "jq_45", "unit": "GHz", "value": 0.0033964931013144256}, {"date": "2021-10-23", "name": "zz_45", "unit": "GHz", "value": -0.00015134337521539932}, {"date": "2021-10-23", "name": "jq_56", "unit": "GHz", "value": 0.0032394441256406383}, {"date": "2021-10-23", "name": "zz_56", "unit": "GHz", "value": -0.0001381127844927418}, {"date": "2021-10-23", "name": "jq_13", "unit": "GHz", "value": 0.003219077603102807}, {"date": "2021-10-23", "name": "zz_13", "unit": "GHz", "value": -0.00013509145307819546}, {"date": "2021-10-23", "name": "jq_35", "unit": "GHz", "value": 0.0023455196332844842}, {"date": "2021-10-23", "name": "zz_35", "unit": "GHz", "value": -9.35336850076191e-05}]}