{"backend_name": "ibm_lagos", "backend_version": "1.0.12", "last_update_date": "2021-11-2", "qubits": [[{"date": "2021-11-2", "name": "T1", "unit": "us", "value": 129.2632806840793}, {"date": "2021-11-2", "name": "T2", "unit": "us", "value": 27.27214492067902}, {"date": "2021-11-2", "name": "frequency", "unit": "GHz", "value": 5.235461813995156}, {"date": "2021-11-2", "name": "anharmonicity", "unit": "GHz", "value": -0.33986713855915607}, {"date": "2021-11-2", "name": "readout_error", "unit": "", "value": 0.014399999999999968}, {"date": "2021-11-2", "name": "prob_meas0_prep1", "unit": "", "value": 0.014}, {"date": "2021-11-2", "name": "prob_meas1_prep0", "unit": "", "value": 0.014800000000000035}, {"date": "2021-11-2", "name": "readout_length", "unit": "ns", "value": 704}], [{"date": "2021-11-2", "name": "T1", "unit": "us", "value": 111.6994871330117}, {"date": "2021-11-2", "name": "T2", "unit": "us", "value": 69.11001191724905}, {"date": "2021-11-2", "name": "frequency", "unit": "GHz", "value": 5.099405066439546}, {"date": "2021-11-2", "name": "anharmonicity", "unit": "GHz", "value": -0.3432484042938357}, {"date": "2021-11-2", "name": "readout_error", "unit": "", "value": 0.009000000000000008}, {"date": "2021-11-2", "name": "prob_meas0_prep1", "unit": "", "value": 0.0118}, {"date": "2021-11-2", "name": "prob_meas1_prep0", "unit": "", "value": 0.006199999999999983}, {"date": "2021-11-2", "name": "readout_length", "unit": "ns", "value": 704}], [{"date": "2021-11-2", "name": "T1", "unit": "us", "value": 126.38371616956141}, {"date": "2021-11-2", "name": "T2", "unit": "us", "value": 121.08627755848633}, {"date": "2021-11-2", "name": "frequency", "unit": "GHz", "value": 5.187887381282273}, {"date": "2021-11-2", "name": "anharmonicity", "unit": "GHz", "value": -0.3419316690031256}, {"date": "2021-11-2", "name": "readout_error", "unit": "", "value": 0.005700000000000038}, {"date": "2021-11-2", "name": "prob_meas0_prep1", "unit": "", "value": 0.0064}, {"date": "2021-11-2", "name": "prob_meas1_prep0", "unit": "", "value": 0.0050000000000000044}, {"date": "2021-11-2", "name": "readout_length", "unit": "ns", "value": 704}], [{"date": "2021-11-2", "name": "T1", "unit": "us", "value": 126.72551926410878}, {"date": "2021-11-2", "name": "T2", "unit": "us", "value": 95.38378469296093}, {"date": "2021-11-2", "name": "frequency", "unit": "GHz", "value": 4.986866668394823}, {"date": "2021-11-2", "name": "anharmonicity", "unit": "GHz", "value": -0.3452928861203798}, {"date": "2021-11-2", "name": "readout_error", "unit": "", "value": 0.01090000000000002}, {"date": "2021-11-2", "name": "prob_meas0_prep1", "unit": "", "value": 0.014}, {"date": "2021-11-2", "name": "prob_meas1_prep0", "unit": "", "value": 0.007800000000000029}, {"date": "2021-11-2", "name": "readout_length", "unit": "ns", "value": 704}], [{"date": "2021-11-2", "name": "T1", "unit": "us", "value": 85.50224756711907}, {"date": "2021-11-2", "name": "T2", "unit": "us", "value": 27.884879496571067}, {"date": "2021-11-2", "name": "frequency", "unit": "GHz", "value": 5.285346706879397}, {"date": "2021-11-2", "name": "anharmonicity", "unit": "GHz", "value": -0.3392342674107948}, {"date": "2021-11-2", "name": "readout_error", "unit": "", "value": 0.016000000000000014}, {"date": "2021-11-2", "name": "prob_meas0_prep1", "unit": "", "value": 0.01880000000000004}, {"date": "2021-11-2", "name": "prob_meas1_prep0", "unit": "", "value": 0.0132}, {"date": "2021-11-2", "name": "readout_length", "unit": "ns", "value": 704}], [{"date": "2021-11-2", "name": "T1", "unit": "us", "value": 110.62969725202403}, {"date": "2021-11-2", "name": "T2", "unit": "us", "value": 57.53665075541483}, {"date": "2021-11-2", "name": "frequency", "unit": "GHz", "value": 5.176822807154902}, {"date": "2021-11-2", "name": "anharmonicity", "unit": "GHz", "value": -0.34079297245074963}, {"date": "2021-11-2", "name": "readout_error", "unit": "", "value": 0.011199999999999988}, {"date": "2021-11-2", "name": "prob_meas0_prep1", "unit": "", "value": 0.012}, {"date": "2021-11-2", "name": "prob_meas1_prep0", "unit": "", "value": 0.010399999999999965}, {"date": "2021-11-2", "name": "readout_length", "unit": "ns", "value": 704}], [{"date": "2021-11-2", "name": "T1", "unit": "us", "value": 182.56277768514144}, {"date": "2021-11-2", "name": "T2", "unit": "us", "value": 107.40064884837818}, {"date": "2021-11-2", "name": "frequency", "unit": "GHz", "value": 5.064132690558863}, {"date": "2021-11-2", "name": "anharmonicity", "unit": "GHz", "value": -0.34275836537159754}, {"date": "2021-11-2", "name": "readout_error", "unit": "", "value": 0.05559999999999998}, {"date": "2021-11-2", "name": "prob_meas0_prep1", "unit": "", "value": 0.08819999999999995}, {"date": "2021-11-2", "name": "prob_meas1_prep0", "unit": "", "value": 0.023}, {"date": "2021-11-2", "name": "readout_length", "unit": "ns", "value": 704}]], "gates": [{"qubits": [0], "gate": "id", "parameters": [{"date": "2021-11-2", "name": "gate_error", "unit": "", "value": 0.0001896445625538201}, {"date": "2021-11-2", "name": "gate_length", "unit": "ns", "value": 35.55555555555556}], "name": "id0"}, {"qubits": [1], "gate": "id", "parameters": [{"date": "2021-11-2", "name": "gate_error", "unit": "", "value": 0.0006164501546848217}, {"date": "2021-11-2", "name": "gate_length", "unit": "ns", "value": 35.55555555555556}], "name": "id1"}, {"qubits": [2], "gate": "id", "parameters": [{"date": "2021-11-2", "name": "gate_error", "unit": "", "value": 0.00017156558644123456}, {"date": "2021-11-2", "name": "gate_length", "unit": "ns", "value": 35.55555555555556}], "name": "id2"}, {"qubits": [3], "gate": "id", "parameters": [{"date": "2021-11-2", "name": "gate_error", "unit": "", "value": 0.0003205040115999067}, {"date": "2021-11-2", "name": "gate_length", "unit": "ns", "value": 35.55555555555556}], "name": "id3"}, {"qubits": [4], "gate": "id", "parameters": [{"date": "2021-11-2", "name": "gate_error", "unit": "", "value": 0.0004100272904014066}, {"date": "2021-11-2", "name": "gate_length", "unit": "ns", "value": 35.55555555555556}], "name": "id4"}, {"qubits": [5], "gate": "id", "parameters": [{"date": "2021-11-2", "name": "gate_error", "unit": "", "value": 0.0003127574646704779}, {"date": "2021-11-2", "name": "gate_length", "unit": "ns", "value": 35.55555555555556}], "name": "id5"}, {"qubits": [6], "gate": "id", "parameters": [{"date": "2021-11-2", "name": "gate_error", "unit": "", "value": 0.0009442461109154216}, {"date": "2021-11-2", "name": "gate_length", "unit": "ns", "value": 35.55555555555556}], "name": "id6"}, {"qubits": [0], "gate": "rz", "parameters": [{"date": "2021-11-2", "name": "gate_error", "unit": "", "value": 0}, {"date": "2021-11-2", "name": "gate_length", "unit": "ns", "value": 0}], "name": "rz0"}, {"qubits": [1], "gate": "rz", "parameters": [{"date": "2021-11-2", "name": "gate_error", "unit": "", "value": 0}, {"date": "2021-11-2", "name": "gate_length", "unit": "ns", "value": 0}], "name": "rz1"}, {"qubits": [2], "gate": "rz", "parameters": [{"date": "2021-11-2", "name": "gate_error", "unit": "", "value": 0}, {"date": "2021-11-2", "name": "gate_length", "unit": "ns", "value": 0}], "name": "rz2"}, {"qubits": [3], "gate": "rz", "parameters": [{"date": "2021-11-2", "name": "gate_error", "unit": "", "value": 0}, {"date": "2021-11-2", "name": "gate_length", "unit": "ns", "value": 0}], "name": "rz3"}, {"qubits": [4], "gate": "rz", "parameters": [{"date": "2021-11-2", "name": "gate_error", "unit": "", "value": 0}, {"date": "2021-11-2", "name": "gate_length", "unit": "ns", "value": 0}], "name": "rz4"}, {"qubits": [5], "gate": "rz", "parameters": [{"date": "2021-11-2", "name": "gate_error", "unit": "", "value": 0}, {"date": "2021-11-2", "name": "gate_length", "unit": "ns", "value": 0}], "name": "rz5"}, {"qubits": [6], "gate": "rz", "parameters": [{"date": "2021-11-2", "name": "gate_error", "unit": "", "value": 0}, {"date": "2021-11-2", "name": "gate_length", "unit": "ns", "value": 0}], "name": "rz6"}, {"qubits": [0], "gate": "sx", "parameters": [{"date": "2021-11-2", "name": "gate_error", "unit": "", "value": 0.0001896445625538201}, {"date": "2021-11-2", "name": "gate_length", "unit": "ns", "value": 35.55555555555556}], "name": "sx0"}, {"qubits": [1], "gate": "sx", "parameters": [{"date": "2021-11-2", "name": "gate_error", "unit": "", "value": 0.0006164501546848217}, {"date": "2021-11-2", "name": "gate_length", "unit": "ns", "value": 35.55555555555556}], "name": "sx1"}, {"qubits": [2], "gate": "sx", "parameters": [{"date": "2021-11-2", "name": "gate_error", "unit": "", "value": 0.00017156558644123456}, {"date": "2021-11-2", "name": "gate_length", "unit": "ns", "value": 35.55555555555556}], "name": "sx2"}, {"qubits": [3], "gate": "sx", "parameters": [{"date": "2021-11-2", "name": "gate_error", "unit": "", "value": 0.0003205040115999067}, {"date": "2021-11-2", "name": "gate_length", "unit": "ns", "value": 35.55555555555556}], "name": "sx3"}, {"qubits": [4], "gate": "sx", "parameters": [{"date": "2021-11-2", "name": "gate_error", "unit": "", "value": 0.0004100272904014066}, {"date": "2021-11-2", "name": "gate_length", "unit": "ns", "value": 35.55555555555556}], "name": "sx4"}, {"qubits": [5], "gate": "sx", "parameters": [{"date": "2021-11-2", "name": "gate_error", "unit": "", "value": 0.0003127574646704779}, {"date": "2021-11-2", "name": "gate_length", "unit": "ns", "value": 35.55555555555556}], "name": "sx5"}, {"qubits": [6], "gate": "sx", "parameters": [{"date": "2021-11-2", "name": "gate_error", "unit": "", "value": 0.0009442461109154216}, {"date": "2021-11-2", "name": "gate_length", "unit": "ns", "value": 35.55555555555556}], "name": "sx6"}, {"qubits": [0], "gate": "x", "parameters": [{"date": "2021-11-2", "name": "gate_error", "unit": "", "value": 0.0001896445625538201}, {"date": "2021-11-2", "name": "gate_length", "unit": "ns", "value": 35.55555555555556}], "name": "x0"}, {"qubits": [1], "gate": "x", "parameters": [{"date": "2021-11-2", "name": "gate_error", "unit": "", "value": 0.0006164501546848217}, {"date": "2021-11-2", "name": "gate_length", "unit": "ns", "value": 35.55555555555556}], "name": "x1"}, {"qubits": [2], "gate": "x", "parameters": [{"date": "2021-11-2", "name": "gate_error", "unit": "", "value": 0.00017156558644123456}, {"date": "2021-11-2", "name": "gate_length", "unit": "ns", "value": 35.55555555555556}], "name": "x2"}, {"qubits": [3], "gate": "x", "parameters": [{"date": "2021-11-2", "name": "gate_error", "unit": "", "value": 0.0003205040115999067}, {"date": "2021-11-2", "name": "gate_length", "unit": "ns", "value": 35.55555555555556}], "name": "x3"}, {"qubits": [4], "gate": "x", "parameters": [{"date": "2021-11-2", "name": "gate_error", "unit": "", "value": 0.0004100272904014066}, {"date": "2021-11-2", "name": "gate_length", "unit": "ns", "value": 35.55555555555556}], "name": "x4"}, {"qubits": [5], "gate": "x", "parameters": [{"date": "2021-11-2", "name": "gate_error", "unit": "", "value": 0.0003127574646704779}, {"date": "2021-11-2", "name": "gate_length", "unit": "ns", "value": 35.55555555555556}], "name": "x5"}, {"qubits": [6], "gate": "x", "parameters": [{"date": "2021-11-2", "name": "gate_error", "unit": "", "value": 0.0009442461109154216}, {"date": "2021-11-2", "name": "gate_length", "unit": "ns", "value": 35.55555555555556}], "name": "x6"}, {"qubits": [5, 4], "gate": "cx", "parameters": [{"date": "2021-11-2", "name": "gate_error", "unit": "", "value": 0.009346758675886746}, {"date": "2021-10-30", "name": "gate_length", "unit": "ns", "value": 327.1111111111111}], "name": "cx5_4"}, {"qubits": [4, 5], "gate": "cx", "parameters": [{"date": "2021-11-2", "name": "gate_error", "unit": "", "value": 0.009346758675886746}, {"date": "2021-10-30", "name": "gate_length", "unit": "ns", "value": 362.66666666666663}], "name": "cx4_5"}, {"qubits": [3, 1], "gate": "cx", "parameters": [{"date": "2021-11-2", "name": "gate_error", "unit": "", "value": 0.009502716054522659}, {"date": "2021-10-30", "name": "gate_length", "unit": "ns", "value": 298.66666666666663}], "name": "cx3_1"}, {"qubits": [1, 3], "gate": "cx", "parameters": [{"date": "2021-11-2", "name": "gate_error", "unit": "", "value": 0.009502716054522659}, {"date": "2021-10-30", "name": "gate_length", "unit": "ns", "value": 334.22222222222223}], "name": "cx1_3"}, {"qubits": [5, 6], "gate": "cx", "parameters": [{"date": "2021-11-2", "name": "gate_error", "unit": "", "value": 0.012809417342834972}, {"date": "2021-10-30", "name": "gate_length", "unit": "ns", "value": 256}], "name": "cx5_6"}, {"qubits": [6, 5], "gate": "cx", "parameters": [{"date": "2021-11-2", "name": "gate_error", "unit": "", "value": 0.012809417342834972}, {"date": "2021-10-30", "name": "gate_length", "unit": "ns", "value": 291.55555555555554}], "name": "cx6_5"}, {"qubits": [5, 3], "gate": "cx", "parameters": [{"date": "2021-11-2", "name": "gate_error", "unit": "", "value": 0.006826511032520494}, {"date": "2021-10-30", "name": "gate_length", "unit": "ns", "value": 298.66666666666663}], "name": "cx5_3"}, {"qubits": [3, 5], "gate": "cx", "parameters": [{"date": "2021-11-2", "name": "gate_error", "unit": "", "value": 0.006826511032520494}, {"date": "2021-10-30", "name": "gate_length", "unit": "ns", "value": 334.22222222222223}], "name": "cx3_5"}, {"qubits": [2, 1], "gate": "cx", "parameters": [{"date": "2021-11-2", "name": "gate_error", "unit": "", "value": 0.028102899410393317}, {"date": "2021-10-30", "name": "gate_length", "unit": "ns", "value": 291.55555555555554}], "name": "cx2_1"}, {"qubits": [1, 2], "gate": "cx", "parameters": [{"date": "2021-11-2", "name": "gate_error", "unit": "", "value": 0.028102899410393317}, {"date": "2021-10-30", "name": "gate_length", "unit": "ns", "value": 327.1111111111111}], "name": "cx1_2"}, {"qubits": [0, 1], "gate": "cx", "parameters": [{"date": "2021-11-2", "name": "gate_error", "unit": "", "value": 0.01678127693571993}, {"date": "2021-10-30", "name": "gate_length", "unit": "ns", "value": 305.77777777777777}], "name": "cx0_1"}, {"qubits": [1, 0], "gate": "cx", "parameters": [{"date": "2021-11-2", "name": "gate_error", "unit": "", "value": 0.01678127693571993}, {"date": "2021-10-30", "name": "gate_length", "unit": "ns", "value": 341.3333333333333}], "name": "cx1_0"}, {"qubits": [0], "gate": "reset", "parameters": [{"date": "2021-11-2", "name": "gate_length", "unit": "ns", "value": 1002.6666666666666}], "name": "reset0"}, {"qubits": [1], "gate": "reset", "parameters": [{"date": "2021-11-2", "name": "gate_length", "unit": "ns", "value": 1002.6666666666666}], "name": "reset1"}, {"qubits": [2], "gate": "reset", "parameters": [{"date": "2021-11-2", "name": "gate_length", "unit": "ns", "value": 995.5555555555555}], "name": "reset2"}, {"qubits": [3], "gate": "reset", "parameters": [{"date": "2021-11-2", "name": "gate_length", "unit": "ns", "value": 988.4444444444443}], "name": "reset3"}, {"qubits": [4], "gate": "reset", "parameters": [{"date": "2021-11-2", "name": "gate_length", "unit": "ns", "value": 1002.6666666666666}], "name": "reset4"}, {"qubits": [5], "gate": "reset", "parameters": [{"date": "2021-11-2", "name": "gate_length", "unit": "ns", "value": 1002.6666666666666}], "name": "reset5"}, {"qubits": [6], "gate": "reset", "parameters": [{"date": "2021-11-2", "name": "gate_length", "unit": "ns", "value": 988.4444444444443}], "name": "reset6"}], "general": [{"date": "2021-11-2", "name": "jq_01", "unit": "GHz", "value": 0.0017239661070310697}, {"date": "2021-11-2", "name": "zz_01", "unit": "GHz", "value": -4.1551259389276154e-05}, {"date": "2021-11-2", "name": "jq_12", "unit": "GHz", "value": 0.003306427365570105}, {"date": "2021-11-2", "name": "zz_12", "unit": "GHz", "value": -0.00013691896518548322}, {"date": "2021-11-2", "name": "jq_45", "unit": "GHz", "value": 0.0033964931013144256}, {"date": "2021-11-2", "name": "zz_45", "unit": "GHz", "value": -0.00015134337521539932}, {"date": "2021-11-2", "name": "jq_56", "unit": "GHz", "value": 0.0032394441256406383}, {"date": "2021-11-2", "name": "zz_56", "unit": "GHz", "value": -0.0001381127844927418}, {"date": "2021-11-2", "name": "jq_13", "unit": "GHz", "value": 0.003219077603102807}, {"date": "2021-11-2", "name": "zz_13", "unit": "GHz", "value": -0.00013509145307819546}, {"date": "2021-11-2", "name": "jq_35", "unit": "GHz", "value": 0.0023455196332844842}, {"date": "2021-11-2", "name": "zz_35", "unit": "GHz", "value": -9.35336850076191e-05}]}