{"backend_name": "ibm_lagos", "backend_version": "1.0.16", "last_update_date": "2021-11-17", "qubits": [[{"date": "2021-11-17", "name": "T1", "unit": "us", "value": 96.34767387396606}, {"date": "2021-11-17", "name": "T2", "unit": "us", "value": 22.265406968181694}, {"date": "2021-11-17", "name": "frequency", "unit": "GHz", "value": 5.2351980631721995}, {"date": "2021-11-17", "name": "anharmonicity", "unit": "GHz", "value": -0.33986713855915607}, {"date": "2021-11-17", "name": "readout_error", "unit": "", "value": 0.011600000000000055}, {"date": "2021-11-17", "name": "prob_meas0_prep1", "unit": "", "value": 0.0124}, {"date": "2021-11-17", "name": "prob_meas1_prep0", "unit": "", "value": 0.010800000000000032}, {"date": "2021-11-17", "name": "readout_length", "unit": "ns", "value": 704}], [{"date": "2021-11-17", "name": "T1", "unit": "us", "value": 130.63659727598755}, {"date": "2021-11-17", "name": "T2", "unit": "us", "value": 102.50300640094683}, {"date": "2021-11-17", "name": "frequency", "unit": "GHz", "value": 5.0995820429766745}, {"date": "2021-11-17", "name": "anharmonicity", "unit": "GHz", "value": -0.3432484042938357}, {"date": "2021-11-17", "name": "readout_error", "unit": "", "value": 0.008099999999999996}, {"date": "2021-11-17", "name": "prob_meas0_prep1", "unit": "", "value": 0.0102}, {"date": "2021-11-17", "name": "prob_meas1_prep0", "unit": "", "value": 0.006000000000000005}, {"date": "2021-11-17", "name": "readout_length", "unit": "ns", "value": 704}], [{"date": "2021-11-17", "name": "T1", "unit": "us", "value": 101.21719938482651}, {"date": "2021-11-17", "name": "T2", "unit": "us", "value": 160.1319522918578}, {"date": "2021-11-17", "name": "frequency", "unit": "GHz", "value": 5.188232375211739}, {"date": "2021-11-17", "name": "anharmonicity", "unit": "GHz", "value": -0.3419316690031256}, {"date": "2021-11-17", "name": "readout_error", "unit": "", "value": 0.005099999999999993}, {"date": "2021-11-17", "name": "prob_meas0_prep1", "unit": "", "value": 0.0078}, {"date": "2021-11-17", "name": "prob_meas1_prep0", "unit": "", "value": 0.0023999999999999577}, {"date": "2021-11-17", "name": "readout_length", "unit": "ns", "value": 704}], [{"date": "2021-11-17", "name": "T1", "unit": "us", "value": 128.83664073227652}, {"date": "2021-11-17", "name": "T2", "unit": "us", "value": 90.9017686773156}, {"date": "2021-11-17", "name": "frequency", "unit": "GHz", "value": 4.9874852553836915}, {"date": "2021-11-17", "name": "anharmonicity", "unit": "GHz", "value": -0.3452928861203798}, {"date": "2021-11-17", "name": "readout_error", "unit": "", "value": 0.01990000000000003}, {"date": "2021-11-17", "name": "prob_meas0_prep1", "unit": "", "value": 0.0232}, {"date": "2021-11-17", "name": "prob_meas1_prep0", "unit": "", "value": 0.016599999999999948}, {"date": "2021-11-17", "name": "readout_length", "unit": "ns", "value": 704}], [{"date": "2021-11-17", "name": "T1", "unit": "us", "value": 137.45620141041292}, {"date": "2021-11-17", "name": "T2", "unit": "us", "value": 47.91898175508887}, {"date": "2021-11-17", "name": "frequency", "unit": "GHz", "value": 5.285389763294275}, {"date": "2021-11-17", "name": "anharmonicity", "unit": "GHz", "value": -0.3392342674107948}, {"date": "2021-11-17", "name": "readout_error", "unit": "", "value": 0.013399999999999967}, {"date": "2021-11-17", "name": "prob_meas0_prep1", "unit": "", "value": 0.013599999999999945}, {"date": "2021-11-17", "name": "prob_meas1_prep0", "unit": "", "value": 0.0132}, {"date": "2021-11-17", "name": "readout_length", "unit": "ns", "value": 704}], [{"date": "2021-11-17", "name": "T1", "unit": "us", "value": 112.30243848951149}, {"date": "2021-11-17", "name": "T2", "unit": "us", "value": 106.4088538078688}, {"date": "2021-11-17", "name": "frequency", "unit": "GHz", "value": 5.176172500227957}, {"date": "2021-11-17", "name": "anharmonicity", "unit": "GHz", "value": -0.34079297245074963}, {"date": "2021-11-17", "name": "readout_error", "unit": "", "value": 0.011399999999999966}, {"date": "2021-11-17", "name": "prob_meas0_prep1", "unit": "", "value": 0.0146}, {"date": "2021-11-17", "name": "prob_meas1_prep0", "unit": "", "value": 0.008199999999999985}, {"date": "2021-11-17", "name": "readout_length", "unit": "ns", "value": 704}], [{"date": "2021-11-17", "name": "T1", "unit": "us", "value": 159.17270353022906}, {"date": "2021-11-17", "name": "T2", "unit": "us", "value": 186.29571605938477}, {"date": "2021-11-17", "name": "frequency", "unit": "GHz", "value": 5.063936371736068}, {"date": "2021-11-17", "name": "anharmonicity", "unit": "GHz", "value": -0.34275836537159754}, {"date": "2021-11-17", "name": "readout_error", "unit": "", "value": 0.029100000000000015}, {"date": "2021-11-17", "name": "prob_meas0_prep1", "unit": "", "value": 0.0504}, {"date": "2021-11-17", "name": "prob_meas1_prep0", "unit": "", "value": 0.0078}, {"date": "2021-11-17", "name": "readout_length", "unit": "ns", "value": 704}]], "gates": [{"qubits": [0], "gate": "id", "parameters": [{"date": "2021-11-17", "name": "gate_error", "unit": "", "value": 0.00022646218257369548}, {"date": "2021-11-17", "name": "gate_length", "unit": "ns", "value": 35.55555555555556}], "name": "id0"}, {"qubits": [1], "gate": "id", "parameters": [{"date": "2021-11-17", "name": "gate_error", "unit": "", "value": 0.00017651679505168208}, {"date": "2021-11-17", "name": "gate_length", "unit": "ns", "value": 35.55555555555556}], "name": "id1"}, {"qubits": [2], "gate": "id", "parameters": [{"date": "2021-11-17", "name": "gate_error", "unit": "", "value": 0.00028466145832889433}, {"date": "2021-11-17", "name": "gate_length", "unit": "ns", "value": 35.55555555555556}], "name": "id2"}, {"qubits": [3], "gate": "id", "parameters": [{"date": "2021-11-17", "name": "gate_error", "unit": "", "value": 0.00023839785425071598}, {"date": "2021-11-17", "name": "gate_length", "unit": "ns", "value": 35.55555555555556}], "name": "id3"}, {"qubits": [4], "gate": "id", "parameters": [{"date": "2021-11-17", "name": "gate_error", "unit": "", "value": 0.00041648856342931944}, {"date": "2021-11-17", "name": "gate_length", "unit": "ns", "value": 35.55555555555556}], "name": "id4"}, {"qubits": [5], "gate": "id", "parameters": [{"date": "2021-11-17", "name": "gate_error", "unit": "", "value": 0.0001733489895167036}, {"date": "2021-11-17", "name": "gate_length", "unit": "ns", "value": 35.55555555555556}], "name": "id5"}, {"qubits": [6], "gate": "id", "parameters": [{"date": "2021-11-17", "name": "gate_error", "unit": "", "value": 0.00020968396941873605}, {"date": "2021-11-17", "name": "gate_length", "unit": "ns", "value": 35.55555555555556}], "name": "id6"}, {"qubits": [0], "gate": "rz", "parameters": [{"date": "2021-11-17", "name": "gate_error", "unit": "", "value": 0}, {"date": "2021-11-17", "name": "gate_length", "unit": "ns", "value": 0}], "name": "rz0"}, {"qubits": [1], "gate": "rz", "parameters": [{"date": "2021-11-17", "name": "gate_error", "unit": "", "value": 0}, {"date": "2021-11-17", "name": "gate_length", "unit": "ns", "value": 0}], "name": "rz1"}, {"qubits": [2], "gate": "rz", "parameters": [{"date": "2021-11-17", "name": "gate_error", "unit": "", "value": 0}, {"date": "2021-11-17", "name": "gate_length", "unit": "ns", "value": 0}], "name": "rz2"}, {"qubits": [3], "gate": "rz", "parameters": [{"date": "2021-11-17", "name": "gate_error", "unit": "", "value": 0}, {"date": "2021-11-17", "name": "gate_length", "unit": "ns", "value": 0}], "name": "rz3"}, {"qubits": [4], "gate": "rz", "parameters": [{"date": "2021-11-17", "name": "gate_error", "unit": "", "value": 0}, {"date": "2021-11-17", "name": "gate_length", "unit": "ns", "value": 0}], "name": "rz4"}, {"qubits": [5], "gate": "rz", "parameters": [{"date": "2021-11-17", "name": "gate_error", "unit": "", "value": 0}, {"date": "2021-11-17", "name": "gate_length", "unit": "ns", "value": 0}], "name": "rz5"}, {"qubits": [6], "gate": "rz", "parameters": [{"date": "2021-11-17", "name": "gate_error", "unit": "", "value": 0}, {"date": "2021-11-17", "name": "gate_length", "unit": "ns", "value": 0}], "name": "rz6"}, {"qubits": [0], "gate": "sx", "parameters": [{"date": "2021-11-17", "name": "gate_error", "unit": "", "value": 0.00022646218257369548}, {"date": "2021-11-17", "name": "gate_length", "unit": "ns", "value": 35.55555555555556}], "name": "sx0"}, {"qubits": [1], "gate": "sx", "parameters": [{"date": "2021-11-17", "name": "gate_error", "unit": "", "value": 0.00017651679505168208}, {"date": "2021-11-17", "name": "gate_length", "unit": "ns", "value": 35.55555555555556}], "name": "sx1"}, {"qubits": [2], "gate": "sx", "parameters": [{"date": "2021-11-17", "name": "gate_error", "unit": "", "value": 0.00028466145832889433}, {"date": "2021-11-17", "name": "gate_length", "unit": "ns", "value": 35.55555555555556}], "name": "sx2"}, {"qubits": [3], "gate": "sx", "parameters": [{"date": "2021-11-17", "name": "gate_error", "unit": "", "value": 0.00023839785425071598}, {"date": "2021-11-17", "name": "gate_length", "unit": "ns", "value": 35.55555555555556}], "name": "sx3"}, {"qubits": [4], "gate": "sx", "parameters": [{"date": "2021-11-17", "name": "gate_error", "unit": "", "value": 0.00041648856342931944}, {"date": "2021-11-17", "name": "gate_length", "unit": "ns", "value": 35.55555555555556}], "name": "sx4"}, {"qubits": [5], "gate": "sx", "parameters": [{"date": "2021-11-17", "name": "gate_error", "unit": "", "value": 0.0001733489895167036}, {"date": "2021-11-17", "name": "gate_length", "unit": "ns", "value": 35.55555555555556}], "name": "sx5"}, {"qubits": [6], "gate": "sx", "parameters": [{"date": "2021-11-17", "name": "gate_error", "unit": "", "value": 0.00020968396941873605}, {"date": "2021-11-17", "name": "gate_length", "unit": "ns", "value": 35.55555555555556}], "name": "sx6"}, {"qubits": [0], "gate": "x", "parameters": [{"date": "2021-11-17", "name": "gate_error", "unit": "", "value": 0.00022646218257369548}, {"date": "2021-11-17", "name": "gate_length", "unit": "ns", "value": 35.55555555555556}], "name": "x0"}, {"qubits": [1], "gate": "x", "parameters": [{"date": "2021-11-17", "name": "gate_error", "unit": "", "value": 0.00017651679505168208}, {"date": "2021-11-17", "name": "gate_length", "unit": "ns", "value": 35.55555555555556}], "name": "x1"}, {"qubits": [2], "gate": "x", "parameters": [{"date": "2021-11-17", "name": "gate_error", "unit": "", "value": 0.00028466145832889433}, {"date": "2021-11-17", "name": "gate_length", "unit": "ns", "value": 35.55555555555556}], "name": "x2"}, {"qubits": [3], "gate": "x", "parameters": [{"date": "2021-11-17", "name": "gate_error", "unit": "", "value": 0.00023839785425071598}, {"date": "2021-11-17", "name": "gate_length", "unit": "ns", "value": 35.55555555555556}], "name": "x3"}, {"qubits": [4], "gate": "x", "parameters": [{"date": "2021-11-17", "name": "gate_error", "unit": "", "value": 0.00041648856342931944}, {"date": "2021-11-17", "name": "gate_length", "unit": "ns", "value": 35.55555555555556}], "name": "x4"}, {"qubits": [5], "gate": "x", "parameters": [{"date": "2021-11-17", "name": "gate_error", "unit": "", "value": 0.0001733489895167036}, {"date": "2021-11-17", "name": "gate_length", "unit": "ns", "value": 35.55555555555556}], "name": "x5"}, {"qubits": [6], "gate": "x", "parameters": [{"date": "2021-11-17", "name": "gate_error", "unit": "", "value": 0.00020968396941873605}, {"date": "2021-11-17", "name": "gate_length", "unit": "ns", "value": 35.55555555555556}], "name": "x6"}, {"qubits": [5, 4], "gate": "cx", "parameters": [{"date": "2021-11-17", "name": "gate_error", "unit": "", "value": 0.0051494653319547334}, {"date": "2021-11-14", "name": "gate_length", "unit": "ns", "value": 327.1111111111111}], "name": "cx5_4"}, {"qubits": [4, 5], "gate": "cx", "parameters": [{"date": "2021-11-17", "name": "gate_error", "unit": "", "value": 0.0051494653319547334}, {"date": "2021-11-14", "name": "gate_length", "unit": "ns", "value": 362.66666666666663}], "name": "cx4_5"}, {"qubits": [3, 1], "gate": "cx", "parameters": [{"date": "2021-11-17", "name": "gate_error", "unit": "", "value": 0.006050156321269956}, {"date": "2021-11-14", "name": "gate_length", "unit": "ns", "value": 298.66666666666663}], "name": "cx3_1"}, {"qubits": [1, 3], "gate": "cx", "parameters": [{"date": "2021-11-17", "name": "gate_error", "unit": "", "value": 0.006050156321269956}, {"date": "2021-11-14", "name": "gate_length", "unit": "ns", "value": 334.22222222222223}], "name": "cx1_3"}, {"qubits": [5, 6], "gate": "cx", "parameters": [{"date": "2021-11-17", "name": "gate_error", "unit": "", "value": 0.004501393310598317}, {"date": "2021-11-14", "name": "gate_length", "unit": "ns", "value": 256}], "name": "cx5_6"}, {"qubits": [6, 5], "gate": "cx", "parameters": [{"date": "2021-11-17", "name": "gate_error", "unit": "", "value": 0.004501393310598317}, {"date": "2021-11-14", "name": "gate_length", "unit": "ns", "value": 291.55555555555554}], "name": "cx6_5"}, {"qubits": [5, 3], "gate": "cx", "parameters": [{"date": "2021-11-17", "name": "gate_error", "unit": "", "value": 0.00888907588797766}, {"date": "2021-11-14", "name": "gate_length", "unit": "ns", "value": 298.66666666666663}], "name": "cx5_3"}, {"qubits": [3, 5], "gate": "cx", "parameters": [{"date": "2021-11-17", "name": "gate_error", "unit": "", "value": 0.00888907588797766}, {"date": "2021-11-14", "name": "gate_length", "unit": "ns", "value": 334.22222222222223}], "name": "cx3_5"}, {"qubits": [2, 1], "gate": "cx", "parameters": [{"date": "2021-11-17", "name": "gate_error", "unit": "", "value": 0.009467987656302301}, {"date": "2021-11-14", "name": "gate_length", "unit": "ns", "value": 291.55555555555554}], "name": "cx2_1"}, {"qubits": [1, 2], "gate": "cx", "parameters": [{"date": "2021-11-17", "name": "gate_error", "unit": "", "value": 0.009467987656302301}, {"date": "2021-11-14", "name": "gate_length", "unit": "ns", "value": 327.1111111111111}], "name": "cx1_2"}, {"qubits": [0, 1], "gate": "cx", "parameters": [{"date": "2021-11-17", "name": "gate_error", "unit": "", "value": 0.006844710541609483}, {"date": "2021-11-14", "name": "gate_length", "unit": "ns", "value": 305.77777777777777}], "name": "cx0_1"}, {"qubits": [1, 0], "gate": "cx", "parameters": [{"date": "2021-11-17", "name": "gate_error", "unit": "", "value": 0.006844710541609483}, {"date": "2021-11-14", "name": "gate_length", "unit": "ns", "value": 341.3333333333333}], "name": "cx1_0"}, {"qubits": [0], "gate": "reset", "parameters": [{"date": "2021-11-17", "name": "gate_length", "unit": "ns", "value": 1002.6666666666666}], "name": "reset0"}, {"qubits": [1], "gate": "reset", "parameters": [{"date": "2021-11-17", "name": "gate_length", "unit": "ns", "value": 1002.6666666666666}], "name": "reset1"}, {"qubits": [2], "gate": "reset", "parameters": [{"date": "2021-11-17", "name": "gate_length", "unit": "ns", "value": 995.5555555555555}], "name": "reset2"}, {"qubits": [3], "gate": "reset", "parameters": [{"date": "2021-11-17", "name": "gate_length", "unit": "ns", "value": 988.4444444444443}], "name": "reset3"}, {"qubits": [4], "gate": "reset", "parameters": [{"date": "2021-11-17", "name": "gate_length", "unit": "ns", "value": 1002.6666666666666}], "name": "reset4"}, {"qubits": [5], "gate": "reset", "parameters": [{"date": "2021-11-17", "name": "gate_length", "unit": "ns", "value": 1002.6666666666666}], "name": "reset5"}, {"qubits": [6], "gate": "reset", "parameters": [{"date": "2021-11-17", "name": "gate_length", "unit": "ns", "value": 988.4444444444443}], "name": "reset6"}], "general": [{"date": "2021-11-17", "name": "jq_01", "unit": "GHz", "value": 0.0017239661070310697}, {"date": "2021-11-17", "name": "zz_01", "unit": "GHz", "value": -4.1551259389276154e-05}, {"date": "2021-11-17", "name": "jq_12", "unit": "GHz", "value": 0.003306427365570105}, {"date": "2021-11-17", "name": "zz_12", "unit": "GHz", "value": -0.00013691896518548322}, {"date": "2021-11-17", "name": "jq_45", "unit": "GHz", "value": 0.0033964931013144256}, {"date": "2021-11-17", "name": "zz_45", "unit": "GHz", "value": -0.00015134337521539932}, {"date": "2021-11-17", "name": "jq_56", "unit": "GHz", "value": 0.0032394441256406383}, {"date": "2021-11-17", "name": "zz_56", "unit": "GHz", "value": -0.0001381127844927418}, {"date": "2021-11-17", "name": "jq_13", "unit": "GHz", "value": 0.003219077603102807}, {"date": "2021-11-17", "name": "zz_13", "unit": "GHz", "value": -0.00013509145307819546}, {"date": "2021-11-17", "name": "jq_35", "unit": "GHz", "value": 0.0023455196332844842}, {"date": "2021-11-17", "name": "zz_35", "unit": "GHz", "value": -9.35336850076191e-05}]}