{"backend_name": "ibm_lagos", "backend_version": "1.0.15", "last_update_date": "2021-11-16", "qubits": [[{"date": "2021-11-16", "name": "T1", "unit": "us", "value": 134.0128178820284}, {"date": "2021-11-16", "name": "T2", "unit": "us", "value": 19.895172568435015}, {"date": "2021-11-16", "name": "frequency", "unit": "GHz", "value": 5.2351915610895094}, {"date": "2021-11-16", "name": "anharmonicity", "unit": "GHz", "value": -0.33986713855915607}, {"date": "2021-11-16", "name": "readout_error", "unit": "", "value": 0.01429999999999998}, {"date": "2021-11-16", "name": "prob_meas0_prep1", "unit": "", "value": 0.0174}, {"date": "2021-11-16", "name": "prob_meas1_prep0", "unit": "", "value": 0.011199999999999988}, {"date": "2021-11-16", "name": "readout_length", "unit": "ns", "value": 704}], [{"date": "2021-11-16", "name": "T1", "unit": "us", "value": 118.58209889448409}, {"date": "2021-11-16", "name": "T2", "unit": "us", "value": 135.0353880717448}, {"date": "2021-11-16", "name": "frequency", "unit": "GHz", "value": 5.099578755445401}, {"date": "2021-11-16", "name": "anharmonicity", "unit": "GHz", "value": -0.3432484042938357}, {"date": "2021-11-16", "name": "readout_error", "unit": "", "value": 0.00869999999999993}, {"date": "2021-11-16", "name": "prob_meas0_prep1", "unit": "", "value": 0.01}, {"date": "2021-11-16", "name": "prob_meas1_prep0", "unit": "", "value": 0.007399999999999962}, {"date": "2021-11-16", "name": "readout_length", "unit": "ns", "value": 704}], [{"date": "2021-11-16", "name": "T1", "unit": "us", "value": 146.8351090108462}, {"date": "2021-11-16", "name": "T2", "unit": "us", "value": 177.0123259938519}, {"date": "2021-11-16", "name": "frequency", "unit": "GHz", "value": 5.188231520373622}, {"date": "2021-11-16", "name": "anharmonicity", "unit": "GHz", "value": -0.3419316690031256}, {"date": "2021-11-16", "name": "readout_error", "unit": "", "value": 0.006099999999999994}, {"date": "2021-11-16", "name": "prob_meas0_prep1", "unit": "", "value": 0.0074}, {"date": "2021-11-16", "name": "prob_meas1_prep0", "unit": "", "value": 0.0048000000000000265}, {"date": "2021-11-16", "name": "readout_length", "unit": "ns", "value": 704}], [{"date": "2021-11-16", "name": "T1", "unit": "us", "value": 172.93786263425773}, {"date": "2021-11-16", "name": "T2", "unit": "us", "value": 81.91771619037205}, {"date": "2021-11-16", "name": "frequency", "unit": "GHz", "value": 4.9874741246087755}, {"date": "2021-11-16", "name": "anharmonicity", "unit": "GHz", "value": -0.3452928861203798}, {"date": "2021-11-16", "name": "readout_error", "unit": "", "value": 0.017100000000000004}, {"date": "2021-11-16", "name": "prob_meas0_prep1", "unit": "", "value": 0.021}, {"date": "2021-11-16", "name": "prob_meas1_prep0", "unit": "", "value": 0.01319999999999999}, {"date": "2021-11-16", "name": "readout_length", "unit": "ns", "value": 704}], [{"date": "2021-11-16", "name": "T1", "unit": "us", "value": 42.440505279262034}, {"date": "2021-11-16", "name": "T2", "unit": "us", "value": 46.127406196957104}, {"date": "2021-11-16", "name": "frequency", "unit": "GHz", "value": 5.285387517749033}, {"date": "2021-11-16", "name": "anharmonicity", "unit": "GHz", "value": -0.3392342674107948}, {"date": "2021-11-16", "name": "readout_error", "unit": "", "value": 0.014499999999999957}, {"date": "2021-11-16", "name": "prob_meas0_prep1", "unit": "", "value": 0.014599999999999946}, {"date": "2021-11-16", "name": "prob_meas1_prep0", "unit": "", "value": 0.0144}, {"date": "2021-11-16", "name": "readout_length", "unit": "ns", "value": 704}], [{"date": "2021-11-16", "name": "T1", "unit": "us", "value": 151.20234247106214}, {"date": "2021-11-16", "name": "T2", "unit": "us", "value": 101.63562667428076}, {"date": "2021-11-16", "name": "frequency", "unit": "GHz", "value": 5.176179566966348}, {"date": "2021-11-16", "name": "anharmonicity", "unit": "GHz", "value": -0.34079297245074963}, {"date": "2021-11-16", "name": "readout_error", "unit": "", "value": 0.01309999999999989}, {"date": "2021-11-16", "name": "prob_meas0_prep1", "unit": "", "value": 0.0136}, {"date": "2021-11-16", "name": "prob_meas1_prep0", "unit": "", "value": 0.012599999999999945}, {"date": "2021-11-16", "name": "readout_length", "unit": "ns", "value": 704}], [{"date": "2021-11-16", "name": "T1", "unit": "us", "value": 204.416192544315}, {"date": "2021-11-16", "name": "T2", "unit": "us", "value": 145.10373443540755}, {"date": "2021-11-16", "name": "frequency", "unit": "GHz", "value": 5.063935348923841}, {"date": "2021-11-16", "name": "anharmonicity", "unit": "GHz", "value": -0.34275836537159754}, {"date": "2021-11-16", "name": "readout_error", "unit": "", "value": 0.0252}, {"date": "2021-11-16", "name": "prob_meas0_prep1", "unit": "", "value": 0.03939999999999999}, {"date": "2021-11-16", "name": "prob_meas1_prep0", "unit": "", "value": 0.011}, {"date": "2021-11-16", "name": "readout_length", "unit": "ns", "value": 704}]], "gates": [{"qubits": [0], "gate": "id", "parameters": [{"date": "2021-11-16", "name": "gate_error", "unit": "", "value": 0.00031429741047206476}, {"date": "2021-11-16", "name": "gate_length", "unit": "ns", "value": 35.55555555555556}], "name": "id0"}, {"qubits": [1], "gate": "id", "parameters": [{"date": "2021-11-16", "name": "gate_error", "unit": "", "value": 0.00024317409096128045}, {"date": "2021-11-16", "name": "gate_length", "unit": "ns", "value": 35.55555555555556}], "name": "id1"}, {"qubits": [2], "gate": "id", "parameters": [{"date": "2021-11-16", "name": "gate_error", "unit": "", "value": 0.0002160852216407149}, {"date": "2021-11-16", "name": "gate_length", "unit": "ns", "value": 35.55555555555556}], "name": "id2"}, {"qubits": [3], "gate": "id", "parameters": [{"date": "2021-11-16", "name": "gate_error", "unit": "", "value": 0.0001769566320710434}, {"date": "2021-11-16", "name": "gate_length", "unit": "ns", "value": 35.55555555555556}], "name": "id3"}, {"qubits": [4], "gate": "id", "parameters": [{"date": "2021-11-16", "name": "gate_error", "unit": "", "value": 0.0003117721039731791}, {"date": "2021-11-16", "name": "gate_length", "unit": "ns", "value": 35.55555555555556}], "name": "id4"}, {"qubits": [5], "gate": "id", "parameters": [{"date": "2021-11-16", "name": "gate_error", "unit": "", "value": 0.0001586612877732576}, {"date": "2021-11-16", "name": "gate_length", "unit": "ns", "value": 35.55555555555556}], "name": "id5"}, {"qubits": [6], "gate": "id", "parameters": [{"date": "2021-11-16", "name": "gate_error", "unit": "", "value": 0.00029621570258760133}, {"date": "2021-11-16", "name": "gate_length", "unit": "ns", "value": 35.55555555555556}], "name": "id6"}, {"qubits": [0], "gate": "rz", "parameters": [{"date": "2021-11-16", "name": "gate_error", "unit": "", "value": 0}, {"date": "2021-11-16", "name": "gate_length", "unit": "ns", "value": 0}], "name": "rz0"}, {"qubits": [1], "gate": "rz", "parameters": [{"date": "2021-11-16", "name": "gate_error", "unit": "", "value": 0}, {"date": "2021-11-16", "name": "gate_length", "unit": "ns", "value": 0}], "name": "rz1"}, {"qubits": [2], "gate": "rz", "parameters": [{"date": "2021-11-16", "name": "gate_error", "unit": "", "value": 0}, {"date": "2021-11-16", "name": "gate_length", "unit": "ns", "value": 0}], "name": "rz2"}, {"qubits": [3], "gate": "rz", "parameters": [{"date": "2021-11-16", "name": "gate_error", "unit": "", "value": 0}, {"date": "2021-11-16", "name": "gate_length", "unit": "ns", "value": 0}], "name": "rz3"}, {"qubits": [4], "gate": "rz", "parameters": [{"date": "2021-11-16", "name": "gate_error", "unit": "", "value": 0}, {"date": "2021-11-16", "name": "gate_length", "unit": "ns", "value": 0}], "name": "rz4"}, {"qubits": [5], "gate": "rz", "parameters": [{"date": "2021-11-16", "name": "gate_error", "unit": "", "value": 0}, {"date": "2021-11-16", "name": "gate_length", "unit": "ns", "value": 0}], "name": "rz5"}, {"qubits": [6], "gate": "rz", "parameters": [{"date": "2021-11-16", "name": "gate_error", "unit": "", "value": 0}, {"date": "2021-11-16", "name": "gate_length", "unit": "ns", "value": 0}], "name": "rz6"}, {"qubits": [0], "gate": "sx", "parameters": [{"date": "2021-11-16", "name": "gate_error", "unit": "", "value": 0.00031429741047206476}, {"date": "2021-11-16", "name": "gate_length", "unit": "ns", "value": 35.55555555555556}], "name": "sx0"}, {"qubits": [1], "gate": "sx", "parameters": [{"date": "2021-11-16", "name": "gate_error", "unit": "", "value": 0.00024317409096128045}, {"date": "2021-11-16", "name": "gate_length", "unit": "ns", "value": 35.55555555555556}], "name": "sx1"}, {"qubits": [2], "gate": "sx", "parameters": [{"date": "2021-11-16", "name": "gate_error", "unit": "", "value": 0.0002160852216407149}, {"date": "2021-11-16", "name": "gate_length", "unit": "ns", "value": 35.55555555555556}], "name": "sx2"}, {"qubits": [3], "gate": "sx", "parameters": [{"date": "2021-11-16", "name": "gate_error", "unit": "", "value": 0.0001769566320710434}, {"date": "2021-11-16", "name": "gate_length", "unit": "ns", "value": 35.55555555555556}], "name": "sx3"}, {"qubits": [4], "gate": "sx", "parameters": [{"date": "2021-11-16", "name": "gate_error", "unit": "", "value": 0.0003117721039731791}, {"date": "2021-11-16", "name": "gate_length", "unit": "ns", "value": 35.55555555555556}], "name": "sx4"}, {"qubits": [5], "gate": "sx", "parameters": [{"date": "2021-11-16", "name": "gate_error", "unit": "", "value": 0.0001586612877732576}, {"date": "2021-11-16", "name": "gate_length", "unit": "ns", "value": 35.55555555555556}], "name": "sx5"}, {"qubits": [6], "gate": "sx", "parameters": [{"date": "2021-11-16", "name": "gate_error", "unit": "", "value": 0.00029621570258760133}, {"date": "2021-11-16", "name": "gate_length", "unit": "ns", "value": 35.55555555555556}], "name": "sx6"}, {"qubits": [0], "gate": "x", "parameters": [{"date": "2021-11-16", "name": "gate_error", "unit": "", "value": 0.00031429741047206476}, {"date": "2021-11-16", "name": "gate_length", "unit": "ns", "value": 35.55555555555556}], "name": "x0"}, {"qubits": [1], "gate": "x", "parameters": [{"date": "2021-11-16", "name": "gate_error", "unit": "", "value": 0.00024317409096128045}, {"date": "2021-11-16", "name": "gate_length", "unit": "ns", "value": 35.55555555555556}], "name": "x1"}, {"qubits": [2], "gate": "x", "parameters": [{"date": "2021-11-16", "name": "gate_error", "unit": "", "value": 0.0002160852216407149}, {"date": "2021-11-16", "name": "gate_length", "unit": "ns", "value": 35.55555555555556}], "name": "x2"}, {"qubits": [3], "gate": "x", "parameters": [{"date": "2021-11-16", "name": "gate_error", "unit": "", "value": 0.0001769566320710434}, {"date": "2021-11-16", "name": "gate_length", "unit": "ns", "value": 35.55555555555556}], "name": "x3"}, {"qubits": [4], "gate": "x", "parameters": [{"date": "2021-11-16", "name": "gate_error", "unit": "", "value": 0.0003117721039731791}, {"date": "2021-11-16", "name": "gate_length", "unit": "ns", "value": 35.55555555555556}], "name": "x4"}, {"qubits": [5], "gate": "x", "parameters": [{"date": "2021-11-16", "name": "gate_error", "unit": "", "value": 0.0001586612877732576}, {"date": "2021-11-16", "name": "gate_length", "unit": "ns", "value": 35.55555555555556}], "name": "x5"}, {"qubits": [6], "gate": "x", "parameters": [{"date": "2021-11-16", "name": "gate_error", "unit": "", "value": 0.00029621570258760133}, {"date": "2021-11-16", "name": "gate_length", "unit": "ns", "value": 35.55555555555556}], "name": "x6"}, {"qubits": [5, 4], "gate": "cx", "parameters": [{"date": "2021-11-16", "name": "gate_error", "unit": "", "value": 0.007975025537117847}, {"date": "2021-11-13", "name": "gate_length", "unit": "ns", "value": 327.1111111111111}], "name": "cx5_4"}, {"qubits": [4, 5], "gate": "cx", "parameters": [{"date": "2021-11-16", "name": "gate_error", "unit": "", "value": 0.007975025537117847}, {"date": "2021-11-13", "name": "gate_length", "unit": "ns", "value": 362.66666666666663}], "name": "cx4_5"}, {"qubits": [3, 1], "gate": "cx", "parameters": [{"date": "2021-11-16", "name": "gate_error", "unit": "", "value": 0.006002094237905431}, {"date": "2021-11-13", "name": "gate_length", "unit": "ns", "value": 298.66666666666663}], "name": "cx3_1"}, {"qubits": [1, 3], "gate": "cx", "parameters": [{"date": "2021-11-16", "name": "gate_error", "unit": "", "value": 0.006002094237905431}, {"date": "2021-11-13", "name": "gate_length", "unit": "ns", "value": 334.22222222222223}], "name": "cx1_3"}, {"qubits": [5, 6], "gate": "cx", "parameters": [{"date": "2021-11-16", "name": "gate_error", "unit": "", "value": 0.004480675847966603}, {"date": "2021-11-13", "name": "gate_length", "unit": "ns", "value": 256}], "name": "cx5_6"}, {"qubits": [6, 5], "gate": "cx", "parameters": [{"date": "2021-11-16", "name": "gate_error", "unit": "", "value": 0.004480675847966603}, {"date": "2021-11-13", "name": "gate_length", "unit": "ns", "value": 291.55555555555554}], "name": "cx6_5"}, {"qubits": [5, 3], "gate": "cx", "parameters": [{"date": "2021-11-16", "name": "gate_error", "unit": "", "value": 0.008979240392882615}, {"date": "2021-11-13", "name": "gate_length", "unit": "ns", "value": 298.66666666666663}], "name": "cx5_3"}, {"qubits": [3, 5], "gate": "cx", "parameters": [{"date": "2021-11-16", "name": "gate_error", "unit": "", "value": 0.008979240392882615}, {"date": "2021-11-13", "name": "gate_length", "unit": "ns", "value": 334.22222222222223}], "name": "cx3_5"}, {"qubits": [2, 1], "gate": "cx", "parameters": [{"date": "2021-11-16", "name": "gate_error", "unit": "", "value": 0.006535785531097321}, {"date": "2021-11-13", "name": "gate_length", "unit": "ns", "value": 291.55555555555554}], "name": "cx2_1"}, {"qubits": [1, 2], "gate": "cx", "parameters": [{"date": "2021-11-16", "name": "gate_error", "unit": "", "value": 0.006535785531097321}, {"date": "2021-11-13", "name": "gate_length", "unit": "ns", "value": 327.1111111111111}], "name": "cx1_2"}, {"qubits": [0, 1], "gate": "cx", "parameters": [{"date": "2021-11-16", "name": "gate_error", "unit": "", "value": 0.006866436518925156}, {"date": "2021-11-13", "name": "gate_length", "unit": "ns", "value": 305.77777777777777}], "name": "cx0_1"}, {"qubits": [1, 0], "gate": "cx", "parameters": [{"date": "2021-11-16", "name": "gate_error", "unit": "", "value": 0.006866436518925156}, {"date": "2021-11-13", "name": "gate_length", "unit": "ns", "value": 341.3333333333333}], "name": "cx1_0"}, {"qubits": [0], "gate": "reset", "parameters": [{"date": "2021-11-16", "name": "gate_length", "unit": "ns", "value": 1002.6666666666666}], "name": "reset0"}, {"qubits": [1], "gate": "reset", "parameters": [{"date": "2021-11-16", "name": "gate_length", "unit": "ns", "value": 1002.6666666666666}], "name": "reset1"}, {"qubits": [2], "gate": "reset", "parameters": [{"date": "2021-11-16", "name": "gate_length", "unit": "ns", "value": 995.5555555555555}], "name": "reset2"}, {"qubits": [3], "gate": "reset", "parameters": [{"date": "2021-11-16", "name": "gate_length", "unit": "ns", "value": 988.4444444444443}], "name": "reset3"}, {"qubits": [4], "gate": "reset", "parameters": [{"date": "2021-11-16", "name": "gate_length", "unit": "ns", "value": 1002.6666666666666}], "name": "reset4"}, {"qubits": [5], "gate": "reset", "parameters": [{"date": "2021-11-16", "name": "gate_length", "unit": "ns", "value": 1002.6666666666666}], "name": "reset5"}, {"qubits": [6], "gate": "reset", "parameters": [{"date": "2021-11-16", "name": "gate_length", "unit": "ns", "value": 988.4444444444443}], "name": "reset6"}], "general": [{"date": "2021-11-16", "name": "jq_01", "unit": "GHz", "value": 0.0017239661070310697}, {"date": "2021-11-16", "name": "zz_01", "unit": "GHz", "value": -4.1551259389276154e-05}, {"date": "2021-11-16", "name": "jq_12", "unit": "GHz", "value": 0.003306427365570105}, {"date": "2021-11-16", "name": "zz_12", "unit": "GHz", "value": -0.00013691896518548322}, {"date": "2021-11-16", "name": "jq_45", "unit": "GHz", "value": 0.0033964931013144256}, {"date": "2021-11-16", "name": "zz_45", "unit": "GHz", "value": -0.00015134337521539932}, {"date": "2021-11-16", "name": "jq_56", "unit": "GHz", "value": 0.0032394441256406383}, {"date": "2021-11-16", "name": "zz_56", "unit": "GHz", "value": -0.0001381127844927418}, {"date": "2021-11-16", "name": "jq_13", "unit": "GHz", "value": 0.003219077603102807}, {"date": "2021-11-16", "name": "zz_13", "unit": "GHz", "value": -0.00013509145307819546}, {"date": "2021-11-16", "name": "jq_35", "unit": "GHz", "value": 0.0023455196332844842}, {"date": "2021-11-16", "name": "zz_35", "unit": "GHz", "value": -9.35336850076191e-05}]}