{"backend_name": "ibm_lagos", "backend_version": "1.0.4", "last_update_date": "2021-9-16", "qubits": [[{"date": "2021-9-16", "name": "T1", "unit": "us", "value": 105.13714160207617}, {"date": "2021-9-16", "name": "T2", "unit": "us", "value": 35.99143322747718}, {"date": "2021-9-16", "name": "frequency", "unit": "GHz", "value": 5.235398431471557}, {"date": "2021-9-16", "name": "anharmonicity", "unit": "GHz", "value": -0.33986713855915607}, {"date": "2021-9-16", "name": "readout_error", "unit": "", "value": 0.010199999999999987}, {"date": "2021-9-16", "name": "prob_meas0_prep1", "unit": "", "value": 0.0096}, {"date": "2021-9-16", "name": "prob_meas1_prep0", "unit": "", "value": 0.010800000000000032}, {"date": "2021-9-16", "name": "readout_length", "unit": "ns", "value": 704}], [{"date": "2021-9-16", "name": "T1", "unit": "us", "value": 107.12441142038587}, {"date": "2021-9-16", "name": "T2", "unit": "us", "value": 100.98070638808487}, {"date": "2021-9-16", "name": "frequency", "unit": "GHz", "value": 5.09943825859846}, {"date": "2021-9-16", "name": "anharmonicity", "unit": "GHz", "value": -0.3432484042938357}, {"date": "2021-9-16", "name": "readout_error", "unit": "", "value": 0.02980000000000005}, {"date": "2021-9-16", "name": "prob_meas0_prep1", "unit": "", "value": 0.0484}, {"date": "2021-9-16", "name": "prob_meas1_prep0", "unit": "", "value": 0.011199999999999988}, {"date": "2021-9-16", "name": "readout_length", "unit": "ns", "value": 704}], [{"date": "2021-9-16", "name": "T1", "unit": "us", "value": 112.44806765074412}, {"date": "2021-9-16", "name": "T2", "unit": "us", "value": 87.0649916624101}, {"date": "2021-9-16", "name": "frequency", "unit": "GHz", "value": 5.187894052770169}, {"date": "2021-9-16", "name": "anharmonicity", "unit": "GHz", "value": -0.3419316690031256}, {"date": "2021-9-16", "name": "readout_error", "unit": "", "value": 0.005700000000000038}, {"date": "2021-9-16", "name": "prob_meas0_prep1", "unit": "", "value": 0.0076}, {"date": "2021-9-16", "name": "prob_meas1_prep0", "unit": "", "value": 0.0038000000000000256}, {"date": "2021-9-16", "name": "readout_length", "unit": "ns", "value": 704}], [{"date": "2021-9-16", "name": "T1", "unit": "us", "value": 152.99974509688485}, {"date": "2021-9-16", "name": "T2", "unit": "us", "value": 125.41824429526673}, {"date": "2021-9-16", "name": "frequency", "unit": "GHz", "value": 4.986855999334046}, {"date": "2021-9-16", "name": "anharmonicity", "unit": "GHz", "value": -0.3452928861203798}, {"date": "2021-9-16", "name": "readout_error", "unit": "", "value": 0.010499999999999954}, {"date": "2021-9-16", "name": "prob_meas0_prep1", "unit": "", "value": 0.0134}, {"date": "2021-9-16", "name": "prob_meas1_prep0", "unit": "", "value": 0.007600000000000051}, {"date": "2021-9-16", "name": "readout_length", "unit": "ns", "value": 704}], [{"date": "2021-9-16", "name": "T1", "unit": "us", "value": 84.07921143699188}, {"date": "2021-9-16", "name": "T2", "unit": "us", "value": 28.13214993126356}, {"date": "2021-9-16", "name": "frequency", "unit": "GHz", "value": 5.285333333886024}, {"date": "2021-9-16", "name": "anharmonicity", "unit": "GHz", "value": -0.3392342674107948}, {"date": "2021-9-16", "name": "readout_error", "unit": "", "value": 0.007400000000000073}, {"date": "2021-9-16", "name": "prob_meas0_prep1", "unit": "", "value": 0.007199999999999984}, {"date": "2021-9-16", "name": "prob_meas1_prep0", "unit": "", "value": 0.0076}, {"date": "2021-9-16", "name": "readout_length", "unit": "ns", "value": 704}], [{"date": "2021-9-16", "name": "T1", "unit": "us", "value": 139.50386037806808}, {"date": "2021-9-16", "name": "T2", "unit": "us", "value": 83.90087609400311}, {"date": "2021-9-16", "name": "frequency", "unit": "GHz", "value": 5.176856973921326}, {"date": "2021-9-16", "name": "anharmonicity", "unit": "GHz", "value": -0.34079297245074963}, {"date": "2021-9-16", "name": "readout_error", "unit": "", "value": 0.01090000000000002}, {"date": "2021-9-16", "name": "prob_meas0_prep1", "unit": "", "value": 0.0142}, {"date": "2021-9-16", "name": "prob_meas1_prep0", "unit": "", "value": 0.007600000000000051}, {"date": "2021-9-16", "name": "readout_length", "unit": "ns", "value": 704}], [{"date": "2021-9-16", "name": "T1", "unit": "us", "value": 167.97714488555212}, {"date": "2021-9-16", "name": "T2", "unit": "us", "value": 128.28635892118263}, {"date": "2021-9-16", "name": "frequency", "unit": "GHz", "value": 5.064035226981254}, {"date": "2021-9-16", "name": "anharmonicity", "unit": "GHz", "value": -0.34275836537159754}, {"date": "2021-9-16", "name": "readout_error", "unit": "", "value": 0.006399999999999961}, {"date": "2021-9-16", "name": "prob_meas0_prep1", "unit": "", "value": 0.008}, {"date": "2021-9-16", "name": "prob_meas1_prep0", "unit": "", "value": 0.0048000000000000265}, {"date": "2021-9-16", "name": "readout_length", "unit": "ns", "value": 704}]], "gates": [{"qubits": [0], "gate": "id", "parameters": [{"date": "2021-9-16", "name": "gate_error", "unit": "", "value": 0.00026052087655414674}, {"date": "2021-9-16", "name": "gate_length", "unit": "ns", "value": 35.55555555555556}], "name": "id0"}, {"qubits": [1], "gate": "id", "parameters": [{"date": "2021-9-16", "name": "gate_error", "unit": "", "value": 0.0006762427314086834}, {"date": "2021-9-16", "name": "gate_length", "unit": "ns", "value": 35.55555555555556}], "name": "id1"}, {"qubits": [2], "gate": "id", "parameters": [{"date": "2021-9-16", "name": "gate_error", "unit": "", "value": 0.0003861480994746919}, {"date": "2021-9-16", "name": "gate_length", "unit": "ns", "value": 35.55555555555556}], "name": "id2"}, {"qubits": [3], "gate": "id", "parameters": [{"date": "2021-9-16", "name": "gate_error", "unit": "", "value": 0.00019027782287626778}, {"date": "2021-9-16", "name": "gate_length", "unit": "ns", "value": 35.55555555555556}], "name": "id3"}, {"qubits": [4], "gate": "id", "parameters": [{"date": "2021-9-16", "name": "gate_error", "unit": "", "value": 0.0002282144910659784}, {"date": "2021-9-16", "name": "gate_length", "unit": "ns", "value": 35.55555555555556}], "name": "id4"}, {"qubits": [5], "gate": "id", "parameters": [{"date": "2021-9-16", "name": "gate_error", "unit": "", "value": 0.0002105680771891229}, {"date": "2021-9-16", "name": "gate_length", "unit": "ns", "value": 35.55555555555556}], "name": "id5"}, {"qubits": [6], "gate": "id", "parameters": [{"date": "2021-9-16", "name": "gate_error", "unit": "", "value": 0.00023998887868910103}, {"date": "2021-9-16", "name": "gate_length", "unit": "ns", "value": 35.55555555555556}], "name": "id6"}, {"qubits": [0], "gate": "rz", "parameters": [{"date": "2021-9-16", "name": "gate_error", "unit": "", "value": 0}, {"date": "2021-9-16", "name": "gate_length", "unit": "ns", "value": 0}], "name": "rz0"}, {"qubits": [1], "gate": "rz", "parameters": [{"date": "2021-9-16", "name": "gate_error", "unit": "", "value": 0}, {"date": "2021-9-16", "name": "gate_length", "unit": "ns", "value": 0}], "name": "rz1"}, {"qubits": [2], "gate": "rz", "parameters": [{"date": "2021-9-16", "name": "gate_error", "unit": "", "value": 0}, {"date": "2021-9-16", "name": "gate_length", "unit": "ns", "value": 0}], "name": "rz2"}, {"qubits": [3], "gate": "rz", "parameters": [{"date": "2021-9-16", "name": "gate_error", "unit": "", "value": 0}, {"date": "2021-9-16", "name": "gate_length", "unit": "ns", "value": 0}], "name": "rz3"}, {"qubits": [4], "gate": "rz", "parameters": [{"date": "2021-9-16", "name": "gate_error", "unit": "", "value": 0}, {"date": "2021-9-16", "name": "gate_length", "unit": "ns", "value": 0}], "name": "rz4"}, {"qubits": [5], "gate": "rz", "parameters": [{"date": "2021-9-16", "name": "gate_error", "unit": "", "value": 0}, {"date": "2021-9-16", "name": "gate_length", "unit": "ns", "value": 0}], "name": "rz5"}, {"qubits": [6], "gate": "rz", "parameters": [{"date": "2021-9-16", "name": "gate_error", "unit": "", "value": 0}, {"date": "2021-9-16", "name": "gate_length", "unit": "ns", "value": 0}], "name": "rz6"}, {"qubits": [0], "gate": "sx", "parameters": [{"date": "2021-9-16", "name": "gate_error", "unit": "", "value": 0.00026052087655414674}, {"date": "2021-9-16", "name": "gate_length", "unit": "ns", "value": 35.55555555555556}], "name": "sx0"}, {"qubits": [1], "gate": "sx", "parameters": [{"date": "2021-9-16", "name": "gate_error", "unit": "", "value": 0.0006762427314086834}, {"date": "2021-9-16", "name": "gate_length", "unit": "ns", "value": 35.55555555555556}], "name": "sx1"}, {"qubits": [2], "gate": "sx", "parameters": [{"date": "2021-9-16", "name": "gate_error", "unit": "", "value": 0.0003861480994746919}, {"date": "2021-9-16", "name": "gate_length", "unit": "ns", "value": 35.55555555555556}], "name": "sx2"}, {"qubits": [3], "gate": "sx", "parameters": [{"date": "2021-9-16", "name": "gate_error", "unit": "", "value": 0.00019027782287626778}, {"date": "2021-9-16", "name": "gate_length", "unit": "ns", "value": 35.55555555555556}], "name": "sx3"}, {"qubits": [4], "gate": "sx", "parameters": [{"date": "2021-9-16", "name": "gate_error", "unit": "", "value": 0.0002282144910659784}, {"date": "2021-9-16", "name": "gate_length", "unit": "ns", "value": 35.55555555555556}], "name": "sx4"}, {"qubits": [5], "gate": "sx", "parameters": [{"date": "2021-9-16", "name": "gate_error", "unit": "", "value": 0.0002105680771891229}, {"date": "2021-9-16", "name": "gate_length", "unit": "ns", "value": 35.55555555555556}], "name": "sx5"}, {"qubits": [6], "gate": "sx", "parameters": [{"date": "2021-9-16", "name": "gate_error", "unit": "", "value": 0.00023998887868910103}, {"date": "2021-9-16", "name": "gate_length", "unit": "ns", "value": 35.55555555555556}], "name": "sx6"}, {"qubits": [0], "gate": "x", "parameters": [{"date": "2021-9-16", "name": "gate_error", "unit": "", "value": 0.00026052087655414674}, {"date": "2021-9-16", "name": "gate_length", "unit": "ns", "value": 35.55555555555556}], "name": "x0"}, {"qubits": [1], "gate": "x", "parameters": [{"date": "2021-9-16", "name": "gate_error", "unit": "", "value": 0.0006762427314086834}, {"date": "2021-9-16", "name": "gate_length", "unit": "ns", "value": 35.55555555555556}], "name": "x1"}, {"qubits": [2], "gate": "x", "parameters": [{"date": "2021-9-16", "name": "gate_error", "unit": "", "value": 0.0003861480994746919}, {"date": "2021-9-16", "name": "gate_length", "unit": "ns", "value": 35.55555555555556}], "name": "x2"}, {"qubits": [3], "gate": "x", "parameters": [{"date": "2021-9-16", "name": "gate_error", "unit": "", "value": 0.00019027782287626778}, {"date": "2021-9-16", "name": "gate_length", "unit": "ns", "value": 35.55555555555556}], "name": "x3"}, {"qubits": [4], "gate": "x", "parameters": [{"date": "2021-9-16", "name": "gate_error", "unit": "", "value": 0.0002282144910659784}, {"date": "2021-9-16", "name": "gate_length", "unit": "ns", "value": 35.55555555555556}], "name": "x4"}, {"qubits": [5], "gate": "x", "parameters": [{"date": "2021-9-16", "name": "gate_error", "unit": "", "value": 0.0002105680771891229}, {"date": "2021-9-16", "name": "gate_length", "unit": "ns", "value": 35.55555555555556}], "name": "x5"}, {"qubits": [6], "gate": "x", "parameters": [{"date": "2021-9-16", "name": "gate_error", "unit": "", "value": 0.00023998887868910103}, {"date": "2021-9-16", "name": "gate_length", "unit": "ns", "value": 35.55555555555556}], "name": "x6"}, {"qubits": [5, 4], "gate": "cx", "parameters": [{"date": "2021-9-16", "name": "gate_error", "unit": "", "value": 0.00664803048084131}, {"date": "2021-9-13", "name": "gate_length", "unit": "ns", "value": 327.1111111111111}], "name": "cx5_4"}, {"qubits": [4, 5], "gate": "cx", "parameters": [{"date": "2021-9-16", "name": "gate_error", "unit": "", "value": 0.00664803048084131}, {"date": "2021-9-13", "name": "gate_length", "unit": "ns", "value": 362.66666666666663}], "name": "cx4_5"}, {"qubits": [3, 1], "gate": "cx", "parameters": [{"date": "2021-9-16", "name": "gate_error", "unit": "", "value": 0.015181525588270267}, {"date": "2021-9-13", "name": "gate_length", "unit": "ns", "value": 298.66666666666663}], "name": "cx3_1"}, {"qubits": [1, 3], "gate": "cx", "parameters": [{"date": "2021-9-16", "name": "gate_error", "unit": "", "value": 0.015181525588270267}, {"date": "2021-9-13", "name": "gate_length", "unit": "ns", "value": 334.22222222222223}], "name": "cx1_3"}, {"qubits": [5, 6], "gate": "cx", "parameters": [{"date": "2021-9-16", "name": "gate_error", "unit": "", "value": 0.004163809482428726}, {"date": "2021-9-13", "name": "gate_length", "unit": "ns", "value": 256}], "name": "cx5_6"}, {"qubits": [6, 5], "gate": "cx", "parameters": [{"date": "2021-9-16", "name": "gate_error", "unit": "", "value": 0.004163809482428726}, {"date": "2021-9-13", "name": "gate_length", "unit": "ns", "value": 291.55555555555554}], "name": "cx6_5"}, {"qubits": [5, 3], "gate": "cx", "parameters": [{"date": "2021-9-16", "name": "gate_error", "unit": "", "value": 0.004486360575280429}, {"date": "2021-9-13", "name": "gate_length", "unit": "ns", "value": 298.66666666666663}], "name": "cx5_3"}, {"qubits": [3, 5], "gate": "cx", "parameters": [{"date": "2021-9-16", "name": "gate_error", "unit": "", "value": 0.004486360575280429}, {"date": "2021-9-13", "name": "gate_length", "unit": "ns", "value": 334.22222222222223}], "name": "cx3_5"}, {"qubits": [2, 1], "gate": "cx", "parameters": [{"date": "2021-9-16", "name": "gate_error", "unit": "", "value": 0.01096541787237218}, {"date": "2021-9-13", "name": "gate_length", "unit": "ns", "value": 291.55555555555554}], "name": "cx2_1"}, {"qubits": [1, 2], "gate": "cx", "parameters": [{"date": "2021-9-16", "name": "gate_error", "unit": "", "value": 0.01096541787237218}, {"date": "2021-9-13", "name": "gate_length", "unit": "ns", "value": 327.1111111111111}], "name": "cx1_2"}, {"qubits": [0, 1], "gate": "cx", "parameters": [{"date": "2021-9-16", "name": "gate_error", "unit": "", "value": 0.014003158648000585}, {"date": "2021-9-13", "name": "gate_length", "unit": "ns", "value": 305.77777777777777}], "name": "cx0_1"}, {"qubits": [1, 0], "gate": "cx", "parameters": [{"date": "2021-9-16", "name": "gate_error", "unit": "", "value": 0.014003158648000585}, {"date": "2021-9-13", "name": "gate_length", "unit": "ns", "value": 341.3333333333333}], "name": "cx1_0"}, {"qubits": [0], "gate": "reset", "parameters": [{"date": "2021-9-16", "name": "gate_length", "unit": "ns", "value": 1002.6666666666666}], "name": "reset0"}, {"qubits": [1], "gate": "reset", "parameters": [{"date": "2021-9-16", "name": "gate_length", "unit": "ns", "value": 1002.6666666666666}], "name": "reset1"}, {"qubits": [2], "gate": "reset", "parameters": [{"date": "2021-9-16", "name": "gate_length", "unit": "ns", "value": 995.5555555555555}], "name": "reset2"}, {"qubits": [3], "gate": "reset", "parameters": [{"date": "2021-9-16", "name": "gate_length", "unit": "ns", "value": 988.4444444444443}], "name": "reset3"}, {"qubits": [4], "gate": "reset", "parameters": [{"date": "2021-9-16", "name": "gate_length", "unit": "ns", "value": 1002.6666666666666}], "name": "reset4"}, {"qubits": [5], "gate": "reset", "parameters": [{"date": "2021-9-16", "name": "gate_length", "unit": "ns", "value": 1002.6666666666666}], "name": "reset5"}, {"qubits": [6], "gate": "reset", "parameters": [{"date": "2021-9-16", "name": "gate_length", "unit": "ns", "value": 988.4444444444443}], "name": "reset6"}], "general": [{"date": "2021-9-16", "name": "jq_01", "unit": "GHz", "value": 0.0017239661070310697}, {"date": "2021-9-16", "name": "zz_01", "unit": "GHz", "value": -4.1551259389276154e-05}, {"date": "2021-9-16", "name": "jq_12", "unit": "GHz", "value": 0.003306427365570105}, {"date": "2021-9-16", "name": "zz_12", "unit": "GHz", "value": -0.00013691896518548322}, {"date": "2021-9-16", "name": "jq_45", "unit": "GHz", "value": 0.0033964931013144256}, {"date": "2021-9-16", "name": "zz_45", "unit": "GHz", "value": -0.00015134337521539932}, {"date": "2021-9-16", "name": "jq_56", "unit": "GHz", "value": 0.0032394441256406383}, {"date": "2021-9-16", "name": "zz_56", "unit": "GHz", "value": -0.0001381127844927418}, {"date": "2021-9-16", "name": "jq_13", "unit": "GHz", "value": 0.003219077603102807}, {"date": "2021-9-16", "name": "zz_13", "unit": "GHz", "value": -0.00013509145307819546}, {"date": "2021-9-16", "name": "jq_35", "unit": "GHz", "value": 0.0023455196332844842}, {"date": "2021-9-16", "name": "zz_35", "unit": "GHz", "value": -9.35336850076191e-05}]}