{"backend_name": "ibm_lagos", "backend_version": "1.0.3", "last_update_date": "2021-8-26", "qubits": [[{"date": "2021-8-26", "name": "T1", "unit": "us", "value": 135.21835867612785}, {"date": "2021-8-26", "name": "T2", "unit": "us", "value": 28.58457154000809}, {"date": "2021-8-26", "name": "frequency", "unit": "GHz", "value": 5.2352674044910765}, {"date": "2021-8-26", "name": "anharmonicity", "unit": "GHz", "value": -0.33986713855915607}, {"date": "2021-8-26", "name": "readout_error", "unit": "", "value": 0.01859999999999995}, {"date": "2021-8-26", "name": "prob_meas0_prep1", "unit": "", "value": 0.0152}, {"date": "2021-8-26", "name": "prob_meas1_prep0", "unit": "", "value": 0.02200000000000002}, {"date": "2021-8-26", "name": "readout_length", "unit": "ns", "value": 704}], [{"date": "2021-8-26", "name": "T1", "unit": "us", "value": 107.49504783525046}, {"date": "2021-8-26", "name": "T2", "unit": "us", "value": 91.82262214388193}, {"date": "2021-8-26", "name": "frequency", "unit": "GHz", "value": 5.099376836513642}, {"date": "2021-8-26", "name": "anharmonicity", "unit": "GHz", "value": -0.3432484042938357}, {"date": "2021-8-26", "name": "readout_error", "unit": "", "value": 0.008900000000000019}, {"date": "2021-8-26", "name": "prob_meas0_prep1", "unit": "", "value": 0.0112}, {"date": "2021-8-26", "name": "prob_meas1_prep0", "unit": "", "value": 0.00660000000000005}, {"date": "2021-8-26", "name": "readout_length", "unit": "ns", "value": 704}], [{"date": "2021-8-26", "name": "T1", "unit": "us", "value": 118.77792518164962}, {"date": "2021-8-26", "name": "T2", "unit": "us", "value": 125.43820002476483}, {"date": "2021-8-26", "name": "frequency", "unit": "GHz", "value": 5.1878805116870925}, {"date": "2021-8-26", "name": "anharmonicity", "unit": "GHz", "value": -0.3419316690031256}, {"date": "2021-8-26", "name": "readout_error", "unit": "", "value": 0.005099999999999993}, {"date": "2021-8-26", "name": "prob_meas0_prep1", "unit": "", "value": 0.0072}, {"date": "2021-8-26", "name": "prob_meas1_prep0", "unit": "", "value": 0.0030000000000000027}, {"date": "2021-8-26", "name": "readout_length", "unit": "ns", "value": 704}], [{"date": "2021-8-26", "name": "T1", "unit": "us", "value": 138.38636007771274}, {"date": "2021-8-26", "name": "T2", "unit": "us", "value": 112.34596160893943}, {"date": "2021-8-26", "name": "frequency", "unit": "GHz", "value": 4.986859844145252}, {"date": "2021-8-26", "name": "anharmonicity", "unit": "GHz", "value": -0.3452928861203798}, {"date": "2021-8-26", "name": "readout_error", "unit": "", "value": 0.007400000000000073}, {"date": "2021-8-26", "name": "prob_meas0_prep1", "unit": "", "value": 0.0112}, {"date": "2021-8-26", "name": "prob_meas1_prep0", "unit": "", "value": 0.0036000000000000476}, {"date": "2021-8-26", "name": "readout_length", "unit": "ns", "value": 704}], [{"date": "2021-8-26", "name": "T1", "unit": "us", "value": 113.93403754764265}, {"date": "2021-8-26", "name": "T2", "unit": "us", "value": 30.050266771749605}, {"date": "2021-8-26", "name": "frequency", "unit": "GHz", "value": 5.285359854176693}, {"date": "2021-8-26", "name": "anharmonicity", "unit": "GHz", "value": -0.3392342674107948}, {"date": "2021-8-26", "name": "readout_error", "unit": "", "value": 0.008099999999999996}, {"date": "2021-8-26", "name": "prob_meas0_prep1", "unit": "", "value": 0.009000000000000008}, {"date": "2021-8-26", "name": "prob_meas1_prep0", "unit": "", "value": 0.0072}, {"date": "2021-8-26", "name": "readout_length", "unit": "ns", "value": 704}], [{"date": "2021-8-26", "name": "T1", "unit": "us", "value": 161.02289288665241}, {"date": "2021-8-26", "name": "T2", "unit": "us", "value": 85.29751011881103}, {"date": "2021-8-26", "name": "frequency", "unit": "GHz", "value": 5.176863365604244}, {"date": "2021-8-26", "name": "anharmonicity", "unit": "GHz", "value": -0.34079297245074963}, {"date": "2021-8-26", "name": "readout_error", "unit": "", "value": 0.0132000000000001}, {"date": "2021-8-26", "name": "prob_meas0_prep1", "unit": "", "value": 0.0178}, {"date": "2021-8-26", "name": "prob_meas1_prep0", "unit": "", "value": 0.008600000000000052}, {"date": "2021-8-26", "name": "readout_length", "unit": "ns", "value": 704}], [{"date": "2021-8-26", "name": "T1", "unit": "us", "value": 150.98732639521685}, {"date": "2021-8-26", "name": "T2", "unit": "us", "value": 127.52781470739447}, {"date": "2021-8-26", "name": "frequency", "unit": "GHz", "value": 5.064100641023258}, {"date": "2021-8-26", "name": "anharmonicity", "unit": "GHz", "value": -0.34275836537159754}, {"date": "2021-8-26", "name": "readout_error", "unit": "", "value": 0.007600000000000051}, {"date": "2021-8-26", "name": "prob_meas0_prep1", "unit": "", "value": 0.009}, {"date": "2021-8-26", "name": "prob_meas1_prep0", "unit": "", "value": 0.006199999999999983}, {"date": "2021-8-26", "name": "readout_length", "unit": "ns", "value": 704}]], "gates": [{"qubits": [0], "gate": "id", "parameters": [{"date": "2021-8-26", "name": "gate_error", "unit": "", "value": 0.00025910547417950353}, {"date": "2021-8-26", "name": "gate_length", "unit": "ns", "value": 35.55555555555556}], "name": "id0"}, {"qubits": [1], "gate": "id", "parameters": [{"date": "2021-8-26", "name": "gate_error", "unit": "", "value": 0.00035343904588729856}, {"date": "2021-8-26", "name": "gate_length", "unit": "ns", "value": 35.55555555555556}], "name": "id1"}, {"qubits": [2], "gate": "id", "parameters": [{"date": "2021-8-26", "name": "gate_error", "unit": "", "value": 0.0001891051499497268}, {"date": "2021-8-26", "name": "gate_length", "unit": "ns", "value": 35.55555555555556}], "name": "id2"}, {"qubits": [3], "gate": "id", "parameters": [{"date": "2021-8-26", "name": "gate_error", "unit": "", "value": 0.00020637009474083247}, {"date": "2021-8-26", "name": "gate_length", "unit": "ns", "value": 35.55555555555556}], "name": "id3"}, {"qubits": [4], "gate": "id", "parameters": [{"date": "2021-8-26", "name": "gate_error", "unit": "", "value": 0.00016321150142766872}, {"date": "2021-8-26", "name": "gate_length", "unit": "ns", "value": 35.55555555555556}], "name": "id4"}, {"qubits": [5], "gate": "id", "parameters": [{"date": "2021-8-26", "name": "gate_error", "unit": "", "value": 0.0002859983150914227}, {"date": "2021-8-26", "name": "gate_length", "unit": "ns", "value": 35.55555555555556}], "name": "id5"}, {"qubits": [6], "gate": "id", "parameters": [{"date": "2021-8-26", "name": "gate_error", "unit": "", "value": 0.00016620404288964218}, {"date": "2021-8-26", "name": "gate_length", "unit": "ns", "value": 35.55555555555556}], "name": "id6"}, {"qubits": [0], "gate": "rz", "parameters": [{"date": "2021-8-26", "name": "gate_error", "unit": "", "value": 0}, {"date": "2021-8-26", "name": "gate_length", "unit": "ns", "value": 0}], "name": "rz0"}, {"qubits": [1], "gate": "rz", "parameters": [{"date": "2021-8-26", "name": "gate_error", "unit": "", "value": 0}, {"date": "2021-8-26", "name": "gate_length", "unit": "ns", "value": 0}], "name": "rz1"}, {"qubits": [2], "gate": "rz", "parameters": [{"date": "2021-8-26", "name": "gate_error", "unit": "", "value": 0}, {"date": "2021-8-26", "name": "gate_length", "unit": "ns", "value": 0}], "name": "rz2"}, {"qubits": [3], "gate": "rz", "parameters": [{"date": "2021-8-26", "name": "gate_error", "unit": "", "value": 0}, {"date": "2021-8-26", "name": "gate_length", "unit": "ns", "value": 0}], "name": "rz3"}, {"qubits": [4], "gate": "rz", "parameters": [{"date": "2021-8-26", "name": "gate_error", "unit": "", "value": 0}, {"date": "2021-8-26", "name": "gate_length", "unit": "ns", "value": 0}], "name": "rz4"}, {"qubits": [5], "gate": "rz", "parameters": [{"date": "2021-8-26", "name": "gate_error", "unit": "", "value": 0}, {"date": "2021-8-26", "name": "gate_length", "unit": "ns", "value": 0}], "name": "rz5"}, {"qubits": [6], "gate": "rz", "parameters": [{"date": "2021-8-26", "name": "gate_error", "unit": "", "value": 0}, {"date": "2021-8-26", "name": "gate_length", "unit": "ns", "value": 0}], "name": "rz6"}, {"qubits": [0], "gate": "sx", "parameters": [{"date": "2021-8-26", "name": "gate_error", "unit": "", "value": 0.00025910547417950353}, {"date": "2021-8-26", "name": "gate_length", "unit": "ns", "value": 35.55555555555556}], "name": "sx0"}, {"qubits": [1], "gate": "sx", "parameters": [{"date": "2021-8-26", "name": "gate_error", "unit": "", "value": 0.00035343904588729856}, {"date": "2021-8-26", "name": "gate_length", "unit": "ns", "value": 35.55555555555556}], "name": "sx1"}, {"qubits": [2], "gate": "sx", "parameters": [{"date": "2021-8-26", "name": "gate_error", "unit": "", "value": 0.0001891051499497268}, {"date": "2021-8-26", "name": "gate_length", "unit": "ns", "value": 35.55555555555556}], "name": "sx2"}, {"qubits": [3], "gate": "sx", "parameters": [{"date": "2021-8-26", "name": "gate_error", "unit": "", "value": 0.00020637009474083247}, {"date": "2021-8-26", "name": "gate_length", "unit": "ns", "value": 35.55555555555556}], "name": "sx3"}, {"qubits": [4], "gate": "sx", "parameters": [{"date": "2021-8-26", "name": "gate_error", "unit": "", "value": 0.00016321150142766872}, {"date": "2021-8-26", "name": "gate_length", "unit": "ns", "value": 35.55555555555556}], "name": "sx4"}, {"qubits": [5], "gate": "sx", "parameters": [{"date": "2021-8-26", "name": "gate_error", "unit": "", "value": 0.0002859983150914227}, {"date": "2021-8-26", "name": "gate_length", "unit": "ns", "value": 35.55555555555556}], "name": "sx5"}, {"qubits": [6], "gate": "sx", "parameters": [{"date": "2021-8-26", "name": "gate_error", "unit": "", "value": 0.00016620404288964218}, {"date": "2021-8-26", "name": "gate_length", "unit": "ns", "value": 35.55555555555556}], "name": "sx6"}, {"qubits": [0], "gate": "x", "parameters": [{"date": "2021-8-26", "name": "gate_error", "unit": "", "value": 0.00025910547417950353}, {"date": "2021-8-26", "name": "gate_length", "unit": "ns", "value": 35.55555555555556}], "name": "x0"}, {"qubits": [1], "gate": "x", "parameters": [{"date": "2021-8-26", "name": "gate_error", "unit": "", "value": 0.00035343904588729856}, {"date": "2021-8-26", "name": "gate_length", "unit": "ns", "value": 35.55555555555556}], "name": "x1"}, {"qubits": [2], "gate": "x", "parameters": [{"date": "2021-8-26", "name": "gate_error", "unit": "", "value": 0.0001891051499497268}, {"date": "2021-8-26", "name": "gate_length", "unit": "ns", "value": 35.55555555555556}], "name": "x2"}, {"qubits": [3], "gate": "x", "parameters": [{"date": "2021-8-26", "name": "gate_error", "unit": "", "value": 0.00020637009474083247}, {"date": "2021-8-26", "name": "gate_length", "unit": "ns", "value": 35.55555555555556}], "name": "x3"}, {"qubits": [4], "gate": "x", "parameters": [{"date": "2021-8-26", "name": "gate_error", "unit": "", "value": 0.00016321150142766872}, {"date": "2021-8-26", "name": "gate_length", "unit": "ns", "value": 35.55555555555556}], "name": "x4"}, {"qubits": [5], "gate": "x", "parameters": [{"date": "2021-8-26", "name": "gate_error", "unit": "", "value": 0.0002859983150914227}, {"date": "2021-8-26", "name": "gate_length", "unit": "ns", "value": 35.55555555555556}], "name": "x5"}, {"qubits": [6], "gate": "x", "parameters": [{"date": "2021-8-26", "name": "gate_error", "unit": "", "value": 0.00016620404288964218}, {"date": "2021-8-26", "name": "gate_length", "unit": "ns", "value": 35.55555555555556}], "name": "x6"}, {"qubits": [5, 4], "gate": "cx", "parameters": [{"date": "2021-8-26", "name": "gate_error", "unit": "", "value": 0.005648583140100499}, {"date": "2021-8-23", "name": "gate_length", "unit": "ns", "value": 327.1111111111111}], "name": "cx5_4"}, {"qubits": [4, 5], "gate": "cx", "parameters": [{"date": "2021-8-26", "name": "gate_error", "unit": "", "value": 0.005648583140100499}, {"date": "2021-8-23", "name": "gate_length", "unit": "ns", "value": 362.66666666666663}], "name": "cx4_5"}, {"qubits": [3, 1], "gate": "cx", "parameters": [{"date": "2021-8-26", "name": "gate_error", "unit": "", "value": 0.006992659728696615}, {"date": "2021-8-23", "name": "gate_length", "unit": "ns", "value": 298.66666666666663}], "name": "cx3_1"}, {"qubits": [1, 3], "gate": "cx", "parameters": [{"date": "2021-8-26", "name": "gate_error", "unit": "", "value": 0.006992659728696615}, {"date": "2021-8-23", "name": "gate_length", "unit": "ns", "value": 334.22222222222223}], "name": "cx1_3"}, {"qubits": [5, 6], "gate": "cx", "parameters": [{"date": "2021-8-26", "name": "gate_error", "unit": "", "value": 0.004250127851229801}, {"date": "2021-8-23", "name": "gate_length", "unit": "ns", "value": 256}], "name": "cx5_6"}, {"qubits": [6, 5], "gate": "cx", "parameters": [{"date": "2021-8-26", "name": "gate_error", "unit": "", "value": 0.004250127851229801}, {"date": "2021-8-23", "name": "gate_length", "unit": "ns", "value": 291.55555555555554}], "name": "cx6_5"}, {"qubits": [5, 3], "gate": "cx", "parameters": [{"date": "2021-8-26", "name": "gate_error", "unit": "", "value": 0.004363864153648145}, {"date": "2021-8-23", "name": "gate_length", "unit": "ns", "value": 298.66666666666663}], "name": "cx5_3"}, {"qubits": [3, 5], "gate": "cx", "parameters": [{"date": "2021-8-26", "name": "gate_error", "unit": "", "value": 0.004363864153648145}, {"date": "2021-8-23", "name": "gate_length", "unit": "ns", "value": 334.22222222222223}], "name": "cx3_5"}, {"qubits": [2, 1], "gate": "cx", "parameters": [{"date": "2021-8-26", "name": "gate_error", "unit": "", "value": 0.006417368221739356}, {"date": "2021-8-23", "name": "gate_length", "unit": "ns", "value": 291.55555555555554}], "name": "cx2_1"}, {"qubits": [1, 2], "gate": "cx", "parameters": [{"date": "2021-8-26", "name": "gate_error", "unit": "", "value": 0.006417368221739356}, {"date": "2021-8-23", "name": "gate_length", "unit": "ns", "value": 327.1111111111111}], "name": "cx1_2"}, {"qubits": [0, 1], "gate": "cx", "parameters": [{"date": "2021-8-26", "name": "gate_error", "unit": "", "value": 0.010177528476615932}, {"date": "2021-8-23", "name": "gate_length", "unit": "ns", "value": 305.77777777777777}], "name": "cx0_1"}, {"qubits": [1, 0], "gate": "cx", "parameters": [{"date": "2021-8-26", "name": "gate_error", "unit": "", "value": 0.010177528476615932}, {"date": "2021-8-23", "name": "gate_length", "unit": "ns", "value": 341.3333333333333}], "name": "cx1_0"}, {"qubits": [0], "gate": "reset", "parameters": [{"date": "2021-8-26", "name": "gate_length", "unit": "ns", "value": 1002.6666666666666}], "name": "reset0"}, {"qubits": [1], "gate": "reset", "parameters": [{"date": "2021-8-26", "name": "gate_length", "unit": "ns", "value": 1002.6666666666666}], "name": "reset1"}, {"qubits": [2], "gate": "reset", "parameters": [{"date": "2021-8-26", "name": "gate_length", "unit": "ns", "value": 995.5555555555555}], "name": "reset2"}, {"qubits": [3], "gate": "reset", "parameters": [{"date": "2021-8-26", "name": "gate_length", "unit": "ns", "value": 988.4444444444443}], "name": "reset3"}, {"qubits": [4], "gate": "reset", "parameters": [{"date": "2021-8-26", "name": "gate_length", "unit": "ns", "value": 1002.6666666666666}], "name": "reset4"}, {"qubits": [5], "gate": "reset", "parameters": [{"date": "2021-8-26", "name": "gate_length", "unit": "ns", "value": 1002.6666666666666}], "name": "reset5"}, {"qubits": [6], "gate": "reset", "parameters": [{"date": "2021-8-26", "name": "gate_length", "unit": "ns", "value": 988.4444444444443}], "name": "reset6"}], "general": [{"date": "2021-8-26", "name": "jq_01", "unit": "GHz", "value": 0.0017239661070310697}, {"date": "2021-8-26", "name": "zz_01", "unit": "GHz", "value": -4.1551259389276154e-05}, {"date": "2021-8-26", "name": "jq_12", "unit": "GHz", "value": 0.003306427365570105}, {"date": "2021-8-26", "name": "zz_12", "unit": "GHz", "value": -0.00013691896518548322}, {"date": "2021-8-26", "name": "jq_45", "unit": "GHz", "value": 0.0033964931013144256}, {"date": "2021-8-26", "name": "zz_45", "unit": "GHz", "value": -0.00015134337521539932}, {"date": "2021-8-26", "name": "jq_56", "unit": "GHz", "value": 0.0032394441256406383}, {"date": "2021-8-26", "name": "zz_56", "unit": "GHz", "value": -0.0001381127844927418}, {"date": "2021-8-26", "name": "jq_13", "unit": "GHz", "value": 0.003219077603102807}, {"date": "2021-8-26", "name": "zz_13", "unit": "GHz", "value": -0.00013509145307819546}, {"date": "2021-8-26", "name": "jq_35", "unit": "GHz", "value": 0.0023455196332844842}, {"date": "2021-8-26", "name": "zz_35", "unit": "GHz", "value": -9.35336850076191e-05}]}