{"backend_name": "ibm_lagos", "backend_version": "1.0.3", "last_update_date": "2021-9-3", "qubits": [[{"date": "2021-9-3", "name": "T1", "unit": "us", "value": 87.61467452334804}, {"date": "2021-9-3", "name": "T2", "unit": "us", "value": 41.813097866842625}, {"date": "2021-9-3", "name": "frequency", "unit": "GHz", "value": 5.235283960277544}, {"date": "2021-9-3", "name": "anharmonicity", "unit": "GHz", "value": -0.33986713855915607}, {"date": "2021-9-3", "name": "readout_error", "unit": "", "value": 0.012599999999999945}, {"date": "2021-9-3", "name": "prob_meas0_prep1", "unit": "", "value": 0.0146}, {"date": "2021-9-3", "name": "prob_meas1_prep0", "unit": "", "value": 0.010600000000000054}, {"date": "2021-9-3", "name": "readout_length", "unit": "ns", "value": 704}], [{"date": "2021-9-3", "name": "T1", "unit": "us", "value": 90.58677517500215}, {"date": "2021-9-3", "name": "T2", "unit": "us", "value": 113.9571859273723}, {"date": "2021-9-3", "name": "frequency", "unit": "GHz", "value": 5.099413092883693}, {"date": "2021-9-3", "name": "anharmonicity", "unit": "GHz", "value": -0.3432484042938357}, {"date": "2021-9-3", "name": "readout_error", "unit": "", "value": 0.010399999999999965}, {"date": "2021-9-3", "name": "prob_meas0_prep1", "unit": "", "value": 0.0114}, {"date": "2021-9-3", "name": "prob_meas1_prep0", "unit": "", "value": 0.009399999999999964}, {"date": "2021-9-3", "name": "readout_length", "unit": "ns", "value": 704}], [{"date": "2021-9-3", "name": "T1", "unit": "us", "value": 120.53613048398272}, {"date": "2021-9-3", "name": "T2", "unit": "us", "value": 94.20791862650482}, {"date": "2021-9-3", "name": "frequency", "unit": "GHz", "value": 5.187915304837213}, {"date": "2021-9-3", "name": "anharmonicity", "unit": "GHz", "value": -0.3419316690031256}, {"date": "2021-9-3", "name": "readout_error", "unit": "", "value": 0.011099999999999999}, {"date": "2021-9-3", "name": "prob_meas0_prep1", "unit": "", "value": 0.0118}, {"date": "2021-9-3", "name": "prob_meas1_prep0", "unit": "", "value": 0.010399999999999965}, {"date": "2021-9-3", "name": "readout_length", "unit": "ns", "value": 704}], [{"date": "2021-9-3", "name": "T1", "unit": "us", "value": 135.66799080793768}, {"date": "2021-9-3", "name": "T2", "unit": "us", "value": 97.99113972745077}, {"date": "2021-9-3", "name": "frequency", "unit": "GHz", "value": 4.986854670340656}, {"date": "2021-9-3", "name": "anharmonicity", "unit": "GHz", "value": -0.3452928861203798}, {"date": "2021-9-3", "name": "readout_error", "unit": "", "value": 0.005900000000000016}, {"date": "2021-9-3", "name": "prob_meas0_prep1", "unit": "", "value": 0.0072}, {"date": "2021-9-3", "name": "prob_meas1_prep0", "unit": "", "value": 0.0046000000000000485}, {"date": "2021-9-3", "name": "readout_length", "unit": "ns", "value": 704}], [{"date": "2021-9-3", "name": "T1", "unit": "us", "value": 127.60627193085587}, {"date": "2021-9-3", "name": "T2", "unit": "us", "value": 33.66244844006418}, {"date": "2021-9-3", "name": "frequency", "unit": "GHz", "value": 5.285334794569727}, {"date": "2021-9-3", "name": "anharmonicity", "unit": "GHz", "value": -0.3392342674107948}, {"date": "2021-9-3", "name": "readout_error", "unit": "", "value": 0.007400000000000073}, {"date": "2021-9-3", "name": "prob_meas0_prep1", "unit": "", "value": 0.008000000000000007}, {"date": "2021-9-3", "name": "prob_meas1_prep0", "unit": "", "value": 0.0068}, {"date": "2021-9-3", "name": "readout_length", "unit": "ns", "value": 704}], [{"date": "2021-9-3", "name": "T1", "unit": "us", "value": 148.7402525029884}, {"date": "2021-9-3", "name": "T2", "unit": "us", "value": 93.25863922728279}, {"date": "2021-9-3", "name": "frequency", "unit": "GHz", "value": 5.1768661190949095}, {"date": "2021-9-3", "name": "anharmonicity", "unit": "GHz", "value": -0.34079297245074963}, {"date": "2021-9-3", "name": "readout_error", "unit": "", "value": 0.011600000000000055}, {"date": "2021-9-3", "name": "prob_meas0_prep1", "unit": "", "value": 0.013}, {"date": "2021-9-3", "name": "prob_meas1_prep0", "unit": "", "value": 0.010199999999999987}, {"date": "2021-9-3", "name": "readout_length", "unit": "ns", "value": 704}], [{"date": "2021-9-3", "name": "T1", "unit": "us", "value": 144.4672608328464}, {"date": "2021-9-3", "name": "T2", "unit": "us", "value": 83.84172357089007}, {"date": "2021-9-3", "name": "frequency", "unit": "GHz", "value": 5.064100136421067}, {"date": "2021-9-3", "name": "anharmonicity", "unit": "GHz", "value": -0.34275836537159754}, {"date": "2021-9-3", "name": "readout_error", "unit": "", "value": 0.007600000000000051}, {"date": "2021-9-3", "name": "prob_meas0_prep1", "unit": "", "value": 0.0108}, {"date": "2021-9-3", "name": "prob_meas1_prep0", "unit": "", "value": 0.0043999999999999595}, {"date": "2021-9-3", "name": "readout_length", "unit": "ns", "value": 704}]], "gates": [{"qubits": [0], "gate": "id", "parameters": [{"date": "2021-9-3", "name": "gate_error", "unit": "", "value": 0.0002665704836976311}, {"date": "2021-9-3", "name": "gate_length", "unit": "ns", "value": 35.55555555555556}], "name": "id0"}, {"qubits": [1], "gate": "id", "parameters": [{"date": "2021-9-3", "name": "gate_error", "unit": "", "value": 0.00018460544797802722}, {"date": "2021-9-3", "name": "gate_length", "unit": "ns", "value": 35.55555555555556}], "name": "id1"}, {"qubits": [2], "gate": "id", "parameters": [{"date": "2021-9-3", "name": "gate_error", "unit": "", "value": 0.00023017167917577336}, {"date": "2021-9-3", "name": "gate_length", "unit": "ns", "value": 35.55555555555556}], "name": "id2"}, {"qubits": [3], "gate": "id", "parameters": [{"date": "2021-9-3", "name": "gate_error", "unit": "", "value": 0.00013906394785587195}, {"date": "2021-9-3", "name": "gate_length", "unit": "ns", "value": 35.55555555555556}], "name": "id3"}, {"qubits": [4], "gate": "id", "parameters": [{"date": "2021-9-3", "name": "gate_error", "unit": "", "value": 0.000227860870972426}, {"date": "2021-9-3", "name": "gate_length", "unit": "ns", "value": 35.55555555555556}], "name": "id4"}, {"qubits": [5], "gate": "id", "parameters": [{"date": "2021-9-3", "name": "gate_error", "unit": "", "value": 0.000213502694530781}, {"date": "2021-9-3", "name": "gate_length", "unit": "ns", "value": 35.55555555555556}], "name": "id5"}, {"qubits": [6], "gate": "id", "parameters": [{"date": "2021-9-3", "name": "gate_error", "unit": "", "value": 0.00022057338164276297}, {"date": "2021-9-3", "name": "gate_length", "unit": "ns", "value": 35.55555555555556}], "name": "id6"}, {"qubits": [0], "gate": "rz", "parameters": [{"date": "2021-9-3", "name": "gate_error", "unit": "", "value": 0}, {"date": "2021-9-3", "name": "gate_length", "unit": "ns", "value": 0}], "name": "rz0"}, {"qubits": [1], "gate": "rz", "parameters": [{"date": "2021-9-3", "name": "gate_error", "unit": "", "value": 0}, {"date": "2021-9-3", "name": "gate_length", "unit": "ns", "value": 0}], "name": "rz1"}, {"qubits": [2], "gate": "rz", "parameters": [{"date": "2021-9-3", "name": "gate_error", "unit": "", "value": 0}, {"date": "2021-9-3", "name": "gate_length", "unit": "ns", "value": 0}], "name": "rz2"}, {"qubits": [3], "gate": "rz", "parameters": [{"date": "2021-9-3", "name": "gate_error", "unit": "", "value": 0}, {"date": "2021-9-3", "name": "gate_length", "unit": "ns", "value": 0}], "name": "rz3"}, {"qubits": [4], "gate": "rz", "parameters": [{"date": "2021-9-3", "name": "gate_error", "unit": "", "value": 0}, {"date": "2021-9-3", "name": "gate_length", "unit": "ns", "value": 0}], "name": "rz4"}, {"qubits": [5], "gate": "rz", "parameters": [{"date": "2021-9-3", "name": "gate_error", "unit": "", "value": 0}, {"date": "2021-9-3", "name": "gate_length", "unit": "ns", "value": 0}], "name": "rz5"}, {"qubits": [6], "gate": "rz", "parameters": [{"date": "2021-9-3", "name": "gate_error", "unit": "", "value": 0}, {"date": "2021-9-3", "name": "gate_length", "unit": "ns", "value": 0}], "name": "rz6"}, {"qubits": [0], "gate": "sx", "parameters": [{"date": "2021-9-3", "name": "gate_error", "unit": "", "value": 0.0002665704836976311}, {"date": "2021-9-3", "name": "gate_length", "unit": "ns", "value": 35.55555555555556}], "name": "sx0"}, {"qubits": [1], "gate": "sx", "parameters": [{"date": "2021-9-3", "name": "gate_error", "unit": "", "value": 0.00018460544797802722}, {"date": "2021-9-3", "name": "gate_length", "unit": "ns", "value": 35.55555555555556}], "name": "sx1"}, {"qubits": [2], "gate": "sx", "parameters": [{"date": "2021-9-3", "name": "gate_error", "unit": "", "value": 0.00023017167917577336}, {"date": "2021-9-3", "name": "gate_length", "unit": "ns", "value": 35.55555555555556}], "name": "sx2"}, {"qubits": [3], "gate": "sx", "parameters": [{"date": "2021-9-3", "name": "gate_error", "unit": "", "value": 0.00013906394785587195}, {"date": "2021-9-3", "name": "gate_length", "unit": "ns", "value": 35.55555555555556}], "name": "sx3"}, {"qubits": [4], "gate": "sx", "parameters": [{"date": "2021-9-3", "name": "gate_error", "unit": "", "value": 0.000227860870972426}, {"date": "2021-9-3", "name": "gate_length", "unit": "ns", "value": 35.55555555555556}], "name": "sx4"}, {"qubits": [5], "gate": "sx", "parameters": [{"date": "2021-9-3", "name": "gate_error", "unit": "", "value": 0.000213502694530781}, {"date": "2021-9-3", "name": "gate_length", "unit": "ns", "value": 35.55555555555556}], "name": "sx5"}, {"qubits": [6], "gate": "sx", "parameters": [{"date": "2021-9-3", "name": "gate_error", "unit": "", "value": 0.00022057338164276297}, {"date": "2021-9-3", "name": "gate_length", "unit": "ns", "value": 35.55555555555556}], "name": "sx6"}, {"qubits": [0], "gate": "x", "parameters": [{"date": "2021-9-3", "name": "gate_error", "unit": "", "value": 0.0002665704836976311}, {"date": "2021-9-3", "name": "gate_length", "unit": "ns", "value": 35.55555555555556}], "name": "x0"}, {"qubits": [1], "gate": "x", "parameters": [{"date": "2021-9-3", "name": "gate_error", "unit": "", "value": 0.00018460544797802722}, {"date": "2021-9-3", "name": "gate_length", "unit": "ns", "value": 35.55555555555556}], "name": "x1"}, {"qubits": [2], "gate": "x", "parameters": [{"date": "2021-9-3", "name": "gate_error", "unit": "", "value": 0.00023017167917577336}, {"date": "2021-9-3", "name": "gate_length", "unit": "ns", "value": 35.55555555555556}], "name": "x2"}, {"qubits": [3], "gate": "x", "parameters": [{"date": "2021-9-3", "name": "gate_error", "unit": "", "value": 0.00013906394785587195}, {"date": "2021-9-3", "name": "gate_length", "unit": "ns", "value": 35.55555555555556}], "name": "x3"}, {"qubits": [4], "gate": "x", "parameters": [{"date": "2021-9-3", "name": "gate_error", "unit": "", "value": 0.000227860870972426}, {"date": "2021-9-3", "name": "gate_length", "unit": "ns", "value": 35.55555555555556}], "name": "x4"}, {"qubits": [5], "gate": "x", "parameters": [{"date": "2021-9-3", "name": "gate_error", "unit": "", "value": 0.000213502694530781}, {"date": "2021-9-3", "name": "gate_length", "unit": "ns", "value": 35.55555555555556}], "name": "x5"}, {"qubits": [6], "gate": "x", "parameters": [{"date": "2021-9-3", "name": "gate_error", "unit": "", "value": 0.00022057338164276297}, {"date": "2021-9-3", "name": "gate_length", "unit": "ns", "value": 35.55555555555556}], "name": "x6"}, {"qubits": [5, 4], "gate": "cx", "parameters": [{"date": "2021-9-3", "name": "gate_error", "unit": "", "value": 0.005113854672398166}, {"date": "2021-8-31", "name": "gate_length", "unit": "ns", "value": 327.1111111111111}], "name": "cx5_4"}, {"qubits": [4, 5], "gate": "cx", "parameters": [{"date": "2021-9-3", "name": "gate_error", "unit": "", "value": 0.005113854672398166}, {"date": "2021-8-31", "name": "gate_length", "unit": "ns", "value": 362.66666666666663}], "name": "cx4_5"}, {"qubits": [3, 1], "gate": "cx", "parameters": [{"date": "2021-9-3", "name": "gate_error", "unit": "", "value": 0.003823919287914951}, {"date": "2021-8-31", "name": "gate_length", "unit": "ns", "value": 298.66666666666663}], "name": "cx3_1"}, {"qubits": [1, 3], "gate": "cx", "parameters": [{"date": "2021-9-3", "name": "gate_error", "unit": "", "value": 0.003823919287914951}, {"date": "2021-8-31", "name": "gate_length", "unit": "ns", "value": 334.22222222222223}], "name": "cx1_3"}, {"qubits": [5, 6], "gate": "cx", "parameters": [{"date": "2021-9-3", "name": "gate_error", "unit": "", "value": 0.00408987252382087}, {"date": "2021-8-31", "name": "gate_length", "unit": "ns", "value": 256}], "name": "cx5_6"}, {"qubits": [6, 5], "gate": "cx", "parameters": [{"date": "2021-9-3", "name": "gate_error", "unit": "", "value": 0.00408987252382087}, {"date": "2021-8-31", "name": "gate_length", "unit": "ns", "value": 291.55555555555554}], "name": "cx6_5"}, {"qubits": [5, 3], "gate": "cx", "parameters": [{"date": "2021-9-3", "name": "gate_error", "unit": "", "value": 0.004409247218591178}, {"date": "2021-8-31", "name": "gate_length", "unit": "ns", "value": 298.66666666666663}], "name": "cx5_3"}, {"qubits": [3, 5], "gate": "cx", "parameters": [{"date": "2021-9-3", "name": "gate_error", "unit": "", "value": 0.004409247218591178}, {"date": "2021-8-31", "name": "gate_length", "unit": "ns", "value": 334.22222222222223}], "name": "cx3_5"}, {"qubits": [2, 1], "gate": "cx", "parameters": [{"date": "2021-9-3", "name": "gate_error", "unit": "", "value": 0.005431546511962565}, {"date": "2021-8-31", "name": "gate_length", "unit": "ns", "value": 291.55555555555554}], "name": "cx2_1"}, {"qubits": [1, 2], "gate": "cx", "parameters": [{"date": "2021-9-3", "name": "gate_error", "unit": "", "value": 0.005431546511962565}, {"date": "2021-8-31", "name": "gate_length", "unit": "ns", "value": 327.1111111111111}], "name": "cx1_2"}, {"qubits": [0, 1], "gate": "cx", "parameters": [{"date": "2021-9-3", "name": "gate_error", "unit": "", "value": 0.0069333478622934375}, {"date": "2021-8-31", "name": "gate_length", "unit": "ns", "value": 305.77777777777777}], "name": "cx0_1"}, {"qubits": [1, 0], "gate": "cx", "parameters": [{"date": "2021-9-3", "name": "gate_error", "unit": "", "value": 0.0069333478622934375}, {"date": "2021-8-31", "name": "gate_length", "unit": "ns", "value": 341.3333333333333}], "name": "cx1_0"}, {"qubits": [0], "gate": "reset", "parameters": [{"date": "2021-9-3", "name": "gate_length", "unit": "ns", "value": 1002.6666666666666}], "name": "reset0"}, {"qubits": [1], "gate": "reset", "parameters": [{"date": "2021-9-3", "name": "gate_length", "unit": "ns", "value": 1002.6666666666666}], "name": "reset1"}, {"qubits": [2], "gate": "reset", "parameters": [{"date": "2021-9-3", "name": "gate_length", "unit": "ns", "value": 995.5555555555555}], "name": "reset2"}, {"qubits": [3], "gate": "reset", "parameters": [{"date": "2021-9-3", "name": "gate_length", "unit": "ns", "value": 988.4444444444443}], "name": "reset3"}, {"qubits": [4], "gate": "reset", "parameters": [{"date": "2021-9-3", "name": "gate_length", "unit": "ns", "value": 1002.6666666666666}], "name": "reset4"}, {"qubits": [5], "gate": "reset", "parameters": [{"date": "2021-9-3", "name": "gate_length", "unit": "ns", "value": 1002.6666666666666}], "name": "reset5"}, {"qubits": [6], "gate": "reset", "parameters": [{"date": "2021-9-3", "name": "gate_length", "unit": "ns", "value": 988.4444444444443}], "name": "reset6"}], "general": [{"date": "2021-9-3", "name": "jq_01", "unit": "GHz", "value": 0.0017239661070310697}, {"date": "2021-9-3", "name": "zz_01", "unit": "GHz", "value": -4.1551259389276154e-05}, {"date": "2021-9-3", "name": "jq_12", "unit": "GHz", "value": 0.003306427365570105}, {"date": "2021-9-3", "name": "zz_12", "unit": "GHz", "value": -0.00013691896518548322}, {"date": "2021-9-3", "name": "jq_45", "unit": "GHz", "value": 0.0033964931013144256}, {"date": "2021-9-3", "name": "zz_45", "unit": "GHz", "value": -0.00015134337521539932}, {"date": "2021-9-3", "name": "jq_56", "unit": "GHz", "value": 0.0032394441256406383}, {"date": "2021-9-3", "name": "zz_56", "unit": "GHz", "value": -0.0001381127844927418}, {"date": "2021-9-3", "name": "jq_13", "unit": "GHz", "value": 0.003219077603102807}, {"date": "2021-9-3", "name": "zz_13", "unit": "GHz", "value": -0.00013509145307819546}, {"date": "2021-9-3", "name": "jq_35", "unit": "GHz", "value": 0.0023455196332844842}, {"date": "2021-9-3", "name": "zz_35", "unit": "GHz", "value": -9.35336850076191e-05}]}