{"backend_name": "ibm_lagos", "backend_version": "1.0.12", "last_update_date": "2021-11-3", "qubits": [[{"date": "2021-11-3", "name": "T1", "unit": "us", "value": 168.12256132618097}, {"date": "2021-11-3", "name": "T2", "unit": "us", "value": 28.61653253939009}, {"date": "2021-11-3", "name": "frequency", "unit": "GHz", "value": 5.235453444071906}, {"date": "2021-11-3", "name": "anharmonicity", "unit": "GHz", "value": -0.33986713855915607}, {"date": "2021-11-3", "name": "readout_error", "unit": "", "value": 0.005600000000000049}, {"date": "2021-11-3", "name": "prob_meas0_prep1", "unit": "", "value": 0.0074}, {"date": "2021-11-3", "name": "prob_meas1_prep0", "unit": "", "value": 0.0038000000000000256}, {"date": "2021-11-3", "name": "readout_length", "unit": "ns", "value": 704}], [{"date": "2021-11-3", "name": "T1", "unit": "us", "value": 94.42898434294102}, {"date": "2021-11-3", "name": "T2", "unit": "us", "value": 8.438831217909758}, {"date": "2021-11-3", "name": "frequency", "unit": "GHz", "value": 5.09940586235889}, {"date": "2021-11-3", "name": "anharmonicity", "unit": "GHz", "value": -0.3432484042938357}, {"date": "2021-11-3", "name": "readout_error", "unit": "", "value": 0.011700000000000044}, {"date": "2021-11-3", "name": "prob_meas0_prep1", "unit": "", "value": 0.0162}, {"date": "2021-11-3", "name": "prob_meas1_prep0", "unit": "", "value": 0.007199999999999984}, {"date": "2021-11-3", "name": "readout_length", "unit": "ns", "value": 704}], [{"date": "2021-11-3", "name": "T1", "unit": "us", "value": 105.26021019000525}, {"date": "2021-11-3", "name": "T2", "unit": "us", "value": 143.33673334639815}, {"date": "2021-11-3", "name": "frequency", "unit": "GHz", "value": 5.187894899387415}, {"date": "2021-11-3", "name": "anharmonicity", "unit": "GHz", "value": -0.3419316690031256}, {"date": "2021-11-3", "name": "readout_error", "unit": "", "value": 0.03309999999999991}, {"date": "2021-11-3", "name": "prob_meas0_prep1", "unit": "", "value": 0.0246}, {"date": "2021-11-3", "name": "prob_meas1_prep0", "unit": "", "value": 0.04159999999999997}, {"date": "2021-11-3", "name": "readout_length", "unit": "ns", "value": 704}], [{"date": "2021-11-3", "name": "T1", "unit": "us", "value": 98.3322065749423}, {"date": "2021-11-3", "name": "T2", "unit": "us", "value": 88.49020848415324}, {"date": "2021-11-3", "name": "frequency", "unit": "GHz", "value": 4.986861027411985}, {"date": "2021-11-3", "name": "anharmonicity", "unit": "GHz", "value": -0.3452928861203798}, {"date": "2021-11-3", "name": "readout_error", "unit": "", "value": 0.012800000000000034}, {"date": "2021-11-3", "name": "prob_meas0_prep1", "unit": "", "value": 0.015}, {"date": "2021-11-3", "name": "prob_meas1_prep0", "unit": "", "value": 0.010600000000000054}, {"date": "2021-11-3", "name": "readout_length", "unit": "ns", "value": 704}], [{"date": "2021-11-3", "name": "T1", "unit": "us", "value": 97.80671146318016}, {"date": "2021-11-3", "name": "T2", "unit": "us", "value": 22.79217446837514}, {"date": "2021-11-3", "name": "frequency", "unit": "GHz", "value": 5.285344914826553}, {"date": "2021-11-3", "name": "anharmonicity", "unit": "GHz", "value": -0.3392342674107948}, {"date": "2021-11-3", "name": "readout_error", "unit": "", "value": 0.014499999999999957}, {"date": "2021-11-3", "name": "prob_meas0_prep1", "unit": "", "value": 0.02080000000000004}, {"date": "2021-11-3", "name": "prob_meas1_prep0", "unit": "", "value": 0.0082}, {"date": "2021-11-3", "name": "readout_length", "unit": "ns", "value": 704}], [{"date": "2021-11-3", "name": "T1", "unit": "us", "value": 177.8416513053548}, {"date": "2021-11-3", "name": "T2", "unit": "us", "value": 80.82732068454263}, {"date": "2021-11-3", "name": "frequency", "unit": "GHz", "value": 5.176829305251108}, {"date": "2021-11-3", "name": "anharmonicity", "unit": "GHz", "value": -0.34079297245074963}, {"date": "2021-11-3", "name": "readout_error", "unit": "", "value": 0.012699999999999934}, {"date": "2021-11-3", "name": "prob_meas0_prep1", "unit": "", "value": 0.012}, {"date": "2021-11-3", "name": "prob_meas1_prep0", "unit": "", "value": 0.013399999999999967}, {"date": "2021-11-3", "name": "readout_length", "unit": "ns", "value": 704}], [{"date": "2021-11-3", "name": "T1", "unit": "us", "value": 146.53928877555117}, {"date": "2021-11-3", "name": "T2", "unit": "us", "value": 102.73020403400493}, {"date": "2021-11-3", "name": "frequency", "unit": "GHz", "value": 5.06412221804517}, {"date": "2021-11-3", "name": "anharmonicity", "unit": "GHz", "value": -0.34275836537159754}, {"date": "2021-11-3", "name": "readout_error", "unit": "", "value": 0.0504}, {"date": "2021-11-3", "name": "prob_meas0_prep1", "unit": "", "value": 0.0776}, {"date": "2021-11-3", "name": "prob_meas1_prep0", "unit": "", "value": 0.0232}, {"date": "2021-11-3", "name": "readout_length", "unit": "ns", "value": 704}]], "gates": [{"qubits": [0], "gate": "id", "parameters": [{"date": "2021-11-3", "name": "gate_error", "unit": "", "value": 0.00018363667502857447}, {"date": "2021-11-3", "name": "gate_length", "unit": "ns", "value": 35.55555555555556}], "name": "id0"}, {"qubits": [1], "gate": "id", "parameters": [{"date": "2021-11-3", "name": "gate_error", "unit": "", "value": 0.00023832499153557057}, {"date": "2021-11-3", "name": "gate_length", "unit": "ns", "value": 35.55555555555556}], "name": "id1"}, {"qubits": [2], "gate": "id", "parameters": [{"date": "2021-11-3", "name": "gate_error", "unit": "", "value": 0.0001574151165487738}, {"date": "2021-11-3", "name": "gate_length", "unit": "ns", "value": 35.55555555555556}], "name": "id2"}, {"qubits": [3], "gate": "id", "parameters": [{"date": "2021-11-3", "name": "gate_error", "unit": "", "value": 0.0002691745281905121}, {"date": "2021-11-3", "name": "gate_length", "unit": "ns", "value": 35.55555555555556}], "name": "id3"}, {"qubits": [4], "gate": "id", "parameters": [{"date": "2021-11-3", "name": "gate_error", "unit": "", "value": 0.0006959660502113114}, {"date": "2021-11-3", "name": "gate_length", "unit": "ns", "value": 35.55555555555556}], "name": "id4"}, {"qubits": [5], "gate": "id", "parameters": [{"date": "2021-11-3", "name": "gate_error", "unit": "", "value": 0.00017211790656138857}, {"date": "2021-11-3", "name": "gate_length", "unit": "ns", "value": 35.55555555555556}], "name": "id5"}, {"qubits": [6], "gate": "id", "parameters": [{"date": "2021-11-3", "name": "gate_error", "unit": "", "value": 0.0006288320098758063}, {"date": "2021-11-3", "name": "gate_length", "unit": "ns", "value": 35.55555555555556}], "name": "id6"}, {"qubits": [0], "gate": "rz", "parameters": [{"date": "2021-11-3", "name": "gate_error", "unit": "", "value": 0}, {"date": "2021-11-3", "name": "gate_length", "unit": "ns", "value": 0}], "name": "rz0"}, {"qubits": [1], "gate": "rz", "parameters": [{"date": "2021-11-3", "name": "gate_error", "unit": "", "value": 0}, {"date": "2021-11-3", "name": "gate_length", "unit": "ns", "value": 0}], "name": "rz1"}, {"qubits": [2], "gate": "rz", "parameters": [{"date": "2021-11-3", "name": "gate_error", "unit": "", "value": 0}, {"date": "2021-11-3", "name": "gate_length", "unit": "ns", "value": 0}], "name": "rz2"}, {"qubits": [3], "gate": "rz", "parameters": [{"date": "2021-11-3", "name": "gate_error", "unit": "", "value": 0}, {"date": "2021-11-3", "name": "gate_length", "unit": "ns", "value": 0}], "name": "rz3"}, {"qubits": [4], "gate": "rz", "parameters": [{"date": "2021-11-3", "name": "gate_error", "unit": "", "value": 0}, {"date": "2021-11-3", "name": "gate_length", "unit": "ns", "value": 0}], "name": "rz4"}, {"qubits": [5], "gate": "rz", "parameters": [{"date": "2021-11-3", "name": "gate_error", "unit": "", "value": 0}, {"date": "2021-11-3", "name": "gate_length", "unit": "ns", "value": 0}], "name": "rz5"}, {"qubits": [6], "gate": "rz", "parameters": [{"date": "2021-11-3", "name": "gate_error", "unit": "", "value": 0}, {"date": "2021-11-3", "name": "gate_length", "unit": "ns", "value": 0}], "name": "rz6"}, {"qubits": [0], "gate": "sx", "parameters": [{"date": "2021-11-3", "name": "gate_error", "unit": "", "value": 0.00018363667502857447}, {"date": "2021-11-3", "name": "gate_length", "unit": "ns", "value": 35.55555555555556}], "name": "sx0"}, {"qubits": [1], "gate": "sx", "parameters": [{"date": "2021-11-3", "name": "gate_error", "unit": "", "value": 0.00023832499153557057}, {"date": "2021-11-3", "name": "gate_length", "unit": "ns", "value": 35.55555555555556}], "name": "sx1"}, {"qubits": [2], "gate": "sx", "parameters": [{"date": "2021-11-3", "name": "gate_error", "unit": "", "value": 0.0001574151165487738}, {"date": "2021-11-3", "name": "gate_length", "unit": "ns", "value": 35.55555555555556}], "name": "sx2"}, {"qubits": [3], "gate": "sx", "parameters": [{"date": "2021-11-3", "name": "gate_error", "unit": "", "value": 0.0002691745281905121}, {"date": "2021-11-3", "name": "gate_length", "unit": "ns", "value": 35.55555555555556}], "name": "sx3"}, {"qubits": [4], "gate": "sx", "parameters": [{"date": "2021-11-3", "name": "gate_error", "unit": "", "value": 0.0006959660502113114}, {"date": "2021-11-3", "name": "gate_length", "unit": "ns", "value": 35.55555555555556}], "name": "sx4"}, {"qubits": [5], "gate": "sx", "parameters": [{"date": "2021-11-3", "name": "gate_error", "unit": "", "value": 0.00017211790656138857}, {"date": "2021-11-3", "name": "gate_length", "unit": "ns", "value": 35.55555555555556}], "name": "sx5"}, {"qubits": [6], "gate": "sx", "parameters": [{"date": "2021-11-3", "name": "gate_error", "unit": "", "value": 0.0006288320098758063}, {"date": "2021-11-3", "name": "gate_length", "unit": "ns", "value": 35.55555555555556}], "name": "sx6"}, {"qubits": [0], "gate": "x", "parameters": [{"date": "2021-11-3", "name": "gate_error", "unit": "", "value": 0.00018363667502857447}, {"date": "2021-11-3", "name": "gate_length", "unit": "ns", "value": 35.55555555555556}], "name": "x0"}, {"qubits": [1], "gate": "x", "parameters": [{"date": "2021-11-3", "name": "gate_error", "unit": "", "value": 0.00023832499153557057}, {"date": "2021-11-3", "name": "gate_length", "unit": "ns", "value": 35.55555555555556}], "name": "x1"}, {"qubits": [2], "gate": "x", "parameters": [{"date": "2021-11-3", "name": "gate_error", "unit": "", "value": 0.0001574151165487738}, {"date": "2021-11-3", "name": "gate_length", "unit": "ns", "value": 35.55555555555556}], "name": "x2"}, {"qubits": [3], "gate": "x", "parameters": [{"date": "2021-11-3", "name": "gate_error", "unit": "", "value": 0.0002691745281905121}, {"date": "2021-11-3", "name": "gate_length", "unit": "ns", "value": 35.55555555555556}], "name": "x3"}, {"qubits": [4], "gate": "x", "parameters": [{"date": "2021-11-3", "name": "gate_error", "unit": "", "value": 0.0006959660502113114}, {"date": "2021-11-3", "name": "gate_length", "unit": "ns", "value": 35.55555555555556}], "name": "x4"}, {"qubits": [5], "gate": "x", "parameters": [{"date": "2021-11-3", "name": "gate_error", "unit": "", "value": 0.00017211790656138857}, {"date": "2021-11-3", "name": "gate_length", "unit": "ns", "value": 35.55555555555556}], "name": "x5"}, {"qubits": [6], "gate": "x", "parameters": [{"date": "2021-11-3", "name": "gate_error", "unit": "", "value": 0.0006288320098758063}, {"date": "2021-11-3", "name": "gate_length", "unit": "ns", "value": 35.55555555555556}], "name": "x6"}, {"qubits": [5, 4], "gate": "cx", "parameters": [{"date": "2021-11-3", "name": "gate_error", "unit": "", "value": 0.008707478040754224}, {"date": "2021-10-31", "name": "gate_length", "unit": "ns", "value": 327.1111111111111}], "name": "cx5_4"}, {"qubits": [4, 5], "gate": "cx", "parameters": [{"date": "2021-11-3", "name": "gate_error", "unit": "", "value": 0.008707478040754224}, {"date": "2021-10-31", "name": "gate_length", "unit": "ns", "value": 362.66666666666663}], "name": "cx4_5"}, {"qubits": [3, 1], "gate": "cx", "parameters": [{"date": "2021-11-3", "name": "gate_error", "unit": "", "value": 0.009097580494879187}, {"date": "2021-10-31", "name": "gate_length", "unit": "ns", "value": 298.66666666666663}], "name": "cx3_1"}, {"qubits": [1, 3], "gate": "cx", "parameters": [{"date": "2021-11-3", "name": "gate_error", "unit": "", "value": 0.009097580494879187}, {"date": "2021-10-31", "name": "gate_length", "unit": "ns", "value": 334.22222222222223}], "name": "cx1_3"}, {"qubits": [5, 6], "gate": "cx", "parameters": [{"date": "2021-11-3", "name": "gate_error", "unit": "", "value": 0.010531511604319366}, {"date": "2021-10-31", "name": "gate_length", "unit": "ns", "value": 256}], "name": "cx5_6"}, {"qubits": [6, 5], "gate": "cx", "parameters": [{"date": "2021-11-3", "name": "gate_error", "unit": "", "value": 0.010531511604319366}, {"date": "2021-10-31", "name": "gate_length", "unit": "ns", "value": 291.55555555555554}], "name": "cx6_5"}, {"qubits": [5, 3], "gate": "cx", "parameters": [{"date": "2021-11-3", "name": "gate_error", "unit": "", "value": 0.007430575849693893}, {"date": "2021-10-31", "name": "gate_length", "unit": "ns", "value": 298.66666666666663}], "name": "cx5_3"}, {"qubits": [3, 5], "gate": "cx", "parameters": [{"date": "2021-11-3", "name": "gate_error", "unit": "", "value": 0.007430575849693893}, {"date": "2021-10-31", "name": "gate_length", "unit": "ns", "value": 334.22222222222223}], "name": "cx3_5"}, {"qubits": [2, 1], "gate": "cx", "parameters": [{"date": "2021-11-3", "name": "gate_error", "unit": "", "value": 0.03127468150002577}, {"date": "2021-10-31", "name": "gate_length", "unit": "ns", "value": 291.55555555555554}], "name": "cx2_1"}, {"qubits": [1, 2], "gate": "cx", "parameters": [{"date": "2021-11-3", "name": "gate_error", "unit": "", "value": 0.03127468150002577}, {"date": "2021-10-31", "name": "gate_length", "unit": "ns", "value": 327.1111111111111}], "name": "cx1_2"}, {"qubits": [0, 1], "gate": "cx", "parameters": [{"date": "2021-11-3", "name": "gate_error", "unit": "", "value": 0.009779234412440468}, {"date": "2021-10-31", "name": "gate_length", "unit": "ns", "value": 305.77777777777777}], "name": "cx0_1"}, {"qubits": [1, 0], "gate": "cx", "parameters": [{"date": "2021-11-3", "name": "gate_error", "unit": "", "value": 0.009779234412440468}, {"date": "2021-10-31", "name": "gate_length", "unit": "ns", "value": 341.3333333333333}], "name": "cx1_0"}, {"qubits": [0], "gate": "reset", "parameters": [{"date": "2021-11-3", "name": "gate_length", "unit": "ns", "value": 1002.6666666666666}], "name": "reset0"}, {"qubits": [1], "gate": "reset", "parameters": [{"date": "2021-11-3", "name": "gate_length", "unit": "ns", "value": 1002.6666666666666}], "name": "reset1"}, {"qubits": [2], "gate": "reset", "parameters": [{"date": "2021-11-3", "name": "gate_length", "unit": "ns", "value": 995.5555555555555}], "name": "reset2"}, {"qubits": [3], "gate": "reset", "parameters": [{"date": "2021-11-3", "name": "gate_length", "unit": "ns", "value": 988.4444444444443}], "name": "reset3"}, {"qubits": [4], "gate": "reset", "parameters": [{"date": "2021-11-3", "name": "gate_length", "unit": "ns", "value": 1002.6666666666666}], "name": "reset4"}, {"qubits": [5], "gate": "reset", "parameters": [{"date": "2021-11-3", "name": "gate_length", "unit": "ns", "value": 1002.6666666666666}], "name": "reset5"}, {"qubits": [6], "gate": "reset", "parameters": [{"date": "2021-11-3", "name": "gate_length", "unit": "ns", "value": 988.4444444444443}], "name": "reset6"}], "general": [{"date": "2021-11-3", "name": "jq_01", "unit": "GHz", "value": 0.0017239661070310697}, {"date": "2021-11-3", "name": "zz_01", "unit": "GHz", "value": -4.1551259389276154e-05}, {"date": "2021-11-3", "name": "jq_12", "unit": "GHz", "value": 0.003306427365570105}, {"date": "2021-11-3", "name": "zz_12", "unit": "GHz", "value": -0.00013691896518548322}, {"date": "2021-11-3", "name": "jq_45", "unit": "GHz", "value": 0.0033964931013144256}, {"date": "2021-11-3", "name": "zz_45", "unit": "GHz", "value": -0.00015134337521539932}, {"date": "2021-11-3", "name": "jq_56", "unit": "GHz", "value": 0.0032394441256406383}, {"date": "2021-11-3", "name": "zz_56", "unit": "GHz", "value": -0.0001381127844927418}, {"date": "2021-11-3", "name": "jq_13", "unit": "GHz", "value": 0.003219077603102807}, {"date": "2021-11-3", "name": "zz_13", "unit": "GHz", "value": -0.00013509145307819546}, {"date": "2021-11-3", "name": "jq_35", "unit": "GHz", "value": 0.0023455196332844842}, {"date": "2021-11-3", "name": "zz_35", "unit": "GHz", "value": -9.35336850076191e-05}]}