{"backend_name": "ibm_lagos", "backend_version": "1.0.17", "last_update_date": "2021-12-6", "qubits": [[{"date": "2021-12-6", "name": "T1", "unit": "us", "value": 167.68259968867105}, {"date": "2021-12-6", "name": "T2", "unit": "us", "value": 41.71808321234905}, {"date": "2021-12-6", "name": "frequency", "unit": "GHz", "value": 5.23518161195819}, {"date": "2021-12-6", "name": "anharmonicity", "unit": "GHz", "value": -0.33986713855915607}, {"date": "2021-12-6", "name": "readout_error", "unit": "", "value": 0.0131}, {"date": "2021-12-6", "name": "prob_meas0_prep1", "unit": "", "value": 0.0146}, {"date": "2021-12-6", "name": "prob_meas1_prep0", "unit": "", "value": 0.011600000000000055}, {"date": "2021-12-6", "name": "readout_length", "unit": "ns", "value": 704}], [{"date": "2021-12-6", "name": "T1", "unit": "us", "value": 122.75210718021626}, {"date": "2021-12-6", "name": "T2", "unit": "us", "value": 101.0243187544384}, {"date": "2021-12-6", "name": "frequency", "unit": "GHz", "value": 5.099582986143671}, {"date": "2021-12-6", "name": "anharmonicity", "unit": "GHz", "value": -0.3432484042938357}, {"date": "2021-12-6", "name": "readout_error", "unit": "", "value": 0.008299999999999974}, {"date": "2021-12-6", "name": "prob_meas0_prep1", "unit": "", "value": 0.0092}, {"date": "2021-12-6", "name": "prob_meas1_prep0", "unit": "", "value": 0.007399999999999962}, {"date": "2021-12-6", "name": "readout_length", "unit": "ns", "value": 704}], [{"date": "2021-12-6", "name": "T1", "unit": "us", "value": 153.32495395143573}, {"date": "2021-12-6", "name": "T2", "unit": "us", "value": 159.99146070899963}, {"date": "2021-12-6", "name": "frequency", "unit": "GHz", "value": 5.188393800787746}, {"date": "2021-12-6", "name": "anharmonicity", "unit": "GHz", "value": -0.3419316690031256}, {"date": "2021-12-6", "name": "readout_error", "unit": "", "value": 0.005199999999999982}, {"date": "2021-12-6", "name": "prob_meas0_prep1", "unit": "", "value": 0.007}, {"date": "2021-12-6", "name": "prob_meas1_prep0", "unit": "", "value": 0.0033999999999999586}, {"date": "2021-12-6", "name": "readout_length", "unit": "ns", "value": 704}], [{"date": "2021-12-6", "name": "T1", "unit": "us", "value": 151.43896366305174}, {"date": "2021-12-6", "name": "T2", "unit": "us", "value": 157.4171183662059}, {"date": "2021-12-6", "name": "frequency", "unit": "GHz", "value": 4.987480411836042}, {"date": "2021-12-6", "name": "anharmonicity", "unit": "GHz", "value": -0.3452928861203798}, {"date": "2021-12-6", "name": "readout_error", "unit": "", "value": 0.018399999999999972}, {"date": "2021-12-6", "name": "prob_meas0_prep1", "unit": "", "value": 0.0156}, {"date": "2021-12-6", "name": "prob_meas1_prep0", "unit": "", "value": 0.021199999999999997}, {"date": "2021-12-6", "name": "readout_length", "unit": "ns", "value": 704}], [{"date": "2021-12-6", "name": "T1", "unit": "us", "value": 93.04319660531658}, {"date": "2021-12-6", "name": "T2", "unit": "us", "value": 46.71510249809963}, {"date": "2021-12-6", "name": "frequency", "unit": "GHz", "value": 5.285332218014846}, {"date": "2021-12-6", "name": "anharmonicity", "unit": "GHz", "value": -0.3392342674107948}, {"date": "2021-12-6", "name": "readout_error", "unit": "", "value": 0.014499999999999957}, {"date": "2021-12-6", "name": "prob_meas0_prep1", "unit": "", "value": 0.015599999999999947}, {"date": "2021-12-6", "name": "prob_meas1_prep0", "unit": "", "value": 0.0134}, {"date": "2021-12-6", "name": "readout_length", "unit": "ns", "value": 704}], [{"date": "2021-12-6", "name": "T1", "unit": "us", "value": 133.40459807498806}, {"date": "2021-12-6", "name": "T2", "unit": "us", "value": 115.47622429124765}, {"date": "2021-12-6", "name": "frequency", "unit": "GHz", "value": 5.176178657312427}, {"date": "2021-12-6", "name": "anharmonicity", "unit": "GHz", "value": -0.34079297245074963}, {"date": "2021-12-6", "name": "readout_error", "unit": "", "value": 0.0121}, {"date": "2021-12-6", "name": "prob_meas0_prep1", "unit": "", "value": 0.0136}, {"date": "2021-12-6", "name": "prob_meas1_prep0", "unit": "", "value": 0.010600000000000054}, {"date": "2021-12-6", "name": "readout_length", "unit": "ns", "value": 704}], [{"date": "2021-12-6", "name": "T1", "unit": "us", "value": 108.73072279886529}, {"date": "2021-12-6", "name": "T2", "unit": "us", "value": 119.70284855776632}, {"date": "2021-12-6", "name": "frequency", "unit": "GHz", "value": 5.063767096684011}, {"date": "2021-12-6", "name": "anharmonicity", "unit": "GHz", "value": -0.34275836537159754}, {"date": "2021-12-6", "name": "readout_error", "unit": "", "value": 0.03510000000000002}, {"date": "2021-12-6", "name": "prob_meas0_prep1", "unit": "", "value": 0.06540000000000001}, {"date": "2021-12-6", "name": "prob_meas1_prep0", "unit": "", "value": 0.0048}, {"date": "2021-12-6", "name": "readout_length", "unit": "ns", "value": 704}]], "gates": [{"qubits": [0], "gate": "id", "parameters": [{"date": "2021-12-6", "name": "gate_error", "unit": "", "value": 0.00026092436166150353}, {"date": "2021-12-6", "name": "gate_length", "unit": "ns", "value": 35.55555555555556}], "name": "id0"}, {"qubits": [1], "gate": "id", "parameters": [{"date": "2021-12-6", "name": "gate_error", "unit": "", "value": 0.00016312070956285113}, {"date": "2021-12-6", "name": "gate_length", "unit": "ns", "value": 35.55555555555556}], "name": "id1"}, {"qubits": [2], "gate": "id", "parameters": [{"date": "2021-12-6", "name": "gate_error", "unit": "", "value": 0.0001935700182960629}, {"date": "2021-12-6", "name": "gate_length", "unit": "ns", "value": 35.55555555555556}], "name": "id2"}, {"qubits": [3], "gate": "id", "parameters": [{"date": "2021-12-6", "name": "gate_error", "unit": "", "value": 0.00017689258851946897}, {"date": "2021-12-6", "name": "gate_length", "unit": "ns", "value": 35.55555555555556}], "name": "id3"}, {"qubits": [4], "gate": "id", "parameters": [{"date": "2021-12-6", "name": "gate_error", "unit": "", "value": 0.0002701780904494666}, {"date": "2021-12-6", "name": "gate_length", "unit": "ns", "value": 35.55555555555556}], "name": "id4"}, {"qubits": [5], "gate": "id", "parameters": [{"date": "2021-12-6", "name": "gate_error", "unit": "", "value": 0.00018308899041528904}, {"date": "2021-12-6", "name": "gate_length", "unit": "ns", "value": 35.55555555555556}], "name": "id5"}, {"qubits": [6], "gate": "id", "parameters": [{"date": "2021-12-6", "name": "gate_error", "unit": "", "value": 0.019430651902861345}, {"date": "2021-12-6", "name": "gate_length", "unit": "ns", "value": 35.55555555555556}], "name": "id6"}, {"qubits": [0], "gate": "rz", "parameters": [{"date": "2021-12-6", "name": "gate_error", "unit": "", "value": 0}, {"date": "2021-12-6", "name": "gate_length", "unit": "ns", "value": 0}], "name": "rz0"}, {"qubits": [1], "gate": "rz", "parameters": [{"date": "2021-12-6", "name": "gate_error", "unit": "", "value": 0}, {"date": "2021-12-6", "name": "gate_length", "unit": "ns", "value": 0}], "name": "rz1"}, {"qubits": [2], "gate": "rz", "parameters": [{"date": "2021-12-6", "name": "gate_error", "unit": "", "value": 0}, {"date": "2021-12-6", "name": "gate_length", "unit": "ns", "value": 0}], "name": "rz2"}, {"qubits": [3], "gate": "rz", "parameters": [{"date": "2021-12-6", "name": "gate_error", "unit": "", "value": 0}, {"date": "2021-12-6", "name": "gate_length", "unit": "ns", "value": 0}], "name": "rz3"}, {"qubits": [4], "gate": "rz", "parameters": [{"date": "2021-12-6", "name": "gate_error", "unit": "", "value": 0}, {"date": "2021-12-6", "name": "gate_length", "unit": "ns", "value": 0}], "name": "rz4"}, {"qubits": [5], "gate": "rz", "parameters": [{"date": "2021-12-6", "name": "gate_error", "unit": "", "value": 0}, {"date": "2021-12-6", "name": "gate_length", "unit": "ns", "value": 0}], "name": "rz5"}, {"qubits": [6], "gate": "rz", "parameters": [{"date": "2021-12-6", "name": "gate_error", "unit": "", "value": 0}, {"date": "2021-12-6", "name": "gate_length", "unit": "ns", "value": 0}], "name": "rz6"}, {"qubits": [0], "gate": "sx", "parameters": [{"date": "2021-12-6", "name": "gate_error", "unit": "", "value": 0.00026092436166150353}, {"date": "2021-12-6", "name": "gate_length", "unit": "ns", "value": 35.55555555555556}], "name": "sx0"}, {"qubits": [1], "gate": "sx", "parameters": [{"date": "2021-12-6", "name": "gate_error", "unit": "", "value": 0.00016312070956285113}, {"date": "2021-12-6", "name": "gate_length", "unit": "ns", "value": 35.55555555555556}], "name": "sx1"}, {"qubits": [2], "gate": "sx", "parameters": [{"date": "2021-12-6", "name": "gate_error", "unit": "", "value": 0.0001935700182960629}, {"date": "2021-12-6", "name": "gate_length", "unit": "ns", "value": 35.55555555555556}], "name": "sx2"}, {"qubits": [3], "gate": "sx", "parameters": [{"date": "2021-12-6", "name": "gate_error", "unit": "", "value": 0.00017689258851946897}, {"date": "2021-12-6", "name": "gate_length", "unit": "ns", "value": 35.55555555555556}], "name": "sx3"}, {"qubits": [4], "gate": "sx", "parameters": [{"date": "2021-12-6", "name": "gate_error", "unit": "", "value": 0.0002701780904494666}, {"date": "2021-12-6", "name": "gate_length", "unit": "ns", "value": 35.55555555555556}], "name": "sx4"}, {"qubits": [5], "gate": "sx", "parameters": [{"date": "2021-12-6", "name": "gate_error", "unit": "", "value": 0.00018308899041528904}, {"date": "2021-12-6", "name": "gate_length", "unit": "ns", "value": 35.55555555555556}], "name": "sx5"}, {"qubits": [6], "gate": "sx", "parameters": [{"date": "2021-12-6", "name": "gate_error", "unit": "", "value": 0.019430651902861345}, {"date": "2021-12-6", "name": "gate_length", "unit": "ns", "value": 35.55555555555556}], "name": "sx6"}, {"qubits": [0], "gate": "x", "parameters": [{"date": "2021-12-6", "name": "gate_error", "unit": "", "value": 0.00026092436166150353}, {"date": "2021-12-6", "name": "gate_length", "unit": "ns", "value": 35.55555555555556}], "name": "x0"}, {"qubits": [1], "gate": "x", "parameters": [{"date": "2021-12-6", "name": "gate_error", "unit": "", "value": 0.00016312070956285113}, {"date": "2021-12-6", "name": "gate_length", "unit": "ns", "value": 35.55555555555556}], "name": "x1"}, {"qubits": [2], "gate": "x", "parameters": [{"date": "2021-12-6", "name": "gate_error", "unit": "", "value": 0.0001935700182960629}, {"date": "2021-12-6", "name": "gate_length", "unit": "ns", "value": 35.55555555555556}], "name": "x2"}, {"qubits": [3], "gate": "x", "parameters": [{"date": "2021-12-6", "name": "gate_error", "unit": "", "value": 0.00017689258851946897}, {"date": "2021-12-6", "name": "gate_length", "unit": "ns", "value": 35.55555555555556}], "name": "x3"}, {"qubits": [4], "gate": "x", "parameters": [{"date": "2021-12-6", "name": "gate_error", "unit": "", "value": 0.0002701780904494666}, {"date": "2021-12-6", "name": "gate_length", "unit": "ns", "value": 35.55555555555556}], "name": "x4"}, {"qubits": [5], "gate": "x", "parameters": [{"date": "2021-12-6", "name": "gate_error", "unit": "", "value": 0.00018308899041528904}, {"date": "2021-12-6", "name": "gate_length", "unit": "ns", "value": 35.55555555555556}], "name": "x5"}, {"qubits": [6], "gate": "x", "parameters": [{"date": "2021-12-6", "name": "gate_error", "unit": "", "value": 0.019430651902861345}, {"date": "2021-12-6", "name": "gate_length", "unit": "ns", "value": 35.55555555555556}], "name": "x6"}, {"qubits": [5, 4], "gate": "cx", "parameters": [{"date": "2021-12-6", "name": "gate_error", "unit": "", "value": 0.005837305846277702}, {"date": "2021-12-3", "name": "gate_length", "unit": "ns", "value": 327.1111111111111}], "name": "cx5_4"}, {"qubits": [4, 5], "gate": "cx", "parameters": [{"date": "2021-12-6", "name": "gate_error", "unit": "", "value": 0.005837305846277702}, {"date": "2021-12-3", "name": "gate_length", "unit": "ns", "value": 362.66666666666663}], "name": "cx4_5"}, {"qubits": [3, 1], "gate": "cx", "parameters": [{"date": "2021-12-6", "name": "gate_error", "unit": "", "value": 0.005241646275925993}, {"date": "2021-12-3", "name": "gate_length", "unit": "ns", "value": 298.66666666666663}], "name": "cx3_1"}, {"qubits": [1, 3], "gate": "cx", "parameters": [{"date": "2021-12-6", "name": "gate_error", "unit": "", "value": 0.005241646275925993}, {"date": "2021-12-3", "name": "gate_length", "unit": "ns", "value": 334.22222222222223}], "name": "cx1_3"}, {"qubits": [5, 6], "gate": "cx", "parameters": [{"date": "2021-12-6", "name": "gate_error", "unit": "", "value": 0.05107375913586498}, {"date": "2021-12-3", "name": "gate_length", "unit": "ns", "value": 256}], "name": "cx5_6"}, {"qubits": [6, 5], "gate": "cx", "parameters": [{"date": "2021-12-6", "name": "gate_error", "unit": "", "value": 0.05107375913586498}, {"date": "2021-12-3", "name": "gate_length", "unit": "ns", "value": 291.55555555555554}], "name": "cx6_5"}, {"qubits": [5, 3], "gate": "cx", "parameters": [{"date": "2021-12-6", "name": "gate_error", "unit": "", "value": 0.008992393033085216}, {"date": "2021-12-3", "name": "gate_length", "unit": "ns", "value": 298.66666666666663}], "name": "cx5_3"}, {"qubits": [3, 5], "gate": "cx", "parameters": [{"date": "2021-12-6", "name": "gate_error", "unit": "", "value": 0.008992393033085216}, {"date": "2021-12-3", "name": "gate_length", "unit": "ns", "value": 334.22222222222223}], "name": "cx3_5"}, {"qubits": [2, 1], "gate": "cx", "parameters": [{"date": "2021-12-6", "name": "gate_error", "unit": "", "value": 0.005702830646642759}, {"date": "2021-12-3", "name": "gate_length", "unit": "ns", "value": 291.55555555555554}], "name": "cx2_1"}, {"qubits": [1, 2], "gate": "cx", "parameters": [{"date": "2021-12-6", "name": "gate_error", "unit": "", "value": 0.005702830646642759}, {"date": "2021-12-3", "name": "gate_length", "unit": "ns", "value": 327.1111111111111}], "name": "cx1_2"}, {"qubits": [0, 1], "gate": "cx", "parameters": [{"date": "2021-12-6", "name": "gate_error", "unit": "", "value": 0.007433762416792389}, {"date": "2021-12-3", "name": "gate_length", "unit": "ns", "value": 305.77777777777777}], "name": "cx0_1"}, {"qubits": [1, 0], "gate": "cx", "parameters": [{"date": "2021-12-6", "name": "gate_error", "unit": "", "value": 0.007433762416792389}, {"date": "2021-12-3", "name": "gate_length", "unit": "ns", "value": 341.3333333333333}], "name": "cx1_0"}, {"qubits": [0], "gate": "reset", "parameters": [{"date": "2021-12-6", "name": "gate_length", "unit": "ns", "value": 1002.6666666666666}], "name": "reset0"}, {"qubits": [1], "gate": "reset", "parameters": [{"date": "2021-12-6", "name": "gate_length", "unit": "ns", "value": 1002.6666666666666}], "name": "reset1"}, {"qubits": [2], "gate": "reset", "parameters": [{"date": "2021-12-6", "name": "gate_length", "unit": "ns", "value": 995.5555555555555}], "name": "reset2"}, {"qubits": [3], "gate": "reset", "parameters": [{"date": "2021-12-6", "name": "gate_length", "unit": "ns", "value": 988.4444444444443}], "name": "reset3"}, {"qubits": [4], "gate": "reset", "parameters": [{"date": "2021-12-6", "name": "gate_length", "unit": "ns", "value": 1002.6666666666666}], "name": "reset4"}, {"qubits": [5], "gate": "reset", "parameters": [{"date": "2021-12-6", "name": "gate_length", "unit": "ns", "value": 1002.6666666666666}], "name": "reset5"}, {"qubits": [6], "gate": "reset", "parameters": [{"date": "2021-12-6", "name": "gate_length", "unit": "ns", "value": 988.4444444444443}], "name": "reset6"}], "general": [{"date": "2021-12-6", "name": "jq_01", "unit": "GHz", "value": 0.0017239661070310697}, {"date": "2021-12-6", "name": "zz_01", "unit": "GHz", "value": -4.1551259389276154e-05}, {"date": "2021-12-6", "name": "jq_12", "unit": "GHz", "value": 0.003306427365570105}, {"date": "2021-12-6", "name": "zz_12", "unit": "GHz", "value": -0.00013691896518548322}, {"date": "2021-12-6", "name": "jq_45", "unit": "GHz", "value": 0.0033964931013144256}, {"date": "2021-12-6", "name": "zz_45", "unit": "GHz", "value": -0.00015134337521539932}, {"date": "2021-12-6", "name": "jq_56", "unit": "GHz", "value": 0.0032394441256406383}, {"date": "2021-12-6", "name": "zz_56", "unit": "GHz", "value": -0.0001381127844927418}, {"date": "2021-12-6", "name": "jq_13", "unit": "GHz", "value": 0.003219077603102807}, {"date": "2021-12-6", "name": "zz_13", "unit": "GHz", "value": -0.00013509145307819546}, {"date": "2021-12-6", "name": "jq_35", "unit": "GHz", "value": 0.0023455196332844842}, {"date": "2021-12-6", "name": "zz_35", "unit": "GHz", "value": -9.35336850076191e-05}]}