{"backend_name": "ibm_lagos", "backend_version": "1.0.5", "last_update_date": "2021-10-1", "qubits": [[{"date": "2021-10-1", "name": "T1", "unit": "us", "value": 169.55092128592335}, {"date": "2021-10-1", "name": "T2", "unit": "us", "value": 34.86000045272477}, {"date": "2021-10-1", "name": "frequency", "unit": "GHz", "value": 5.2354107522216315}, {"date": "2021-10-1", "name": "anharmonicity", "unit": "GHz", "value": -0.33986713855915607}, {"date": "2021-10-1", "name": "readout_error", "unit": "", "value": 0.0504}, {"date": "2021-10-1", "name": "prob_meas0_prep1", "unit": "", "value": 0.0382}, {"date": "2021-10-1", "name": "prob_meas1_prep0", "unit": "", "value": 0.06259999999999999}, {"date": "2021-10-1", "name": "readout_length", "unit": "ns", "value": 704}], [{"date": "2021-10-1", "name": "T1", "unit": "us", "value": 68.05120018369192}, {"date": "2021-10-1", "name": "T2", "unit": "us", "value": 75.38642021177967}, {"date": "2021-10-1", "name": "frequency", "unit": "GHz", "value": 5.099413568817441}, {"date": "2021-10-1", "name": "anharmonicity", "unit": "GHz", "value": -0.3432484042938357}, {"date": "2021-10-1", "name": "readout_error", "unit": "", "value": 0.014699999999999935}, {"date": "2021-10-1", "name": "prob_meas0_prep1", "unit": "", "value": 0.021}, {"date": "2021-10-1", "name": "prob_meas1_prep0", "unit": "", "value": 0.008399999999999963}, {"date": "2021-10-1", "name": "readout_length", "unit": "ns", "value": 704}], [{"date": "2021-10-1", "name": "T1", "unit": "us", "value": 162.72071476787738}, {"date": "2021-10-1", "name": "T2", "unit": "us", "value": 135.81883566033596}, {"date": "2021-10-1", "name": "frequency", "unit": "GHz", "value": 5.187918388601283}, {"date": "2021-10-1", "name": "anharmonicity", "unit": "GHz", "value": -0.3419316690031256}, {"date": "2021-10-1", "name": "readout_error", "unit": "", "value": 0.006800000000000028}, {"date": "2021-10-1", "name": "prob_meas0_prep1", "unit": "", "value": 0.0076}, {"date": "2021-10-1", "name": "prob_meas1_prep0", "unit": "", "value": 0.006000000000000005}, {"date": "2021-10-1", "name": "readout_length", "unit": "ns", "value": 704}], [{"date": "2021-10-1", "name": "T1", "unit": "us", "value": 138.58239786315656}, {"date": "2021-10-1", "name": "T2", "unit": "us", "value": 96.04151340831305}, {"date": "2021-10-1", "name": "frequency", "unit": "GHz", "value": 4.986867265399873}, {"date": "2021-10-1", "name": "anharmonicity", "unit": "GHz", "value": -0.3452928861203798}, {"date": "2021-10-1", "name": "readout_error", "unit": "", "value": 0.007299999999999973}, {"date": "2021-10-1", "name": "prob_meas0_prep1", "unit": "", "value": 0.0094}, {"date": "2021-10-1", "name": "prob_meas1_prep0", "unit": "", "value": 0.005199999999999982}, {"date": "2021-10-1", "name": "readout_length", "unit": "ns", "value": 704}], [{"date": "2021-10-1", "name": "T1", "unit": "us", "value": 116.08635583127639}, {"date": "2021-10-1", "name": "T2", "unit": "us", "value": 27.79264448301624}, {"date": "2021-10-1", "name": "frequency", "unit": "GHz", "value": 5.2853359803209194}, {"date": "2021-10-1", "name": "anharmonicity", "unit": "GHz", "value": -0.3392342674107948}, {"date": "2021-10-1", "name": "readout_error", "unit": "", "value": 0.018199999999999994}, {"date": "2021-10-1", "name": "prob_meas0_prep1", "unit": "", "value": 0.009399999999999964}, {"date": "2021-10-1", "name": "prob_meas1_prep0", "unit": "", "value": 0.027}, {"date": "2021-10-1", "name": "readout_length", "unit": "ns", "value": 704}], [{"date": "2021-10-1", "name": "T1", "unit": "us", "value": 90.90640078603339}, {"date": "2021-10-1", "name": "T2", "unit": "us", "value": 71.52868102992709}, {"date": "2021-10-1", "name": "frequency", "unit": "GHz", "value": 5.17686315066199}, {"date": "2021-10-1", "name": "anharmonicity", "unit": "GHz", "value": -0.34079297245074963}, {"date": "2021-10-1", "name": "readout_error", "unit": "", "value": 0.0413}, {"date": "2021-10-1", "name": "prob_meas0_prep1", "unit": "", "value": 0.0172}, {"date": "2021-10-1", "name": "prob_meas1_prep0", "unit": "", "value": 0.06540000000000001}, {"date": "2021-10-1", "name": "readout_length", "unit": "ns", "value": 704}], [{"date": "2021-10-1", "name": "T1", "unit": "us", "value": 147.13747116387543}, {"date": "2021-10-1", "name": "T2", "unit": "us", "value": 85.16540416912368}, {"date": "2021-10-1", "name": "frequency", "unit": "GHz", "value": 5.064033778736648}, {"date": "2021-10-1", "name": "anharmonicity", "unit": "GHz", "value": -0.34275836537159754}, {"date": "2021-10-1", "name": "readout_error", "unit": "", "value": 0.007400000000000073}, {"date": "2021-10-1", "name": "prob_meas0_prep1", "unit": "", "value": 0.008}, {"date": "2021-10-1", "name": "prob_meas1_prep0", "unit": "", "value": 0.006800000000000028}, {"date": "2021-10-1", "name": "readout_length", "unit": "ns", "value": 704}]], "gates": [{"qubits": [0], "gate": "id", "parameters": [{"date": "2021-10-1", "name": "gate_error", "unit": "", "value": 0.0002304052966726717}, {"date": "2021-10-1", "name": "gate_length", "unit": "ns", "value": 35.55555555555556}], "name": "id0"}, {"qubits": [1], "gate": "id", "parameters": [{"date": "2021-10-1", "name": "gate_error", "unit": "", "value": 0.00019595045143654848}, {"date": "2021-10-1", "name": "gate_length", "unit": "ns", "value": 35.55555555555556}], "name": "id1"}, {"qubits": [2], "gate": "id", "parameters": [{"date": "2021-10-1", "name": "gate_error", "unit": "", "value": 0.00015111068180387677}, {"date": "2021-10-1", "name": "gate_length", "unit": "ns", "value": 35.55555555555556}], "name": "id2"}, {"qubits": [3], "gate": "id", "parameters": [{"date": "2021-10-1", "name": "gate_error", "unit": "", "value": 0.00019147777917845495}, {"date": "2021-10-1", "name": "gate_length", "unit": "ns", "value": 35.55555555555556}], "name": "id3"}, {"qubits": [4], "gate": "id", "parameters": [{"date": "2021-10-1", "name": "gate_error", "unit": "", "value": 0.00015861594862372119}, {"date": "2021-10-1", "name": "gate_length", "unit": "ns", "value": 35.55555555555556}], "name": "id4"}, {"qubits": [5], "gate": "id", "parameters": [{"date": "2021-10-1", "name": "gate_error", "unit": "", "value": 0.0002745756609103315}, {"date": "2021-10-1", "name": "gate_length", "unit": "ns", "value": 35.55555555555556}], "name": "id5"}, {"qubits": [6], "gate": "id", "parameters": [{"date": "2021-10-1", "name": "gate_error", "unit": "", "value": 0.0002844735290456407}, {"date": "2021-10-1", "name": "gate_length", "unit": "ns", "value": 35.55555555555556}], "name": "id6"}, {"qubits": [0], "gate": "rz", "parameters": [{"date": "2021-10-1", "name": "gate_error", "unit": "", "value": 0}, {"date": "2021-10-1", "name": "gate_length", "unit": "ns", "value": 0}], "name": "rz0"}, {"qubits": [1], "gate": "rz", "parameters": [{"date": "2021-10-1", "name": "gate_error", "unit": "", "value": 0}, {"date": "2021-10-1", "name": "gate_length", "unit": "ns", "value": 0}], "name": "rz1"}, {"qubits": [2], "gate": "rz", "parameters": [{"date": "2021-10-1", "name": "gate_error", "unit": "", "value": 0}, {"date": "2021-10-1", "name": "gate_length", "unit": "ns", "value": 0}], "name": "rz2"}, {"qubits": [3], "gate": "rz", "parameters": [{"date": "2021-10-1", "name": "gate_error", "unit": "", "value": 0}, {"date": "2021-10-1", "name": "gate_length", "unit": "ns", "value": 0}], "name": "rz3"}, {"qubits": [4], "gate": "rz", "parameters": [{"date": "2021-10-1", "name": "gate_error", "unit": "", "value": 0}, {"date": "2021-10-1", "name": "gate_length", "unit": "ns", "value": 0}], "name": "rz4"}, {"qubits": [5], "gate": "rz", "parameters": [{"date": "2021-10-1", "name": "gate_error", "unit": "", "value": 0}, {"date": "2021-10-1", "name": "gate_length", "unit": "ns", "value": 0}], "name": "rz5"}, {"qubits": [6], "gate": "rz", "parameters": [{"date": "2021-10-1", "name": "gate_error", "unit": "", "value": 0}, {"date": "2021-10-1", "name": "gate_length", "unit": "ns", "value": 0}], "name": "rz6"}, {"qubits": [0], "gate": "sx", "parameters": [{"date": "2021-10-1", "name": "gate_error", "unit": "", "value": 0.0002304052966726717}, {"date": "2021-10-1", "name": "gate_length", "unit": "ns", "value": 35.55555555555556}], "name": "sx0"}, {"qubits": [1], "gate": "sx", "parameters": [{"date": "2021-10-1", "name": "gate_error", "unit": "", "value": 0.00019595045143654848}, {"date": "2021-10-1", "name": "gate_length", "unit": "ns", "value": 35.55555555555556}], "name": "sx1"}, {"qubits": [2], "gate": "sx", "parameters": [{"date": "2021-10-1", "name": "gate_error", "unit": "", "value": 0.00015111068180387677}, {"date": "2021-10-1", "name": "gate_length", "unit": "ns", "value": 35.55555555555556}], "name": "sx2"}, {"qubits": [3], "gate": "sx", "parameters": [{"date": "2021-10-1", "name": "gate_error", "unit": "", "value": 0.00019147777917845495}, {"date": "2021-10-1", "name": "gate_length", "unit": "ns", "value": 35.55555555555556}], "name": "sx3"}, {"qubits": [4], "gate": "sx", "parameters": [{"date": "2021-10-1", "name": "gate_error", "unit": "", "value": 0.00015861594862372119}, {"date": "2021-10-1", "name": "gate_length", "unit": "ns", "value": 35.55555555555556}], "name": "sx4"}, {"qubits": [5], "gate": "sx", "parameters": [{"date": "2021-10-1", "name": "gate_error", "unit": "", "value": 0.0002745756609103315}, {"date": "2021-10-1", "name": "gate_length", "unit": "ns", "value": 35.55555555555556}], "name": "sx5"}, {"qubits": [6], "gate": "sx", "parameters": [{"date": "2021-10-1", "name": "gate_error", "unit": "", "value": 0.0002844735290456407}, {"date": "2021-10-1", "name": "gate_length", "unit": "ns", "value": 35.55555555555556}], "name": "sx6"}, {"qubits": [0], "gate": "x", "parameters": [{"date": "2021-10-1", "name": "gate_error", "unit": "", "value": 0.0002304052966726717}, {"date": "2021-10-1", "name": "gate_length", "unit": "ns", "value": 35.55555555555556}], "name": "x0"}, {"qubits": [1], "gate": "x", "parameters": [{"date": "2021-10-1", "name": "gate_error", "unit": "", "value": 0.00019595045143654848}, {"date": "2021-10-1", "name": "gate_length", "unit": "ns", "value": 35.55555555555556}], "name": "x1"}, {"qubits": [2], "gate": "x", "parameters": [{"date": "2021-10-1", "name": "gate_error", "unit": "", "value": 0.00015111068180387677}, {"date": "2021-10-1", "name": "gate_length", "unit": "ns", "value": 35.55555555555556}], "name": "x2"}, {"qubits": [3], "gate": "x", "parameters": [{"date": "2021-10-1", "name": "gate_error", "unit": "", "value": 0.00019147777917845495}, {"date": "2021-10-1", "name": "gate_length", "unit": "ns", "value": 35.55555555555556}], "name": "x3"}, {"qubits": [4], "gate": "x", "parameters": [{"date": "2021-10-1", "name": "gate_error", "unit": "", "value": 0.00015861594862372119}, {"date": "2021-10-1", "name": "gate_length", "unit": "ns", "value": 35.55555555555556}], "name": "x4"}, {"qubits": [5], "gate": "x", "parameters": [{"date": "2021-10-1", "name": "gate_error", "unit": "", "value": 0.0002745756609103315}, {"date": "2021-10-1", "name": "gate_length", "unit": "ns", "value": 35.55555555555556}], "name": "x5"}, {"qubits": [6], "gate": "x", "parameters": [{"date": "2021-10-1", "name": "gate_error", "unit": "", "value": 0.0002844735290456407}, {"date": "2021-10-1", "name": "gate_length", "unit": "ns", "value": 35.55555555555556}], "name": "x6"}, {"qubits": [5, 4], "gate": "cx", "parameters": [{"date": "2021-10-1", "name": "gate_error", "unit": "", "value": 0.0058614789686173285}, {"date": "2021-9-28", "name": "gate_length", "unit": "ns", "value": 327.1111111111111}], "name": "cx5_4"}, {"qubits": [4, 5], "gate": "cx", "parameters": [{"date": "2021-10-1", "name": "gate_error", "unit": "", "value": 0.0058614789686173285}, {"date": "2021-9-28", "name": "gate_length", "unit": "ns", "value": 362.66666666666663}], "name": "cx4_5"}, {"qubits": [3, 1], "gate": "cx", "parameters": [{"date": "2021-10-1", "name": "gate_error", "unit": "", "value": 0.006841131702232439}, {"date": "2021-9-28", "name": "gate_length", "unit": "ns", "value": 298.66666666666663}], "name": "cx3_1"}, {"qubits": [1, 3], "gate": "cx", "parameters": [{"date": "2021-10-1", "name": "gate_error", "unit": "", "value": 0.006841131702232439}, {"date": "2021-9-28", "name": "gate_length", "unit": "ns", "value": 334.22222222222223}], "name": "cx1_3"}, {"qubits": [5, 6], "gate": "cx", "parameters": [{"date": "2021-10-1", "name": "gate_error", "unit": "", "value": 0.005605566673125201}, {"date": "2021-9-28", "name": "gate_length", "unit": "ns", "value": 256}], "name": "cx5_6"}, {"qubits": [6, 5], "gate": "cx", "parameters": [{"date": "2021-10-1", "name": "gate_error", "unit": "", "value": 0.005605566673125201}, {"date": "2021-9-28", "name": "gate_length", "unit": "ns", "value": 291.55555555555554}], "name": "cx6_5"}, {"qubits": [5, 3], "gate": "cx", "parameters": [{"date": "2021-10-1", "name": "gate_error", "unit": "", "value": 0.00477955298406707}, {"date": "2021-9-28", "name": "gate_length", "unit": "ns", "value": 298.66666666666663}], "name": "cx5_3"}, {"qubits": [3, 5], "gate": "cx", "parameters": [{"date": "2021-10-1", "name": "gate_error", "unit": "", "value": 0.00477955298406707}, {"date": "2021-9-28", "name": "gate_length", "unit": "ns", "value": 334.22222222222223}], "name": "cx3_5"}, {"qubits": [2, 1], "gate": "cx", "parameters": [{"date": "2021-10-1", "name": "gate_error", "unit": "", "value": 0.005187704949573185}, {"date": "2021-9-28", "name": "gate_length", "unit": "ns", "value": 291.55555555555554}], "name": "cx2_1"}, {"qubits": [1, 2], "gate": "cx", "parameters": [{"date": "2021-10-1", "name": "gate_error", "unit": "", "value": 0.005187704949573185}, {"date": "2021-9-28", "name": "gate_length", "unit": "ns", "value": 327.1111111111111}], "name": "cx1_2"}, {"qubits": [0, 1], "gate": "cx", "parameters": [{"date": "2021-10-1", "name": "gate_error", "unit": "", "value": 0.009564004544370147}, {"date": "2021-9-28", "name": "gate_length", "unit": "ns", "value": 305.77777777777777}], "name": "cx0_1"}, {"qubits": [1, 0], "gate": "cx", "parameters": [{"date": "2021-10-1", "name": "gate_error", "unit": "", "value": 0.009564004544370147}, {"date": "2021-9-28", "name": "gate_length", "unit": "ns", "value": 341.3333333333333}], "name": "cx1_0"}, {"qubits": [0], "gate": "reset", "parameters": [{"date": "2021-10-1", "name": "gate_length", "unit": "ns", "value": 1002.6666666666666}], "name": "reset0"}, {"qubits": [1], "gate": "reset", "parameters": [{"date": "2021-10-1", "name": "gate_length", "unit": "ns", "value": 1002.6666666666666}], "name": "reset1"}, {"qubits": [2], "gate": "reset", "parameters": [{"date": "2021-10-1", "name": "gate_length", "unit": "ns", "value": 995.5555555555555}], "name": "reset2"}, {"qubits": [3], "gate": "reset", "parameters": [{"date": "2021-10-1", "name": "gate_length", "unit": "ns", "value": 988.4444444444443}], "name": "reset3"}, {"qubits": [4], "gate": "reset", "parameters": [{"date": "2021-10-1", "name": "gate_length", "unit": "ns", "value": 1002.6666666666666}], "name": "reset4"}, {"qubits": [5], "gate": "reset", "parameters": [{"date": "2021-10-1", "name": "gate_length", "unit": "ns", "value": 1002.6666666666666}], "name": "reset5"}, {"qubits": [6], "gate": "reset", "parameters": [{"date": "2021-10-1", "name": "gate_length", "unit": "ns", "value": 988.4444444444443}], "name": "reset6"}], "general": [{"date": "2021-10-1", "name": "jq_01", "unit": "GHz", "value": 0.0017239661070310697}, {"date": "2021-10-1", "name": "zz_01", "unit": "GHz", "value": -4.1551259389276154e-05}, {"date": "2021-10-1", "name": "jq_12", "unit": "GHz", "value": 0.003306427365570105}, {"date": "2021-10-1", "name": "zz_12", "unit": "GHz", "value": -0.00013691896518548322}, {"date": "2021-10-1", "name": "jq_45", "unit": "GHz", "value": 0.0033964931013144256}, {"date": "2021-10-1", "name": "zz_45", "unit": "GHz", "value": -0.00015134337521539932}, {"date": "2021-10-1", "name": "jq_56", "unit": "GHz", "value": 0.0032394441256406383}, {"date": "2021-10-1", "name": "zz_56", "unit": "GHz", "value": -0.0001381127844927418}, {"date": "2021-10-1", "name": "jq_13", "unit": "GHz", "value": 0.003219077603102807}, {"date": "2021-10-1", "name": "zz_13", "unit": "GHz", "value": -0.00013509145307819546}, {"date": "2021-10-1", "name": "jq_35", "unit": "GHz", "value": 0.0023455196332844842}, {"date": "2021-10-1", "name": "zz_35", "unit": "GHz", "value": -9.35336850076191e-05}]}