{"backend_name": "ibm_lagos", "backend_version": "1.0.19", "last_update_date": "2022-1-5", "qubits": [[{"date": "2022-1-5", "name": "T1", "unit": "us", "value": 123.06585530525385}, {"date": "2022-1-5", "name": "T2", "unit": "us", "value": 54.54951987502758}, {"date": "2022-1-5", "name": "frequency", "unit": "GHz", "value": 5.235181631860023}, {"date": "2022-1-5", "name": "anharmonicity", "unit": "GHz", "value": -0.33986713855915607}, {"date": "2022-1-5", "name": "readout_error", "unit": "", "value": 0.00990000000000002}, {"date": "2022-1-5", "name": "prob_meas0_prep1", "unit": "", "value": 0.013}, {"date": "2022-1-5", "name": "prob_meas1_prep0", "unit": "", "value": 0.006800000000000028}, {"date": "2022-1-5", "name": "readout_length", "unit": "ns", "value": 704}], [{"date": "2022-1-5", "name": "T1", "unit": "us", "value": 141.14188491041742}, {"date": "2022-1-5", "name": "T2", "unit": "us", "value": 81.75998077074517}, {"date": "2022-1-5", "name": "frequency", "unit": "GHz", "value": 5.099596021531135}, {"date": "2022-1-5", "name": "anharmonicity", "unit": "GHz", "value": -0.3432484042938357}, {"date": "2022-1-5", "name": "readout_error", "unit": "", "value": 0.008399999999999963}, {"date": "2022-1-5", "name": "prob_meas0_prep1", "unit": "", "value": 0.01}, {"date": "2022-1-5", "name": "prob_meas1_prep0", "unit": "", "value": 0.006800000000000028}, {"date": "2022-1-5", "name": "readout_length", "unit": "ns", "value": 704}], [{"date": "2022-1-5", "name": "T1", "unit": "us", "value": 163.16871767922493}, {"date": "2022-1-5", "name": "T2", "unit": "us", "value": 108.05576648875466}, {"date": "2022-1-5", "name": "frequency", "unit": "GHz", "value": 5.188395641386379}, {"date": "2022-1-5", "name": "anharmonicity", "unit": "GHz", "value": -0.3419316690031256}, {"date": "2022-1-5", "name": "readout_error", "unit": "", "value": 0.005700000000000038}, {"date": "2022-1-5", "name": "prob_meas0_prep1", "unit": "", "value": 0.0084}, {"date": "2022-1-5", "name": "prob_meas1_prep0", "unit": "", "value": 0.0030000000000000027}, {"date": "2022-1-5", "name": "readout_length", "unit": "ns", "value": 704}], [{"date": "2022-1-5", "name": "T1", "unit": "us", "value": 168.09369866522832}, {"date": "2022-1-5", "name": "T2", "unit": "us", "value": 110.03362417710899}, {"date": "2022-1-5", "name": "frequency", "unit": "GHz", "value": 4.987479808360932}, {"date": "2022-1-5", "name": "anharmonicity", "unit": "GHz", "value": -0.3452928861203798}, {"date": "2022-1-5", "name": "readout_error", "unit": "", "value": 0.016699999999999937}, {"date": "2022-1-5", "name": "prob_meas0_prep1", "unit": "", "value": 0.0182}, {"date": "2022-1-5", "name": "prob_meas1_prep0", "unit": "", "value": 0.015199999999999991}, {"date": "2022-1-5", "name": "readout_length", "unit": "ns", "value": 704}], [{"date": "2022-1-5", "name": "T1", "unit": "us", "value": 191.66009217114743}, {"date": "2022-1-4", "name": "T2", "unit": "us", "value": 27.666477506876486}, {"date": "2022-1-5", "name": "frequency", "unit": "GHz", "value": 5.285335405676019}, {"date": "2022-1-5", "name": "anharmonicity", "unit": "GHz", "value": -0.3392342674107948}, {"date": "2022-1-5", "name": "readout_error", "unit": "", "value": 0.01419999999999999}, {"date": "2022-1-5", "name": "prob_meas0_prep1", "unit": "", "value": 0.011199999999999988}, {"date": "2022-1-5", "name": "prob_meas1_prep0", "unit": "", "value": 0.0172}, {"date": "2022-1-5", "name": "readout_length", "unit": "ns", "value": 704}], [{"date": "2022-1-5", "name": "T1", "unit": "us", "value": 111.41831261271231}, {"date": "2022-1-5", "name": "T2", "unit": "us", "value": 109.1707346140958}, {"date": "2022-1-5", "name": "frequency", "unit": "GHz", "value": 5.176171244042141}, {"date": "2022-1-5", "name": "anharmonicity", "unit": "GHz", "value": -0.34079297245074963}, {"date": "2022-1-5", "name": "readout_error", "unit": "", "value": 0.010699999999999932}, {"date": "2022-1-5", "name": "prob_meas0_prep1", "unit": "", "value": 0.0102}, {"date": "2022-1-5", "name": "prob_meas1_prep0", "unit": "", "value": 0.011199999999999988}, {"date": "2022-1-5", "name": "readout_length", "unit": "ns", "value": 704}], [{"date": "2022-1-5", "name": "T1", "unit": "us", "value": 142.49323154471023}, {"date": "2022-1-5", "name": "T2", "unit": "us", "value": 171.9360606485415}, {"date": "2022-1-5", "name": "frequency", "unit": "GHz", "value": 5.0639304702481045}, {"date": "2022-1-5", "name": "anharmonicity", "unit": "GHz", "value": -0.34275836537159754}, {"date": "2022-1-5", "name": "readout_error", "unit": "", "value": 0.007000000000000006}, {"date": "2022-1-5", "name": "prob_meas0_prep1", "unit": "", "value": 0.0066}, {"date": "2022-1-5", "name": "prob_meas1_prep0", "unit": "", "value": 0.007399999999999962}, {"date": "2022-1-5", "name": "readout_length", "unit": "ns", "value": 704}]], "gates": [{"qubits": [0], "gate": "id", "parameters": [{"date": "2022-1-5", "name": "gate_error", "unit": "", "value": 0.000253916531190175}, {"date": "2022-1-5", "name": "gate_length", "unit": "ns", "value": 35.55555555555556}], "name": "id0"}, {"qubits": [1], "gate": "id", "parameters": [{"date": "2022-1-5", "name": "gate_error", "unit": "", "value": 0.00038019563227483373}, {"date": "2022-1-5", "name": "gate_length", "unit": "ns", "value": 35.55555555555556}], "name": "id1"}, {"qubits": [2], "gate": "id", "parameters": [{"date": "2022-1-5", "name": "gate_error", "unit": "", "value": 0.00044949877996630676}, {"date": "2022-1-5", "name": "gate_length", "unit": "ns", "value": 35.55555555555556}], "name": "id2"}, {"qubits": [3], "gate": "id", "parameters": [{"date": "2022-1-5", "name": "gate_error", "unit": "", "value": 0.0001926316008397817}, {"date": "2022-1-5", "name": "gate_length", "unit": "ns", "value": 35.55555555555556}], "name": "id3"}, {"qubits": [4], "gate": "id", "parameters": [{"date": "2022-1-5", "name": "gate_error", "unit": "", "value": 0.0004650010749795035}, {"date": "2022-1-5", "name": "gate_length", "unit": "ns", "value": 35.55555555555556}], "name": "id4"}, {"qubits": [5], "gate": "id", "parameters": [{"date": "2022-1-5", "name": "gate_error", "unit": "", "value": 0.00016727708454976898}, {"date": "2022-1-5", "name": "gate_length", "unit": "ns", "value": 35.55555555555556}], "name": "id5"}, {"qubits": [6], "gate": "id", "parameters": [{"date": "2022-1-5", "name": "gate_error", "unit": "", "value": 0.0001555763188642493}, {"date": "2022-1-5", "name": "gate_length", "unit": "ns", "value": 35.55555555555556}], "name": "id6"}, {"qubits": [0], "gate": "rz", "parameters": [{"date": "2022-1-5", "name": "gate_error", "unit": "", "value": 0}, {"date": "2022-1-5", "name": "gate_length", "unit": "ns", "value": 0}], "name": "rz0"}, {"qubits": [1], "gate": "rz", "parameters": [{"date": "2022-1-5", "name": "gate_error", "unit": "", "value": 0}, {"date": "2022-1-5", "name": "gate_length", "unit": "ns", "value": 0}], "name": "rz1"}, {"qubits": [2], "gate": "rz", "parameters": [{"date": "2022-1-5", "name": "gate_error", "unit": "", "value": 0}, {"date": "2022-1-5", "name": "gate_length", "unit": "ns", "value": 0}], "name": "rz2"}, {"qubits": [3], "gate": "rz", "parameters": [{"date": "2022-1-5", "name": "gate_error", "unit": "", "value": 0}, {"date": "2022-1-5", "name": "gate_length", "unit": "ns", "value": 0}], "name": "rz3"}, {"qubits": [4], "gate": "rz", "parameters": [{"date": "2022-1-5", "name": "gate_error", "unit": "", "value": 0}, {"date": "2022-1-5", "name": "gate_length", "unit": "ns", "value": 0}], "name": "rz4"}, {"qubits": [5], "gate": "rz", "parameters": [{"date": "2022-1-5", "name": "gate_error", "unit": "", "value": 0}, {"date": "2022-1-5", "name": "gate_length", "unit": "ns", "value": 0}], "name": "rz5"}, {"qubits": [6], "gate": "rz", "parameters": [{"date": "2022-1-5", "name": "gate_error", "unit": "", "value": 0}, {"date": "2022-1-5", "name": "gate_length", "unit": "ns", "value": 0}], "name": "rz6"}, {"qubits": [0], "gate": "sx", "parameters": [{"date": "2022-1-5", "name": "gate_error", "unit": "", "value": 0.000253916531190175}, {"date": "2022-1-5", "name": "gate_length", "unit": "ns", "value": 35.55555555555556}], "name": "sx0"}, {"qubits": [1], "gate": "sx", "parameters": [{"date": "2022-1-5", "name": "gate_error", "unit": "", "value": 0.00038019563227483373}, {"date": "2022-1-5", "name": "gate_length", "unit": "ns", "value": 35.55555555555556}], "name": "sx1"}, {"qubits": [2], "gate": "sx", "parameters": [{"date": "2022-1-5", "name": "gate_error", "unit": "", "value": 0.00044949877996630676}, {"date": "2022-1-5", "name": "gate_length", "unit": "ns", "value": 35.55555555555556}], "name": "sx2"}, {"qubits": [3], "gate": "sx", "parameters": [{"date": "2022-1-5", "name": "gate_error", "unit": "", "value": 0.0001926316008397817}, {"date": "2022-1-5", "name": "gate_length", "unit": "ns", "value": 35.55555555555556}], "name": "sx3"}, {"qubits": [4], "gate": "sx", "parameters": [{"date": "2022-1-5", "name": "gate_error", "unit": "", "value": 0.0004650010749795035}, {"date": "2022-1-5", "name": "gate_length", "unit": "ns", "value": 35.55555555555556}], "name": "sx4"}, {"qubits": [5], "gate": "sx", "parameters": [{"date": "2022-1-5", "name": "gate_error", "unit": "", "value": 0.00016727708454976898}, {"date": "2022-1-5", "name": "gate_length", "unit": "ns", "value": 35.55555555555556}], "name": "sx5"}, {"qubits": [6], "gate": "sx", "parameters": [{"date": "2022-1-5", "name": "gate_error", "unit": "", "value": 0.0001555763188642493}, {"date": "2022-1-5", "name": "gate_length", "unit": "ns", "value": 35.55555555555556}], "name": "sx6"}, {"qubits": [0], "gate": "x", "parameters": [{"date": "2022-1-5", "name": "gate_error", "unit": "", "value": 0.000253916531190175}, {"date": "2022-1-5", "name": "gate_length", "unit": "ns", "value": 35.55555555555556}], "name": "x0"}, {"qubits": [1], "gate": "x", "parameters": [{"date": "2022-1-5", "name": "gate_error", "unit": "", "value": 0.00038019563227483373}, {"date": "2022-1-5", "name": "gate_length", "unit": "ns", "value": 35.55555555555556}], "name": "x1"}, {"qubits": [2], "gate": "x", "parameters": [{"date": "2022-1-5", "name": "gate_error", "unit": "", "value": 0.00044949877996630676}, {"date": "2022-1-5", "name": "gate_length", "unit": "ns", "value": 35.55555555555556}], "name": "x2"}, {"qubits": [3], "gate": "x", "parameters": [{"date": "2022-1-5", "name": "gate_error", "unit": "", "value": 0.0001926316008397817}, {"date": "2022-1-5", "name": "gate_length", "unit": "ns", "value": 35.55555555555556}], "name": "x3"}, {"qubits": [4], "gate": "x", "parameters": [{"date": "2022-1-5", "name": "gate_error", "unit": "", "value": 0.0004650010749795035}, {"date": "2022-1-5", "name": "gate_length", "unit": "ns", "value": 35.55555555555556}], "name": "x4"}, {"qubits": [5], "gate": "x", "parameters": [{"date": "2022-1-5", "name": "gate_error", "unit": "", "value": 0.00016727708454976898}, {"date": "2022-1-5", "name": "gate_length", "unit": "ns", "value": 35.55555555555556}], "name": "x5"}, {"qubits": [6], "gate": "x", "parameters": [{"date": "2022-1-5", "name": "gate_error", "unit": "", "value": 0.0001555763188642493}, {"date": "2022-1-5", "name": "gate_length", "unit": "ns", "value": 35.55555555555556}], "name": "x6"}, {"qubits": [5, 4], "gate": "cx", "parameters": [{"date": "2022-1-5", "name": "gate_error", "unit": "", "value": 0.014334454116527312}, {"date": "2022-1-2", "name": "gate_length", "unit": "ns", "value": 327.1111111111111}], "name": "cx5_4"}, {"qubits": [4, 5], "gate": "cx", "parameters": [{"date": "2022-1-5", "name": "gate_error", "unit": "", "value": 0.014334454116527312}, {"date": "2022-1-2", "name": "gate_length", "unit": "ns", "value": 362.66666666666663}], "name": "cx4_5"}, {"qubits": [3, 1], "gate": "cx", "parameters": [{"date": "2022-1-5", "name": "gate_error", "unit": "", "value": 0.006455967703036608}, {"date": "2022-1-2", "name": "gate_length", "unit": "ns", "value": 298.66666666666663}], "name": "cx3_1"}, {"qubits": [1, 3], "gate": "cx", "parameters": [{"date": "2022-1-5", "name": "gate_error", "unit": "", "value": 0.006455967703036608}, {"date": "2022-1-2", "name": "gate_length", "unit": "ns", "value": 334.22222222222223}], "name": "cx1_3"}, {"qubits": [5, 6], "gate": "cx", "parameters": [{"date": "2022-1-5", "name": "gate_error", "unit": "", "value": 0.003992131265350918}, {"date": "2022-1-2", "name": "gate_length", "unit": "ns", "value": 256}], "name": "cx5_6"}, {"qubits": [6, 5], "gate": "cx", "parameters": [{"date": "2022-1-5", "name": "gate_error", "unit": "", "value": 0.003992131265350918}, {"date": "2022-1-2", "name": "gate_length", "unit": "ns", "value": 291.55555555555554}], "name": "cx6_5"}, {"qubits": [5, 3], "gate": "cx", "parameters": [{"date": "2022-1-5", "name": "gate_error", "unit": "", "value": 0.008624704693717178}, {"date": "2022-1-2", "name": "gate_length", "unit": "ns", "value": 298.66666666666663}], "name": "cx5_3"}, {"qubits": [3, 5], "gate": "cx", "parameters": [{"date": "2022-1-5", "name": "gate_error", "unit": "", "value": 0.008624704693717178}, {"date": "2022-1-2", "name": "gate_length", "unit": "ns", "value": 334.22222222222223}], "name": "cx3_5"}, {"qubits": [2, 1], "gate": "cx", "parameters": [{"date": "2022-1-5", "name": "gate_error", "unit": "", "value": 0.0066683027180529375}, {"date": "2022-1-2", "name": "gate_length", "unit": "ns", "value": 291.55555555555554}], "name": "cx2_1"}, {"qubits": [1, 2], "gate": "cx", "parameters": [{"date": "2022-1-5", "name": "gate_error", "unit": "", "value": 0.0066683027180529375}, {"date": "2022-1-2", "name": "gate_length", "unit": "ns", "value": 327.1111111111111}], "name": "cx1_2"}, {"qubits": [0, 1], "gate": "cx", "parameters": [{"date": "2022-1-5", "name": "gate_error", "unit": "", "value": 0.01021806891628907}, {"date": "2022-1-2", "name": "gate_length", "unit": "ns", "value": 305.77777777777777}], "name": "cx0_1"}, {"qubits": [1, 0], "gate": "cx", "parameters": [{"date": "2022-1-5", "name": "gate_error", "unit": "", "value": 0.01021806891628907}, {"date": "2022-1-2", "name": "gate_length", "unit": "ns", "value": 341.3333333333333}], "name": "cx1_0"}, {"qubits": [0], "gate": "reset", "parameters": [{"date": "2022-1-5", "name": "gate_length", "unit": "ns", "value": 1002.6666666666666}], "name": "reset0"}, {"qubits": [1], "gate": "reset", "parameters": [{"date": "2022-1-5", "name": "gate_length", "unit": "ns", "value": 1002.6666666666666}], "name": "reset1"}, {"qubits": [2], "gate": "reset", "parameters": [{"date": "2022-1-5", "name": "gate_length", "unit": "ns", "value": 995.5555555555555}], "name": "reset2"}, {"qubits": [3], "gate": "reset", "parameters": [{"date": "2022-1-5", "name": "gate_length", "unit": "ns", "value": 988.4444444444443}], "name": "reset3"}, {"qubits": [4], "gate": "reset", "parameters": [{"date": "2022-1-5", "name": "gate_length", "unit": "ns", "value": 1002.6666666666666}], "name": "reset4"}, {"qubits": [5], "gate": "reset", "parameters": [{"date": "2022-1-5", "name": "gate_length", "unit": "ns", "value": 1002.6666666666666}], "name": "reset5"}, {"qubits": [6], "gate": "reset", "parameters": [{"date": "2022-1-5", "name": "gate_length", "unit": "ns", "value": 988.4444444444443}], "name": "reset6"}], "general": [{"date": "2022-1-5", "name": "jq_01", "unit": "GHz", "value": 0.0017239661070310697}, {"date": "2022-1-5", "name": "zz_01", "unit": "GHz", "value": -4.1551259389276154e-05}, {"date": "2022-1-5", "name": "jq_12", "unit": "GHz", "value": 0.003306427365570105}, {"date": "2022-1-5", "name": "zz_12", "unit": "GHz", "value": -0.00013691896518548322}, {"date": "2022-1-5", "name": "jq_45", "unit": "GHz", "value": 0.0033964931013144256}, {"date": "2022-1-5", "name": "zz_45", "unit": "GHz", "value": -0.00015134337521539932}, {"date": "2022-1-5", "name": "jq_56", "unit": "GHz", "value": 0.0032394441256406383}, {"date": "2022-1-5", "name": "zz_56", "unit": "GHz", "value": -0.0001381127844927418}, {"date": "2022-1-5", "name": "jq_13", "unit": "GHz", "value": 0.003219077603102807}, {"date": "2022-1-5", "name": "zz_13", "unit": "GHz", "value": -0.00013509145307819546}, {"date": "2022-1-5", "name": "jq_35", "unit": "GHz", "value": 0.0023455196332844842}, {"date": "2022-1-5", "name": "zz_35", "unit": "GHz", "value": -9.35336850076191e-05}]}