{"backend_name": "ibm_lagos", "backend_version": "1.0.19", "last_update_date": "2021-12-31", "qubits": [[{"date": "2021-12-31", "name": "T1", "unit": "us", "value": 139.23405250894115}, {"date": "2021-12-31", "name": "T2", "unit": "us", "value": 49.16232806298636}, {"date": "2021-12-31", "name": "frequency", "unit": "GHz", "value": 5.235182530196139}, {"date": "2021-12-31", "name": "anharmonicity", "unit": "GHz", "value": -0.33986713855915607}, {"date": "2021-12-31", "name": "readout_error", "unit": "", "value": 0.011099999999999999}, {"date": "2021-12-31", "name": "prob_meas0_prep1", "unit": "", "value": 0.0128}, {"date": "2021-12-31", "name": "prob_meas1_prep0", "unit": "", "value": 0.009399999999999964}, {"date": "2021-12-31", "name": "readout_length", "unit": "ns", "value": 704}], [{"date": "2021-12-31", "name": "T1", "unit": "us", "value": 97.7214853856411}, {"date": "2021-12-31", "name": "T2", "unit": "us", "value": 74.06196537467956}, {"date": "2021-12-31", "name": "frequency", "unit": "GHz", "value": 5.099591022909835}, {"date": "2021-12-31", "name": "anharmonicity", "unit": "GHz", "value": -0.3432484042938357}, {"date": "2021-12-31", "name": "readout_error", "unit": "", "value": 0.009099999999999997}, {"date": "2021-12-31", "name": "prob_meas0_prep1", "unit": "", "value": 0.0094}, {"date": "2021-12-31", "name": "prob_meas1_prep0", "unit": "", "value": 0.00880000000000003}, {"date": "2021-12-31", "name": "readout_length", "unit": "ns", "value": 704}], [{"date": "2021-12-31", "name": "T1", "unit": "us", "value": 78.66982696487423}, {"date": "2021-12-31", "name": "T2", "unit": "us", "value": 169.92063895796124}, {"date": "2021-12-31", "name": "frequency", "unit": "GHz", "value": 5.188387685511864}, {"date": "2021-12-31", "name": "anharmonicity", "unit": "GHz", "value": -0.3419316690031256}, {"date": "2021-12-31", "name": "readout_error", "unit": "", "value": 0.005700000000000038}, {"date": "2021-12-31", "name": "prob_meas0_prep1", "unit": "", "value": 0.006}, {"date": "2021-12-31", "name": "prob_meas1_prep0", "unit": "", "value": 0.00539999999999996}, {"date": "2021-12-31", "name": "readout_length", "unit": "ns", "value": 704}], [{"date": "2021-12-31", "name": "T1", "unit": "us", "value": 141.48210456796843}, {"date": "2021-12-31", "name": "T2", "unit": "us", "value": 114.63726344718097}, {"date": "2021-12-31", "name": "frequency", "unit": "GHz", "value": 4.987491665154075}, {"date": "2021-12-31", "name": "anharmonicity", "unit": "GHz", "value": -0.3452928861203798}, {"date": "2021-12-31", "name": "readout_error", "unit": "", "value": 0.019499999999999962}, {"date": "2021-12-31", "name": "prob_meas0_prep1", "unit": "", "value": 0.0236}, {"date": "2021-12-31", "name": "prob_meas1_prep0", "unit": "", "value": 0.01539999999999997}, {"date": "2021-12-31", "name": "readout_length", "unit": "ns", "value": 704}], [{"date": "2021-12-31", "name": "T1", "unit": "us", "value": 172.40002355509316}, {"date": "2021-12-31", "name": "T2", "unit": "us", "value": 52.627684422477884}, {"date": "2021-12-31", "name": "frequency", "unit": "GHz", "value": 5.285339414810708}, {"date": "2021-12-31", "name": "anharmonicity", "unit": "GHz", "value": -0.3392342674107948}, {"date": "2021-12-31", "name": "readout_error", "unit": "", "value": 0.012700000000000045}, {"date": "2021-12-31", "name": "prob_meas0_prep1", "unit": "", "value": 0.010600000000000054}, {"date": "2021-12-31", "name": "prob_meas1_prep0", "unit": "", "value": 0.0148}, {"date": "2021-12-31", "name": "readout_length", "unit": "ns", "value": 704}], [{"date": "2021-12-31", "name": "T1", "unit": "us", "value": 162.8821910721445}, {"date": "2021-12-31", "name": "T2", "unit": "us", "value": 100.9232446548136}, {"date": "2021-12-31", "name": "frequency", "unit": "GHz", "value": 5.176174929725257}, {"date": "2021-12-31", "name": "anharmonicity", "unit": "GHz", "value": -0.34079297245074963}, {"date": "2021-12-31", "name": "readout_error", "unit": "", "value": 0.013600000000000056}, {"date": "2021-12-31", "name": "prob_meas0_prep1", "unit": "", "value": 0.015}, {"date": "2021-12-31", "name": "prob_meas1_prep0", "unit": "", "value": 0.012199999999999989}, {"date": "2021-12-31", "name": "readout_length", "unit": "ns", "value": 704}], [{"date": "2021-12-31", "name": "T1", "unit": "us", "value": 110.62502691607233}, {"date": "2021-12-31", "name": "T2", "unit": "us", "value": 144.4236264456816}, {"date": "2021-12-31", "name": "frequency", "unit": "GHz", "value": 5.0639375245591225}, {"date": "2021-12-31", "name": "anharmonicity", "unit": "GHz", "value": -0.34275836537159754}, {"date": "2021-12-31", "name": "readout_error", "unit": "", "value": 0.008099999999999996}, {"date": "2021-12-31", "name": "prob_meas0_prep1", "unit": "", "value": 0.011399999999999966}, {"date": "2021-12-31", "name": "prob_meas1_prep0", "unit": "", "value": 0.0048}, {"date": "2021-12-31", "name": "readout_length", "unit": "ns", "value": 704}]], "gates": [{"qubits": [0], "gate": "id", "parameters": [{"date": "2021-12-31", "name": "gate_error", "unit": "", "value": 0.00021313891589688633}, {"date": "2021-12-31", "name": "gate_length", "unit": "ns", "value": 35.55555555555556}], "name": "id0"}, {"qubits": [1], "gate": "id", "parameters": [{"date": "2021-12-31", "name": "gate_error", "unit": "", "value": 0.0002699442978862393}, {"date": "2021-12-31", "name": "gate_length", "unit": "ns", "value": 35.55555555555556}], "name": "id1"}, {"qubits": [2], "gate": "id", "parameters": [{"date": "2021-12-31", "name": "gate_error", "unit": "", "value": 0.0001618144811132199}, {"date": "2021-12-31", "name": "gate_length", "unit": "ns", "value": 35.55555555555556}], "name": "id2"}, {"qubits": [3], "gate": "id", "parameters": [{"date": "2021-12-31", "name": "gate_error", "unit": "", "value": 0.0002217555576087685}, {"date": "2021-12-31", "name": "gate_length", "unit": "ns", "value": 35.55555555555556}], "name": "id3"}, {"qubits": [4], "gate": "id", "parameters": [{"date": "2021-12-31", "name": "gate_error", "unit": "", "value": 0.00021262573488909845}, {"date": "2021-12-31", "name": "gate_length", "unit": "ns", "value": 35.55555555555556}], "name": "id4"}, {"qubits": [5], "gate": "id", "parameters": [{"date": "2021-12-31", "name": "gate_error", "unit": "", "value": 0.00018273554220746372}, {"date": "2021-12-31", "name": "gate_length", "unit": "ns", "value": 35.55555555555556}], "name": "id5"}, {"qubits": [6], "gate": "id", "parameters": [{"date": "2021-12-31", "name": "gate_error", "unit": "", "value": 0.0001628082204459122}, {"date": "2021-12-31", "name": "gate_length", "unit": "ns", "value": 35.55555555555556}], "name": "id6"}, {"qubits": [0], "gate": "rz", "parameters": [{"date": "2021-12-31", "name": "gate_error", "unit": "", "value": 0}, {"date": "2021-12-31", "name": "gate_length", "unit": "ns", "value": 0}], "name": "rz0"}, {"qubits": [1], "gate": "rz", "parameters": [{"date": "2021-12-31", "name": "gate_error", "unit": "", "value": 0}, {"date": "2021-12-31", "name": "gate_length", "unit": "ns", "value": 0}], "name": "rz1"}, {"qubits": [2], "gate": "rz", "parameters": [{"date": "2021-12-31", "name": "gate_error", "unit": "", "value": 0}, {"date": "2021-12-31", "name": "gate_length", "unit": "ns", "value": 0}], "name": "rz2"}, {"qubits": [3], "gate": "rz", "parameters": [{"date": "2021-12-31", "name": "gate_error", "unit": "", "value": 0}, {"date": "2021-12-31", "name": "gate_length", "unit": "ns", "value": 0}], "name": "rz3"}, {"qubits": [4], "gate": "rz", "parameters": [{"date": "2021-12-31", "name": "gate_error", "unit": "", "value": 0}, {"date": "2021-12-31", "name": "gate_length", "unit": "ns", "value": 0}], "name": "rz4"}, {"qubits": [5], "gate": "rz", "parameters": [{"date": "2021-12-31", "name": "gate_error", "unit": "", "value": 0}, {"date": "2021-12-31", "name": "gate_length", "unit": "ns", "value": 0}], "name": "rz5"}, {"qubits": [6], "gate": "rz", "parameters": [{"date": "2021-12-31", "name": "gate_error", "unit": "", "value": 0}, {"date": "2021-12-31", "name": "gate_length", "unit": "ns", "value": 0}], "name": "rz6"}, {"qubits": [0], "gate": "sx", "parameters": [{"date": "2021-12-31", "name": "gate_error", "unit": "", "value": 0.00021313891589688633}, {"date": "2021-12-31", "name": "gate_length", "unit": "ns", "value": 35.55555555555556}], "name": "sx0"}, {"qubits": [1], "gate": "sx", "parameters": [{"date": "2021-12-31", "name": "gate_error", "unit": "", "value": 0.0002699442978862393}, {"date": "2021-12-31", "name": "gate_length", "unit": "ns", "value": 35.55555555555556}], "name": "sx1"}, {"qubits": [2], "gate": "sx", "parameters": [{"date": "2021-12-31", "name": "gate_error", "unit": "", "value": 0.0001618144811132199}, {"date": "2021-12-31", "name": "gate_length", "unit": "ns", "value": 35.55555555555556}], "name": "sx2"}, {"qubits": [3], "gate": "sx", "parameters": [{"date": "2021-12-31", "name": "gate_error", "unit": "", "value": 0.0002217555576087685}, {"date": "2021-12-31", "name": "gate_length", "unit": "ns", "value": 35.55555555555556}], "name": "sx3"}, {"qubits": [4], "gate": "sx", "parameters": [{"date": "2021-12-31", "name": "gate_error", "unit": "", "value": 0.00021262573488909845}, {"date": "2021-12-31", "name": "gate_length", "unit": "ns", "value": 35.55555555555556}], "name": "sx4"}, {"qubits": [5], "gate": "sx", "parameters": [{"date": "2021-12-31", "name": "gate_error", "unit": "", "value": 0.00018273554220746372}, {"date": "2021-12-31", "name": "gate_length", "unit": "ns", "value": 35.55555555555556}], "name": "sx5"}, {"qubits": [6], "gate": "sx", "parameters": [{"date": "2021-12-31", "name": "gate_error", "unit": "", "value": 0.0001628082204459122}, {"date": "2021-12-31", "name": "gate_length", "unit": "ns", "value": 35.55555555555556}], "name": "sx6"}, {"qubits": [0], "gate": "x", "parameters": [{"date": "2021-12-31", "name": "gate_error", "unit": "", "value": 0.00021313891589688633}, {"date": "2021-12-31", "name": "gate_length", "unit": "ns", "value": 35.55555555555556}], "name": "x0"}, {"qubits": [1], "gate": "x", "parameters": [{"date": "2021-12-31", "name": "gate_error", "unit": "", "value": 0.0002699442978862393}, {"date": "2021-12-31", "name": "gate_length", "unit": "ns", "value": 35.55555555555556}], "name": "x1"}, {"qubits": [2], "gate": "x", "parameters": [{"date": "2021-12-31", "name": "gate_error", "unit": "", "value": 0.0001618144811132199}, {"date": "2021-12-31", "name": "gate_length", "unit": "ns", "value": 35.55555555555556}], "name": "x2"}, {"qubits": [3], "gate": "x", "parameters": [{"date": "2021-12-31", "name": "gate_error", "unit": "", "value": 0.0002217555576087685}, {"date": "2021-12-31", "name": "gate_length", "unit": "ns", "value": 35.55555555555556}], "name": "x3"}, {"qubits": [4], "gate": "x", "parameters": [{"date": "2021-12-31", "name": "gate_error", "unit": "", "value": 0.00021262573488909845}, {"date": "2021-12-31", "name": "gate_length", "unit": "ns", "value": 35.55555555555556}], "name": "x4"}, {"qubits": [5], "gate": "x", "parameters": [{"date": "2021-12-31", "name": "gate_error", "unit": "", "value": 0.00018273554220746372}, {"date": "2021-12-31", "name": "gate_length", "unit": "ns", "value": 35.55555555555556}], "name": "x5"}, {"qubits": [6], "gate": "x", "parameters": [{"date": "2021-12-31", "name": "gate_error", "unit": "", "value": 0.0001628082204459122}, {"date": "2021-12-31", "name": "gate_length", "unit": "ns", "value": 35.55555555555556}], "name": "x6"}, {"qubits": [5, 4], "gate": "cx", "parameters": [{"date": "2021-12-31", "name": "gate_error", "unit": "", "value": 0.00656275848648083}, {"date": "2021-12-28", "name": "gate_length", "unit": "ns", "value": 327.1111111111111}], "name": "cx5_4"}, {"qubits": [4, 5], "gate": "cx", "parameters": [{"date": "2021-12-31", "name": "gate_error", "unit": "", "value": 0.00656275848648083}, {"date": "2021-12-28", "name": "gate_length", "unit": "ns", "value": 362.66666666666663}], "name": "cx4_5"}, {"qubits": [3, 1], "gate": "cx", "parameters": [{"date": "2021-12-31", "name": "gate_error", "unit": "", "value": 0.005386282934091324}, {"date": "2021-12-28", "name": "gate_length", "unit": "ns", "value": 298.66666666666663}], "name": "cx3_1"}, {"qubits": [1, 3], "gate": "cx", "parameters": [{"date": "2021-12-31", "name": "gate_error", "unit": "", "value": 0.005386282934091324}, {"date": "2021-12-28", "name": "gate_length", "unit": "ns", "value": 334.22222222222223}], "name": "cx1_3"}, {"qubits": [5, 6], "gate": "cx", "parameters": [{"date": "2021-12-31", "name": "gate_error", "unit": "", "value": 0.005216519649594575}, {"date": "2021-12-28", "name": "gate_length", "unit": "ns", "value": 256}], "name": "cx5_6"}, {"qubits": [6, 5], "gate": "cx", "parameters": [{"date": "2021-12-31", "name": "gate_error", "unit": "", "value": 0.005216519649594575}, {"date": "2021-12-28", "name": "gate_length", "unit": "ns", "value": 291.55555555555554}], "name": "cx6_5"}, {"qubits": [5, 3], "gate": "cx", "parameters": [{"date": "2021-12-31", "name": "gate_error", "unit": "", "value": 0.010238818259291793}, {"date": "2021-12-28", "name": "gate_length", "unit": "ns", "value": 298.66666666666663}], "name": "cx5_3"}, {"qubits": [3, 5], "gate": "cx", "parameters": [{"date": "2021-12-31", "name": "gate_error", "unit": "", "value": 0.010238818259291793}, {"date": "2021-12-28", "name": "gate_length", "unit": "ns", "value": 334.22222222222223}], "name": "cx3_5"}, {"qubits": [2, 1], "gate": "cx", "parameters": [{"date": "2021-12-31", "name": "gate_error", "unit": "", "value": 0.006411158036863734}, {"date": "2021-12-28", "name": "gate_length", "unit": "ns", "value": 291.55555555555554}], "name": "cx2_1"}, {"qubits": [1, 2], "gate": "cx", "parameters": [{"date": "2021-12-31", "name": "gate_error", "unit": "", "value": 0.006411158036863734}, {"date": "2021-12-28", "name": "gate_length", "unit": "ns", "value": 327.1111111111111}], "name": "cx1_2"}, {"qubits": [0, 1], "gate": "cx", "parameters": [{"date": "2021-12-31", "name": "gate_error", "unit": "", "value": 0.00862492837327053}, {"date": "2021-12-28", "name": "gate_length", "unit": "ns", "value": 305.77777777777777}], "name": "cx0_1"}, {"qubits": [1, 0], "gate": "cx", "parameters": [{"date": "2021-12-31", "name": "gate_error", "unit": "", "value": 0.00862492837327053}, {"date": "2021-12-28", "name": "gate_length", "unit": "ns", "value": 341.3333333333333}], "name": "cx1_0"}, {"qubits": [0], "gate": "reset", "parameters": [{"date": "2021-12-31", "name": "gate_length", "unit": "ns", "value": 1002.6666666666666}], "name": "reset0"}, {"qubits": [1], "gate": "reset", "parameters": [{"date": "2021-12-31", "name": "gate_length", "unit": "ns", "value": 1002.6666666666666}], "name": "reset1"}, {"qubits": [2], "gate": "reset", "parameters": [{"date": "2021-12-31", "name": "gate_length", "unit": "ns", "value": 995.5555555555555}], "name": "reset2"}, {"qubits": [3], "gate": "reset", "parameters": [{"date": "2021-12-31", "name": "gate_length", "unit": "ns", "value": 988.4444444444443}], "name": "reset3"}, {"qubits": [4], "gate": "reset", "parameters": [{"date": "2021-12-31", "name": "gate_length", "unit": "ns", "value": 1002.6666666666666}], "name": "reset4"}, {"qubits": [5], "gate": "reset", "parameters": [{"date": "2021-12-31", "name": "gate_length", "unit": "ns", "value": 1002.6666666666666}], "name": "reset5"}, {"qubits": [6], "gate": "reset", "parameters": [{"date": "2021-12-31", "name": "gate_length", "unit": "ns", "value": 988.4444444444443}], "name": "reset6"}], "general": [{"date": "2021-12-31", "name": "jq_01", "unit": "GHz", "value": 0.0017239661070310697}, {"date": "2021-12-31", "name": "zz_01", "unit": "GHz", "value": -4.1551259389276154e-05}, {"date": "2021-12-31", "name": "jq_12", "unit": "GHz", "value": 0.003306427365570105}, {"date": "2021-12-31", "name": "zz_12", "unit": "GHz", "value": -0.00013691896518548322}, {"date": "2021-12-31", "name": "jq_45", "unit": "GHz", "value": 0.0033964931013144256}, {"date": "2021-12-31", "name": "zz_45", "unit": "GHz", "value": -0.00015134337521539932}, {"date": "2021-12-31", "name": "jq_56", "unit": "GHz", "value": 0.0032394441256406383}, {"date": "2021-12-31", "name": "zz_56", "unit": "GHz", "value": -0.0001381127844927418}, {"date": "2021-12-31", "name": "jq_13", "unit": "GHz", "value": 0.003219077603102807}, {"date": "2021-12-31", "name": "zz_13", "unit": "GHz", "value": -0.00013509145307819546}, {"date": "2021-12-31", "name": "jq_35", "unit": "GHz", "value": 0.0023455196332844842}, {"date": "2021-12-31", "name": "zz_35", "unit": "GHz", "value": -9.35336850076191e-05}]}