{"backend_name": "ibm_lagos", "backend_version": "1.0.19", "last_update_date": "2022-1-7", "qubits": [[{"date": "2022-1-7", "name": "T1", "unit": "us", "value": 85.78295598255018}, {"date": "2022-1-7", "name": "T2", "unit": "us", "value": 39.755894163802544}, {"date": "2022-1-7", "name": "frequency", "unit": "GHz", "value": 5.235186963488164}, {"date": "2022-1-7", "name": "anharmonicity", "unit": "GHz", "value": -0.33986713855915607}, {"date": "2022-1-7", "name": "readout_error", "unit": "", "value": 0.008399999999999963}, {"date": "2022-1-7", "name": "prob_meas0_prep1", "unit": "", "value": 0.011}, {"date": "2022-1-7", "name": "prob_meas1_prep0", "unit": "", "value": 0.005800000000000027}, {"date": "2022-1-7", "name": "readout_length", "unit": "ns", "value": 704}], [{"date": "2022-1-7", "name": "T1", "unit": "us", "value": 46.54157940705391}, {"date": "2022-1-7", "name": "T2", "unit": "us", "value": 83.12074082641726}, {"date": "2022-1-7", "name": "frequency", "unit": "GHz", "value": 5.099595840444412}, {"date": "2022-1-7", "name": "anharmonicity", "unit": "GHz", "value": -0.3432484042938357}, {"date": "2022-1-7", "name": "readout_error", "unit": "", "value": 0.009800000000000031}, {"date": "2022-1-7", "name": "prob_meas0_prep1", "unit": "", "value": 0.0118}, {"date": "2022-1-7", "name": "prob_meas1_prep0", "unit": "", "value": 0.007800000000000029}, {"date": "2022-1-7", "name": "readout_length", "unit": "ns", "value": 704}], [{"date": "2022-1-7", "name": "T1", "unit": "us", "value": 173.89998359473728}, {"date": "2022-1-7", "name": "T2", "unit": "us", "value": 158.88509339988363}, {"date": "2022-1-7", "name": "frequency", "unit": "GHz", "value": 5.188391036967548}, {"date": "2022-1-7", "name": "anharmonicity", "unit": "GHz", "value": -0.3419316690031256}, {"date": "2022-1-7", "name": "readout_error", "unit": "", "value": 0.006299999999999972}, {"date": "2022-1-7", "name": "prob_meas0_prep1", "unit": "", "value": 0.0078}, {"date": "2022-1-7", "name": "prob_meas1_prep0", "unit": "", "value": 0.0048000000000000265}, {"date": "2022-1-7", "name": "readout_length", "unit": "ns", "value": 704}], [{"date": "2022-1-7", "name": "T1", "unit": "us", "value": 114.25391908219547}, {"date": "2022-1-7", "name": "T2", "unit": "us", "value": 72.49301754012907}, {"date": "2022-1-7", "name": "frequency", "unit": "GHz", "value": 4.987482245880961}, {"date": "2022-1-7", "name": "anharmonicity", "unit": "GHz", "value": -0.3452928861203798}, {"date": "2022-1-7", "name": "readout_error", "unit": "", "value": 0.015700000000000047}, {"date": "2022-1-7", "name": "prob_meas0_prep1", "unit": "", "value": 0.019}, {"date": "2022-1-7", "name": "prob_meas1_prep0", "unit": "", "value": 0.012399999999999967}, {"date": "2022-1-7", "name": "readout_length", "unit": "ns", "value": 704}], [{"date": "2022-1-7", "name": "T1", "unit": "us", "value": 129.6677762809373}, {"date": "2022-1-7", "name": "T2", "unit": "us", "value": 48.31380647056466}, {"date": "2022-1-7", "name": "frequency", "unit": "GHz", "value": 5.285339387578928}, {"date": "2022-1-7", "name": "anharmonicity", "unit": "GHz", "value": -0.3392342674107948}, {"date": "2022-1-7", "name": "readout_error", "unit": "", "value": 0.01330000000000009}, {"date": "2022-1-7", "name": "prob_meas0_prep1", "unit": "", "value": 0.011600000000000055}, {"date": "2022-1-7", "name": "prob_meas1_prep0", "unit": "", "value": 0.015}, {"date": "2022-1-7", "name": "readout_length", "unit": "ns", "value": 704}], [{"date": "2022-1-7", "name": "T1", "unit": "us", "value": 124.27252476895383}, {"date": "2022-1-7", "name": "T2", "unit": "us", "value": 98.5317547757158}, {"date": "2022-1-7", "name": "frequency", "unit": "GHz", "value": 5.1761729934745615}, {"date": "2022-1-7", "name": "anharmonicity", "unit": "GHz", "value": -0.34079297245074963}, {"date": "2022-1-7", "name": "readout_error", "unit": "", "value": 0.012899999999999912}, {"date": "2022-1-7", "name": "prob_meas0_prep1", "unit": "", "value": 0.0136}, {"date": "2022-1-7", "name": "prob_meas1_prep0", "unit": "", "value": 0.012199999999999989}, {"date": "2022-1-7", "name": "readout_length", "unit": "ns", "value": 704}], [{"date": "2022-1-7", "name": "T1", "unit": "us", "value": 139.23746647713617}, {"date": "2022-1-7", "name": "T2", "unit": "us", "value": 134.09844205876547}, {"date": "2022-1-7", "name": "frequency", "unit": "GHz", "value": 5.063925205002536}, {"date": "2022-1-7", "name": "anharmonicity", "unit": "GHz", "value": -0.34275836537159754}, {"date": "2022-1-7", "name": "readout_error", "unit": "", "value": 0.00649999999999995}, {"date": "2022-1-7", "name": "prob_meas0_prep1", "unit": "", "value": 0.008600000000000052}, {"date": "2022-1-7", "name": "prob_meas1_prep0", "unit": "", "value": 0.0044}, {"date": "2022-1-7", "name": "readout_length", "unit": "ns", "value": 704}]], "gates": [{"qubits": [0], "gate": "id", "parameters": [{"date": "2022-1-7", "name": "gate_error", "unit": "", "value": 0.00037158684216548457}, {"date": "2022-1-7", "name": "gate_length", "unit": "ns", "value": 35.55555555555556}], "name": "id0"}, {"qubits": [1], "gate": "id", "parameters": [{"date": "2022-1-7", "name": "gate_error", "unit": "", "value": 0.0003800286478225627}, {"date": "2022-1-7", "name": "gate_length", "unit": "ns", "value": 35.55555555555556}], "name": "id1"}, {"qubits": [2], "gate": "id", "parameters": [{"date": "2022-1-7", "name": "gate_error", "unit": "", "value": 0.00035454694389816803}, {"date": "2022-1-7", "name": "gate_length", "unit": "ns", "value": 35.55555555555556}], "name": "id2"}, {"qubits": [3], "gate": "id", "parameters": [{"date": "2022-1-7", "name": "gate_error", "unit": "", "value": 0.00029560059530489536}, {"date": "2022-1-7", "name": "gate_length", "unit": "ns", "value": 35.55555555555556}], "name": "id3"}, {"qubits": [4], "gate": "id", "parameters": [{"date": "2022-1-7", "name": "gate_error", "unit": "", "value": 0.0005184278688588124}, {"date": "2022-1-7", "name": "gate_length", "unit": "ns", "value": 35.55555555555556}], "name": "id4"}, {"qubits": [5], "gate": "id", "parameters": [{"date": "2022-1-7", "name": "gate_error", "unit": "", "value": 0.00022401492002214004}, {"date": "2022-1-7", "name": "gate_length", "unit": "ns", "value": 35.55555555555556}], "name": "id5"}, {"qubits": [6], "gate": "id", "parameters": [{"date": "2022-1-7", "name": "gate_error", "unit": "", "value": 0.00020634225282140575}, {"date": "2022-1-7", "name": "gate_length", "unit": "ns", "value": 35.55555555555556}], "name": "id6"}, {"qubits": [0], "gate": "rz", "parameters": [{"date": "2022-1-7", "name": "gate_error", "unit": "", "value": 0}, {"date": "2022-1-7", "name": "gate_length", "unit": "ns", "value": 0}], "name": "rz0"}, {"qubits": [1], "gate": "rz", "parameters": [{"date": "2022-1-7", "name": "gate_error", "unit": "", "value": 0}, {"date": "2022-1-7", "name": "gate_length", "unit": "ns", "value": 0}], "name": "rz1"}, {"qubits": [2], "gate": "rz", "parameters": [{"date": "2022-1-7", "name": "gate_error", "unit": "", "value": 0}, {"date": "2022-1-7", "name": "gate_length", "unit": "ns", "value": 0}], "name": "rz2"}, {"qubits": [3], "gate": "rz", "parameters": [{"date": "2022-1-7", "name": "gate_error", "unit": "", "value": 0}, {"date": "2022-1-7", "name": "gate_length", "unit": "ns", "value": 0}], "name": "rz3"}, {"qubits": [4], "gate": "rz", "parameters": [{"date": "2022-1-7", "name": "gate_error", "unit": "", "value": 0}, {"date": "2022-1-7", "name": "gate_length", "unit": "ns", "value": 0}], "name": "rz4"}, {"qubits": [5], "gate": "rz", "parameters": [{"date": "2022-1-7", "name": "gate_error", "unit": "", "value": 0}, {"date": "2022-1-7", "name": "gate_length", "unit": "ns", "value": 0}], "name": "rz5"}, {"qubits": [6], "gate": "rz", "parameters": [{"date": "2022-1-7", "name": "gate_error", "unit": "", "value": 0}, {"date": "2022-1-7", "name": "gate_length", "unit": "ns", "value": 0}], "name": "rz6"}, {"qubits": [0], "gate": "sx", "parameters": [{"date": "2022-1-7", "name": "gate_error", "unit": "", "value": 0.00037158684216548457}, {"date": "2022-1-7", "name": "gate_length", "unit": "ns", "value": 35.55555555555556}], "name": "sx0"}, {"qubits": [1], "gate": "sx", "parameters": [{"date": "2022-1-7", "name": "gate_error", "unit": "", "value": 0.0003800286478225627}, {"date": "2022-1-7", "name": "gate_length", "unit": "ns", "value": 35.55555555555556}], "name": "sx1"}, {"qubits": [2], "gate": "sx", "parameters": [{"date": "2022-1-7", "name": "gate_error", "unit": "", "value": 0.00035454694389816803}, {"date": "2022-1-7", "name": "gate_length", "unit": "ns", "value": 35.55555555555556}], "name": "sx2"}, {"qubits": [3], "gate": "sx", "parameters": [{"date": "2022-1-7", "name": "gate_error", "unit": "", "value": 0.00029560059530489536}, {"date": "2022-1-7", "name": "gate_length", "unit": "ns", "value": 35.55555555555556}], "name": "sx3"}, {"qubits": [4], "gate": "sx", "parameters": [{"date": "2022-1-7", "name": "gate_error", "unit": "", "value": 0.0005184278688588124}, {"date": "2022-1-7", "name": "gate_length", "unit": "ns", "value": 35.55555555555556}], "name": "sx4"}, {"qubits": [5], "gate": "sx", "parameters": [{"date": "2022-1-7", "name": "gate_error", "unit": "", "value": 0.00022401492002214004}, {"date": "2022-1-7", "name": "gate_length", "unit": "ns", "value": 35.55555555555556}], "name": "sx5"}, {"qubits": [6], "gate": "sx", "parameters": [{"date": "2022-1-7", "name": "gate_error", "unit": "", "value": 0.00020634225282140575}, {"date": "2022-1-7", "name": "gate_length", "unit": "ns", "value": 35.55555555555556}], "name": "sx6"}, {"qubits": [0], "gate": "x", "parameters": [{"date": "2022-1-7", "name": "gate_error", "unit": "", "value": 0.00037158684216548457}, {"date": "2022-1-7", "name": "gate_length", "unit": "ns", "value": 35.55555555555556}], "name": "x0"}, {"qubits": [1], "gate": "x", "parameters": [{"date": "2022-1-7", "name": "gate_error", "unit": "", "value": 0.0003800286478225627}, {"date": "2022-1-7", "name": "gate_length", "unit": "ns", "value": 35.55555555555556}], "name": "x1"}, {"qubits": [2], "gate": "x", "parameters": [{"date": "2022-1-7", "name": "gate_error", "unit": "", "value": 0.00035454694389816803}, {"date": "2022-1-7", "name": "gate_length", "unit": "ns", "value": 35.55555555555556}], "name": "x2"}, {"qubits": [3], "gate": "x", "parameters": [{"date": "2022-1-7", "name": "gate_error", "unit": "", "value": 0.00029560059530489536}, {"date": "2022-1-7", "name": "gate_length", "unit": "ns", "value": 35.55555555555556}], "name": "x3"}, {"qubits": [4], "gate": "x", "parameters": [{"date": "2022-1-7", "name": "gate_error", "unit": "", "value": 0.0005184278688588124}, {"date": "2022-1-7", "name": "gate_length", "unit": "ns", "value": 35.55555555555556}], "name": "x4"}, {"qubits": [5], "gate": "x", "parameters": [{"date": "2022-1-7", "name": "gate_error", "unit": "", "value": 0.00022401492002214004}, {"date": "2022-1-7", "name": "gate_length", "unit": "ns", "value": 35.55555555555556}], "name": "x5"}, {"qubits": [6], "gate": "x", "parameters": [{"date": "2022-1-7", "name": "gate_error", "unit": "", "value": 0.00020634225282140575}, {"date": "2022-1-7", "name": "gate_length", "unit": "ns", "value": 35.55555555555556}], "name": "x6"}, {"qubits": [5, 4], "gate": "cx", "parameters": [{"date": "2022-1-7", "name": "gate_error", "unit": "", "value": 0.008927116766138887}, {"date": "2022-1-4", "name": "gate_length", "unit": "ns", "value": 327.1111111111111}], "name": "cx5_4"}, {"qubits": [4, 5], "gate": "cx", "parameters": [{"date": "2022-1-7", "name": "gate_error", "unit": "", "value": 0.008927116766138887}, {"date": "2022-1-4", "name": "gate_length", "unit": "ns", "value": 362.66666666666663}], "name": "cx4_5"}, {"qubits": [3, 1], "gate": "cx", "parameters": [{"date": "2022-1-7", "name": "gate_error", "unit": "", "value": 0.006088825205034537}, {"date": "2022-1-4", "name": "gate_length", "unit": "ns", "value": 298.66666666666663}], "name": "cx3_1"}, {"qubits": [1, 3], "gate": "cx", "parameters": [{"date": "2022-1-7", "name": "gate_error", "unit": "", "value": 0.006088825205034537}, {"date": "2022-1-4", "name": "gate_length", "unit": "ns", "value": 334.22222222222223}], "name": "cx1_3"}, {"qubits": [5, 6], "gate": "cx", "parameters": [{"date": "2022-1-7", "name": "gate_error", "unit": "", "value": 0.005550246743933729}, {"date": "2022-1-4", "name": "gate_length", "unit": "ns", "value": 256}], "name": "cx5_6"}, {"qubits": [6, 5], "gate": "cx", "parameters": [{"date": "2022-1-7", "name": "gate_error", "unit": "", "value": 0.005550246743933729}, {"date": "2022-1-4", "name": "gate_length", "unit": "ns", "value": 291.55555555555554}], "name": "cx6_5"}, {"qubits": [5, 3], "gate": "cx", "parameters": [{"date": "2022-1-7", "name": "gate_error", "unit": "", "value": 0.008682349859965494}, {"date": "2022-1-4", "name": "gate_length", "unit": "ns", "value": 298.66666666666663}], "name": "cx5_3"}, {"qubits": [3, 5], "gate": "cx", "parameters": [{"date": "2022-1-7", "name": "gate_error", "unit": "", "value": 0.008682349859965494}, {"date": "2022-1-4", "name": "gate_length", "unit": "ns", "value": 334.22222222222223}], "name": "cx3_5"}, {"qubits": [2, 1], "gate": "cx", "parameters": [{"date": "2022-1-7", "name": "gate_error", "unit": "", "value": 0.00909054681462354}, {"date": "2022-1-4", "name": "gate_length", "unit": "ns", "value": 291.55555555555554}], "name": "cx2_1"}, {"qubits": [1, 2], "gate": "cx", "parameters": [{"date": "2022-1-7", "name": "gate_error", "unit": "", "value": 0.00909054681462354}, {"date": "2022-1-4", "name": "gate_length", "unit": "ns", "value": 327.1111111111111}], "name": "cx1_2"}, {"qubits": [0, 1], "gate": "cx", "parameters": [{"date": "2022-1-7", "name": "gate_error", "unit": "", "value": 0.009114783919983743}, {"date": "2022-1-4", "name": "gate_length", "unit": "ns", "value": 305.77777777777777}], "name": "cx0_1"}, {"qubits": [1, 0], "gate": "cx", "parameters": [{"date": "2022-1-7", "name": "gate_error", "unit": "", "value": 0.009114783919983743}, {"date": "2022-1-4", "name": "gate_length", "unit": "ns", "value": 341.3333333333333}], "name": "cx1_0"}, {"qubits": [0], "gate": "reset", "parameters": [{"date": "2022-1-7", "name": "gate_length", "unit": "ns", "value": 1002.6666666666666}], "name": "reset0"}, {"qubits": [1], "gate": "reset", "parameters": [{"date": "2022-1-7", "name": "gate_length", "unit": "ns", "value": 1002.6666666666666}], "name": "reset1"}, {"qubits": [2], "gate": "reset", "parameters": [{"date": "2022-1-7", "name": "gate_length", "unit": "ns", "value": 995.5555555555555}], "name": "reset2"}, {"qubits": [3], "gate": "reset", "parameters": [{"date": "2022-1-7", "name": "gate_length", "unit": "ns", "value": 988.4444444444443}], "name": "reset3"}, {"qubits": [4], "gate": "reset", "parameters": [{"date": "2022-1-7", "name": "gate_length", "unit": "ns", "value": 1002.6666666666666}], "name": "reset4"}, {"qubits": [5], "gate": "reset", "parameters": [{"date": "2022-1-7", "name": "gate_length", "unit": "ns", "value": 1002.6666666666666}], "name": "reset5"}, {"qubits": [6], "gate": "reset", "parameters": [{"date": "2022-1-7", "name": "gate_length", "unit": "ns", "value": 988.4444444444443}], "name": "reset6"}], "general": [{"date": "2022-1-7", "name": "jq_01", "unit": "GHz", "value": 0.0017239661070310697}, {"date": "2022-1-7", "name": "zz_01", "unit": "GHz", "value": -4.1551259389276154e-05}, {"date": "2022-1-7", "name": "jq_12", "unit": "GHz", "value": 0.003306427365570105}, {"date": "2022-1-7", "name": "zz_12", "unit": "GHz", "value": -0.00013691896518548322}, {"date": "2022-1-7", "name": "jq_45", "unit": "GHz", "value": 0.0033964931013144256}, {"date": "2022-1-7", "name": "zz_45", "unit": "GHz", "value": -0.00015134337521539932}, {"date": "2022-1-7", "name": "jq_56", "unit": "GHz", "value": 0.0032394441256406383}, {"date": "2022-1-7", "name": "zz_56", "unit": "GHz", "value": -0.0001381127844927418}, {"date": "2022-1-7", "name": "jq_13", "unit": "GHz", "value": 0.003219077603102807}, {"date": "2022-1-7", "name": "zz_13", "unit": "GHz", "value": -0.00013509145307819546}, {"date": "2022-1-7", "name": "jq_35", "unit": "GHz", "value": 0.0023455196332844842}, {"date": "2022-1-7", "name": "zz_35", "unit": "GHz", "value": -9.35336850076191e-05}]}