{"backend_name": "ibm_lagos", "backend_version": "1.0.19", "last_update_date": "2022-1-2", "qubits": [[{"date": "2022-1-2", "name": "T1", "unit": "us", "value": 135.11518275711367}, {"date": "2022-1-2", "name": "T2", "unit": "us", "value": 41.36219516549856}, {"date": "2022-1-2", "name": "frequency", "unit": "GHz", "value": 5.235181365982169}, {"date": "2022-1-2", "name": "anharmonicity", "unit": "GHz", "value": -0.33986713855915607}, {"date": "2022-1-2", "name": "readout_error", "unit": "", "value": 0.012899999999999912}, {"date": "2022-1-2", "name": "prob_meas0_prep1", "unit": "", "value": 0.0156}, {"date": "2022-1-2", "name": "prob_meas1_prep0", "unit": "", "value": 0.010199999999999987}, {"date": "2022-1-2", "name": "readout_length", "unit": "ns", "value": 704}], [{"date": "2022-1-2", "name": "T1", "unit": "us", "value": 128.3998253969396}, {"date": "2022-1-2", "name": "T2", "unit": "us", "value": 102.60464037077669}, {"date": "2022-1-2", "name": "frequency", "unit": "GHz", "value": 5.099597685667018}, {"date": "2022-1-2", "name": "anharmonicity", "unit": "GHz", "value": -0.3432484042938357}, {"date": "2022-1-2", "name": "readout_error", "unit": "", "value": 0.01333333333333342}, {"date": "2022-1-2", "name": "prob_meas0_prep1", "unit": "", "value": 0.016666666666666666}, {"date": "2022-1-2", "name": "prob_meas1_prep0", "unit": "", "value": 0.010000000000000009}, {"date": "2022-1-2", "name": "readout_length", "unit": "ns", "value": 704}], [{"date": "2022-1-2", "name": "T1", "unit": "us", "value": 88.21333415429605}, {"date": "2022-1-2", "name": "T2", "unit": "us", "value": 112.42220115754607}, {"date": "2022-1-2", "name": "frequency", "unit": "GHz", "value": 5.188380573775796}, {"date": "2022-1-2", "name": "anharmonicity", "unit": "GHz", "value": -0.3419316690031256}, {"date": "2022-1-2", "name": "readout_error", "unit": "", "value": 0.02499999999999991}, {"date": "2022-1-2", "name": "prob_meas0_prep1", "unit": "", "value": 0.023333333333333334}, {"date": "2022-1-2", "name": "prob_meas1_prep0", "unit": "", "value": 0.026666666666666616}, {"date": "2022-1-2", "name": "readout_length", "unit": "ns", "value": 704}], [{"date": "2022-1-2", "name": "T1", "unit": "us", "value": 145.7050652090337}, {"date": "2022-1-2", "name": "T2", "unit": "us", "value": 126.52370143280426}, {"date": "2022-1-2", "name": "frequency", "unit": "GHz", "value": 4.987486541083669}, {"date": "2022-1-2", "name": "anharmonicity", "unit": "GHz", "value": -0.3452928861203798}, {"date": "2022-1-2", "name": "readout_error", "unit": "", "value": 0.018000000000000016}, {"date": "2022-1-2", "name": "prob_meas0_prep1", "unit": "", "value": 0.0182}, {"date": "2022-1-2", "name": "prob_meas1_prep0", "unit": "", "value": 0.017800000000000038}, {"date": "2022-1-2", "name": "readout_length", "unit": "ns", "value": 704}], [{"date": "2022-1-2", "name": "T1", "unit": "us", "value": 162.44000032154514}, {"date": "2022-1-2", "name": "T2", "unit": "us", "value": 36.77969659374738}, {"date": "2022-1-2", "name": "frequency", "unit": "GHz", "value": 5.285338642571757}, {"date": "2022-1-2", "name": "anharmonicity", "unit": "GHz", "value": -0.3392342674107948}, {"date": "2022-1-2", "name": "readout_error", "unit": "", "value": 0.012199999999999989}, {"date": "2022-1-2", "name": "prob_meas0_prep1", "unit": "", "value": 0.013000000000000012}, {"date": "2022-1-2", "name": "prob_meas1_prep0", "unit": "", "value": 0.0114}, {"date": "2022-1-2", "name": "readout_length", "unit": "ns", "value": 704}], [{"date": "2022-1-2", "name": "T1", "unit": "us", "value": 115.93104588828037}, {"date": "2022-1-2", "name": "T2", "unit": "us", "value": 109.23342781639347}, {"date": "2022-1-2", "name": "frequency", "unit": "GHz", "value": 5.176173587992487}, {"date": "2022-1-2", "name": "anharmonicity", "unit": "GHz", "value": -0.34079297245074963}, {"date": "2022-1-2", "name": "readout_error", "unit": "", "value": 0.010399999999999965}, {"date": "2022-1-2", "name": "prob_meas0_prep1", "unit": "", "value": 0.0126}, {"date": "2022-1-2", "name": "prob_meas1_prep0", "unit": "", "value": 0.008199999999999985}, {"date": "2022-1-2", "name": "readout_length", "unit": "ns", "value": 704}], [{"date": "2022-1-2", "name": "T1", "unit": "us", "value": 58.9589236087538}, {"date": "2022-1-2", "name": "T2", "unit": "us", "value": 117.56476699814823}, {"date": "2022-1-2", "name": "frequency", "unit": "GHz", "value": 5.063930104062948}, {"date": "2022-1-2", "name": "anharmonicity", "unit": "GHz", "value": -0.34275836537159754}, {"date": "2022-1-2", "name": "readout_error", "unit": "", "value": 0.007099999999999995}, {"date": "2022-1-2", "name": "prob_meas0_prep1", "unit": "", "value": 0.009199999999999986}, {"date": "2022-1-2", "name": "prob_meas1_prep0", "unit": "", "value": 0.005}, {"date": "2022-1-2", "name": "readout_length", "unit": "ns", "value": 704}]], "gates": [{"qubits": [0], "gate": "id", "parameters": [{"date": "2022-1-2", "name": "gate_error", "unit": "", "value": 0.0002404531874708442}, {"date": "2022-1-2", "name": "gate_length", "unit": "ns", "value": 35.55555555555556}], "name": "id0"}, {"qubits": [1], "gate": "id", "parameters": [{"date": "2022-1-2", "name": "gate_error", "unit": "", "value": 0.0002811591297678069}, {"date": "2022-1-2", "name": "gate_length", "unit": "ns", "value": 35.55555555555556}], "name": "id1"}, {"qubits": [2], "gate": "id", "parameters": [{"date": "2022-1-2", "name": "gate_error", "unit": "", "value": 0.0014148468624330078}, {"date": "2022-1-2", "name": "gate_length", "unit": "ns", "value": 35.55555555555556}], "name": "id2"}, {"qubits": [3], "gate": "id", "parameters": [{"date": "2022-1-2", "name": "gate_error", "unit": "", "value": 0.00030975425647224245}, {"date": "2022-1-2", "name": "gate_length", "unit": "ns", "value": 35.55555555555556}], "name": "id3"}, {"qubits": [4], "gate": "id", "parameters": [{"date": "2022-1-2", "name": "gate_error", "unit": "", "value": 0.00036966113695387703}, {"date": "2022-1-2", "name": "gate_length", "unit": "ns", "value": 35.55555555555556}], "name": "id4"}, {"qubits": [5], "gate": "id", "parameters": [{"date": "2022-1-2", "name": "gate_error", "unit": "", "value": 0.00019572015461121451}, {"date": "2022-1-2", "name": "gate_length", "unit": "ns", "value": 35.55555555555556}], "name": "id5"}, {"qubits": [6], "gate": "id", "parameters": [{"date": "2022-1-2", "name": "gate_error", "unit": "", "value": 0.00020114470683026006}, {"date": "2022-1-2", "name": "gate_length", "unit": "ns", "value": 35.55555555555556}], "name": "id6"}, {"qubits": [0], "gate": "rz", "parameters": [{"date": "2022-1-2", "name": "gate_error", "unit": "", "value": 0}, {"date": "2022-1-2", "name": "gate_length", "unit": "ns", "value": 0}], "name": "rz0"}, {"qubits": [1], "gate": "rz", "parameters": [{"date": "2022-1-2", "name": "gate_error", "unit": "", "value": 0}, {"date": "2022-1-2", "name": "gate_length", "unit": "ns", "value": 0}], "name": "rz1"}, {"qubits": [2], "gate": "rz", "parameters": [{"date": "2022-1-2", "name": "gate_error", "unit": "", "value": 0}, {"date": "2022-1-2", "name": "gate_length", "unit": "ns", "value": 0}], "name": "rz2"}, {"qubits": [3], "gate": "rz", "parameters": [{"date": "2022-1-2", "name": "gate_error", "unit": "", "value": 0}, {"date": "2022-1-2", "name": "gate_length", "unit": "ns", "value": 0}], "name": "rz3"}, {"qubits": [4], "gate": "rz", "parameters": [{"date": "2022-1-2", "name": "gate_error", "unit": "", "value": 0}, {"date": "2022-1-2", "name": "gate_length", "unit": "ns", "value": 0}], "name": "rz4"}, {"qubits": [5], "gate": "rz", "parameters": [{"date": "2022-1-2", "name": "gate_error", "unit": "", "value": 0}, {"date": "2022-1-2", "name": "gate_length", "unit": "ns", "value": 0}], "name": "rz5"}, {"qubits": [6], "gate": "rz", "parameters": [{"date": "2022-1-2", "name": "gate_error", "unit": "", "value": 0}, {"date": "2022-1-2", "name": "gate_length", "unit": "ns", "value": 0}], "name": "rz6"}, {"qubits": [0], "gate": "sx", "parameters": [{"date": "2022-1-2", "name": "gate_error", "unit": "", "value": 0.0002404531874708442}, {"date": "2022-1-2", "name": "gate_length", "unit": "ns", "value": 35.55555555555556}], "name": "sx0"}, {"qubits": [1], "gate": "sx", "parameters": [{"date": "2022-1-2", "name": "gate_error", "unit": "", "value": 0.0002811591297678069}, {"date": "2022-1-2", "name": "gate_length", "unit": "ns", "value": 35.55555555555556}], "name": "sx1"}, {"qubits": [2], "gate": "sx", "parameters": [{"date": "2022-1-2", "name": "gate_error", "unit": "", "value": 0.0014148468624330078}, {"date": "2022-1-2", "name": "gate_length", "unit": "ns", "value": 35.55555555555556}], "name": "sx2"}, {"qubits": [3], "gate": "sx", "parameters": [{"date": "2022-1-2", "name": "gate_error", "unit": "", "value": 0.00030975425647224245}, {"date": "2022-1-2", "name": "gate_length", "unit": "ns", "value": 35.55555555555556}], "name": "sx3"}, {"qubits": [4], "gate": "sx", "parameters": [{"date": "2022-1-2", "name": "gate_error", "unit": "", "value": 0.00036966113695387703}, {"date": "2022-1-2", "name": "gate_length", "unit": "ns", "value": 35.55555555555556}], "name": "sx4"}, {"qubits": [5], "gate": "sx", "parameters": [{"date": "2022-1-2", "name": "gate_error", "unit": "", "value": 0.00019572015461121451}, {"date": "2022-1-2", "name": "gate_length", "unit": "ns", "value": 35.55555555555556}], "name": "sx5"}, {"qubits": [6], "gate": "sx", "parameters": [{"date": "2022-1-2", "name": "gate_error", "unit": "", "value": 0.00020114470683026006}, {"date": "2022-1-2", "name": "gate_length", "unit": "ns", "value": 35.55555555555556}], "name": "sx6"}, {"qubits": [0], "gate": "x", "parameters": [{"date": "2022-1-2", "name": "gate_error", "unit": "", "value": 0.0002404531874708442}, {"date": "2022-1-2", "name": "gate_length", "unit": "ns", "value": 35.55555555555556}], "name": "x0"}, {"qubits": [1], "gate": "x", "parameters": [{"date": "2022-1-2", "name": "gate_error", "unit": "", "value": 0.0002811591297678069}, {"date": "2022-1-2", "name": "gate_length", "unit": "ns", "value": 35.55555555555556}], "name": "x1"}, {"qubits": [2], "gate": "x", "parameters": [{"date": "2022-1-2", "name": "gate_error", "unit": "", "value": 0.0014148468624330078}, {"date": "2022-1-2", "name": "gate_length", "unit": "ns", "value": 35.55555555555556}], "name": "x2"}, {"qubits": [3], "gate": "x", "parameters": [{"date": "2022-1-2", "name": "gate_error", "unit": "", "value": 0.00030975425647224245}, {"date": "2022-1-2", "name": "gate_length", "unit": "ns", "value": 35.55555555555556}], "name": "x3"}, {"qubits": [4], "gate": "x", "parameters": [{"date": "2022-1-2", "name": "gate_error", "unit": "", "value": 0.00036966113695387703}, {"date": "2022-1-2", "name": "gate_length", "unit": "ns", "value": 35.55555555555556}], "name": "x4"}, {"qubits": [5], "gate": "x", "parameters": [{"date": "2022-1-2", "name": "gate_error", "unit": "", "value": 0.00019572015461121451}, {"date": "2022-1-2", "name": "gate_length", "unit": "ns", "value": 35.55555555555556}], "name": "x5"}, {"qubits": [6], "gate": "x", "parameters": [{"date": "2022-1-2", "name": "gate_error", "unit": "", "value": 0.00020114470683026006}, {"date": "2022-1-2", "name": "gate_length", "unit": "ns", "value": 35.55555555555556}], "name": "x6"}, {"qubits": [5, 4], "gate": "cx", "parameters": [{"date": "2022-1-2", "name": "gate_error", "unit": "", "value": 0.008695863506505419}, {"date": "2021-12-30", "name": "gate_length", "unit": "ns", "value": 327.1111111111111}], "name": "cx5_4"}, {"qubits": [4, 5], "gate": "cx", "parameters": [{"date": "2022-1-2", "name": "gate_error", "unit": "", "value": 0.008695863506505419}, {"date": "2021-12-30", "name": "gate_length", "unit": "ns", "value": 362.66666666666663}], "name": "cx4_5"}, {"qubits": [3, 1], "gate": "cx", "parameters": [{"date": "2022-1-2", "name": "gate_error", "unit": "", "value": 0.006130517018473558}, {"date": "2021-12-30", "name": "gate_length", "unit": "ns", "value": 298.66666666666663}], "name": "cx3_1"}, {"qubits": [1, 3], "gate": "cx", "parameters": [{"date": "2022-1-2", "name": "gate_error", "unit": "", "value": 0.006130517018473558}, {"date": "2021-12-30", "name": "gate_length", "unit": "ns", "value": 334.22222222222223}], "name": "cx1_3"}, {"qubits": [5, 6], "gate": "cx", "parameters": [{"date": "2022-1-2", "name": "gate_error", "unit": "", "value": 0.004616105391764352}, {"date": "2021-12-30", "name": "gate_length", "unit": "ns", "value": 256}], "name": "cx5_6"}, {"qubits": [6, 5], "gate": "cx", "parameters": [{"date": "2022-1-2", "name": "gate_error", "unit": "", "value": 0.004616105391764352}, {"date": "2021-12-30", "name": "gate_length", "unit": "ns", "value": 291.55555555555554}], "name": "cx6_5"}, {"qubits": [5, 3], "gate": "cx", "parameters": [{"date": "2022-1-2", "name": "gate_error", "unit": "", "value": 0.008884374181997057}, {"date": "2021-12-30", "name": "gate_length", "unit": "ns", "value": 298.66666666666663}], "name": "cx5_3"}, {"qubits": [3, 5], "gate": "cx", "parameters": [{"date": "2022-1-2", "name": "gate_error", "unit": "", "value": 0.008884374181997057}, {"date": "2021-12-30", "name": "gate_length", "unit": "ns", "value": 334.22222222222223}], "name": "cx3_5"}, {"qubits": [2, 1], "gate": "cx", "parameters": [{"date": "2022-1-2", "name": "gate_error", "unit": "", "value": 0.030130525366795113}, {"date": "2021-12-30", "name": "gate_length", "unit": "ns", "value": 291.55555555555554}], "name": "cx2_1"}, {"qubits": [1, 2], "gate": "cx", "parameters": [{"date": "2022-1-2", "name": "gate_error", "unit": "", "value": 0.030130525366795113}, {"date": "2021-12-30", "name": "gate_length", "unit": "ns", "value": 327.1111111111111}], "name": "cx1_2"}, {"qubits": [0, 1], "gate": "cx", "parameters": [{"date": "2022-1-2", "name": "gate_error", "unit": "", "value": 0.009003131883772858}, {"date": "2021-12-30", "name": "gate_length", "unit": "ns", "value": 305.77777777777777}], "name": "cx0_1"}, {"qubits": [1, 0], "gate": "cx", "parameters": [{"date": "2022-1-2", "name": "gate_error", "unit": "", "value": 0.009003131883772858}, {"date": "2021-12-30", "name": "gate_length", "unit": "ns", "value": 341.3333333333333}], "name": "cx1_0"}, {"qubits": [0], "gate": "reset", "parameters": [{"date": "2022-1-2", "name": "gate_length", "unit": "ns", "value": 1002.6666666666666}], "name": "reset0"}, {"qubits": [1], "gate": "reset", "parameters": [{"date": "2022-1-2", "name": "gate_length", "unit": "ns", "value": 1002.6666666666666}], "name": "reset1"}, {"qubits": [2], "gate": "reset", "parameters": [{"date": "2022-1-2", "name": "gate_length", "unit": "ns", "value": 995.5555555555555}], "name": "reset2"}, {"qubits": [3], "gate": "reset", "parameters": [{"date": "2022-1-2", "name": "gate_length", "unit": "ns", "value": 988.4444444444443}], "name": "reset3"}, {"qubits": [4], "gate": "reset", "parameters": [{"date": "2022-1-2", "name": "gate_length", "unit": "ns", "value": 1002.6666666666666}], "name": "reset4"}, {"qubits": [5], "gate": "reset", "parameters": [{"date": "2022-1-2", "name": "gate_length", "unit": "ns", "value": 1002.6666666666666}], "name": "reset5"}, {"qubits": [6], "gate": "reset", "parameters": [{"date": "2022-1-2", "name": "gate_length", "unit": "ns", "value": 988.4444444444443}], "name": "reset6"}], "general": [{"date": "2022-1-2", "name": "jq_01", "unit": "GHz", "value": 0.0017239661070310697}, {"date": "2022-1-2", "name": "zz_01", "unit": "GHz", "value": -4.1551259389276154e-05}, {"date": "2022-1-2", "name": "jq_12", "unit": "GHz", "value": 0.003306427365570105}, {"date": "2022-1-2", "name": "zz_12", "unit": "GHz", "value": -0.00013691896518548322}, {"date": "2022-1-2", "name": "jq_45", "unit": "GHz", "value": 0.0033964931013144256}, {"date": "2022-1-2", "name": "zz_45", "unit": "GHz", "value": -0.00015134337521539932}, {"date": "2022-1-2", "name": "jq_56", "unit": "GHz", "value": 0.0032394441256406383}, {"date": "2022-1-2", "name": "zz_56", "unit": "GHz", "value": -0.0001381127844927418}, {"date": "2022-1-2", "name": "jq_13", "unit": "GHz", "value": 0.003219077603102807}, {"date": "2022-1-2", "name": "zz_13", "unit": "GHz", "value": -0.00013509145307819546}, {"date": "2022-1-2", "name": "jq_35", "unit": "GHz", "value": 0.0023455196332844842}, {"date": "2022-1-2", "name": "zz_35", "unit": "GHz", "value": -9.35336850076191e-05}]}